traceID,injected_traceID,normal_score,injected_score,delta,win,traceID_meta,original_traceID,root_operation,num_spans,num_services,is_injected,experiment_key,train_dataset,test_dataset,seed
175aedae66c1f4c8,175aedae66c1f4c8_inj_latency_v2,1.1219415664672852,0.5633472800254822,-0.558594286441803,False,175aedae66c1f4c8_inj_latency_v2,175aedae66c1f4c8,getOrderById,1,1,True,train_dataset_1_test_dataset_2_seed_0,dataset_1,dataset_2,0
729a65997299a40a,729a65997299a40a_inj_latency_v2,1.4430124759674072,1.4430124759674072,0.0,False,729a65997299a40a_inj_latency_v2,729a65997299a40a,pay,7,3,True,train_dataset_1_test_dataset_2_seed_0,dataset_1,dataset_2,0
cae66fa51aff79d3,cae66fa51aff79d3_inj_latency_v2,2.35345196723938,2.35345196723938,0.0,False,cae66fa51aff79d3_inj_latency_v2,cae66fa51aff79d3,preserve,141,17,True,train_dataset_1_test_dataset_2_seed_0,dataset_1,dataset_2,0
03936fa843b81eb0,03936fa843b81eb0_inj_latency_v2,1.069970965385437,0.3456772565841675,-0.7242937088012695,False,03936fa843b81eb0_inj_latency_v2,03936fa843b81eb0,pay,2,1,True,train_dataset_1_test_dataset_3_seed_0,dataset_1,dataset_3,0
282da289dca8852b,282da289dca8852b_inj_latency_v2,2.062842845916748,1.2325688600540161,-0.8302739858627319,False,282da289dca8852b_inj_latency_v2,282da289dca8852b,addRoute,3,2,True,train_dataset_1_test_dataset_3_seed_0,dataset_1,dataset_3,0
3887036b99e297a7,3887036b99e297a7_inj_latency_v2,3.2638912200927734,3.2638912200927734,0.0,False,3887036b99e297a7_inj_latency_v2,3887036b99e297a7,queryInfo,103,10,True,train_dataset_1_test_dataset_3_seed_0,dataset_1,dataset_3,0
3d1a3606f264d1a9,3d1a3606f264d1a9_inj_latency_v2,0.9698862433433533,0.6381640434265137,-0.3317221999168396,False,3d1a3606f264d1a9_inj_latency_v2,3d1a3606f264d1a9,getPriceByWeightAndRegion,1,1,True,train_dataset_1_test_dataset_3_seed_0,dataset_1,dataset_3,0
58663a90e5c893c5,58663a90e5c893c5_inj_latency_v2,2.35345196723938,2.35345196723938,0.0,False,58663a90e5c893c5_inj_latency_v2,58663a90e5c893c5,preserve,135,16,True,train_dataset_1_test_dataset_3_seed_0,dataset_1,dataset_3,0
70d74443a791be6e,70d74443a791be6e_inj_latency_v2,0.6136249899864197,0.11067446321249008,-0.5029505267739296,False,70d74443a791be6e_inj_latency_v2,70d74443a791be6e,pay,2,1,True,train_dataset_1_test_dataset_3_seed_0,dataset_1,dataset_3,0
a1610e1ad51d3b84,a1610e1ad51d3b84_inj_latency_v2,1.645804524421692,1.2538127899169922,-0.3919917345046997,False,a1610e1ad51d3b84_inj_latency_v2,a1610e1ad51d3b84,updateConsign,3,2,True,train_dataset_1_test_dataset_3_seed_0,dataset_1,dataset_3,0
b914aff94c695c7d,b914aff94c695c7d_inj_latency_v2,3.2638912200927734,3.2638912200927734,0.0,False,b914aff94c695c7d_inj_latency_v2,b914aff94c695c7d,queryInfo,103,10,True,train_dataset_1_test_dataset_3_seed_0,dataset_1,dataset_3,0
c3b4179b96dc5829,c3b4179b96dc5829_inj_latency_v2,0.5674705505371094,0.1568288952112198,-0.4106416553258896,False,c3b4179b96dc5829_inj_latency_v2,c3b4179b96dc5829,pay,2,1,True,train_dataset_1_test_dataset_3_seed_0,dataset_1,dataset_3,0
e47281530a217b0c,e47281530a217b0c_inj_latency_v2,1.2619460821151733,0.3823138177394867,-0.8796322643756866,False,e47281530a217b0c_inj_latency_v2,e47281530a217b0c,findByAccountId,1,1,True,train_dataset_1_test_dataset_3_seed_0,dataset_1,dataset_3,0
e84fe9819b911796,e84fe9819b911796_inj_latency_v2,0.7984753251075745,0.20275580883026123,-0.5957195162773132,False,e84fe9819b911796_inj_latency_v2,e84fe9819b911796,pay,2,1,True,train_dataset_1_test_dataset_3_seed_0,dataset_1,dataset_3,0
ff3555e224a5776a,ff3555e224a5776a_inj_latency_v2,2.35345196723938,2.35345196723938,0.0,False,ff3555e224a5776a_inj_latency_v2,ff3555e224a5776a,preserve,135,16,True,train_dataset_1_test_dataset_3_seed_0,dataset_1,dataset_3,0
028e50b177ff6b9e,028e50b177ff6b9e_inj_latency_v2,1.804244041442871,1.804244041442871,0.0,False,028e50b177ff6b9e_inj_latency_v2,028e50b177ff6b9e,getAllFood,13,5,True,train_dataset_2_test_dataset_1_seed_0,dataset_2,dataset_1,0
07001b2cc18ec5ce,07001b2cc18ec5ce_inj_latency_v2,1.199790358543396,0.868292510509491,-0.33149784803390503,False,07001b2cc18ec5ce_inj_latency_v2,07001b2cc18ec5ce,queryOrdersForRefresh,3,2,True,train_dataset_2_test_dataset_1_seed_0,dataset_2,dataset_1,0
078cf3a6c4ca1add,078cf3a6c4ca1add_inj_latency_v2,0.5636732578277588,0.34109410643577576,-0.22257915139198303,False,078cf3a6c4ca1add_inj_latency_v2,078cf3a6c4ca1add,findContactsByAccountId,1,1,True,train_dataset_2_test_dataset_1_seed_0,dataset_2,dataset_1,0
08ea3dfb37e25b9f,08ea3dfb37e25b9f_inj_latency_v2,0.6842928528785706,0.6842928528785706,0.0,False,08ea3dfb37e25b9f_inj_latency_v2,08ea3dfb37e25b9f,queryInfo,23,5,True,train_dataset_2_test_dataset_1_seed_0,dataset_2,dataset_1,0
0b62285c9aa8c97d,0b62285c9aa8c97d_inj_latency_v2,0.962112545967102,0.06704571843147278,-0.8950668275356293,False,0b62285c9aa8c97d_inj_latency_v2,0b62285c9aa8c97d,modifyOrder,1,1,True,train_dataset_2_test_dataset_1_seed_0,dataset_2,dataset_1,0
0cc3f0ca47c90560,0cc3f0ca47c90560_inj_latency_v2,1.804244041442871,1.804244041442871,0.0,False,0cc3f0ca47c90560_inj_latency_v2,0cc3f0ca47c90560,getToken,3,2,True,train_dataset_2_test_dataset_1_seed_0,dataset_2,dataset_1,0
0e4721c353950231,0e4721c353950231_inj_latency_v2,1.086435317993164,0.31208667159080505,-0.774348646402359,False,0e4721c353950231_inj_latency_v2,0e4721c353950231,addTravel,2,1,True,train_dataset_2_test_dataset_1_seed_0,dataset_2,dataset_1,0
12a19d5f4469c52e,12a19d5f4469c52e_inj_latency_v2,1.574323296546936,1.574323296546936,0.0,False,12a19d5f4469c52e_inj_latency_v2,12a19d5f4469c52e,getAllFood,13,5,True,train_dataset_2_test_dataset_1_seed_0,dataset_2,dataset_1,0
17c627cd070bacf3,17c627cd070bacf3_inj_latency_v2,1.040136456489563,0.781092643737793,-0.25904381275177,False,17c627cd070bacf3_inj_latency_v2,17c627cd070bacf3,queryOrdersForRefresh,3,2,True,train_dataset_2_test_dataset_1_seed_0,dataset_2,dataset_1,0
1a5e922d4bed1ee5,1a5e922d4bed1ee5_inj_latency_v2,1.2150076627731323,0.4596993923187256,-0.7553082704544067,False,1a5e922d4bed1ee5_inj_latency_v2,1a5e922d4bed1ee5,queryOrdersForRefresh,3,2,True,train_dataset_2_test_dataset_1_seed_0,dataset_2,dataset_1,0
1fa3037f1b9cdff7,1fa3037f1b9cdff7_inj_latency_v2,0.6704866886138916,0.23427914083003998,-0.4362075477838516,False,1fa3037f1b9cdff7_inj_latency_v2,1fa3037f1b9cdff7,findContactsByAccountId,1,1,True,train_dataset_2_test_dataset_1_seed_0,dataset_2,dataset_1,0
22de19f916a777b5,22de19f916a777b5_inj_latency_v2,0.8570239543914795,0.8570239543914795,0.0,False,22de19f916a777b5_inj_latency_v2,22de19f916a777b5,queryInfo,23,5,True,train_dataset_2_test_dataset_1_seed_0,dataset_2,dataset_1,0
23b959132ebaa72b,23b959132ebaa72b_inj_latency_v2,2.64316987991333,0.6332241892814636,-2.0099456906318665,False,23b959132ebaa72b_inj_latency_v2,23b959132ebaa72b,DELETE,2,1,True,train_dataset_2_test_dataset_1_seed_0,dataset_2,dataset_1,0
24025232d58c110f,24025232d58c110f_inj_latency_v2,2.64316987991333,2.4130098819732666,-0.23015999794006348,False,24025232d58c110f_inj_latency_v2,24025232d58c110f,modifyConfig,3,2,True,train_dataset_2_test_dataset_1_seed_0,dataset_2,dataset_1,0
288dbb242709b378,288dbb242709b378_inj_latency_v2,0.5291883945465088,0.37557917833328247,-0.15360921621322632,False,288dbb242709b378_inj_latency_v2,288dbb242709b378,findContactsByAccountId,1,1,True,train_dataset_2_test_dataset_1_seed_0,dataset_2,dataset_1,0
28b8f4fb489555ac,28b8f4fb489555ac_inj_latency_v2,1.273836374282837,0.6945284008979797,-0.5793079733848572,False,28b8f4fb489555ac_inj_latency_v2,28b8f4fb489555ac,POST,2,1,True,train_dataset_2_test_dataset_1_seed_0,dataset_2,dataset_1,0
2932ad71ec1db532,2932ad71ec1db532_inj_latency_v2,1.0466336011886597,0.13030463457107544,-0.9163289666175842,False,2932ad71ec1db532_inj_latency_v2,2932ad71ec1db532,getAllAssuranceType,1,1,True,train_dataset_2_test_dataset_1_seed_0,dataset_2,dataset_1,0
2a82d8b4a2d44fda,2a82d8b4a2d44fda_inj_latency_v2,1.0473378896713257,0.27298885583877563,-0.77434903383255,False,2a82d8b4a2d44fda_inj_latency_v2,2a82d8b4a2d44fda,addTravel,2,1,True,train_dataset_2_test_dataset_1_seed_0,dataset_2,dataset_1,0
2ac31ed71a762f7f,2ac31ed71a762f7f_inj_latency_v2,0.9453563690185547,0.08380332589149475,-0.8615530431270599,False,2ac31ed71a762f7f_inj_latency_v2,2ac31ed71a762f7f,modifyOrder,1,1,True,train_dataset_2_test_dataset_1_seed_0,dataset_2,dataset_1,0
2d4e802c303a7228,2d4e802c303a7228_inj_latency_v2,0.451071172952652,0.38209807872772217,-0.06897309422492981,False,2d4e802c303a7228_inj_latency_v2,2d4e802c303a7228,queryInfo,23,5,True,train_dataset_2_test_dataset_1_seed_0,dataset_2,dataset_1,0
2dc47ec0364db997,2dc47ec0364db997_inj_latency_v2,0.6423147320747375,0.2624518871307373,-0.37986284494400024,False,2dc47ec0364db997_inj_latency_v2,2dc47ec0364db997,findContactsByAccountId,1,1,True,train_dataset_2_test_dataset_1_seed_0,dataset_2,dataset_1,0
2ff5c4fc800d217c,2ff5c4fc800d217c_inj_latency_v2,1.804244041442871,1.804244041442871,0.0,False,2ff5c4fc800d217c_inj_latency_v2,2ff5c4fc800d217c,getAllFood,13,5,True,train_dataset_2_test_dataset_1_seed_0,dataset_2,dataset_1,0
3118754ef6886cc5,3118754ef6886cc5_inj_latency_v2,2.4011240005493164,1.935320258140564,-0.46580374240875244,False,3118754ef6886cc5_inj_latency_v2,3118754ef6886cc5,modifyStation,3,2,True,train_dataset_2_test_dataset_1_seed_0,dataset_2,dataset_1,0
32c418ec4c49eba5,32c418ec4c49eba5_inj_latency_v2,1.1383512020111084,0.6385831832885742,-0.4997680187225342,False,32c418ec4c49eba5_inj_latency_v2,32c418ec4c49eba5,addTravel,2,1,True,train_dataset_2_test_dataset_1_seed_0,dataset_2,dataset_1,0
37bc0722864cfd8f,37bc0722864cfd8f_inj_latency_v2,1.0882173776626587,0.08871956914663315,-0.9994978085160255,False,37bc0722864cfd8f_inj_latency_v2,37bc0722864cfd8f,getAllAssuranceType,1,1,True,train_dataset_2_test_dataset_1_seed_0,dataset_2,dataset_1,0
38c324989983c3f9,38c324989983c3f9_inj_latency_v2,1.129604697227478,1.129604697227478,0.0,False,38c324989983c3f9_inj_latency_v2,38c324989983c3f9,getAllFood,13,5,True,train_dataset_2_test_dataset_1_seed_0,dataset_2,dataset_1,0
3c76172e8dd13512,3c76172e8dd13512_inj_latency_v2,1.804244041442871,1.804244041442871,0.0,False,3c76172e8dd13512_inj_latency_v2,3c76172e8dd13512,getAllFood,13,5,True,train_dataset_2_test_dataset_1_seed_0,dataset_2,dataset_1,0
3d6a86efa17d7a6a,3d6a86efa17d7a6a_inj_latency_v2,1.4044957160949707,0.5301312208175659,-0.8743644952774048,False,3d6a86efa17d7a6a_inj_latency_v2,3d6a86efa17d7a6a,queryOrdersForRefresh,3,2,True,train_dataset_2_test_dataset_1_seed_0,dataset_2,dataset_1,0
3da370578de86f4c,3da370578de86f4c_inj_latency_v2,2.64316987991333,1.3506121635437012,-1.292557716369629,False,3da370578de86f4c_inj_latency_v2,3da370578de86f4c,updateOrder,3,2,True,train_dataset_2_test_dataset_1_seed_0,dataset_2,dataset_1,0
3e0d61671d79e63e,3e0d61671d79e63e_inj_latency_v2,0.7447678446769714,0.5034618973731995,-0.24130594730377197,False,3e0d61671d79e63e_inj_latency_v2,3e0d61671d79e63e,queryOrdersForRefresh,3,2,True,train_dataset_2_test_dataset_1_seed_0,dataset_2,dataset_1,0
3e27923c9b4abbfd,3e27923c9b4abbfd_inj_latency_v2,0.46465906500816345,0.4401092827320099,-0.024549782276153564,False,3e27923c9b4abbfd_inj_latency_v2,3e27923c9b4abbfd,findContactsByAccountId,1,1,True,train_dataset_2_test_dataset_1_seed_0,dataset_2,dataset_1,0
40e7c3d687b6ab8d,40e7c3d687b6ab8d_inj_latency_v2,0.9851683378219604,0.04398820921778679,-0.9411801286041737,False,40e7c3d687b6ab8d_inj_latency_v2,40e7c3d687b6ab8d,getOrderById,1,1,True,train_dataset_2_test_dataset_1_seed_0,dataset_2,dataset_1,0
40f7b2f03c48e310,40f7b2f03c48e310_inj_latency_v2,0.5661018490791321,0.3386654853820801,-0.227436363697052,False,40f7b2f03c48e310_inj_latency_v2,40f7b2f03c48e310,findContactsByAccountId,1,1,True,train_dataset_2_test_dataset_1_seed_0,dataset_2,dataset_1,0
466fc557e9bc9423,466fc557e9bc9423_inj_latency_v2,0.9704461097717285,0.20649376511573792,-0.7639523446559906,False,466fc557e9bc9423_inj_latency_v2,466fc557e9bc9423,getAllAssuranceType,1,1,True,train_dataset_2_test_dataset_1_seed_0,dataset_2,dataset_1,0
47ca1a9fb49a76f8,47ca1a9fb49a76f8_inj_latency_v2,1.4770439863204956,0.30013081431388855,-1.176913172006607,False,47ca1a9fb49a76f8_inj_latency_v2,47ca1a9fb49a76f8,getAllAssuranceType,1,1,True,train_dataset_2_test_dataset_1_seed_0,dataset_2,dataset_1,0
4854388ca8b98c38,4854388ca8b98c38_inj_latency_v2,0.7110517621040344,0.7110517621040344,0.0,False,4854388ca8b98c38_inj_latency_v2,4854388ca8b98c38,queryInfo,23,5,True,train_dataset_2_test_dataset_1_seed_0,dataset_2,dataset_1,0
49b7385d3eb385e4,49b7385d3eb385e4_inj_latency_v2,1.0823020935058594,0.30795350670814514,-0.7743485867977142,False,49b7385d3eb385e4_inj_latency_v2,49b7385d3eb385e4,addTravel,2,1,True,train_dataset_2_test_dataset_1_seed_0,dataset_2,dataset_1,0
4a1d538d25ed9503,4a1d538d25ed9503_inj_latency_v2,0.9576377868652344,0.9576377868652344,0.0,False,4a1d538d25ed9503_inj_latency_v2,4a1d538d25ed9503,queryInfo,23,5,True,train_dataset_2_test_dataset_1_seed_0,dataset_2,dataset_1,0
4b9cdfd2928dfc5e,4b9cdfd2928dfc5e_inj_latency_v2,1.758732557296753,1.7230923175811768,-0.03564023971557617,False,4b9cdfd2928dfc5e_inj_latency_v2,4b9cdfd2928dfc5e,getAllTrains,3,2,True,train_dataset_2_test_dataset_1_seed_0,dataset_2,dataset_1,0
52805f1440e224bf,52805f1440e224bf_inj_latency_v2,2.276702404022217,2.276702404022217,0.0,False,52805f1440e224bf_inj_latency_v2,52805f1440e224bf,queryInfo,97,10,True,train_dataset_2_test_dataset_1_seed_0,dataset_2,dataset_1,0
5372731089374370,5372731089374370_inj_latency_v2,2.64316987991333,2.64316987991333,0.0,False,5372731089374370_inj_latency_v2,5372731089374370,getAllOrders,5,3,True,train_dataset_2_test_dataset_1_seed_0,dataset_2,dataset_1,0
537b9646ec1f1b43,537b9646ec1f1b43_inj_latency_v2,2.276702404022217,2.276702404022217,0.0,False,537b9646ec1f1b43_inj_latency_v2,537b9646ec1f1b43,queryInfo,245,10,True,train_dataset_2_test_dataset_1_seed_0,dataset_2,dataset_1,0
5891283921f2132c,5891283921f2132c_inj_latency_v2,1.2896208763122559,0.7816343307495117,-0.5079865455627441,False,5891283921f2132c_inj_latency_v2,5891283921f2132c,updateUser,3,2,True,train_dataset_2_test_dataset_1_seed_0,dataset_2,dataset_1,0
58b6e27d10da3ec0,58b6e27d10da3ec0_inj_latency_v2,1.430919885635376,0.29120922088623047,-1.1397106647491455,False,58b6e27d10da3ec0_inj_latency_v2,58b6e27d10da3ec0,updateUser,3,2,True,train_dataset_2_test_dataset_1_seed_0,dataset_2,dataset_1,0
58c96f0d904c8107,58c96f0d904c8107_inj_latency_v2,1.2773866653442383,0.7902236580848694,-0.4871630072593689,False,58c96f0d904c8107_inj_latency_v2,58c96f0d904c8107,getAllUsers,3,2,True,train_dataset_2_test_dataset_1_seed_0,dataset_2,dataset_1,0
5b13d2d280ac887f,5b13d2d280ac887f_inj_latency_v2,0.7628414034843445,0.46920257806777954,-0.29363882541656494,False,5b13d2d280ac887f_inj_latency_v2,5b13d2d280ac887f,queryOrdersForRefresh,3,2,True,train_dataset_2_test_dataset_1_seed_0,dataset_2,dataset_1,0
5b6c1cec3e879c4a,5b6c1cec3e879c4a_inj_latency_v2,0.8323062062263489,0.16603133082389832,-0.6662748754024506,False,5b6c1cec3e879c4a_inj_latency_v2,5b6c1cec3e879c4a,pay,7,3,True,train_dataset_2_test_dataset_1_seed_0,dataset_2,dataset_1,0
5d0c0c85d1298c58,5d0c0c85d1298c58_inj_latency_v2,1.2880650758743286,0.5017292499542236,-0.786335825920105,False,5d0c0c85d1298c58_inj_latency_v2,5d0c0c85d1298c58,queryOrdersForRefresh,3,2,True,train_dataset_2_test_dataset_1_seed_0,dataset_2,dataset_1,0
600b5a617c044804,600b5a617c044804_inj_latency_v2,2.276702404022217,2.276702404022217,0.0,False,600b5a617c044804_inj_latency_v2,600b5a617c044804,queryInfo,245,10,True,train_dataset_2_test_dataset_1_seed_0,dataset_2,dataset_1,0
6149cb8597e450e9,6149cb8597e450e9_inj_latency_v2,0.8363040685653687,0.2948727011680603,-0.5414313673973083,False,6149cb8597e450e9_inj_latency_v2,6149cb8597e450e9,updateTravel,3,2,True,train_dataset_2_test_dataset_1_seed_0,dataset_2,dataset_1,0
61a26d3069ff9250,61a26d3069ff9250_inj_latency_v2,0.9793307781219482,0.23453567922115326,-0.744795098900795,False,61a26d3069ff9250_inj_latency_v2,61a26d3069ff9250,addTravel,2,1,True,train_dataset_2_test_dataset_1_seed_0,dataset_2,dataset_1,0
631c05e3c79a55f5,631c05e3c79a55f5_inj_latency_v2,2.3144822120666504,1.42768132686615,-0.8868008852005005,False,631c05e3c79a55f5_inj_latency_v2,631c05e3c79a55f5,modifyPrice,3,2,True,train_dataset_2_test_dataset_1_seed_0,dataset_2,dataset_1,0
638962c873292b2c,638962c873292b2c_inj_latency_v2,0.7396314144134521,0.5070942044258118,-0.23253720998764038,False,638962c873292b2c_inj_latency_v2,638962c873292b2c,queryOrdersForRefresh,3,2,True,train_dataset_2_test_dataset_1_seed_0,dataset_2,dataset_1,0
6923e3ab830e7138,6923e3ab830e7138_inj_latency_v2,2.276702404022217,2.276702404022217,0.0,False,6923e3ab830e7138_inj_latency_v2,6923e3ab830e7138,queryInfo,97,10,True,train_dataset_2_test_dataset_1_seed_0,dataset_2,dataset_1,0
6928637dbfd47870,6928637dbfd47870_inj_latency_v2,2.64316987991333,0.8286473751068115,-1.8145225048065186,False,6928637dbfd47870_inj_latency_v2,6928637dbfd47870,DELETE,2,1,True,train_dataset_2_test_dataset_1_seed_0,dataset_2,dataset_1,0
6d475f987bfc7f1b,6d475f987bfc7f1b_inj_latency_v2,1.1268233060836792,0.050111837685108185,-1.076711468398571,False,6d475f987bfc7f1b_inj_latency_v2,6d475f987bfc7f1b,getAllAssuranceType,1,1,True,train_dataset_2_test_dataset_1_seed_0,dataset_2,dataset_1,0
7138aef35d2116b2,7138aef35d2116b2_inj_latency_v2,0.8168236017227173,0.36011913418769836,-0.4567044675350189,False,7138aef35d2116b2_inj_latency_v2,7138aef35d2116b2,getAllAssuranceType,1,1,True,train_dataset_2_test_dataset_1_seed_0,dataset_2,dataset_1,0
719911734c5b50e3,719911734c5b50e3_inj_latency_v2,2.9425952434539795,2.9425952434539795,0.0,False,719911734c5b50e3_inj_latency_v2,719911734c5b50e3,POST,2,1,True,train_dataset_2_test_dataset_1_seed_0,dataset_2,dataset_1,0
71f75763df02f8f8,71f75763df02f8f8_inj_latency_v2,2.094078302383423,2.040921211242676,-0.05315709114074707,False,71f75763df02f8f8_inj_latency_v2,71f75763df02f8f8,modifyTrain,3,2,True,train_dataset_2_test_dataset_1_seed_0,dataset_2,dataset_1,0
72405a6313533a71,72405a6313533a71_inj_latency_v2,2.276702404022217,2.276702404022217,0.0,False,72405a6313533a71_inj_latency_v2,72405a6313533a71,queryInfo,97,10,True,train_dataset_2_test_dataset_1_seed_0,dataset_2,dataset_1,0
75028946369c8e64,75028946369c8e64_inj_latency_v2,1.1383512020111084,0.6171444058418274,-0.521206796169281,False,75028946369c8e64_inj_latency_v2,75028946369c8e64,addTravel,2,1,True,train_dataset_2_test_dataset_1_seed_0,dataset_2,dataset_1,0
7604967b0de191c2,7604967b0de191c2_inj_latency_v2,0.868903636932373,0.03585732355713844,-0.8330463133752346,False,7604967b0de191c2_inj_latency_v2,7604967b0de191c2,findContactsByAccountId,1,1,True,train_dataset_2_test_dataset_1_seed_0,dataset_2,dataset_1,0
7c0a1d34ed04f19b,7c0a1d34ed04f19b_inj_latency_v2,1.3144001960754395,1.3144001960754395,0.0,False,7c0a1d34ed04f19b_inj_latency_v2,7c0a1d34ed04f19b,queryInfo,23,5,True,train_dataset_2_test_dataset_1_seed_0,dataset_2,dataset_1,0
82a6b96f4d1faedb,82a6b96f4d1faedb_inj_latency_v2,0.7689939737319946,0.1357698142528534,-0.6332241594791412,False,82a6b96f4d1faedb_inj_latency_v2,82a6b96f4d1faedb,findContactsByAccountId,1,1,True,train_dataset_2_test_dataset_1_seed_0,dataset_2,dataset_1,0
83008a72c1761c41,83008a72c1761c41_inj_latency_v2,2.276702404022217,2.276702404022217,0.0,False,83008a72c1761c41_inj_latency_v2,83008a72c1761c41,queryInfo,245,10,True,train_dataset_2_test_dataset_1_seed_0,dataset_2,dataset_1,0
83378a8faf0029c0,83378a8faf0029c0_inj_latency_v2,2.276702404022217,2.276702404022217,0.0,False,83378a8faf0029c0_inj_latency_v2,83378a8faf0029c0,queryInfo,97,10,True,train_dataset_2_test_dataset_1_seed_0,dataset_2,dataset_1,0
894ecb51e2e30211,894ecb51e2e30211_inj_latency_v2,1.262418508529663,0.043029434978961945,-1.2193890735507011,False,894ecb51e2e30211_inj_latency_v2,894ecb51e2e30211,imageCode,1,1,True,train_dataset_2_test_dataset_1_seed_0,dataset_2,dataset_1,0
942739b64838b82f,942739b64838b82f_inj_latency_v2,0.7023158669471741,0.4746282398700714,-0.22768762707710266,False,942739b64838b82f_inj_latency_v2,942739b64838b82f,getAllAssuranceType,1,1,True,train_dataset_2_test_dataset_1_seed_0,dataset_2,dataset_1,0
9503d78c0bb01d71,9503d78c0bb01d71_inj_latency_v2,1.4419927597045898,0.39769455790519714,-1.0442982017993927,False,9503d78c0bb01d71_inj_latency_v2,9503d78c0bb01d71,updateUser,3,2,True,train_dataset_2_test_dataset_1_seed_0,dataset_2,dataset_1,0
968b3ce2b3184b2a,968b3ce2b3184b2a_inj_latency_v2,2.276702404022217,2.276702404022217,0.0,False,968b3ce2b3184b2a_inj_latency_v2,968b3ce2b3184b2a,queryInfo,245,10,True,train_dataset_2_test_dataset_1_seed_0,dataset_2,dataset_1,0
96dd564dd03cdfb7,96dd564dd03cdfb7_inj_latency_v2,2.64316987991333,0.9700487852096558,-1.6731210947036743,False,96dd564dd03cdfb7_inj_latency_v2,96dd564dd03cdfb7,DELETE,2,1,True,train_dataset_2_test_dataset_1_seed_0,dataset_2,dataset_1,0
9a90f76616c9f378,9a90f76616c9f378_inj_latency_v2,1.4712820053100586,0.2828447222709656,-1.188437283039093,False,9a90f76616c9f378_inj_latency_v2,9a90f76616c9f378,queryOrdersForRefresh,3,2,True,train_dataset_2_test_dataset_1_seed_0,dataset_2,dataset_1,0
9c6d0dd93ea14364,9c6d0dd93ea14364_inj_latency_v2,0.8017459511756897,0.2274218201637268,-0.5743241310119629,False,9c6d0dd93ea14364_inj_latency_v2,9c6d0dd93ea14364,modifyOrder,1,1,True,train_dataset_2_test_dataset_1_seed_0,dataset_2,dataset_1,0
9cbb27dd65c9d85c,9cbb27dd65c9d85c_inj_latency_v2,0.7691977620124817,0.40774568915367126,-0.3614520728588104,False,9cbb27dd65c9d85c_inj_latency_v2,9cbb27dd65c9d85c,getAllAssuranceType,1,1,True,train_dataset_2_test_dataset_1_seed_0,dataset_2,dataset_1,0
9de36229baf0c214,9de36229baf0c214_inj_latency_v2,1.315029263496399,1.315029263496399,0.0,False,9de36229baf0c214_inj_latency_v2,9de36229baf0c214,getAllFood,13,5,True,train_dataset_2_test_dataset_1_seed_0,dataset_2,dataset_1,0
9fea5d3996d596f4,9fea5d3996d596f4_inj_latency_v2,0.9949495196342468,0.243861123919487,-0.7510883957147598,False,9fea5d3996d596f4_inj_latency_v2,9fea5d3996d596f4,addTravel,3,2,True,train_dataset_2_test_dataset_1_seed_0,dataset_2,dataset_1,0
a1b02600052d9098,a1b02600052d9098_inj_latency_v2,1.0730112791061401,0.34886303544044495,-0.7241482436656952,False,a1b02600052d9098_inj_latency_v2,a1b02600052d9098,findByOrderId,1,1,True,train_dataset_2_test_dataset_1_seed_0,dataset_2,dataset_1,0
a2c6e3ad0f6a7647,a2c6e3ad0f6a7647_inj_latency_v2,0.720825731754303,0.5104079246520996,-0.21041780710220337,False,a2c6e3ad0f6a7647_inj_latency_v2,a2c6e3ad0f6a7647,queryOrdersForRefresh,3,2,True,train_dataset_2_test_dataset_1_seed_0,dataset_2,dataset_1,0
a7b2313d89b8409b,a7b2313d89b8409b_inj_latency_v2,0.7165672779083252,0.1881977915763855,-0.5283694863319397,False,a7b2313d89b8409b_inj_latency_v2,a7b2313d89b8409b,findContactsByAccountId,1,1,True,train_dataset_2_test_dataset_1_seed_0,dataset_2,dataset_1,0
a80f8db9f0088039,a80f8db9f0088039_inj_latency_v2,1.1383512020111084,0.6373340487480164,-0.501017153263092,False,a80f8db9f0088039_inj_latency_v2,a80f8db9f0088039,addTravel,2,1,True,train_dataset_2_test_dataset_1_seed_0,dataset_2,dataset_1,0
aac1f5c22552b054,aac1f5c22552b054_inj_latency_v2,0.9214038252830505,0.9214038252830505,0.0,False,aac1f5c22552b054_inj_latency_v2,aac1f5c22552b054,queryInfo,23,5,True,train_dataset_2_test_dataset_1_seed_0,dataset_2,dataset_1,0
ae0fa6700adafee7,ae0fa6700adafee7_inj_latency_v2,1.7984254360198975,1.7984254360198975,0.0,False,ae0fa6700adafee7_inj_latency_v2,ae0fa6700adafee7,getAllFood,5,3,True,train_dataset_2_test_dataset_1_seed_0,dataset_2,dataset_1,0
ae25bf195bf1c928,ae25bf195bf1c928_inj_latency_v2,1.804244041442871,1.804244041442871,0.0,False,ae25bf195bf1c928_inj_latency_v2,ae25bf195bf1c928,getAllFood,13,5,True,train_dataset_2_test_dataset_1_seed_0,dataset_2,dataset_1,0
aef6b0308b854616,aef6b0308b854616_inj_latency_v2,1.804244041442871,1.804244041442871,0.0,False,aef6b0308b854616_inj_latency_v2,aef6b0308b854616,getAllFood,13,5,True,train_dataset_2_test_dataset_1_seed_0,dataset_2,dataset_1,0
b51267687f5439bb,b51267687f5439bb_inj_latency_v2,0.9788656830787659,0.21615076065063477,-0.7627149224281311,False,b51267687f5439bb_inj_latency_v2,b51267687f5439bb,addTravel,3,2,True,train_dataset_2_test_dataset_1_seed_0,dataset_2,dataset_1,0
b619083d8ed1d0ff,b619083d8ed1d0ff_inj_latency_v2,2.9425952434539795,2.9425952434539795,0.0,False,b619083d8ed1d0ff_inj_latency_v2,b619083d8ed1d0ff,preserve,9,5,True,train_dataset_2_test_dataset_1_seed_0,dataset_2,dataset_1,0
b62937356a7a7301,b62937356a7a7301_inj_latency_v2,0.5042200088500977,0.4005480706691742,-0.10367193818092346,False,b62937356a7a7301_inj_latency_v2,b62937356a7a7301,findContactsByAccountId,1,1,True,train_dataset_2_test_dataset_1_seed_0,dataset_2,dataset_1,0
b73c17fb8625163e,b73c17fb8625163e_inj_latency_v2,1.2979813814163208,0.12105416506528854,-1.1769272163510323,False,b73c17fb8625163e_inj_latency_v2,b73c17fb8625163e,getAllAssuranceType,1,1,True,train_dataset_2_test_dataset_1_seed_0,dataset_2,dataset_1,0
b8afa2a43f703f4e,b8afa2a43f703f4e_inj_latency_v2,0.5306280851364136,0.3741397559642792,-0.1564883291721344,False,b8afa2a43f703f4e_inj_latency_v2,b8afa2a43f703f4e,findContactsByAccountId,1,1,True,train_dataset_2_test_dataset_1_seed_0,dataset_2,dataset_1,0
bc8b12f4c9b14871,bc8b12f4c9b14871_inj_latency_v2,0.9682438969612122,0.0609140582382679,-0.9073298387229443,False,bc8b12f4c9b14871_inj_latency_v2,bc8b12f4c9b14871,modifyOrder,1,1,True,train_dataset_2_test_dataset_1_seed_0,dataset_2,dataset_1,0
bd358e28ee4d29ca,bd358e28ee4d29ca_inj_latency_v2,2.9425952434539795,2.9425952434539795,0.0,False,bd358e28ee4d29ca_inj_latency_v2,bd358e28ee4d29ca,preserve,141,17,True,train_dataset_2_test_dataset_1_seed_0,dataset_2,dataset_1,0
c17fe91da5a98f3f,c17fe91da5a98f3f_inj_latency_v2,1.1060726642608643,0.07692857831716537,-1.0291440859436989,False,c17fe91da5a98f3f_inj_latency_v2,c17fe91da5a98f3f,findAllOrder,1,1,True,train_dataset_2_test_dataset_1_seed_0,dataset_2,dataset_1,0
c2c6050836591363,c2c6050836591363_inj_latency_v2,2.3360133171081543,1.4567073583602905,-0.8793059587478638,False,c2c6050836591363_inj_latency_v2,c2c6050836591363,deleteStation,3,2,True,train_dataset_2_test_dataset_1_seed_0,dataset_2,dataset_1,0
c52a52c95a7bd2e8,c52a52c95a7bd2e8_inj_latency_v2,2.276702404022217,2.276702404022217,0.0,False,c52a52c95a7bd2e8_inj_latency_v2,c52a52c95a7bd2e8,queryInfo,97,10,True,train_dataset_2_test_dataset_1_seed_0,dataset_2,dataset_1,0
c585a0e8da5238a1,c585a0e8da5238a1_inj_latency_v2,1.5030275583267212,0.3909474313259125,-1.1120801270008087,False,c585a0e8da5238a1_inj_latency_v2,c585a0e8da5238a1,getAllUsers,3,2,True,train_dataset_2_test_dataset_1_seed_0,dataset_2,dataset_1,0
c5cde63b64110aae,c5cde63b64110aae_inj_latency_v2,0.8769267797470093,0.30001530051231384,-0.5769114792346954,False,c5cde63b64110aae_inj_latency_v2,c5cde63b64110aae,getAllAssuranceType,1,1,True,train_dataset_2_test_dataset_1_seed_0,dataset_2,dataset_1,0
cbf9d27f7fc51e53,cbf9d27f7fc51e53_inj_latency_v2,0.6025246381759644,0.5324724316596985,-0.07005220651626587,False,cbf9d27f7fc51e53_inj_latency_v2,cbf9d27f7fc51e53,queryInfo,23,5,True,train_dataset_2_test_dataset_1_seed_0,dataset_2,dataset_1,0
cefaab51f759c69a,cefaab51f759c69a_inj_latency_v2,1.804244041442871,1.804244041442871,0.0,False,cefaab51f759c69a_inj_latency_v2,cefaab51f759c69a,getAllFood,13,5,True,train_dataset_2_test_dataset_1_seed_0,dataset_2,dataset_1,0
cfbe9bb452dce273,cfbe9bb452dce273_inj_latency_v2,2.64316987991333,2.023327589035034,-0.6198422908782959,False,cfbe9bb452dce273_inj_latency_v2,cfbe9bb452dce273,getAllConfigs,3,2,True,train_dataset_2_test_dataset_1_seed_0,dataset_2,dataset_1,0
d2110a2c63cc9e7c,d2110a2c63cc9e7c_inj_latency_v2,0.7638895511627197,0.7638895511627197,0.0,False,d2110a2c63cc9e7c_inj_latency_v2,d2110a2c63cc9e7c,queryInfo,23,5,True,train_dataset_2_test_dataset_1_seed_0,dataset_2,dataset_1,0
d2ab5136725013d6,d2ab5136725013d6_inj_latency_v2,2.276702404022217,2.276702404022217,0.0,False,d2ab5136725013d6_inj_latency_v2,d2ab5136725013d6,queryInfo,97,10,True,train_dataset_2_test_dataset_1_seed_0,dataset_2,dataset_1,0
d3aff0b566abef01,d3aff0b566abef01_inj_latency_v2,1.098028302192688,0.06888308376073837,-1.0291452184319496,False,d3aff0b566abef01_inj_latency_v2,d3aff0b566abef01,getOrderById,1,1,True,train_dataset_2_test_dataset_1_seed_0,dataset_2,dataset_1,0
d46f104608b5241f,d46f104608b5241f_inj_latency_v2,0.7484381794929504,0.4859776496887207,-0.26246052980422974,False,d46f104608b5241f_inj_latency_v2,d46f104608b5241f,queryOrdersForRefresh,3,2,True,train_dataset_2_test_dataset_1_seed_0,dataset_2,dataset_1,0
d4c823ccc9d9d17a,d4c823ccc9d9d17a_inj_latency_v2,1.349547028541565,0.7263176441192627,-0.6232293844223022,False,d4c823ccc9d9d17a_inj_latency_v2,d4c823ccc9d9d17a,queryOrdersForRefresh,3,2,True,train_dataset_2_test_dataset_1_seed_0,dataset_2,dataset_1,0
d92af8df8dc53763,d92af8df8dc53763_inj_latency_v2,1.1364299058914185,0.040504951030015945,-1.0959249548614025,False,d92af8df8dc53763_inj_latency_v2,d92af8df8dc53763,getAllAssuranceType,1,1,True,train_dataset_2_test_dataset_1_seed_0,dataset_2,dataset_1,0
db380a84928baafb,db380a84928baafb_inj_latency_v2,2.276702404022217,2.276702404022217,0.0,False,db380a84928baafb_inj_latency_v2,db380a84928baafb,queryInfo,97,10,True,train_dataset_2_test_dataset_1_seed_0,dataset_2,dataset_1,0
dd1eb3699b3a1ce6,dd1eb3699b3a1ce6_inj_latency_v2,1.406089186668396,0.5981879830360413,-0.8079012036323547,False,dd1eb3699b3a1ce6_inj_latency_v2,dd1eb3699b3a1ce6,queryOrdersForRefresh,3,2,True,train_dataset_2_test_dataset_1_seed_0,dataset_2,dataset_1,0
e3841fcaa38d0665,e3841fcaa38d0665_inj_latency_v2,0.976300060749054,0.2006397545337677,-0.7756603062152863,False,e3841fcaa38d0665_inj_latency_v2,e3841fcaa38d0665,getAllAssuranceType,1,1,True,train_dataset_2_test_dataset_1_seed_0,dataset_2,dataset_1,0
e416007e2e43899f,e416007e2e43899f_inj_latency_v2,1.804244041442871,1.804244041442871,0.0,False,e416007e2e43899f_inj_latency_v2,e416007e2e43899f,getAllFood,13,5,True,train_dataset_2_test_dataset_1_seed_0,dataset_2,dataset_1,0
e4f2da2ca09a3673,e4f2da2ca09a3673_inj_latency_v2,1.0808489322662354,1.0808489322662354,0.0,False,e4f2da2ca09a3673_inj_latency_v2,e4f2da2ca09a3673,queryInfo,23,5,True,train_dataset_2_test_dataset_1_seed_0,dataset_2,dataset_1,0
e626a7c52a2ba305,e626a7c52a2ba305_inj_latency_v2,1.804244041442871,1.804244041442871,0.0,False,e626a7c52a2ba305_inj_latency_v2,e626a7c52a2ba305,getAllFood,13,5,True,train_dataset_2_test_dataset_1_seed_0,dataset_2,dataset_1,0
e70e448729f24dfb,e70e448729f24dfb_inj_latency_v2,0.7142992615699768,0.7142992615699768,0.0,False,e70e448729f24dfb_inj_latency_v2,e70e448729f24dfb,queryInfo,103,10,True,train_dataset_2_test_dataset_1_seed_0,dataset_2,dataset_1,0
e737ecef7579e257,e737ecef7579e257_inj_latency_v2,1.0999476909637451,1.0999476909637451,0.0,False,e737ecef7579e257_inj_latency_v2,e737ecef7579e257,getAllFood,13,5,True,train_dataset_2_test_dataset_1_seed_0,dataset_2,dataset_1,0
e750ce963c7813fc,e750ce963c7813fc_inj_latency_v2,0.887787401676178,0.7799016237258911,-0.10788577795028687,False,e750ce963c7813fc_inj_latency_v2,e750ce963c7813fc,queryInfo,23,5,True,train_dataset_2_test_dataset_1_seed_0,dataset_2,dataset_1,0
f01f17547ea077bc,f01f17547ea077bc_inj_latency_v2,0.7692581415176392,0.4076853096485138,-0.36157283186912537,False,f01f17547ea077bc_inj_latency_v2,f01f17547ea077bc,getAllAssuranceType,1,1,True,train_dataset_2_test_dataset_1_seed_0,dataset_2,dataset_1,0
f4d69ebc8b8c4051,f4d69ebc8b8c4051_inj_latency_v2,1.191921353340149,0.6804318428039551,-0.5114895105361938,False,f4d69ebc8b8c4051_inj_latency_v2,f4d69ebc8b8c4051,queryOrdersForRefresh,3,2,True,train_dataset_2_test_dataset_1_seed_0,dataset_2,dataset_1,0
f6e85be8f2770567,f6e85be8f2770567_inj_latency_v2,0.8058132529258728,0.37112957239151,-0.4346836805343628,False,f6e85be8f2770567_inj_latency_v2,f6e85be8f2770567,getAllAssuranceType,1,1,True,train_dataset_2_test_dataset_1_seed_0,dataset_2,dataset_1,0
fb55045c39b42a9c,fb55045c39b42a9c_inj_latency_v2,1.823395848274231,0.6913422346115112,-1.1320536136627197,False,fb55045c39b42a9c_inj_latency_v2,fb55045c39b42a9c,POST,2,1,True,train_dataset_2_test_dataset_1_seed_0,dataset_2,dataset_1,0
fb5ef3c8b7578bb8,fb5ef3c8b7578bb8_inj_latency_v2,1.804244041442871,1.804244041442871,0.0,False,fb5ef3c8b7578bb8_inj_latency_v2,fb5ef3c8b7578bb8,getAllFood,13,5,True,train_dataset_2_test_dataset_1_seed_0,dataset_2,dataset_1,0
fbaef02f7c8260d8,fbaef02f7c8260d8_inj_latency_v2,0.7319585084915161,0.6899194717407227,-0.04203903675079346,False,fbaef02f7c8260d8_inj_latency_v2,fbaef02f7c8260d8,findByAccountId,1,1,True,train_dataset_2_test_dataset_1_seed_0,dataset_2,dataset_1,0
fecbbb74ea23e780,fecbbb74ea23e780_inj_latency_v2,2.276702404022217,2.276702404022217,0.0,False,fecbbb74ea23e780_inj_latency_v2,fecbbb74ea23e780,queryInfo,97,10,True,train_dataset_2_test_dataset_1_seed_0,dataset_2,dataset_1,0
0082bc65ca2be88c,0082bc65ca2be88c_inj_latency_v2,1.8295133113861084,1.0336682796478271,-0.7958450317382812,False,0082bc65ca2be88c_inj_latency_v2,0082bc65ca2be88c,updateOrder,2,1,True,train_dataset_2_test_dataset_3_seed_0,dataset_2,dataset_3,0
03936fa843b81eb0,03936fa843b81eb0_inj_latency_v2,1.1383512020111084,0.7914739847183228,-0.34687721729278564,False,03936fa843b81eb0_inj_latency_v2,03936fa843b81eb0,pay,2,1,True,train_dataset_2_test_dataset_3_seed_0,dataset_2,dataset_3,0
119d3d0c7e20ef98,119d3d0c7e20ef98_inj_latency_v2,0.8621687889099121,0.7687927484512329,-0.0933760404586792,False,119d3d0c7e20ef98_inj_latency_v2,119d3d0c7e20ef98,getAllUsers,3,2,True,train_dataset_2_test_dataset_3_seed_0,dataset_2,dataset_3,0
14eb175f20a1f82b,14eb175f20a1f82b_inj_latency_v2,1.1681252717971802,0.8479064702987671,-0.3202188014984131,False,14eb175f20a1f82b_inj_latency_v2,14eb175f20a1f82b,queryOrdersForRefresh,3,2,True,train_dataset_2_test_dataset_3_seed_0,dataset_2,dataset_3,0
15554261fd7babbb,15554261fd7babbb_inj_latency_v2,2.64316987991333,1.5244005918502808,-1.1187692880630493,False,15554261fd7babbb_inj_latency_v2,15554261fd7babbb,getAllConfigs,3,2,True,train_dataset_2_test_dataset_3_seed_0,dataset_2,dataset_3,0
282da289dca8852b,282da289dca8852b_inj_latency_v2,2.046353816986084,0.42303910851478577,-1.6233147084712982,False,282da289dca8852b_inj_latency_v2,282da289dca8852b,addRoute,3,2,True,train_dataset_2_test_dataset_3_seed_0,dataset_2,dataset_3,0
482e0ab928396441,482e0ab928396441_inj_latency_v2,0.8703489303588867,0.8703489303588867,0.0,False,482e0ab928396441_inj_latency_v2,482e0ab928396441,queryInfo,23,5,True,train_dataset_2_test_dataset_3_seed_0,dataset_2,dataset_3,0
500a3b190d91100e,500a3b190d91100e_inj_latency_v2,1.804244041442871,1.804244041442871,0.0,False,500a3b190d91100e_inj_latency_v2,500a3b190d91100e,getToken,3,2,True,train_dataset_2_test_dataset_3_seed_0,dataset_2,dataset_3,0
5203cb8b61b2152d,5203cb8b61b2152d_inj_latency_v2,1.804244041442871,1.804244041442871,0.0,False,5203cb8b61b2152d_inj_latency_v2,5203cb8b61b2152d,getAllFood,13,5,True,train_dataset_2_test_dataset_3_seed_0,dataset_2,dataset_3,0
5fc44ca1454038bc,5fc44ca1454038bc_inj_latency_v2,0.7694095373153687,0.6524679660797119,-0.11694157123565674,False,5fc44ca1454038bc_inj_latency_v2,5fc44ca1454038bc,findByOrderId,1,1,True,train_dataset_2_test_dataset_3_seed_0,dataset_2,dataset_3,0
60e68471a5b569b9,60e68471a5b569b9_inj_latency_v2,2.400627851486206,2.3355231285095215,-0.06510472297668457,False,60e68471a5b569b9_inj_latency_v2,60e68471a5b569b9,deleteStation,3,2,True,train_dataset_2_test_dataset_3_seed_0,dataset_2,dataset_3,0
618e63a8fca0d439,618e63a8fca0d439_inj_latency_v2,0.7875992059707642,0.7185384035110474,-0.0690608024597168,False,618e63a8fca0d439_inj_latency_v2,618e63a8fca0d439,addTravel,3,2,True,train_dataset_2_test_dataset_3_seed_0,dataset_2,dataset_3,0
6707c0ba4b226577,6707c0ba4b226577_inj_latency_v2,1.804244041442871,1.804244041442871,0.0,False,6707c0ba4b226577_inj_latency_v2,6707c0ba4b226577,getAllFood,13,5,True,train_dataset_2_test_dataset_3_seed_0,dataset_2,dataset_3,0
6794d22e1ac9a173,6794d22e1ac9a173_inj_latency_v2,2.276702404022217,2.276702404022217,0.0,False,6794d22e1ac9a173_inj_latency_v2,6794d22e1ac9a173,queryInfo,94,9,True,train_dataset_2_test_dataset_3_seed_0,dataset_2,dataset_3,0
6c2a47780bd413ca,6c2a47780bd413ca_inj_latency_v2,1.546770453453064,0.9430810809135437,-0.6036893725395203,False,6c2a47780bd413ca_inj_latency_v2,6c2a47780bd413ca,getAllOrders,4,2,True,train_dataset_2_test_dataset_3_seed_0,dataset_2,dataset_3,0
70d74443a791be6e,70d74443a791be6e_inj_latency_v2,1.1383512020111084,0.380959689617157,-0.7573915123939514,False,70d74443a791be6e_inj_latency_v2,70d74443a791be6e,pay,2,1,True,train_dataset_2_test_dataset_3_seed_0,dataset_2,dataset_3,0
7919c76da0ad158f,7919c76da0ad158f_inj_latency_v2,0.5407450199127197,0.36402252316474915,-0.17672249674797058,False,7919c76da0ad158f_inj_latency_v2,7919c76da0ad158f,findContactsByAccountId,1,1,True,train_dataset_2_test_dataset_3_seed_0,dataset_2,dataset_3,0
793927759db53559,793927759db53559_inj_latency_v2,1.8252054452896118,0.673366904258728,-1.1518385410308838,False,793927759db53559_inj_latency_v2,793927759db53559,POST,2,1,True,train_dataset_2_test_dataset_3_seed_0,dataset_2,dataset_3,0
7cd6a0b8869cdb82,7cd6a0b8869cdb82_inj_latency_v2,1.1448742151260376,0.032060686498880386,-1.1128135286271572,False,7cd6a0b8869cdb82_inj_latency_v2,7cd6a0b8869cdb82,getAllAssuranceType,1,1,True,train_dataset_2_test_dataset_3_seed_0,dataset_2,dataset_3,0
80896f44057fd953,80896f44057fd953_inj_latency_v2,2.250265121459961,1.3225106000900269,-0.9277545213699341,False,80896f44057fd953_inj_latency_v2,80896f44057fd953,modifyConfig,3,2,True,train_dataset_2_test_dataset_3_seed_0,dataset_2,dataset_3,0
819bf276bdac6fa4,819bf276bdac6fa4_inj_latency_v2,1.804244041442871,1.804244041442871,0.0,False,819bf276bdac6fa4_inj_latency_v2,819bf276bdac6fa4,getToken,3,2,True,train_dataset_2_test_dataset_3_seed_0,dataset_2,dataset_3,0
8468dc3fbe05b7bd,8468dc3fbe05b7bd_inj_latency_v2,2.276702404022217,2.276702404022217,0.0,False,8468dc3fbe05b7bd_inj_latency_v2,8468dc3fbe05b7bd,queryInfo,94,9,True,train_dataset_2_test_dataset_3_seed_0,dataset_2,dataset_3,0
8d296422e9b0dca8,8d296422e9b0dca8_inj_latency_v2,0.6698653697967529,0.23490044474601746,-0.4349649250507355,False,8d296422e9b0dca8_inj_latency_v2,8d296422e9b0dca8,findContactsByAccountId,1,1,True,train_dataset_2_test_dataset_3_seed_0,dataset_2,dataset_3,0
9336eb03ee1b0a99,9336eb03ee1b0a99_inj_latency_v2,2.276702404022217,2.276702404022217,0.0,False,9336eb03ee1b0a99_inj_latency_v2,9336eb03ee1b0a99,queryInfo,94,9,True,train_dataset_2_test_dataset_3_seed_0,dataset_2,dataset_3,0
a1610e1ad51d3b84,a1610e1ad51d3b84_inj_latency_v2,1.0772640705108643,0.8784757852554321,-0.19878828525543213,False,a1610e1ad51d3b84_inj_latency_v2,a1610e1ad51d3b84,updateConsign,3,2,True,train_dataset_2_test_dataset_3_seed_0,dataset_2,dataset_3,0
a44cba0648d44308,a44cba0648d44308_inj_latency_v2,0.9874142408370972,0.7638990879058838,-0.22351515293121338,False,a44cba0648d44308_inj_latency_v2,a44cba0648d44308,updateUser,3,2,True,train_dataset_2_test_dataset_3_seed_0,dataset_2,dataset_3,0
a4d954c05b5ffb55,a4d954c05b5ffb55_inj_latency_v2,0.8994945287704468,0.8677617907524109,-0.03173273801803589,False,a4d954c05b5ffb55_inj_latency_v2,a4d954c05b5ffb55,pay,7,3,True,train_dataset_2_test_dataset_3_seed_0,dataset_2,dataset_3,0
b33543dcc2421cdd,b33543dcc2421cdd_inj_latency_v2,0.7338986992835999,0.6696949005126953,-0.06420379877090454,False,b33543dcc2421cdd_inj_latency_v2,b33543dcc2421cdd,queryOrdersForRefresh,3,2,True,train_dataset_2_test_dataset_3_seed_0,dataset_2,dataset_3,0
ba17990206955345,ba17990206955345_inj_latency_v2,2.276702404022217,2.276702404022217,0.0,False,ba17990206955345_inj_latency_v2,ba17990206955345,queryInfo,94,9,True,train_dataset_2_test_dataset_3_seed_0,dataset_2,dataset_3,0
bb48454654d1cfc8,bb48454654d1cfc8_inj_latency_v2,0.7556042075157166,0.666273295879364,-0.08933091163635254,False,bb48454654d1cfc8_inj_latency_v2,bb48454654d1cfc8,findByOrderId,1,1,True,train_dataset_2_test_dataset_3_seed_0,dataset_2,dataset_3,0
bf60ce59fd4a5090,bf60ce59fd4a5090_inj_latency_v2,1.5029428005218506,0.8043856620788574,-0.6985571384429932,False,bf60ce59fd4a5090_inj_latency_v2,bf60ce59fd4a5090,deleteRoute,3,2,True,train_dataset_2_test_dataset_3_seed_0,dataset_2,dataset_3,0
c3b4179b96dc5829,c3b4179b96dc5829_inj_latency_v2,1.1182805299758911,0.34393104910850525,-0.7743494808673859,False,c3b4179b96dc5829_inj_latency_v2,c3b4179b96dc5829,pay,2,1,True,train_dataset_2_test_dataset_3_seed_0,dataset_2,dataset_3,0
c79486676a6a1371,c79486676a6a1371_inj_latency_v2,2.276702404022217,2.276702404022217,0.0,False,c79486676a6a1371_inj_latency_v2,c79486676a6a1371,queryInfo,94,9,True,train_dataset_2_test_dataset_3_seed_0,dataset_2,dataset_3,0
c7cb7858026d9ea3,c7cb7858026d9ea3_inj_latency_v2,2.276702404022217,2.276702404022217,0.0,False,c7cb7858026d9ea3_inj_latency_v2,c7cb7858026d9ea3,queryInfo,94,9,True,train_dataset_2_test_dataset_3_seed_0,dataset_2,dataset_3,0
e47281530a217b0c,e47281530a217b0c_inj_latency_v2,1.297019600868225,0.12484946846961975,-1.1721701323986053,False,e47281530a217b0c_inj_latency_v2,e47281530a217b0c,findByAccountId,1,1,True,train_dataset_2_test_dataset_3_seed_0,dataset_2,dataset_3,0
e84fe9819b911796,e84fe9819b911796_inj_latency_v2,1.1383512020111084,0.7207191586494446,-0.4176320433616638,False,e84fe9819b911796_inj_latency_v2,e84fe9819b911796,pay,2,1,True,train_dataset_2_test_dataset_3_seed_0,dataset_2,dataset_3,0
01ff481fe2f06ccd,01ff481fe2f06ccd_inj_latency_v2,2.8442819118499756,2.5134451389312744,-0.33083677291870117,False,01ff481fe2f06ccd_inj_latency_v2,01ff481fe2f06ccd,getAllTrains,3,2,True,train_dataset_3_test_dataset_1_seed_0,dataset_3,dataset_1,0
028e50b177ff6b9e,028e50b177ff6b9e_inj_latency_v2,1.1622952222824097,1.1622952222824097,0.0,False,028e50b177ff6b9e_inj_latency_v2,028e50b177ff6b9e,getAllFood,13,5,True,train_dataset_3_test_dataset_1_seed_0,dataset_3,dataset_1,0
08ea3dfb37e25b9f,08ea3dfb37e25b9f_inj_latency_v2,2.1669673919677734,2.1669673919677734,0.0,False,08ea3dfb37e25b9f_inj_latency_v2,08ea3dfb37e25b9f,queryInfo,23,5,True,train_dataset_3_test_dataset_1_seed_0,dataset_3,dataset_1,0
129098532f370700,129098532f370700_inj_latency_v2,2.1669673919677734,2.1669673919677734,0.0,False,129098532f370700_inj_latency_v2,129098532f370700,queryInfo,23,5,True,train_dataset_3_test_dataset_1_seed_0,dataset_3,dataset_1,0
12a19d5f4469c52e,12a19d5f4469c52e_inj_latency_v2,1.86652410030365,1.86652410030365,0.0,False,12a19d5f4469c52e_inj_latency_v2,12a19d5f4469c52e,getAllFood,13,5,True,train_dataset_3_test_dataset_1_seed_0,dataset_3,dataset_1,0
1b7a7713207ec2bc,1b7a7713207ec2bc_inj_latency_v2,1.4791853427886963,1.4791853427886963,0.0,False,1b7a7713207ec2bc_inj_latency_v2,1b7a7713207ec2bc,getAllTravels,45,5,True,train_dataset_3_test_dataset_1_seed_0,dataset_3,dataset_1,0
1fa3037f1b9cdff7,1fa3037f1b9cdff7_inj_latency_v2,0.5309667587280273,0.506740152835846,-0.024226605892181396,False,1fa3037f1b9cdff7_inj_latency_v2,1fa3037f1b9cdff7,findContactsByAccountId,1,1,True,train_dataset_3_test_dataset_1_seed_0,dataset_3,dataset_1,0
22de19f916a777b5,22de19f916a777b5_inj_latency_v2,1.4882177114486694,1.4882177114486694,0.0,False,22de19f916a777b5_inj_latency_v2,22de19f916a777b5,queryInfo,23,5,True,train_dataset_3_test_dataset_1_seed_0,dataset_3,dataset_1,0
23b959132ebaa72b,23b959132ebaa72b_inj_latency_v2,1.56303870677948,0.9621461033821106,-0.6008926033973694,False,23b959132ebaa72b_inj_latency_v2,23b959132ebaa72b,DELETE,2,1,True,train_dataset_3_test_dataset_1_seed_0,dataset_3,dataset_1,0
25b13a4a84ebf45e,25b13a4a84ebf45e_inj_latency_v2,0.7710856795310974,0.4817381799221039,-0.28934749960899353,False,25b13a4a84ebf45e_inj_latency_v2,25b13a4a84ebf45e,imageCode,1,1,True,train_dataset_3_test_dataset_1_seed_0,dataset_3,dataset_1,0
2932ad71ec1db532,2932ad71ec1db532_inj_latency_v2,0.5812456011772156,0.1990273892879486,-0.38221821188926697,False,2932ad71ec1db532_inj_latency_v2,2932ad71ec1db532,getAllAssuranceType,1,1,True,train_dataset_3_test_dataset_1_seed_0,dataset_3,dataset_1,0
2d4e802c303a7228,2d4e802c303a7228_inj_latency_v2,1.178632140159607,1.178632140159607,0.0,False,2d4e802c303a7228_inj_latency_v2,2d4e802c303a7228,queryInfo,23,5,True,train_dataset_3_test_dataset_1_seed_0,dataset_3,dataset_1,0
2ff5c4fc800d217c,2ff5c4fc800d217c_inj_latency_v2,1.86652410030365,1.86652410030365,0.0,False,2ff5c4fc800d217c_inj_latency_v2,2ff5c4fc800d217c,getAllFood,13,5,True,train_dataset_3_test_dataset_1_seed_0,dataset_3,dataset_1,0
32c418ec4c49eba5,32c418ec4c49eba5_inj_latency_v2,1.4791853427886963,0.716610312461853,-0.7625750303268433,False,32c418ec4c49eba5_inj_latency_v2,32c418ec4c49eba5,addTravel,2,1,True,train_dataset_3_test_dataset_1_seed_0,dataset_3,dataset_1,0
37bc0722864cfd8f,37bc0722864cfd8f_inj_latency_v2,0.6088142991065979,0.17145779728889465,-0.43735650181770325,False,37bc0722864cfd8f_inj_latency_v2,37bc0722864cfd8f,getAllAssuranceType,1,1,True,train_dataset_3_test_dataset_1_seed_0,dataset_3,dataset_1,0
38c324989983c3f9,38c324989983c3f9_inj_latency_v2,1.86652410030365,1.86652410030365,0.0,False,38c324989983c3f9_inj_latency_v2,38c324989983c3f9,getAllFood,13,5,True,train_dataset_3_test_dataset_1_seed_0,dataset_3,dataset_1,0
3c0028a52c0282da,3c0028a52c0282da_inj_latency_v2,1.86652410030365,1.86652410030365,0.0,False,3c0028a52c0282da_inj_latency_v2,3c0028a52c0282da,preserve,141,17,True,train_dataset_3_test_dataset_1_seed_0,dataset_3,dataset_1,0
3c76172e8dd13512,3c76172e8dd13512_inj_latency_v2,1.86652410030365,1.86652410030365,0.0,False,3c76172e8dd13512_inj_latency_v2,3c76172e8dd13512,getAllFood,13,5,True,train_dataset_3_test_dataset_1_seed_0,dataset_3,dataset_1,0
3d6a86efa17d7a6a,3d6a86efa17d7a6a_inj_latency_v2,1.5195472240447998,0.9175668358802795,-0.6019803881645203,False,3d6a86efa17d7a6a_inj_latency_v2,3d6a86efa17d7a6a,queryOrdersForRefresh,3,2,True,train_dataset_3_test_dataset_1_seed_0,dataset_3,dataset_1,0
3da370578de86f4c,3da370578de86f4c_inj_latency_v2,1.1214311122894287,1.0014498233795166,-0.11998128890991211,False,3da370578de86f4c_inj_latency_v2,3da370578de86f4c,updateOrder,3,2,True,train_dataset_3_test_dataset_1_seed_0,dataset_3,dataset_1,0
3fcf32c76789dec4,3fcf32c76789dec4_inj_latency_v2,0.7419103980064392,0.5109138488769531,-0.23099654912948608,False,3fcf32c76789dec4_inj_latency_v2,3fcf32c76789dec4,imageCode,1,1,True,train_dataset_3_test_dataset_1_seed_0,dataset_3,dataset_1,0
441798d2776bfbf7,441798d2776bfbf7_inj_latency_v2,0.8263515830039978,0.4264715611934662,-0.3998800218105316,False,441798d2776bfbf7_inj_latency_v2,441798d2776bfbf7,imageCode,1,1,True,train_dataset_3_test_dataset_1_seed_0,dataset_3,dataset_1,0
45bba1c9db589548,45bba1c9db589548_inj_latency_v2,1.86652410030365,1.86652410030365,0.0,False,45bba1c9db589548_inj_latency_v2,45bba1c9db589548,preserve,143,18,True,train_dataset_3_test_dataset_1_seed_0,dataset_3,dataset_1,0
466fc557e9bc9423,466fc557e9bc9423_inj_latency_v2,0.5307356715202332,0.249538391828537,-0.28119727969169617,False,466fc557e9bc9423_inj_latency_v2,466fc557e9bc9423,getAllAssuranceType,1,1,True,train_dataset_3_test_dataset_1_seed_0,dataset_3,dataset_1,0
47ca1a9fb49a76f8,47ca1a9fb49a76f8_inj_latency_v2,0.8665940761566162,0.08633777499198914,-0.7802563011646271,False,47ca1a9fb49a76f8_inj_latency_v2,47ca1a9fb49a76f8,getAllAssuranceType,1,1,True,train_dataset_3_test_dataset_1_seed_0,dataset_3,dataset_1,0
4854388ca8b98c38,4854388ca8b98c38_inj_latency_v2,2.1669673919677734,2.1669673919677734,0.0,False,4854388ca8b98c38_inj_latency_v2,4854388ca8b98c38,queryInfo,23,5,True,train_dataset_3_test_dataset_1_seed_0,dataset_3,dataset_1,0
49db533975155581,49db533975155581_inj_latency_v2,1.86652410030365,1.86652410030365,0.0,False,49db533975155581_inj_latency_v2,49db533975155581,preserve,44,12,True,train_dataset_3_test_dataset_1_seed_0,dataset_3,dataset_1,0
4a1d538d25ed9503,4a1d538d25ed9503_inj_latency_v2,2.1669673919677734,2.1669673919677734,0.0,False,4a1d538d25ed9503_inj_latency_v2,4a1d538d25ed9503,queryInfo,23,5,True,train_dataset_3_test_dataset_1_seed_0,dataset_3,dataset_1,0
5372731089374370,5372731089374370_inj_latency_v2,1.4791853427886963,1.4791853427886963,0.0,False,5372731089374370_inj_latency_v2,5372731089374370,getAllOrders,5,3,True,train_dataset_3_test_dataset_1_seed_0,dataset_3,dataset_1,0
56760a818feec5f8,56760a818feec5f8_inj_latency_v2,0.6733248233795166,0.5795000791549683,-0.09382474422454834,False,56760a818feec5f8_inj_latency_v2,56760a818feec5f8,imageCode,1,1,True,train_dataset_3_test_dataset_1_seed_0,dataset_3,dataset_1,0
57d6c01c5ee3a12f,57d6c01c5ee3a12f_inj_latency_v2,0.8667626976966858,0.38606011867523193,-0.48070257902145386,False,57d6c01c5ee3a12f_inj_latency_v2,57d6c01c5ee3a12f,imageCode,1,1,True,train_dataset_3_test_dataset_1_seed_0,dataset_3,dataset_1,0
5891283921f2132c,5891283921f2132c_inj_latency_v2,1.3620439767837524,1.074491024017334,-0.28755295276641846,False,5891283921f2132c_inj_latency_v2,5891283921f2132c,updateUser,3,2,True,train_dataset_3_test_dataset_1_seed_0,dataset_3,dataset_1,0
58b6e27d10da3ec0,58b6e27d10da3ec0_inj_latency_v2,1.3760167360305786,0.6037659049034119,-0.7722508311271667,False,58b6e27d10da3ec0_inj_latency_v2,58b6e27d10da3ec0,updateUser,3,2,True,train_dataset_3_test_dataset_1_seed_0,dataset_3,dataset_1,0
58c96f0d904c8107,58c96f0d904c8107_inj_latency_v2,1.3475897312164307,1.0840041637420654,-0.26358556747436523,False,58c96f0d904c8107_inj_latency_v2,58c96f0d904c8107,getAllUsers,3,2,True,train_dataset_3_test_dataset_1_seed_0,dataset_3,dataset_1,0
5c2e86cfbb99f31f,5c2e86cfbb99f31f_inj_latency_v2,1.86652410030365,1.86652410030365,0.0,False,5c2e86cfbb99f31f_inj_latency_v2,5c2e86cfbb99f31f,preserve,141,17,True,train_dataset_3_test_dataset_1_seed_0,dataset_3,dataset_1,0
600b5a617c044804,600b5a617c044804_inj_latency_v2,2.0201737880706787,2.0201737880706787,0.0,False,600b5a617c044804_inj_latency_v2,600b5a617c044804,queryInfo,245,10,True,train_dataset_3_test_dataset_1_seed_0,dataset_3,dataset_1,0
6149cb8597e450e9,6149cb8597e450e9_inj_latency_v2,1.4791853427886963,1.4791853427886963,0.0,False,6149cb8597e450e9_inj_latency_v2,6149cb8597e450e9,updateTravel,3,2,True,train_dataset_3_test_dataset_1_seed_0,dataset_3,dataset_1,0
631c05e3c79a55f5,631c05e3c79a55f5_inj_latency_v2,2.336087226867676,1.915026307106018,-0.4210609197616577,False,631c05e3c79a55f5_inj_latency_v2,631c05e3c79a55f5,modifyPrice,3,2,True,train_dataset_3_test_dataset_1_seed_0,dataset_3,dataset_1,0
660e3433b799552e,660e3433b799552e_inj_latency_v2,1.86652410030365,1.86652410030365,0.0,False,660e3433b799552e_inj_latency_v2,660e3433b799552e,getAllFood,13,5,True,train_dataset_3_test_dataset_1_seed_0,dataset_3,dataset_1,0
662335f7673cfaca,662335f7673cfaca_inj_latency_v2,1.4791853427886963,1.4791853427886963,0.0,False,662335f7673cfaca_inj_latency_v2,662335f7673cfaca,getAllTravels,45,5,True,train_dataset_3_test_dataset_1_seed_0,dataset_3,dataset_1,0
6928637dbfd47870,6928637dbfd47870_inj_latency_v2,1.6693696975708008,1.2482002973556519,-0.4211694002151489,False,6928637dbfd47870_inj_latency_v2,6928637dbfd47870,DELETE,2,1,True,train_dataset_3_test_dataset_1_seed_0,dataset_3,dataset_1,0
6d475f987bfc7f1b,6d475f987bfc7f1b_inj_latency_v2,0.6344089508056641,0.14586208760738373,-0.48854686319828033,False,6d475f987bfc7f1b_inj_latency_v2,6d475f987bfc7f1b,getAllAssuranceType,1,1,True,train_dataset_3_test_dataset_1_seed_0,dataset_3,dataset_1,0
7138aef35d2116b2,7138aef35d2116b2_inj_latency_v2,0.42888888716697693,0.3513871729373932,-0.07750171422958374,False,7138aef35d2116b2_inj_latency_v2,7138aef35d2116b2,getAllAssuranceType,1,1,True,train_dataset_3_test_dataset_1_seed_0,dataset_3,dataset_1,0
719911734c5b50e3,719911734c5b50e3_inj_latency_v2,1.86652410030365,1.86652410030365,0.0,False,719911734c5b50e3_inj_latency_v2,719911734c5b50e3,POST,2,1,True,train_dataset_3_test_dataset_1_seed_0,dataset_3,dataset_1,0
71f75763df02f8f8,71f75763df02f8f8_inj_latency_v2,2.903510808944702,2.7427544593811035,-0.16075634956359863,False,71f75763df02f8f8_inj_latency_v2,71f75763df02f8f8,modifyTrain,3,2,True,train_dataset_3_test_dataset_1_seed_0,dataset_3,dataset_1,0
75028946369c8e64,75028946369c8e64_inj_latency_v2,1.4791853427886963,0.3722458481788635,-1.1069394946098328,False,75028946369c8e64_inj_latency_v2,75028946369c8e64,addTravel,2,1,True,train_dataset_3_test_dataset_1_seed_0,dataset_3,dataset_1,0
7604967b0de191c2,7604967b0de191c2_inj_latency_v2,0.758538007736206,0.2791633605957031,-0.47937464714050293,False,7604967b0de191c2_inj_latency_v2,7604967b0de191c2,findContactsByAccountId,1,1,True,train_dataset_3_test_dataset_1_seed_0,dataset_3,dataset_1,0
78628ba56ee0ded7,78628ba56ee0ded7_inj_latency_v2,1.0599383115768433,1.0599383115768433,0.0,False,78628ba56ee0ded7_inj_latency_v2,78628ba56ee0ded7,queryInfo,23,5,True,train_dataset_3_test_dataset_1_seed_0,dataset_3,dataset_1,0
7c0a1d34ed04f19b,7c0a1d34ed04f19b_inj_latency_v2,1.853987693786621,1.853987693786621,0.0,False,7c0a1d34ed04f19b_inj_latency_v2,7c0a1d34ed04f19b,queryInfo,23,5,True,train_dataset_3_test_dataset_1_seed_0,dataset_3,dataset_1,0
82a6b96f4d1faedb,82a6b96f4d1faedb_inj_latency_v2,0.6439481377601624,0.3937564194202423,-0.25019171833992004,False,82a6b96f4d1faedb_inj_latency_v2,82a6b96f4d1faedb,findContactsByAccountId,1,1,True,train_dataset_3_test_dataset_1_seed_0,dataset_3,dataset_1,0
83008a72c1761c41,83008a72c1761c41_inj_latency_v2,2.619997978210449,2.619997978210449,0.0,False,83008a72c1761c41_inj_latency_v2,83008a72c1761c41,queryInfo,245,10,True,train_dataset_3_test_dataset_1_seed_0,dataset_3,dataset_1,0
83378a8faf0029c0,83378a8faf0029c0_inj_latency_v2,2.619997978210449,2.619997978210449,0.0,False,83378a8faf0029c0_inj_latency_v2,83378a8faf0029c0,queryInfo,97,10,True,train_dataset_3_test_dataset_1_seed_0,dataset_3,dataset_1,0
894ecb51e2e30211,894ecb51e2e30211_inj_latency_v2,1.660712718963623,0.407929003238678,-1.252783715724945,False,894ecb51e2e30211_inj_latency_v2,894ecb51e2e30211,imageCode,1,1,True,train_dataset_3_test_dataset_1_seed_0,dataset_3,dataset_1,0
8990ad9cb25f4484,8990ad9cb25f4484_inj_latency_v2,0.7648292779922485,0.48799458146095276,-0.2768346965312958,False,8990ad9cb25f4484_inj_latency_v2,8990ad9cb25f4484,imageCode,1,1,True,train_dataset_3_test_dataset_1_seed_0,dataset_3,dataset_1,0
9503d78c0bb01d71,9503d78c0bb01d71_inj_latency_v2,1.3882803916931152,0.6983265280723572,-0.6899538636207581,False,9503d78c0bb01d71_inj_latency_v2,9503d78c0bb01d71,updateUser,3,2,True,train_dataset_3_test_dataset_1_seed_0,dataset_3,dataset_1,0
96dd564dd03cdfb7,96dd564dd03cdfb7_inj_latency_v2,1.7857948541641235,0.7296560406684875,-1.056138813495636,False,96dd564dd03cdfb7_inj_latency_v2,96dd564dd03cdfb7,DELETE,2,1,True,train_dataset_3_test_dataset_1_seed_0,dataset_3,dataset_1,0
9a90f76616c9f378,9a90f76616c9f378_inj_latency_v2,1.7685353755950928,0.35750657320022583,-1.411028802394867,False,9a90f76616c9f378_inj_latency_v2,9a90f76616c9f378,queryOrdersForRefresh,3,2,True,train_dataset_3_test_dataset_1_seed_0,dataset_3,dataset_1,0
9cbb27dd65c9d85c,9cbb27dd65c9d85c_inj_latency_v2,0.3973143994808197,0.38296207785606384,-0.01435232162475586,False,9cbb27dd65c9d85c_inj_latency_v2,9cbb27dd65c9d85c,getAllAssuranceType,1,1,True,train_dataset_3_test_dataset_1_seed_0,dataset_3,dataset_1,0
9de36229baf0c214,9de36229baf0c214_inj_latency_v2,1.86652410030365,1.86652410030365,0.0,False,9de36229baf0c214_inj_latency_v2,9de36229baf0c214,getAllFood,13,5,True,train_dataset_3_test_dataset_1_seed_0,dataset_3,dataset_1,0
9fea5d3996d596f4,9fea5d3996d596f4_inj_latency_v2,1.4791853427886963,1.4791853427886963,0.0,False,9fea5d3996d596f4_inj_latency_v2,9fea5d3996d596f4,addTravel,3,2,True,train_dataset_3_test_dataset_1_seed_0,dataset_3,dataset_1,0
a1b02600052d9098,a1b02600052d9098_inj_latency_v2,1.0616103410720825,1.0306192636489868,-0.030991077423095703,False,a1b02600052d9098_inj_latency_v2,a1b02600052d9098,findByOrderId,1,1,True,train_dataset_3_test_dataset_1_seed_0,dataset_3,dataset_1,0
a7b2313d89b8409b,a7b2313d89b8409b_inj_latency_v2,0.5838181376457214,0.45388785004615784,-0.1299302875995636,False,a7b2313d89b8409b_inj_latency_v2,a7b2313d89b8409b,findContactsByAccountId,1,1,True,train_dataset_3_test_dataset_1_seed_0,dataset_3,dataset_1,0
a80f8db9f0088039,a80f8db9f0088039_inj_latency_v2,1.4791853427886963,0.6793069839477539,-0.7998783588409424,False,a80f8db9f0088039_inj_latency_v2,a80f8db9f0088039,addTravel,2,1,True,train_dataset_3_test_dataset_1_seed_0,dataset_3,dataset_1,0
aac1f5c22552b054,aac1f5c22552b054_inj_latency_v2,2.1669673919677734,2.1669673919677734,0.0,False,aac1f5c22552b054_inj_latency_v2,aac1f5c22552b054,queryInfo,23,5,True,train_dataset_3_test_dataset_1_seed_0,dataset_3,dataset_1,0
ae0fa6700adafee7,ae0fa6700adafee7_inj_latency_v2,2.0701043605804443,2.0701043605804443,0.0,False,ae0fa6700adafee7_inj_latency_v2,ae0fa6700adafee7,getAllFood,5,3,True,train_dataset_3_test_dataset_1_seed_0,dataset_3,dataset_1,0
aef6b0308b854616,aef6b0308b854616_inj_latency_v2,1.86652410030365,1.86652410030365,0.0,False,aef6b0308b854616_inj_latency_v2,aef6b0308b854616,getAllFood,13,5,True,train_dataset_3_test_dataset_1_seed_0,dataset_3,dataset_1,0
b51267687f5439bb,b51267687f5439bb_inj_latency_v2,1.4791853427886963,1.4791853427886963,0.0,False,b51267687f5439bb_inj_latency_v2,b51267687f5439bb,addTravel,3,2,True,train_dataset_3_test_dataset_1_seed_0,dataset_3,dataset_1,0
b619083d8ed1d0ff,b619083d8ed1d0ff_inj_latency_v2,1.86652410030365,1.86652410030365,0.0,False,b619083d8ed1d0ff_inj_latency_v2,b619083d8ed1d0ff,preserve,9,5,True,train_dataset_3_test_dataset_1_seed_0,dataset_3,dataset_1,0
b73c17fb8625163e,b73c17fb8625163e_inj_latency_v2,0.7478813529014587,0.03238440304994583,-0.7154969498515129,False,b73c17fb8625163e_inj_latency_v2,b73c17fb8625163e,getAllAssuranceType,1,1,True,train_dataset_3_test_dataset_1_seed_0,dataset_3,dataset_1,0
bd358e28ee4d29ca,bd358e28ee4d29ca_inj_latency_v2,1.86652410030365,1.86652410030365,0.0,False,bd358e28ee4d29ca_inj_latency_v2,bd358e28ee4d29ca,preserve,141,17,True,train_dataset_3_test_dataset_1_seed_0,dataset_3,dataset_1,0
c2c6050836591363,c2c6050836591363_inj_latency_v2,2.361194610595703,1.8250550031661987,-0.5361396074295044,False,c2c6050836591363_inj_latency_v2,c2c6050836591363,deleteStation,3,2,True,train_dataset_3_test_dataset_1_seed_0,dataset_3,dataset_1,0
c585a0e8da5238a1,c585a0e8da5238a1_inj_latency_v2,1.4558792114257812,0.6923350095748901,-0.7635442018508911,False,c585a0e8da5238a1_inj_latency_v2,c585a0e8da5238a1,getAllUsers,3,2,True,train_dataset_3_test_dataset_1_seed_0,dataset_3,dataset_1,0
c5cde63b64110aae,c5cde63b64110aae_inj_latency_v2,0.46873536705970764,0.3115402162075043,-0.15719515085220337,False,c5cde63b64110aae_inj_latency_v2,c5cde63b64110aae,getAllAssuranceType,1,1,True,train_dataset_3_test_dataset_1_seed_0,dataset_3,dataset_1,0
c69540c0a0e238ec,c69540c0a0e238ec_inj_latency_v2,0.8951385021209717,0.35768362879753113,-0.5374548733234406,False,c69540c0a0e238ec_inj_latency_v2,c69540c0a0e238ec,imageCode,1,1,True,train_dataset_3_test_dataset_1_seed_0,dataset_3,dataset_1,0
cbf9d27f7fc51e53,cbf9d27f7fc51e53_inj_latency_v2,1.4454299211502075,1.4454299211502075,0.0,False,cbf9d27f7fc51e53_inj_latency_v2,cbf9d27f7fc51e53,queryInfo,23,5,True,train_dataset_3_test_dataset_1_seed_0,dataset_3,dataset_1,0
cc3c4fa1c8c8dcd2,cc3c4fa1c8c8dcd2_inj_latency_v2,0.811911940574646,0.811911940574646,0.0,False,cc3c4fa1c8c8dcd2_inj_latency_v2,cc3c4fa1c8c8dcd2,getAllFood,13,5,True,train_dataset_3_test_dataset_1_seed_0,dataset_3,dataset_1,0
cefaab51f759c69a,cefaab51f759c69a_inj_latency_v2,1.86652410030365,1.86652410030365,0.0,False,cefaab51f759c69a_inj_latency_v2,cefaab51f759c69a,getAllFood,13,5,True,train_dataset_3_test_dataset_1_seed_0,dataset_3,dataset_1,0
d2110a2c63cc9e7c,d2110a2c63cc9e7c_inj_latency_v2,0.8967041969299316,0.8967041969299316,0.0,False,d2110a2c63cc9e7c_inj_latency_v2,d2110a2c63cc9e7c,queryInfo,23,5,True,train_dataset_3_test_dataset_1_seed_0,dataset_3,dataset_1,0
d92af8df8dc53763,d92af8df8dc53763_inj_latency_v2,0.6407777667045593,0.13949301838874817,-0.5012847483158112,False,d92af8df8dc53763_inj_latency_v2,d92af8df8dc53763,getAllAssuranceType,1,1,True,train_dataset_3_test_dataset_1_seed_0,dataset_3,dataset_1,0
db380a84928baafb,db380a84928baafb_inj_latency_v2,2.619997978210449,2.619997978210449,0.0,False,db380a84928baafb_inj_latency_v2,db380a84928baafb,queryInfo,97,10,True,train_dataset_3_test_dataset_1_seed_0,dataset_3,dataset_1,0
e3841fcaa38d0665,e3841fcaa38d0665_inj_latency_v2,0.5346167087554932,0.24565735459327698,-0.2889593541622162,False,e3841fcaa38d0665_inj_latency_v2,e3841fcaa38d0665,getAllAssuranceType,1,1,True,train_dataset_3_test_dataset_1_seed_0,dataset_3,dataset_1,0
e4f2da2ca09a3673,e4f2da2ca09a3673_inj_latency_v2,1.8318299055099487,1.8318299055099487,0.0,False,e4f2da2ca09a3673_inj_latency_v2,e4f2da2ca09a3673,queryInfo,23,5,True,train_dataset_3_test_dataset_1_seed_0,dataset_3,dataset_1,0
e54ba7abab054171,e54ba7abab054171_inj_latency_v2,2.9583706855773926,2.769052505493164,-0.18931818008422852,False,e54ba7abab054171_inj_latency_v2,e54ba7abab054171,getAllTrains,3,2,True,train_dataset_3_test_dataset_1_seed_0,dataset_3,dataset_1,0
e626a7c52a2ba305,e626a7c52a2ba305_inj_latency_v2,1.86652410030365,1.86652410030365,0.0,False,e626a7c52a2ba305_inj_latency_v2,e626a7c52a2ba305,getAllFood,13,5,True,train_dataset_3_test_dataset_1_seed_0,dataset_3,dataset_1,0
e70e448729f24dfb,e70e448729f24dfb_inj_latency_v2,2.062251567840576,2.062251567840576,0.0,False,e70e448729f24dfb_inj_latency_v2,e70e448729f24dfb,queryInfo,103,10,True,train_dataset_3_test_dataset_1_seed_0,dataset_3,dataset_1,0
e737ecef7579e257,e737ecef7579e257_inj_latency_v2,1.86652410030365,1.86652410030365,0.0,False,e737ecef7579e257_inj_latency_v2,e737ecef7579e257,getAllFood,13,5,True,train_dataset_3_test_dataset_1_seed_0,dataset_3,dataset_1,0
e750ce963c7813fc,e750ce963c7813fc_inj_latency_v2,1.0685993432998657,0.8882381319999695,-0.18036121129989624,False,e750ce963c7813fc_inj_latency_v2,e750ce963c7813fc,queryInfo,23,5,True,train_dataset_3_test_dataset_1_seed_0,dataset_3,dataset_1,0
e96f63173dd4c697,e96f63173dd4c697_inj_latency_v2,1.86652410030365,1.86652410030365,0.0,False,e96f63173dd4c697_inj_latency_v2,e96f63173dd4c697,preserve,141,17,True,train_dataset_3_test_dataset_1_seed_0,dataset_3,dataset_1,0
f01f17547ea077bc,f01f17547ea077bc_inj_latency_v2,0.39735445380210876,0.3829220235347748,-0.014432430267333984,False,f01f17547ea077bc_inj_latency_v2,f01f17547ea077bc,getAllAssuranceType,1,1,True,train_dataset_3_test_dataset_1_seed_0,dataset_3,dataset_1,0
f2b14a336dd8f964,f2b14a336dd8f964_inj_latency_v2,0.7248421907424927,0.5279820561408997,-0.19686013460159302,False,f2b14a336dd8f964_inj_latency_v2,f2b14a336dd8f964,imageCode,1,1,True,train_dataset_3_test_dataset_1_seed_0,dataset_3,dataset_1,0
f6e85be8f2770567,f6e85be8f2770567_inj_latency_v2,0.42158931493759155,0.35868674516677856,-0.06290256977081299,False,f6e85be8f2770567_inj_latency_v2,f6e85be8f2770567,getAllAssuranceType,1,1,True,train_dataset_3_test_dataset_1_seed_0,dataset_3,dataset_1,0
fb5ef3c8b7578bb8,fb5ef3c8b7578bb8_inj_latency_v2,1.86652410030365,1.86652410030365,0.0,False,fb5ef3c8b7578bb8_inj_latency_v2,fb5ef3c8b7578bb8,getAllFood,13,5,True,train_dataset_3_test_dataset_1_seed_0,dataset_3,dataset_1,0
fe99d73ec3c23775,fe99d73ec3c23775_inj_latency_v2,1.86652410030365,1.86652410030365,0.0,False,fe99d73ec3c23775_inj_latency_v2,fe99d73ec3c23775,getAllFood,13,5,True,train_dataset_3_test_dataset_1_seed_0,dataset_3,dataset_1,0
fecbbb74ea23e780,fecbbb74ea23e780_inj_latency_v2,2.619997978210449,2.619997978210449,0.0,False,fecbbb74ea23e780_inj_latency_v2,fecbbb74ea23e780,queryInfo,97,10,True,train_dataset_3_test_dataset_1_seed_0,dataset_3,dataset_1,0
0b4cade05161e76c,0b4cade05161e76c_inj_latency_v2,1.9987787008285522,1.9987787008285522,0.0,False,0b4cade05161e76c_inj_latency_v2,0b4cade05161e76c,queryInfo,103,10,True,train_dataset_3_test_dataset_2_seed_0,dataset_3,dataset_2,0
5cc48d4250aa639c,5cc48d4250aa639c_inj_latency_v2,1.5384258031845093,1.5384258031845093,0.0,False,5cc48d4250aa639c_inj_latency_v2,5cc48d4250aa639c,queryInfo,23,5,True,train_dataset_3_test_dataset_2_seed_0,dataset_3,dataset_2,0
80a44ca087960a4c,80a44ca087960a4c_inj_latency_v2,0.8029356002807617,0.44988754391670227,-0.35304805636405945,False,80a44ca087960a4c_inj_latency_v2,80a44ca087960a4c,imageCode,1,1,True,train_dataset_3_test_dataset_2_seed_0,dataset_3,dataset_2,0
82db15b7b3b1143f,82db15b7b3b1143f_inj_latency_v2,0.8823355436325073,0.3704865872859955,-0.5118489563465118,False,82db15b7b3b1143f_inj_latency_v2,82db15b7b3b1143f,imageCode,1,1,True,train_dataset_3_test_dataset_2_seed_0,dataset_3,dataset_2,0
920554c20d7b1f41,920554c20d7b1f41_inj_latency_v2,0.6473630666732788,0.605461835861206,-0.041901230812072754,False,920554c20d7b1f41_inj_latency_v2,920554c20d7b1f41,imageCode,1,1,True,train_dataset_3_test_dataset_2_seed_0,dataset_3,dataset_2,0
a009bc261fe13464,a009bc261fe13464_inj_latency_v2,1.86652410030365,1.86652410030365,0.0,False,a009bc261fe13464_inj_latency_v2,a009bc261fe13464,preserve,99,14,True,train_dataset_3_test_dataset_2_seed_0,dataset_3,dataset_2,0
be97183803c57d86,be97183803c57d86_inj_latency_v2,1.86652410030365,1.86652410030365,0.0,False,be97183803c57d86_inj_latency_v2,be97183803c57d86,preserve,9,5,True,train_dataset_3_test_dataset_2_seed_0,dataset_3,dataset_2,0
cae66fa51aff79d3,cae66fa51aff79d3_inj_latency_v2,1.86652410030365,1.86652410030365,0.0,False,cae66fa51aff79d3_inj_latency_v2,cae66fa51aff79d3,preserve,141,17,True,train_dataset_3_test_dataset_2_seed_0,dataset_3,dataset_2,0
d8b910dea0064d3a,d8b910dea0064d3a_inj_latency_v2,1.86652410030365,1.86652410030365,0.0,False,d8b910dea0064d3a_inj_latency_v2,d8b910dea0064d3a,preserve,141,17,True,train_dataset_3_test_dataset_2_seed_0,dataset_3,dataset_2,0
e67d3e28c0654d2e,e67d3e28c0654d2e_inj_latency_v2,1.86652410030365,1.86652410030365,0.0,False,e67d3e28c0654d2e_inj_latency_v2,e67d3e28c0654d2e,preserve,141,17,True,train_dataset_3_test_dataset_2_seed_0,dataset_3,dataset_2,0
f0e900d89fb9eb10,f0e900d89fb9eb10_inj_latency_v2,2.9583706855773926,1.8184758424758911,-1.1398948431015015,False,f0e900d89fb9eb10_inj_latency_v2,f0e900d89fb9eb10,modifyTrain,3,2,True,train_dataset_3_test_dataset_2_seed_0,dataset_3,dataset_2,0
f82e97d360466cc8,f82e97d360466cc8_inj_latency_v2,0.8014780879020691,0.8014780879020691,0.0,False,f82e97d360466cc8_inj_latency_v2,f82e97d360466cc8,preserve,149,18,True,train_dataset_3_test_dataset_2_seed_0,dataset_3,dataset_2,0
fdc58f05e72ad139,fdc58f05e72ad139_inj_latency_v2,0.999715268611908,0.2531050741672516,-0.7466101944446564,False,fdc58f05e72ad139_inj_latency_v2,fdc58f05e72ad139,imageCode,1,1,True,train_dataset_3_test_dataset_2_seed_0,dataset_3,dataset_2,0
175aedae66c1f4c8,175aedae66c1f4c8_inj_latency_v2,1.1219415664672852,0.5633472800254822,-0.558594286441803,False,175aedae66c1f4c8_inj_latency_v2,175aedae66c1f4c8,getOrderById,1,1,True,train_dataset_1_test_dataset_2_seed_1,dataset_1,dataset_2,1
729a65997299a40a,729a65997299a40a_inj_latency_v2,1.4430124759674072,1.4430124759674072,0.0,False,729a65997299a40a_inj_latency_v2,729a65997299a40a,pay,7,3,True,train_dataset_1_test_dataset_2_seed_1,dataset_1,dataset_2,1
cae66fa51aff79d3,cae66fa51aff79d3_inj_latency_v2,2.35345196723938,2.35345196723938,0.0,False,cae66fa51aff79d3_inj_latency_v2,cae66fa51aff79d3,preserve,141,17,True,train_dataset_1_test_dataset_2_seed_1,dataset_1,dataset_2,1
03936fa843b81eb0,03936fa843b81eb0_inj_latency_v2,1.069970965385437,0.3456772565841675,-0.7242937088012695,False,03936fa843b81eb0_inj_latency_v2,03936fa843b81eb0,pay,2,1,True,train_dataset_1_test_dataset_3_seed_1,dataset_1,dataset_3,1
282da289dca8852b,282da289dca8852b_inj_latency_v2,2.062842845916748,1.2325688600540161,-0.8302739858627319,False,282da289dca8852b_inj_latency_v2,282da289dca8852b,addRoute,3,2,True,train_dataset_1_test_dataset_3_seed_1,dataset_1,dataset_3,1
3887036b99e297a7,3887036b99e297a7_inj_latency_v2,3.2638912200927734,3.2638912200927734,0.0,False,3887036b99e297a7_inj_latency_v2,3887036b99e297a7,queryInfo,103,10,True,train_dataset_1_test_dataset_3_seed_1,dataset_1,dataset_3,1
3d1a3606f264d1a9,3d1a3606f264d1a9_inj_latency_v2,0.9698862433433533,0.6381640434265137,-0.3317221999168396,False,3d1a3606f264d1a9_inj_latency_v2,3d1a3606f264d1a9,getPriceByWeightAndRegion,1,1,True,train_dataset_1_test_dataset_3_seed_1,dataset_1,dataset_3,1
58663a90e5c893c5,58663a90e5c893c5_inj_latency_v2,2.35345196723938,2.35345196723938,0.0,False,58663a90e5c893c5_inj_latency_v2,58663a90e5c893c5,preserve,135,16,True,train_dataset_1_test_dataset_3_seed_1,dataset_1,dataset_3,1
70d74443a791be6e,70d74443a791be6e_inj_latency_v2,0.6136249899864197,0.11067446321249008,-0.5029505267739296,False,70d74443a791be6e_inj_latency_v2,70d74443a791be6e,pay,2,1,True,train_dataset_1_test_dataset_3_seed_1,dataset_1,dataset_3,1
a1610e1ad51d3b84,a1610e1ad51d3b84_inj_latency_v2,1.645804524421692,1.2538127899169922,-0.3919917345046997,False,a1610e1ad51d3b84_inj_latency_v2,a1610e1ad51d3b84,updateConsign,3,2,True,train_dataset_1_test_dataset_3_seed_1,dataset_1,dataset_3,1
b914aff94c695c7d,b914aff94c695c7d_inj_latency_v2,3.2638912200927734,3.2638912200927734,0.0,False,b914aff94c695c7d_inj_latency_v2,b914aff94c695c7d,queryInfo,103,10,True,train_dataset_1_test_dataset_3_seed_1,dataset_1,dataset_3,1
c3b4179b96dc5829,c3b4179b96dc5829_inj_latency_v2,0.5674705505371094,0.1568288952112198,-0.4106416553258896,False,c3b4179b96dc5829_inj_latency_v2,c3b4179b96dc5829,pay,2,1,True,train_dataset_1_test_dataset_3_seed_1,dataset_1,dataset_3,1
e47281530a217b0c,e47281530a217b0c_inj_latency_v2,1.2619460821151733,0.3823138177394867,-0.8796322643756866,False,e47281530a217b0c_inj_latency_v2,e47281530a217b0c,findByAccountId,1,1,True,train_dataset_1_test_dataset_3_seed_1,dataset_1,dataset_3,1
e84fe9819b911796,e84fe9819b911796_inj_latency_v2,0.7984753251075745,0.20275580883026123,-0.5957195162773132,False,e84fe9819b911796_inj_latency_v2,e84fe9819b911796,pay,2,1,True,train_dataset_1_test_dataset_3_seed_1,dataset_1,dataset_3,1
ff3555e224a5776a,ff3555e224a5776a_inj_latency_v2,2.35345196723938,2.35345196723938,0.0,False,ff3555e224a5776a_inj_latency_v2,ff3555e224a5776a,preserve,135,16,True,train_dataset_1_test_dataset_3_seed_1,dataset_1,dataset_3,1
028e50b177ff6b9e,028e50b177ff6b9e_inj_latency_v2,1.804244041442871,1.804244041442871,0.0,False,028e50b177ff6b9e_inj_latency_v2,028e50b177ff6b9e,getAllFood,13,5,True,train_dataset_2_test_dataset_1_seed_1,dataset_2,dataset_1,1
07001b2cc18ec5ce,07001b2cc18ec5ce_inj_latency_v2,1.199790358543396,0.868292510509491,-0.33149784803390503,False,07001b2cc18ec5ce_inj_latency_v2,07001b2cc18ec5ce,queryOrdersForRefresh,3,2,True,train_dataset_2_test_dataset_1_seed_1,dataset_2,dataset_1,1
078cf3a6c4ca1add,078cf3a6c4ca1add_inj_latency_v2,0.5636732578277588,0.34109410643577576,-0.22257915139198303,False,078cf3a6c4ca1add_inj_latency_v2,078cf3a6c4ca1add,findContactsByAccountId,1,1,True,train_dataset_2_test_dataset_1_seed_1,dataset_2,dataset_1,1
08ea3dfb37e25b9f,08ea3dfb37e25b9f_inj_latency_v2,0.6842928528785706,0.6842928528785706,0.0,False,08ea3dfb37e25b9f_inj_latency_v2,08ea3dfb37e25b9f,queryInfo,23,5,True,train_dataset_2_test_dataset_1_seed_1,dataset_2,dataset_1,1
0b62285c9aa8c97d,0b62285c9aa8c97d_inj_latency_v2,0.962112545967102,0.06704571843147278,-0.8950668275356293,False,0b62285c9aa8c97d_inj_latency_v2,0b62285c9aa8c97d,modifyOrder,1,1,True,train_dataset_2_test_dataset_1_seed_1,dataset_2,dataset_1,1
0cc3f0ca47c90560,0cc3f0ca47c90560_inj_latency_v2,1.804244041442871,1.804244041442871,0.0,False,0cc3f0ca47c90560_inj_latency_v2,0cc3f0ca47c90560,getToken,3,2,True,train_dataset_2_test_dataset_1_seed_1,dataset_2,dataset_1,1
0e4721c353950231,0e4721c353950231_inj_latency_v2,1.086435317993164,0.31208667159080505,-0.774348646402359,False,0e4721c353950231_inj_latency_v2,0e4721c353950231,addTravel,2,1,True,train_dataset_2_test_dataset_1_seed_1,dataset_2,dataset_1,1
12a19d5f4469c52e,12a19d5f4469c52e_inj_latency_v2,1.574323296546936,1.574323296546936,0.0,False,12a19d5f4469c52e_inj_latency_v2,12a19d5f4469c52e,getAllFood,13,5,True,train_dataset_2_test_dataset_1_seed_1,dataset_2,dataset_1,1
17c627cd070bacf3,17c627cd070bacf3_inj_latency_v2,1.040136456489563,0.781092643737793,-0.25904381275177,False,17c627cd070bacf3_inj_latency_v2,17c627cd070bacf3,queryOrdersForRefresh,3,2,True,train_dataset_2_test_dataset_1_seed_1,dataset_2,dataset_1,1
1a5e922d4bed1ee5,1a5e922d4bed1ee5_inj_latency_v2,1.2150076627731323,0.4596993923187256,-0.7553082704544067,False,1a5e922d4bed1ee5_inj_latency_v2,1a5e922d4bed1ee5,queryOrdersForRefresh,3,2,True,train_dataset_2_test_dataset_1_seed_1,dataset_2,dataset_1,1
1fa3037f1b9cdff7,1fa3037f1b9cdff7_inj_latency_v2,0.6704866886138916,0.23427914083003998,-0.4362075477838516,False,1fa3037f1b9cdff7_inj_latency_v2,1fa3037f1b9cdff7,findContactsByAccountId,1,1,True,train_dataset_2_test_dataset_1_seed_1,dataset_2,dataset_1,1
22de19f916a777b5,22de19f916a777b5_inj_latency_v2,0.8570239543914795,0.8570239543914795,0.0,False,22de19f916a777b5_inj_latency_v2,22de19f916a777b5,queryInfo,23,5,True,train_dataset_2_test_dataset_1_seed_1,dataset_2,dataset_1,1
23b959132ebaa72b,23b959132ebaa72b_inj_latency_v2,2.64316987991333,0.6332241892814636,-2.0099456906318665,False,23b959132ebaa72b_inj_latency_v2,23b959132ebaa72b,DELETE,2,1,True,train_dataset_2_test_dataset_1_seed_1,dataset_2,dataset_1,1
24025232d58c110f,24025232d58c110f_inj_latency_v2,2.64316987991333,2.4130098819732666,-0.23015999794006348,False,24025232d58c110f_inj_latency_v2,24025232d58c110f,modifyConfig,3,2,True,train_dataset_2_test_dataset_1_seed_1,dataset_2,dataset_1,1
288dbb242709b378,288dbb242709b378_inj_latency_v2,0.5291883945465088,0.37557917833328247,-0.15360921621322632,False,288dbb242709b378_inj_latency_v2,288dbb242709b378,findContactsByAccountId,1,1,True,train_dataset_2_test_dataset_1_seed_1,dataset_2,dataset_1,1
28b8f4fb489555ac,28b8f4fb489555ac_inj_latency_v2,1.273836374282837,0.6945284008979797,-0.5793079733848572,False,28b8f4fb489555ac_inj_latency_v2,28b8f4fb489555ac,POST,2,1,True,train_dataset_2_test_dataset_1_seed_1,dataset_2,dataset_1,1
2932ad71ec1db532,2932ad71ec1db532_inj_latency_v2,1.0466336011886597,0.13030463457107544,-0.9163289666175842,False,2932ad71ec1db532_inj_latency_v2,2932ad71ec1db532,getAllAssuranceType,1,1,True,train_dataset_2_test_dataset_1_seed_1,dataset_2,dataset_1,1
2a82d8b4a2d44fda,2a82d8b4a2d44fda_inj_latency_v2,1.0473378896713257,0.27298885583877563,-0.77434903383255,False,2a82d8b4a2d44fda_inj_latency_v2,2a82d8b4a2d44fda,addTravel,2,1,True,train_dataset_2_test_dataset_1_seed_1,dataset_2,dataset_1,1
2ac31ed71a762f7f,2ac31ed71a762f7f_inj_latency_v2,0.9453563690185547,0.08380332589149475,-0.8615530431270599,False,2ac31ed71a762f7f_inj_latency_v2,2ac31ed71a762f7f,modifyOrder,1,1,True,train_dataset_2_test_dataset_1_seed_1,dataset_2,dataset_1,1
2d4e802c303a7228,2d4e802c303a7228_inj_latency_v2,0.451071172952652,0.38209807872772217,-0.06897309422492981,False,2d4e802c303a7228_inj_latency_v2,2d4e802c303a7228,queryInfo,23,5,True,train_dataset_2_test_dataset_1_seed_1,dataset_2,dataset_1,1
2dc47ec0364db997,2dc47ec0364db997_inj_latency_v2,0.6423147320747375,0.2624518871307373,-0.37986284494400024,False,2dc47ec0364db997_inj_latency_v2,2dc47ec0364db997,findContactsByAccountId,1,1,True,train_dataset_2_test_dataset_1_seed_1,dataset_2,dataset_1,1
2ff5c4fc800d217c,2ff5c4fc800d217c_inj_latency_v2,1.804244041442871,1.804244041442871,0.0,False,2ff5c4fc800d217c_inj_latency_v2,2ff5c4fc800d217c,getAllFood,13,5,True,train_dataset_2_test_dataset_1_seed_1,dataset_2,dataset_1,1
3118754ef6886cc5,3118754ef6886cc5_inj_latency_v2,2.4011240005493164,1.935320258140564,-0.46580374240875244,False,3118754ef6886cc5_inj_latency_v2,3118754ef6886cc5,modifyStation,3,2,True,train_dataset_2_test_dataset_1_seed_1,dataset_2,dataset_1,1
32c418ec4c49eba5,32c418ec4c49eba5_inj_latency_v2,1.1383512020111084,0.6385831832885742,-0.4997680187225342,False,32c418ec4c49eba5_inj_latency_v2,32c418ec4c49eba5,addTravel,2,1,True,train_dataset_2_test_dataset_1_seed_1,dataset_2,dataset_1,1
37bc0722864cfd8f,37bc0722864cfd8f_inj_latency_v2,1.0882173776626587,0.08871956914663315,-0.9994978085160255,False,37bc0722864cfd8f_inj_latency_v2,37bc0722864cfd8f,getAllAssuranceType,1,1,True,train_dataset_2_test_dataset_1_seed_1,dataset_2,dataset_1,1
38c324989983c3f9,38c324989983c3f9_inj_latency_v2,1.129604697227478,1.129604697227478,0.0,False,38c324989983c3f9_inj_latency_v2,38c324989983c3f9,getAllFood,13,5,True,train_dataset_2_test_dataset_1_seed_1,dataset_2,dataset_1,1
3c76172e8dd13512,3c76172e8dd13512_inj_latency_v2,1.804244041442871,1.804244041442871,0.0,False,3c76172e8dd13512_inj_latency_v2,3c76172e8dd13512,getAllFood,13,5,True,train_dataset_2_test_dataset_1_seed_1,dataset_2,dataset_1,1
3d6a86efa17d7a6a,3d6a86efa17d7a6a_inj_latency_v2,1.4044957160949707,0.5301312208175659,-0.8743644952774048,False,3d6a86efa17d7a6a_inj_latency_v2,3d6a86efa17d7a6a,queryOrdersForRefresh,3,2,True,train_dataset_2_test_dataset_1_seed_1,dataset_2,dataset_1,1
3da370578de86f4c,3da370578de86f4c_inj_latency_v2,2.64316987991333,1.3506121635437012,-1.292557716369629,False,3da370578de86f4c_inj_latency_v2,3da370578de86f4c,updateOrder,3,2,True,train_dataset_2_test_dataset_1_seed_1,dataset_2,dataset_1,1
3e0d61671d79e63e,3e0d61671d79e63e_inj_latency_v2,0.7447678446769714,0.5034618973731995,-0.24130594730377197,False,3e0d61671d79e63e_inj_latency_v2,3e0d61671d79e63e,queryOrdersForRefresh,3,2,True,train_dataset_2_test_dataset_1_seed_1,dataset_2,dataset_1,1
3e27923c9b4abbfd,3e27923c9b4abbfd_inj_latency_v2,0.46465906500816345,0.4401092827320099,-0.024549782276153564,False,3e27923c9b4abbfd_inj_latency_v2,3e27923c9b4abbfd,findContactsByAccountId,1,1,True,train_dataset_2_test_dataset_1_seed_1,dataset_2,dataset_1,1
40e7c3d687b6ab8d,40e7c3d687b6ab8d_inj_latency_v2,0.9851683378219604,0.04398820921778679,-0.9411801286041737,False,40e7c3d687b6ab8d_inj_latency_v2,40e7c3d687b6ab8d,getOrderById,1,1,True,train_dataset_2_test_dataset_1_seed_1,dataset_2,dataset_1,1
40f7b2f03c48e310,40f7b2f03c48e310_inj_latency_v2,0.5661018490791321,0.3386654853820801,-0.227436363697052,False,40f7b2f03c48e310_inj_latency_v2,40f7b2f03c48e310,findContactsByAccountId,1,1,True,train_dataset_2_test_dataset_1_seed_1,dataset_2,dataset_1,1
466fc557e9bc9423,466fc557e9bc9423_inj_latency_v2,0.9704461097717285,0.20649376511573792,-0.7639523446559906,False,466fc557e9bc9423_inj_latency_v2,466fc557e9bc9423,getAllAssuranceType,1,1,True,train_dataset_2_test_dataset_1_seed_1,dataset_2,dataset_1,1
47ca1a9fb49a76f8,47ca1a9fb49a76f8_inj_latency_v2,1.4770439863204956,0.30013081431388855,-1.176913172006607,False,47ca1a9fb49a76f8_inj_latency_v2,47ca1a9fb49a76f8,getAllAssuranceType,1,1,True,train_dataset_2_test_dataset_1_seed_1,dataset_2,dataset_1,1
4854388ca8b98c38,4854388ca8b98c38_inj_latency_v2,0.7110517621040344,0.7110517621040344,0.0,False,4854388ca8b98c38_inj_latency_v2,4854388ca8b98c38,queryInfo,23,5,True,train_dataset_2_test_dataset_1_seed_1,dataset_2,dataset_1,1
49b7385d3eb385e4,49b7385d3eb385e4_inj_latency_v2,1.0823020935058594,0.30795350670814514,-0.7743485867977142,False,49b7385d3eb385e4_inj_latency_v2,49b7385d3eb385e4,addTravel,2,1,True,train_dataset_2_test_dataset_1_seed_1,dataset_2,dataset_1,1
4a1d538d25ed9503,4a1d538d25ed9503_inj_latency_v2,0.9576377868652344,0.9576377868652344,0.0,False,4a1d538d25ed9503_inj_latency_v2,4a1d538d25ed9503,queryInfo,23,5,True,train_dataset_2_test_dataset_1_seed_1,dataset_2,dataset_1,1
4b9cdfd2928dfc5e,4b9cdfd2928dfc5e_inj_latency_v2,1.758732557296753,1.7230923175811768,-0.03564023971557617,False,4b9cdfd2928dfc5e_inj_latency_v2,4b9cdfd2928dfc5e,getAllTrains,3,2,True,train_dataset_2_test_dataset_1_seed_1,dataset_2,dataset_1,1
52805f1440e224bf,52805f1440e224bf_inj_latency_v2,2.276702404022217,2.276702404022217,0.0,False,52805f1440e224bf_inj_latency_v2,52805f1440e224bf,queryInfo,97,10,True,train_dataset_2_test_dataset_1_seed_1,dataset_2,dataset_1,1
5372731089374370,5372731089374370_inj_latency_v2,2.64316987991333,2.64316987991333,0.0,False,5372731089374370_inj_latency_v2,5372731089374370,getAllOrders,5,3,True,train_dataset_2_test_dataset_1_seed_1,dataset_2,dataset_1,1
537b9646ec1f1b43,537b9646ec1f1b43_inj_latency_v2,2.276702404022217,2.276702404022217,0.0,False,537b9646ec1f1b43_inj_latency_v2,537b9646ec1f1b43,queryInfo,245,10,True,train_dataset_2_test_dataset_1_seed_1,dataset_2,dataset_1,1
5891283921f2132c,5891283921f2132c_inj_latency_v2,1.2896208763122559,0.7816343307495117,-0.5079865455627441,False,5891283921f2132c_inj_latency_v2,5891283921f2132c,updateUser,3,2,True,train_dataset_2_test_dataset_1_seed_1,dataset_2,dataset_1,1
58b6e27d10da3ec0,58b6e27d10da3ec0_inj_latency_v2,1.430919885635376,0.29120922088623047,-1.1397106647491455,False,58b6e27d10da3ec0_inj_latency_v2,58b6e27d10da3ec0,updateUser,3,2,True,train_dataset_2_test_dataset_1_seed_1,dataset_2,dataset_1,1
58c96f0d904c8107,58c96f0d904c8107_inj_latency_v2,1.2773866653442383,0.7902236580848694,-0.4871630072593689,False,58c96f0d904c8107_inj_latency_v2,58c96f0d904c8107,getAllUsers,3,2,True,train_dataset_2_test_dataset_1_seed_1,dataset_2,dataset_1,1
5b13d2d280ac887f,5b13d2d280ac887f_inj_latency_v2,0.7628414034843445,0.46920257806777954,-0.29363882541656494,False,5b13d2d280ac887f_inj_latency_v2,5b13d2d280ac887f,queryOrdersForRefresh,3,2,True,train_dataset_2_test_dataset_1_seed_1,dataset_2,dataset_1,1
5b6c1cec3e879c4a,5b6c1cec3e879c4a_inj_latency_v2,0.8323062062263489,0.16603133082389832,-0.6662748754024506,False,5b6c1cec3e879c4a_inj_latency_v2,5b6c1cec3e879c4a,pay,7,3,True,train_dataset_2_test_dataset_1_seed_1,dataset_2,dataset_1,1
5d0c0c85d1298c58,5d0c0c85d1298c58_inj_latency_v2,1.2880650758743286,0.5017292499542236,-0.786335825920105,False,5d0c0c85d1298c58_inj_latency_v2,5d0c0c85d1298c58,queryOrdersForRefresh,3,2,True,train_dataset_2_test_dataset_1_seed_1,dataset_2,dataset_1,1
600b5a617c044804,600b5a617c044804_inj_latency_v2,2.276702404022217,2.276702404022217,0.0,False,600b5a617c044804_inj_latency_v2,600b5a617c044804,queryInfo,245,10,True,train_dataset_2_test_dataset_1_seed_1,dataset_2,dataset_1,1
6149cb8597e450e9,6149cb8597e450e9_inj_latency_v2,0.8363040685653687,0.2948727011680603,-0.5414313673973083,False,6149cb8597e450e9_inj_latency_v2,6149cb8597e450e9,updateTravel,3,2,True,train_dataset_2_test_dataset_1_seed_1,dataset_2,dataset_1,1
61a26d3069ff9250,61a26d3069ff9250_inj_latency_v2,0.9793307781219482,0.23453567922115326,-0.744795098900795,False,61a26d3069ff9250_inj_latency_v2,61a26d3069ff9250,addTravel,2,1,True,train_dataset_2_test_dataset_1_seed_1,dataset_2,dataset_1,1
631c05e3c79a55f5,631c05e3c79a55f5_inj_latency_v2,2.3144822120666504,1.42768132686615,-0.8868008852005005,False,631c05e3c79a55f5_inj_latency_v2,631c05e3c79a55f5,modifyPrice,3,2,True,train_dataset_2_test_dataset_1_seed_1,dataset_2,dataset_1,1
638962c873292b2c,638962c873292b2c_inj_latency_v2,0.7396314144134521,0.5070942044258118,-0.23253720998764038,False,638962c873292b2c_inj_latency_v2,638962c873292b2c,queryOrdersForRefresh,3,2,True,train_dataset_2_test_dataset_1_seed_1,dataset_2,dataset_1,1
6923e3ab830e7138,6923e3ab830e7138_inj_latency_v2,2.276702404022217,2.276702404022217,0.0,False,6923e3ab830e7138_inj_latency_v2,6923e3ab830e7138,queryInfo,97,10,True,train_dataset_2_test_dataset_1_seed_1,dataset_2,dataset_1,1
6928637dbfd47870,6928637dbfd47870_inj_latency_v2,2.64316987991333,0.8286473751068115,-1.8145225048065186,False,6928637dbfd47870_inj_latency_v2,6928637dbfd47870,DELETE,2,1,True,train_dataset_2_test_dataset_1_seed_1,dataset_2,dataset_1,1
6d475f987bfc7f1b,6d475f987bfc7f1b_inj_latency_v2,1.1268233060836792,0.050111837685108185,-1.076711468398571,False,6d475f987bfc7f1b_inj_latency_v2,6d475f987bfc7f1b,getAllAssuranceType,1,1,True,train_dataset_2_test_dataset_1_seed_1,dataset_2,dataset_1,1
7138aef35d2116b2,7138aef35d2116b2_inj_latency_v2,0.8168236017227173,0.36011913418769836,-0.4567044675350189,False,7138aef35d2116b2_inj_latency_v2,7138aef35d2116b2,getAllAssuranceType,1,1,True,train_dataset_2_test_dataset_1_seed_1,dataset_2,dataset_1,1
719911734c5b50e3,719911734c5b50e3_inj_latency_v2,2.9425952434539795,2.9425952434539795,0.0,False,719911734c5b50e3_inj_latency_v2,719911734c5b50e3,POST,2,1,True,train_dataset_2_test_dataset_1_seed_1,dataset_2,dataset_1,1
71f75763df02f8f8,71f75763df02f8f8_inj_latency_v2,2.094078302383423,2.040921211242676,-0.05315709114074707,False,71f75763df02f8f8_inj_latency_v2,71f75763df02f8f8,modifyTrain,3,2,True,train_dataset_2_test_dataset_1_seed_1,dataset_2,dataset_1,1
72405a6313533a71,72405a6313533a71_inj_latency_v2,2.276702404022217,2.276702404022217,0.0,False,72405a6313533a71_inj_latency_v2,72405a6313533a71,queryInfo,97,10,True,train_dataset_2_test_dataset_1_seed_1,dataset_2,dataset_1,1
75028946369c8e64,75028946369c8e64_inj_latency_v2,1.1383512020111084,0.6171444058418274,-0.521206796169281,False,75028946369c8e64_inj_latency_v2,75028946369c8e64,addTravel,2,1,True,train_dataset_2_test_dataset_1_seed_1,dataset_2,dataset_1,1
7604967b0de191c2,7604967b0de191c2_inj_latency_v2,0.868903636932373,0.03585732355713844,-0.8330463133752346,False,7604967b0de191c2_inj_latency_v2,7604967b0de191c2,findContactsByAccountId,1,1,True,train_dataset_2_test_dataset_1_seed_1,dataset_2,dataset_1,1
7c0a1d34ed04f19b,7c0a1d34ed04f19b_inj_latency_v2,1.3144001960754395,1.3144001960754395,0.0,False,7c0a1d34ed04f19b_inj_latency_v2,7c0a1d34ed04f19b,queryInfo,23,5,True,train_dataset_2_test_dataset_1_seed_1,dataset_2,dataset_1,1
82a6b96f4d1faedb,82a6b96f4d1faedb_inj_latency_v2,0.7689939737319946,0.1357698142528534,-0.6332241594791412,False,82a6b96f4d1faedb_inj_latency_v2,82a6b96f4d1faedb,findContactsByAccountId,1,1,True,train_dataset_2_test_dataset_1_seed_1,dataset_2,dataset_1,1
83008a72c1761c41,83008a72c1761c41_inj_latency_v2,2.276702404022217,2.276702404022217,0.0,False,83008a72c1761c41_inj_latency_v2,83008a72c1761c41,queryInfo,245,10,True,train_dataset_2_test_dataset_1_seed_1,dataset_2,dataset_1,1
83378a8faf0029c0,83378a8faf0029c0_inj_latency_v2,2.276702404022217,2.276702404022217,0.0,False,83378a8faf0029c0_inj_latency_v2,83378a8faf0029c0,queryInfo,97,10,True,train_dataset_2_test_dataset_1_seed_1,dataset_2,dataset_1,1
894ecb51e2e30211,894ecb51e2e30211_inj_latency_v2,1.262418508529663,0.043029434978961945,-1.2193890735507011,False,894ecb51e2e30211_inj_latency_v2,894ecb51e2e30211,imageCode,1,1,True,train_dataset_2_test_dataset_1_seed_1,dataset_2,dataset_1,1
942739b64838b82f,942739b64838b82f_inj_latency_v2,0.7023158669471741,0.4746282398700714,-0.22768762707710266,False,942739b64838b82f_inj_latency_v2,942739b64838b82f,getAllAssuranceType,1,1,True,train_dataset_2_test_dataset_1_seed_1,dataset_2,dataset_1,1
9503d78c0bb01d71,9503d78c0bb01d71_inj_latency_v2,1.4419927597045898,0.39769455790519714,-1.0442982017993927,False,9503d78c0bb01d71_inj_latency_v2,9503d78c0bb01d71,updateUser,3,2,True,train_dataset_2_test_dataset_1_seed_1,dataset_2,dataset_1,1
968b3ce2b3184b2a,968b3ce2b3184b2a_inj_latency_v2,2.276702404022217,2.276702404022217,0.0,False,968b3ce2b3184b2a_inj_latency_v2,968b3ce2b3184b2a,queryInfo,245,10,True,train_dataset_2_test_dataset_1_seed_1,dataset_2,dataset_1,1
96dd564dd03cdfb7,96dd564dd03cdfb7_inj_latency_v2,2.64316987991333,0.9700487852096558,-1.6731210947036743,False,96dd564dd03cdfb7_inj_latency_v2,96dd564dd03cdfb7,DELETE,2,1,True,train_dataset_2_test_dataset_1_seed_1,dataset_2,dataset_1,1
9a90f76616c9f378,9a90f76616c9f378_inj_latency_v2,1.4712820053100586,0.2828447222709656,-1.188437283039093,False,9a90f76616c9f378_inj_latency_v2,9a90f76616c9f378,queryOrdersForRefresh,3,2,True,train_dataset_2_test_dataset_1_seed_1,dataset_2,dataset_1,1
9c6d0dd93ea14364,9c6d0dd93ea14364_inj_latency_v2,0.8017459511756897,0.2274218201637268,-0.5743241310119629,False,9c6d0dd93ea14364_inj_latency_v2,9c6d0dd93ea14364,modifyOrder,1,1,True,train_dataset_2_test_dataset_1_seed_1,dataset_2,dataset_1,1
9cbb27dd65c9d85c,9cbb27dd65c9d85c_inj_latency_v2,0.7691977620124817,0.40774568915367126,-0.3614520728588104,False,9cbb27dd65c9d85c_inj_latency_v2,9cbb27dd65c9d85c,getAllAssuranceType,1,1,True,train_dataset_2_test_dataset_1_seed_1,dataset_2,dataset_1,1
9de36229baf0c214,9de36229baf0c214_inj_latency_v2,1.315029263496399,1.315029263496399,0.0,False,9de36229baf0c214_inj_latency_v2,9de36229baf0c214,getAllFood,13,5,True,train_dataset_2_test_dataset_1_seed_1,dataset_2,dataset_1,1
9fea5d3996d596f4,9fea5d3996d596f4_inj_latency_v2,0.9949495196342468,0.243861123919487,-0.7510883957147598,False,9fea5d3996d596f4_inj_latency_v2,9fea5d3996d596f4,addTravel,3,2,True,train_dataset_2_test_dataset_1_seed_1,dataset_2,dataset_1,1
a1b02600052d9098,a1b02600052d9098_inj_latency_v2,1.0730112791061401,0.34886303544044495,-0.7241482436656952,False,a1b02600052d9098_inj_latency_v2,a1b02600052d9098,findByOrderId,1,1,True,train_dataset_2_test_dataset_1_seed_1,dataset_2,dataset_1,1
a2c6e3ad0f6a7647,a2c6e3ad0f6a7647_inj_latency_v2,0.720825731754303,0.5104079246520996,-0.21041780710220337,False,a2c6e3ad0f6a7647_inj_latency_v2,a2c6e3ad0f6a7647,queryOrdersForRefresh,3,2,True,train_dataset_2_test_dataset_1_seed_1,dataset_2,dataset_1,1
a7b2313d89b8409b,a7b2313d89b8409b_inj_latency_v2,0.7165672779083252,0.1881977915763855,-0.5283694863319397,False,a7b2313d89b8409b_inj_latency_v2,a7b2313d89b8409b,findContactsByAccountId,1,1,True,train_dataset_2_test_dataset_1_seed_1,dataset_2,dataset_1,1
a80f8db9f0088039,a80f8db9f0088039_inj_latency_v2,1.1383512020111084,0.6373340487480164,-0.501017153263092,False,a80f8db9f0088039_inj_latency_v2,a80f8db9f0088039,addTravel,2,1,True,train_dataset_2_test_dataset_1_seed_1,dataset_2,dataset_1,1
aac1f5c22552b054,aac1f5c22552b054_inj_latency_v2,0.9214038252830505,0.9214038252830505,0.0,False,aac1f5c22552b054_inj_latency_v2,aac1f5c22552b054,queryInfo,23,5,True,train_dataset_2_test_dataset_1_seed_1,dataset_2,dataset_1,1
ae0fa6700adafee7,ae0fa6700adafee7_inj_latency_v2,1.7984254360198975,1.7984254360198975,0.0,False,ae0fa6700adafee7_inj_latency_v2,ae0fa6700adafee7,getAllFood,5,3,True,train_dataset_2_test_dataset_1_seed_1,dataset_2,dataset_1,1
ae25bf195bf1c928,ae25bf195bf1c928_inj_latency_v2,1.804244041442871,1.804244041442871,0.0,False,ae25bf195bf1c928_inj_latency_v2,ae25bf195bf1c928,getAllFood,13,5,True,train_dataset_2_test_dataset_1_seed_1,dataset_2,dataset_1,1
aef6b0308b854616,aef6b0308b854616_inj_latency_v2,1.804244041442871,1.804244041442871,0.0,False,aef6b0308b854616_inj_latency_v2,aef6b0308b854616,getAllFood,13,5,True,train_dataset_2_test_dataset_1_seed_1,dataset_2,dataset_1,1
b51267687f5439bb,b51267687f5439bb_inj_latency_v2,0.9788656830787659,0.21615076065063477,-0.7627149224281311,False,b51267687f5439bb_inj_latency_v2,b51267687f5439bb,addTravel,3,2,True,train_dataset_2_test_dataset_1_seed_1,dataset_2,dataset_1,1
b619083d8ed1d0ff,b619083d8ed1d0ff_inj_latency_v2,2.9425952434539795,2.9425952434539795,0.0,False,b619083d8ed1d0ff_inj_latency_v2,b619083d8ed1d0ff,preserve,9,5,True,train_dataset_2_test_dataset_1_seed_1,dataset_2,dataset_1,1
b62937356a7a7301,b62937356a7a7301_inj_latency_v2,0.5042200088500977,0.4005480706691742,-0.10367193818092346,False,b62937356a7a7301_inj_latency_v2,b62937356a7a7301,findContactsByAccountId,1,1,True,train_dataset_2_test_dataset_1_seed_1,dataset_2,dataset_1,1
b73c17fb8625163e,b73c17fb8625163e_inj_latency_v2,1.2979813814163208,0.12105416506528854,-1.1769272163510323,False,b73c17fb8625163e_inj_latency_v2,b73c17fb8625163e,getAllAssuranceType,1,1,True,train_dataset_2_test_dataset_1_seed_1,dataset_2,dataset_1,1
b8afa2a43f703f4e,b8afa2a43f703f4e_inj_latency_v2,0.5306280851364136,0.3741397559642792,-0.1564883291721344,False,b8afa2a43f703f4e_inj_latency_v2,b8afa2a43f703f4e,findContactsByAccountId,1,1,True,train_dataset_2_test_dataset_1_seed_1,dataset_2,dataset_1,1
bc8b12f4c9b14871,bc8b12f4c9b14871_inj_latency_v2,0.9682438969612122,0.0609140582382679,-0.9073298387229443,False,bc8b12f4c9b14871_inj_latency_v2,bc8b12f4c9b14871,modifyOrder,1,1,True,train_dataset_2_test_dataset_1_seed_1,dataset_2,dataset_1,1
bd358e28ee4d29ca,bd358e28ee4d29ca_inj_latency_v2,2.9425952434539795,2.9425952434539795,0.0,False,bd358e28ee4d29ca_inj_latency_v2,bd358e28ee4d29ca,preserve,141,17,True,train_dataset_2_test_dataset_1_seed_1,dataset_2,dataset_1,1
c17fe91da5a98f3f,c17fe91da5a98f3f_inj_latency_v2,1.1060726642608643,0.07692857831716537,-1.0291440859436989,False,c17fe91da5a98f3f_inj_latency_v2,c17fe91da5a98f3f,findAllOrder,1,1,True,train_dataset_2_test_dataset_1_seed_1,dataset_2,dataset_1,1
c2c6050836591363,c2c6050836591363_inj_latency_v2,2.3360133171081543,1.4567073583602905,-0.8793059587478638,False,c2c6050836591363_inj_latency_v2,c2c6050836591363,deleteStation,3,2,True,train_dataset_2_test_dataset_1_seed_1,dataset_2,dataset_1,1
c52a52c95a7bd2e8,c52a52c95a7bd2e8_inj_latency_v2,2.276702404022217,2.276702404022217,0.0,False,c52a52c95a7bd2e8_inj_latency_v2,c52a52c95a7bd2e8,queryInfo,97,10,True,train_dataset_2_test_dataset_1_seed_1,dataset_2,dataset_1,1
c585a0e8da5238a1,c585a0e8da5238a1_inj_latency_v2,1.5030275583267212,0.3909474313259125,-1.1120801270008087,False,c585a0e8da5238a1_inj_latency_v2,c585a0e8da5238a1,getAllUsers,3,2,True,train_dataset_2_test_dataset_1_seed_1,dataset_2,dataset_1,1
c5cde63b64110aae,c5cde63b64110aae_inj_latency_v2,0.8769267797470093,0.30001530051231384,-0.5769114792346954,False,c5cde63b64110aae_inj_latency_v2,c5cde63b64110aae,getAllAssuranceType,1,1,True,train_dataset_2_test_dataset_1_seed_1,dataset_2,dataset_1,1
cbf9d27f7fc51e53,cbf9d27f7fc51e53_inj_latency_v2,0.6025246381759644,0.5324724316596985,-0.07005220651626587,False,cbf9d27f7fc51e53_inj_latency_v2,cbf9d27f7fc51e53,queryInfo,23,5,True,train_dataset_2_test_dataset_1_seed_1,dataset_2,dataset_1,1
cefaab51f759c69a,cefaab51f759c69a_inj_latency_v2,1.804244041442871,1.804244041442871,0.0,False,cefaab51f759c69a_inj_latency_v2,cefaab51f759c69a,getAllFood,13,5,True,train_dataset_2_test_dataset_1_seed_1,dataset_2,dataset_1,1
cfbe9bb452dce273,cfbe9bb452dce273_inj_latency_v2,2.64316987991333,2.023327589035034,-0.6198422908782959,False,cfbe9bb452dce273_inj_latency_v2,cfbe9bb452dce273,getAllConfigs,3,2,True,train_dataset_2_test_dataset_1_seed_1,dataset_2,dataset_1,1
d2110a2c63cc9e7c,d2110a2c63cc9e7c_inj_latency_v2,0.7638895511627197,0.7638895511627197,0.0,False,d2110a2c63cc9e7c_inj_latency_v2,d2110a2c63cc9e7c,queryInfo,23,5,True,train_dataset_2_test_dataset_1_seed_1,dataset_2,dataset_1,1
d2ab5136725013d6,d2ab5136725013d6_inj_latency_v2,2.276702404022217,2.276702404022217,0.0,False,d2ab5136725013d6_inj_latency_v2,d2ab5136725013d6,queryInfo,97,10,True,train_dataset_2_test_dataset_1_seed_1,dataset_2,dataset_1,1
d3aff0b566abef01,d3aff0b566abef01_inj_latency_v2,1.098028302192688,0.06888308376073837,-1.0291452184319496,False,d3aff0b566abef01_inj_latency_v2,d3aff0b566abef01,getOrderById,1,1,True,train_dataset_2_test_dataset_1_seed_1,dataset_2,dataset_1,1
d46f104608b5241f,d46f104608b5241f_inj_latency_v2,0.7484381794929504,0.4859776496887207,-0.26246052980422974,False,d46f104608b5241f_inj_latency_v2,d46f104608b5241f,queryOrdersForRefresh,3,2,True,train_dataset_2_test_dataset_1_seed_1,dataset_2,dataset_1,1
d4c823ccc9d9d17a,d4c823ccc9d9d17a_inj_latency_v2,1.349547028541565,0.7263176441192627,-0.6232293844223022,False,d4c823ccc9d9d17a_inj_latency_v2,d4c823ccc9d9d17a,queryOrdersForRefresh,3,2,True,train_dataset_2_test_dataset_1_seed_1,dataset_2,dataset_1,1
d92af8df8dc53763,d92af8df8dc53763_inj_latency_v2,1.1364299058914185,0.040504951030015945,-1.0959249548614025,False,d92af8df8dc53763_inj_latency_v2,d92af8df8dc53763,getAllAssuranceType,1,1,True,train_dataset_2_test_dataset_1_seed_1,dataset_2,dataset_1,1
db380a84928baafb,db380a84928baafb_inj_latency_v2,2.276702404022217,2.276702404022217,0.0,False,db380a84928baafb_inj_latency_v2,db380a84928baafb,queryInfo,97,10,True,train_dataset_2_test_dataset_1_seed_1,dataset_2,dataset_1,1
dd1eb3699b3a1ce6,dd1eb3699b3a1ce6_inj_latency_v2,1.406089186668396,0.5981879830360413,-0.8079012036323547,False,dd1eb3699b3a1ce6_inj_latency_v2,dd1eb3699b3a1ce6,queryOrdersForRefresh,3,2,True,train_dataset_2_test_dataset_1_seed_1,dataset_2,dataset_1,1
e3841fcaa38d0665,e3841fcaa38d0665_inj_latency_v2,0.976300060749054,0.2006397545337677,-0.7756603062152863,False,e3841fcaa38d0665_inj_latency_v2,e3841fcaa38d0665,getAllAssuranceType,1,1,True,train_dataset_2_test_dataset_1_seed_1,dataset_2,dataset_1,1
e416007e2e43899f,e416007e2e43899f_inj_latency_v2,1.804244041442871,1.804244041442871,0.0,False,e416007e2e43899f_inj_latency_v2,e416007e2e43899f,getAllFood,13,5,True,train_dataset_2_test_dataset_1_seed_1,dataset_2,dataset_1,1
e4f2da2ca09a3673,e4f2da2ca09a3673_inj_latency_v2,1.0808489322662354,1.0808489322662354,0.0,False,e4f2da2ca09a3673_inj_latency_v2,e4f2da2ca09a3673,queryInfo,23,5,True,train_dataset_2_test_dataset_1_seed_1,dataset_2,dataset_1,1
e626a7c52a2ba305,e626a7c52a2ba305_inj_latency_v2,1.804244041442871,1.804244041442871,0.0,False,e626a7c52a2ba305_inj_latency_v2,e626a7c52a2ba305,getAllFood,13,5,True,train_dataset_2_test_dataset_1_seed_1,dataset_2,dataset_1,1
e70e448729f24dfb,e70e448729f24dfb_inj_latency_v2,0.7142992615699768,0.7142992615699768,0.0,False,e70e448729f24dfb_inj_latency_v2,e70e448729f24dfb,queryInfo,103,10,True,train_dataset_2_test_dataset_1_seed_1,dataset_2,dataset_1,1
e737ecef7579e257,e737ecef7579e257_inj_latency_v2,1.0999476909637451,1.0999476909637451,0.0,False,e737ecef7579e257_inj_latency_v2,e737ecef7579e257,getAllFood,13,5,True,train_dataset_2_test_dataset_1_seed_1,dataset_2,dataset_1,1
e750ce963c7813fc,e750ce963c7813fc_inj_latency_v2,0.887787401676178,0.7799016237258911,-0.10788577795028687,False,e750ce963c7813fc_inj_latency_v2,e750ce963c7813fc,queryInfo,23,5,True,train_dataset_2_test_dataset_1_seed_1,dataset_2,dataset_1,1
f01f17547ea077bc,f01f17547ea077bc_inj_latency_v2,0.7692581415176392,0.4076853096485138,-0.36157283186912537,False,f01f17547ea077bc_inj_latency_v2,f01f17547ea077bc,getAllAssuranceType,1,1,True,train_dataset_2_test_dataset_1_seed_1,dataset_2,dataset_1,1
f4d69ebc8b8c4051,f4d69ebc8b8c4051_inj_latency_v2,1.191921353340149,0.6804318428039551,-0.5114895105361938,False,f4d69ebc8b8c4051_inj_latency_v2,f4d69ebc8b8c4051,queryOrdersForRefresh,3,2,True,train_dataset_2_test_dataset_1_seed_1,dataset_2,dataset_1,1
f6e85be8f2770567,f6e85be8f2770567_inj_latency_v2,0.8058132529258728,0.37112957239151,-0.4346836805343628,False,f6e85be8f2770567_inj_latency_v2,f6e85be8f2770567,getAllAssuranceType,1,1,True,train_dataset_2_test_dataset_1_seed_1,dataset_2,dataset_1,1
fb55045c39b42a9c,fb55045c39b42a9c_inj_latency_v2,1.823395848274231,0.6913422346115112,-1.1320536136627197,False,fb55045c39b42a9c_inj_latency_v2,fb55045c39b42a9c,POST,2,1,True,train_dataset_2_test_dataset_1_seed_1,dataset_2,dataset_1,1
fb5ef3c8b7578bb8,fb5ef3c8b7578bb8_inj_latency_v2,1.804244041442871,1.804244041442871,0.0,False,fb5ef3c8b7578bb8_inj_latency_v2,fb5ef3c8b7578bb8,getAllFood,13,5,True,train_dataset_2_test_dataset_1_seed_1,dataset_2,dataset_1,1
fbaef02f7c8260d8,fbaef02f7c8260d8_inj_latency_v2,0.7319585084915161,0.6899194717407227,-0.04203903675079346,False,fbaef02f7c8260d8_inj_latency_v2,fbaef02f7c8260d8,findByAccountId,1,1,True,train_dataset_2_test_dataset_1_seed_1,dataset_2,dataset_1,1
fecbbb74ea23e780,fecbbb74ea23e780_inj_latency_v2,2.276702404022217,2.276702404022217,0.0,False,fecbbb74ea23e780_inj_latency_v2,fecbbb74ea23e780,queryInfo,97,10,True,train_dataset_2_test_dataset_1_seed_1,dataset_2,dataset_1,1
0082bc65ca2be88c,0082bc65ca2be88c_inj_latency_v2,1.8295133113861084,1.0336682796478271,-0.7958450317382812,False,0082bc65ca2be88c_inj_latency_v2,0082bc65ca2be88c,updateOrder,2,1,True,train_dataset_2_test_dataset_3_seed_1,dataset_2,dataset_3,1
03936fa843b81eb0,03936fa843b81eb0_inj_latency_v2,1.1383512020111084,0.7914739847183228,-0.34687721729278564,False,03936fa843b81eb0_inj_latency_v2,03936fa843b81eb0,pay,2,1,True,train_dataset_2_test_dataset_3_seed_1,dataset_2,dataset_3,1
119d3d0c7e20ef98,119d3d0c7e20ef98_inj_latency_v2,0.8621687889099121,0.7687927484512329,-0.0933760404586792,False,119d3d0c7e20ef98_inj_latency_v2,119d3d0c7e20ef98,getAllUsers,3,2,True,train_dataset_2_test_dataset_3_seed_1,dataset_2,dataset_3,1
14eb175f20a1f82b,14eb175f20a1f82b_inj_latency_v2,1.1681252717971802,0.8479064702987671,-0.3202188014984131,False,14eb175f20a1f82b_inj_latency_v2,14eb175f20a1f82b,queryOrdersForRefresh,3,2,True,train_dataset_2_test_dataset_3_seed_1,dataset_2,dataset_3,1
15554261fd7babbb,15554261fd7babbb_inj_latency_v2,2.64316987991333,1.5244005918502808,-1.1187692880630493,False,15554261fd7babbb_inj_latency_v2,15554261fd7babbb,getAllConfigs,3,2,True,train_dataset_2_test_dataset_3_seed_1,dataset_2,dataset_3,1
282da289dca8852b,282da289dca8852b_inj_latency_v2,2.046353816986084,0.42303910851478577,-1.6233147084712982,False,282da289dca8852b_inj_latency_v2,282da289dca8852b,addRoute,3,2,True,train_dataset_2_test_dataset_3_seed_1,dataset_2,dataset_3,1
482e0ab928396441,482e0ab928396441_inj_latency_v2,0.8703489303588867,0.8703489303588867,0.0,False,482e0ab928396441_inj_latency_v2,482e0ab928396441,queryInfo,23,5,True,train_dataset_2_test_dataset_3_seed_1,dataset_2,dataset_3,1
500a3b190d91100e,500a3b190d91100e_inj_latency_v2,1.804244041442871,1.804244041442871,0.0,False,500a3b190d91100e_inj_latency_v2,500a3b190d91100e,getToken,3,2,True,train_dataset_2_test_dataset_3_seed_1,dataset_2,dataset_3,1
5203cb8b61b2152d,5203cb8b61b2152d_inj_latency_v2,1.804244041442871,1.804244041442871,0.0,False,5203cb8b61b2152d_inj_latency_v2,5203cb8b61b2152d,getAllFood,13,5,True,train_dataset_2_test_dataset_3_seed_1,dataset_2,dataset_3,1
5fc44ca1454038bc,5fc44ca1454038bc_inj_latency_v2,0.7694095373153687,0.6524679660797119,-0.11694157123565674,False,5fc44ca1454038bc_inj_latency_v2,5fc44ca1454038bc,findByOrderId,1,1,True,train_dataset_2_test_dataset_3_seed_1,dataset_2,dataset_3,1
60e68471a5b569b9,60e68471a5b569b9_inj_latency_v2,2.400627851486206,2.3355231285095215,-0.06510472297668457,False,60e68471a5b569b9_inj_latency_v2,60e68471a5b569b9,deleteStation,3,2,True,train_dataset_2_test_dataset_3_seed_1,dataset_2,dataset_3,1
618e63a8fca0d439,618e63a8fca0d439_inj_latency_v2,0.7875992059707642,0.7185384035110474,-0.0690608024597168,False,618e63a8fca0d439_inj_latency_v2,618e63a8fca0d439,addTravel,3,2,True,train_dataset_2_test_dataset_3_seed_1,dataset_2,dataset_3,1
6707c0ba4b226577,6707c0ba4b226577_inj_latency_v2,1.804244041442871,1.804244041442871,0.0,False,6707c0ba4b226577_inj_latency_v2,6707c0ba4b226577,getAllFood,13,5,True,train_dataset_2_test_dataset_3_seed_1,dataset_2,dataset_3,1
6794d22e1ac9a173,6794d22e1ac9a173_inj_latency_v2,2.276702404022217,2.276702404022217,0.0,False,6794d22e1ac9a173_inj_latency_v2,6794d22e1ac9a173,queryInfo,94,9,True,train_dataset_2_test_dataset_3_seed_1,dataset_2,dataset_3,1
6c2a47780bd413ca,6c2a47780bd413ca_inj_latency_v2,1.546770453453064,0.9430810809135437,-0.6036893725395203,False,6c2a47780bd413ca_inj_latency_v2,6c2a47780bd413ca,getAllOrders,4,2,True,train_dataset_2_test_dataset_3_seed_1,dataset_2,dataset_3,1
70d74443a791be6e,70d74443a791be6e_inj_latency_v2,1.1383512020111084,0.380959689617157,-0.7573915123939514,False,70d74443a791be6e_inj_latency_v2,70d74443a791be6e,pay,2,1,True,train_dataset_2_test_dataset_3_seed_1,dataset_2,dataset_3,1
7919c76da0ad158f,7919c76da0ad158f_inj_latency_v2,0.5407450199127197,0.36402252316474915,-0.17672249674797058,False,7919c76da0ad158f_inj_latency_v2,7919c76da0ad158f,findContactsByAccountId,1,1,True,train_dataset_2_test_dataset_3_seed_1,dataset_2,dataset_3,1
793927759db53559,793927759db53559_inj_latency_v2,1.8252054452896118,0.673366904258728,-1.1518385410308838,False,793927759db53559_inj_latency_v2,793927759db53559,POST,2,1,True,train_dataset_2_test_dataset_3_seed_1,dataset_2,dataset_3,1
7cd6a0b8869cdb82,7cd6a0b8869cdb82_inj_latency_v2,1.1448742151260376,0.032060686498880386,-1.1128135286271572,False,7cd6a0b8869cdb82_inj_latency_v2,7cd6a0b8869cdb82,getAllAssuranceType,1,1,True,train_dataset_2_test_dataset_3_seed_1,dataset_2,dataset_3,1
80896f44057fd953,80896f44057fd953_inj_latency_v2,2.250265121459961,1.3225106000900269,-0.9277545213699341,False,80896f44057fd953_inj_latency_v2,80896f44057fd953,modifyConfig,3,2,True,train_dataset_2_test_dataset_3_seed_1,dataset_2,dataset_3,1
819bf276bdac6fa4,819bf276bdac6fa4_inj_latency_v2,1.804244041442871,1.804244041442871,0.0,False,819bf276bdac6fa4_inj_latency_v2,819bf276bdac6fa4,getToken,3,2,True,train_dataset_2_test_dataset_3_seed_1,dataset_2,dataset_3,1
8468dc3fbe05b7bd,8468dc3fbe05b7bd_inj_latency_v2,2.276702404022217,2.276702404022217,0.0,False,8468dc3fbe05b7bd_inj_latency_v2,8468dc3fbe05b7bd,queryInfo,94,9,True,train_dataset_2_test_dataset_3_seed_1,dataset_2,dataset_3,1
8d296422e9b0dca8,8d296422e9b0dca8_inj_latency_v2,0.6698653697967529,0.23490044474601746,-0.4349649250507355,False,8d296422e9b0dca8_inj_latency_v2,8d296422e9b0dca8,findContactsByAccountId,1,1,True,train_dataset_2_test_dataset_3_seed_1,dataset_2,dataset_3,1
9336eb03ee1b0a99,9336eb03ee1b0a99_inj_latency_v2,2.276702404022217,2.276702404022217,0.0,False,9336eb03ee1b0a99_inj_latency_v2,9336eb03ee1b0a99,queryInfo,94,9,True,train_dataset_2_test_dataset_3_seed_1,dataset_2,dataset_3,1
a1610e1ad51d3b84,a1610e1ad51d3b84_inj_latency_v2,1.0772640705108643,0.8784757852554321,-0.19878828525543213,False,a1610e1ad51d3b84_inj_latency_v2,a1610e1ad51d3b84,updateConsign,3,2,True,train_dataset_2_test_dataset_3_seed_1,dataset_2,dataset_3,1
a44cba0648d44308,a44cba0648d44308_inj_latency_v2,0.9874142408370972,0.7638990879058838,-0.22351515293121338,False,a44cba0648d44308_inj_latency_v2,a44cba0648d44308,updateUser,3,2,True,train_dataset_2_test_dataset_3_seed_1,dataset_2,dataset_3,1
a4d954c05b5ffb55,a4d954c05b5ffb55_inj_latency_v2,0.8994945287704468,0.8677617907524109,-0.03173273801803589,False,a4d954c05b5ffb55_inj_latency_v2,a4d954c05b5ffb55,pay,7,3,True,train_dataset_2_test_dataset_3_seed_1,dataset_2,dataset_3,1
b33543dcc2421cdd,b33543dcc2421cdd_inj_latency_v2,0.7338986992835999,0.6696949005126953,-0.06420379877090454,False,b33543dcc2421cdd_inj_latency_v2,b33543dcc2421cdd,queryOrdersForRefresh,3,2,True,train_dataset_2_test_dataset_3_seed_1,dataset_2,dataset_3,1
ba17990206955345,ba17990206955345_inj_latency_v2,2.276702404022217,2.276702404022217,0.0,False,ba17990206955345_inj_latency_v2,ba17990206955345,queryInfo,94,9,True,train_dataset_2_test_dataset_3_seed_1,dataset_2,dataset_3,1
bb48454654d1cfc8,bb48454654d1cfc8_inj_latency_v2,0.7556042075157166,0.666273295879364,-0.08933091163635254,False,bb48454654d1cfc8_inj_latency_v2,bb48454654d1cfc8,findByOrderId,1,1,True,train_dataset_2_test_dataset_3_seed_1,dataset_2,dataset_3,1
bf60ce59fd4a5090,bf60ce59fd4a5090_inj_latency_v2,1.5029428005218506,0.8043856620788574,-0.6985571384429932,False,bf60ce59fd4a5090_inj_latency_v2,bf60ce59fd4a5090,deleteRoute,3,2,True,train_dataset_2_test_dataset_3_seed_1,dataset_2,dataset_3,1
c3b4179b96dc5829,c3b4179b96dc5829_inj_latency_v2,1.1182805299758911,0.34393104910850525,-0.7743494808673859,False,c3b4179b96dc5829_inj_latency_v2,c3b4179b96dc5829,pay,2,1,True,train_dataset_2_test_dataset_3_seed_1,dataset_2,dataset_3,1
c79486676a6a1371,c79486676a6a1371_inj_latency_v2,2.276702404022217,2.276702404022217,0.0,False,c79486676a6a1371_inj_latency_v2,c79486676a6a1371,queryInfo,94,9,True,train_dataset_2_test_dataset_3_seed_1,dataset_2,dataset_3,1
c7cb7858026d9ea3,c7cb7858026d9ea3_inj_latency_v2,2.276702404022217,2.276702404022217,0.0,False,c7cb7858026d9ea3_inj_latency_v2,c7cb7858026d9ea3,queryInfo,94,9,True,train_dataset_2_test_dataset_3_seed_1,dataset_2,dataset_3,1
e47281530a217b0c,e47281530a217b0c_inj_latency_v2,1.297019600868225,0.12484946846961975,-1.1721701323986053,False,e47281530a217b0c_inj_latency_v2,e47281530a217b0c,findByAccountId,1,1,True,train_dataset_2_test_dataset_3_seed_1,dataset_2,dataset_3,1
e84fe9819b911796,e84fe9819b911796_inj_latency_v2,1.1383512020111084,0.7207191586494446,-0.4176320433616638,False,e84fe9819b911796_inj_latency_v2,e84fe9819b911796,pay,2,1,True,train_dataset_2_test_dataset_3_seed_1,dataset_2,dataset_3,1
01ff481fe2f06ccd,01ff481fe2f06ccd_inj_latency_v2,2.8442819118499756,2.5134451389312744,-0.33083677291870117,False,01ff481fe2f06ccd_inj_latency_v2,01ff481fe2f06ccd,getAllTrains,3,2,True,train_dataset_3_test_dataset_1_seed_1,dataset_3,dataset_1,1
028e50b177ff6b9e,028e50b177ff6b9e_inj_latency_v2,1.1622952222824097,1.1622952222824097,0.0,False,028e50b177ff6b9e_inj_latency_v2,028e50b177ff6b9e,getAllFood,13,5,True,train_dataset_3_test_dataset_1_seed_1,dataset_3,dataset_1,1
08ea3dfb37e25b9f,08ea3dfb37e25b9f_inj_latency_v2,2.1669673919677734,2.1669673919677734,0.0,False,08ea3dfb37e25b9f_inj_latency_v2,08ea3dfb37e25b9f,queryInfo,23,5,True,train_dataset_3_test_dataset_1_seed_1,dataset_3,dataset_1,1
129098532f370700,129098532f370700_inj_latency_v2,2.1669673919677734,2.1669673919677734,0.0,False,129098532f370700_inj_latency_v2,129098532f370700,queryInfo,23,5,True,train_dataset_3_test_dataset_1_seed_1,dataset_3,dataset_1,1
12a19d5f4469c52e,12a19d5f4469c52e_inj_latency_v2,1.86652410030365,1.86652410030365,0.0,False,12a19d5f4469c52e_inj_latency_v2,12a19d5f4469c52e,getAllFood,13,5,True,train_dataset_3_test_dataset_1_seed_1,dataset_3,dataset_1,1
1b7a7713207ec2bc,1b7a7713207ec2bc_inj_latency_v2,1.4791853427886963,1.4791853427886963,0.0,False,1b7a7713207ec2bc_inj_latency_v2,1b7a7713207ec2bc,getAllTravels,45,5,True,train_dataset_3_test_dataset_1_seed_1,dataset_3,dataset_1,1
1fa3037f1b9cdff7,1fa3037f1b9cdff7_inj_latency_v2,0.5309667587280273,0.506740152835846,-0.024226605892181396,False,1fa3037f1b9cdff7_inj_latency_v2,1fa3037f1b9cdff7,findContactsByAccountId,1,1,True,train_dataset_3_test_dataset_1_seed_1,dataset_3,dataset_1,1
22de19f916a777b5,22de19f916a777b5_inj_latency_v2,1.4882177114486694,1.4882177114486694,0.0,False,22de19f916a777b5_inj_latency_v2,22de19f916a777b5,queryInfo,23,5,True,train_dataset_3_test_dataset_1_seed_1,dataset_3,dataset_1,1
23b959132ebaa72b,23b959132ebaa72b_inj_latency_v2,1.56303870677948,0.9621461033821106,-0.6008926033973694,False,23b959132ebaa72b_inj_latency_v2,23b959132ebaa72b,DELETE,2,1,True,train_dataset_3_test_dataset_1_seed_1,dataset_3,dataset_1,1
25b13a4a84ebf45e,25b13a4a84ebf45e_inj_latency_v2,0.7710856795310974,0.4817381799221039,-0.28934749960899353,False,25b13a4a84ebf45e_inj_latency_v2,25b13a4a84ebf45e,imageCode,1,1,True,train_dataset_3_test_dataset_1_seed_1,dataset_3,dataset_1,1
2932ad71ec1db532,2932ad71ec1db532_inj_latency_v2,0.5812456011772156,0.1990273892879486,-0.38221821188926697,False,2932ad71ec1db532_inj_latency_v2,2932ad71ec1db532,getAllAssuranceType,1,1,True,train_dataset_3_test_dataset_1_seed_1,dataset_3,dataset_1,1
2d4e802c303a7228,2d4e802c303a7228_inj_latency_v2,1.178632140159607,1.178632140159607,0.0,False,2d4e802c303a7228_inj_latency_v2,2d4e802c303a7228,queryInfo,23,5,True,train_dataset_3_test_dataset_1_seed_1,dataset_3,dataset_1,1
2ff5c4fc800d217c,2ff5c4fc800d217c_inj_latency_v2,1.86652410030365,1.86652410030365,0.0,False,2ff5c4fc800d217c_inj_latency_v2,2ff5c4fc800d217c,getAllFood,13,5,True,train_dataset_3_test_dataset_1_seed_1,dataset_3,dataset_1,1
32c418ec4c49eba5,32c418ec4c49eba5_inj_latency_v2,1.4791853427886963,0.716610312461853,-0.7625750303268433,False,32c418ec4c49eba5_inj_latency_v2,32c418ec4c49eba5,addTravel,2,1,True,train_dataset_3_test_dataset_1_seed_1,dataset_3,dataset_1,1
37bc0722864cfd8f,37bc0722864cfd8f_inj_latency_v2,0.6088142991065979,0.17145779728889465,-0.43735650181770325,False,37bc0722864cfd8f_inj_latency_v2,37bc0722864cfd8f,getAllAssuranceType,1,1,True,train_dataset_3_test_dataset_1_seed_1,dataset_3,dataset_1,1
38c324989983c3f9,38c324989983c3f9_inj_latency_v2,1.86652410030365,1.86652410030365,0.0,False,38c324989983c3f9_inj_latency_v2,38c324989983c3f9,getAllFood,13,5,True,train_dataset_3_test_dataset_1_seed_1,dataset_3,dataset_1,1
3c0028a52c0282da,3c0028a52c0282da_inj_latency_v2,1.86652410030365,1.86652410030365,0.0,False,3c0028a52c0282da_inj_latency_v2,3c0028a52c0282da,preserve,141,17,True,train_dataset_3_test_dataset_1_seed_1,dataset_3,dataset_1,1
3c76172e8dd13512,3c76172e8dd13512_inj_latency_v2,1.86652410030365,1.86652410030365,0.0,False,3c76172e8dd13512_inj_latency_v2,3c76172e8dd13512,getAllFood,13,5,True,train_dataset_3_test_dataset_1_seed_1,dataset_3,dataset_1,1
3d6a86efa17d7a6a,3d6a86efa17d7a6a_inj_latency_v2,1.5195472240447998,0.9175668358802795,-0.6019803881645203,False,3d6a86efa17d7a6a_inj_latency_v2,3d6a86efa17d7a6a,queryOrdersForRefresh,3,2,True,train_dataset_3_test_dataset_1_seed_1,dataset_3,dataset_1,1
3da370578de86f4c,3da370578de86f4c_inj_latency_v2,1.1214311122894287,1.0014498233795166,-0.11998128890991211,False,3da370578de86f4c_inj_latency_v2,3da370578de86f4c,updateOrder,3,2,True,train_dataset_3_test_dataset_1_seed_1,dataset_3,dataset_1,1
3fcf32c76789dec4,3fcf32c76789dec4_inj_latency_v2,0.7419103980064392,0.5109138488769531,-0.23099654912948608,False,3fcf32c76789dec4_inj_latency_v2,3fcf32c76789dec4,imageCode,1,1,True,train_dataset_3_test_dataset_1_seed_1,dataset_3,dataset_1,1
441798d2776bfbf7,441798d2776bfbf7_inj_latency_v2,0.8263515830039978,0.4264715611934662,-0.3998800218105316,False,441798d2776bfbf7_inj_latency_v2,441798d2776bfbf7,imageCode,1,1,True,train_dataset_3_test_dataset_1_seed_1,dataset_3,dataset_1,1
45bba1c9db589548,45bba1c9db589548_inj_latency_v2,1.86652410030365,1.86652410030365,0.0,False,45bba1c9db589548_inj_latency_v2,45bba1c9db589548,preserve,143,18,True,train_dataset_3_test_dataset_1_seed_1,dataset_3,dataset_1,1
466fc557e9bc9423,466fc557e9bc9423_inj_latency_v2,0.5307356715202332,0.249538391828537,-0.28119727969169617,False,466fc557e9bc9423_inj_latency_v2,466fc557e9bc9423,getAllAssuranceType,1,1,True,train_dataset_3_test_dataset_1_seed_1,dataset_3,dataset_1,1
47ca1a9fb49a76f8,47ca1a9fb49a76f8_inj_latency_v2,0.8665940761566162,0.08633777499198914,-0.7802563011646271,False,47ca1a9fb49a76f8_inj_latency_v2,47ca1a9fb49a76f8,getAllAssuranceType,1,1,True,train_dataset_3_test_dataset_1_seed_1,dataset_3,dataset_1,1
4854388ca8b98c38,4854388ca8b98c38_inj_latency_v2,2.1669673919677734,2.1669673919677734,0.0,False,4854388ca8b98c38_inj_latency_v2,4854388ca8b98c38,queryInfo,23,5,True,train_dataset_3_test_dataset_1_seed_1,dataset_3,dataset_1,1
49db533975155581,49db533975155581_inj_latency_v2,1.86652410030365,1.86652410030365,0.0,False,49db533975155581_inj_latency_v2,49db533975155581,preserve,44,12,True,train_dataset_3_test_dataset_1_seed_1,dataset_3,dataset_1,1
4a1d538d25ed9503,4a1d538d25ed9503_inj_latency_v2,2.1669673919677734,2.1669673919677734,0.0,False,4a1d538d25ed9503_inj_latency_v2,4a1d538d25ed9503,queryInfo,23,5,True,train_dataset_3_test_dataset_1_seed_1,dataset_3,dataset_1,1
5372731089374370,5372731089374370_inj_latency_v2,1.4791853427886963,1.4791853427886963,0.0,False,5372731089374370_inj_latency_v2,5372731089374370,getAllOrders,5,3,True,train_dataset_3_test_dataset_1_seed_1,dataset_3,dataset_1,1
56760a818feec5f8,56760a818feec5f8_inj_latency_v2,0.6733248233795166,0.5795000791549683,-0.09382474422454834,False,56760a818feec5f8_inj_latency_v2,56760a818feec5f8,imageCode,1,1,True,train_dataset_3_test_dataset_1_seed_1,dataset_3,dataset_1,1
57d6c01c5ee3a12f,57d6c01c5ee3a12f_inj_latency_v2,0.8667626976966858,0.38606011867523193,-0.48070257902145386,False,57d6c01c5ee3a12f_inj_latency_v2,57d6c01c5ee3a12f,imageCode,1,1,True,train_dataset_3_test_dataset_1_seed_1,dataset_3,dataset_1,1
5891283921f2132c,5891283921f2132c_inj_latency_v2,1.3620439767837524,1.074491024017334,-0.28755295276641846,False,5891283921f2132c_inj_latency_v2,5891283921f2132c,updateUser,3,2,True,train_dataset_3_test_dataset_1_seed_1,dataset_3,dataset_1,1
58b6e27d10da3ec0,58b6e27d10da3ec0_inj_latency_v2,1.3760167360305786,0.6037659049034119,-0.7722508311271667,False,58b6e27d10da3ec0_inj_latency_v2,58b6e27d10da3ec0,updateUser,3,2,True,train_dataset_3_test_dataset_1_seed_1,dataset_3,dataset_1,1
58c96f0d904c8107,58c96f0d904c8107_inj_latency_v2,1.3475897312164307,1.0840041637420654,-0.26358556747436523,False,58c96f0d904c8107_inj_latency_v2,58c96f0d904c8107,getAllUsers,3,2,True,train_dataset_3_test_dataset_1_seed_1,dataset_3,dataset_1,1
5c2e86cfbb99f31f,5c2e86cfbb99f31f_inj_latency_v2,1.86652410030365,1.86652410030365,0.0,False,5c2e86cfbb99f31f_inj_latency_v2,5c2e86cfbb99f31f,preserve,141,17,True,train_dataset_3_test_dataset_1_seed_1,dataset_3,dataset_1,1
600b5a617c044804,600b5a617c044804_inj_latency_v2,2.0201737880706787,2.0201737880706787,0.0,False,600b5a617c044804_inj_latency_v2,600b5a617c044804,queryInfo,245,10,True,train_dataset_3_test_dataset_1_seed_1,dataset_3,dataset_1,1
6149cb8597e450e9,6149cb8597e450e9_inj_latency_v2,1.4791853427886963,1.4791853427886963,0.0,False,6149cb8597e450e9_inj_latency_v2,6149cb8597e450e9,updateTravel,3,2,True,train_dataset_3_test_dataset_1_seed_1,dataset_3,dataset_1,1
631c05e3c79a55f5,631c05e3c79a55f5_inj_latency_v2,2.336087226867676,1.915026307106018,-0.4210609197616577,False,631c05e3c79a55f5_inj_latency_v2,631c05e3c79a55f5,modifyPrice,3,2,True,train_dataset_3_test_dataset_1_seed_1,dataset_3,dataset_1,1
660e3433b799552e,660e3433b799552e_inj_latency_v2,1.86652410030365,1.86652410030365,0.0,False,660e3433b799552e_inj_latency_v2,660e3433b799552e,getAllFood,13,5,True,train_dataset_3_test_dataset_1_seed_1,dataset_3,dataset_1,1
662335f7673cfaca,662335f7673cfaca_inj_latency_v2,1.4791853427886963,1.4791853427886963,0.0,False,662335f7673cfaca_inj_latency_v2,662335f7673cfaca,getAllTravels,45,5,True,train_dataset_3_test_dataset_1_seed_1,dataset_3,dataset_1,1
6928637dbfd47870,6928637dbfd47870_inj_latency_v2,1.6693696975708008,1.2482002973556519,-0.4211694002151489,False,6928637dbfd47870_inj_latency_v2,6928637dbfd47870,DELETE,2,1,True,train_dataset_3_test_dataset_1_seed_1,dataset_3,dataset_1,1
6d475f987bfc7f1b,6d475f987bfc7f1b_inj_latency_v2,0.6344089508056641,0.14586208760738373,-0.48854686319828033,False,6d475f987bfc7f1b_inj_latency_v2,6d475f987bfc7f1b,getAllAssuranceType,1,1,True,train_dataset_3_test_dataset_1_seed_1,dataset_3,dataset_1,1
7138aef35d2116b2,7138aef35d2116b2_inj_latency_v2,0.42888888716697693,0.3513871729373932,-0.07750171422958374,False,7138aef35d2116b2_inj_latency_v2,7138aef35d2116b2,getAllAssuranceType,1,1,True,train_dataset_3_test_dataset_1_seed_1,dataset_3,dataset_1,1
719911734c5b50e3,719911734c5b50e3_inj_latency_v2,1.86652410030365,1.86652410030365,0.0,False,719911734c5b50e3_inj_latency_v2,719911734c5b50e3,POST,2,1,True,train_dataset_3_test_dataset_1_seed_1,dataset_3,dataset_1,1
71f75763df02f8f8,71f75763df02f8f8_inj_latency_v2,2.903510808944702,2.7427544593811035,-0.16075634956359863,False,71f75763df02f8f8_inj_latency_v2,71f75763df02f8f8,modifyTrain,3,2,True,train_dataset_3_test_dataset_1_seed_1,dataset_3,dataset_1,1
75028946369c8e64,75028946369c8e64_inj_latency_v2,1.4791853427886963,0.3722458481788635,-1.1069394946098328,False,75028946369c8e64_inj_latency_v2,75028946369c8e64,addTravel,2,1,True,train_dataset_3_test_dataset_1_seed_1,dataset_3,dataset_1,1
7604967b0de191c2,7604967b0de191c2_inj_latency_v2,0.758538007736206,0.2791633605957031,-0.47937464714050293,False,7604967b0de191c2_inj_latency_v2,7604967b0de191c2,findContactsByAccountId,1,1,True,train_dataset_3_test_dataset_1_seed_1,dataset_3,dataset_1,1
78628ba56ee0ded7,78628ba56ee0ded7_inj_latency_v2,1.0599383115768433,1.0599383115768433,0.0,False,78628ba56ee0ded7_inj_latency_v2,78628ba56ee0ded7,queryInfo,23,5,True,train_dataset_3_test_dataset_1_seed_1,dataset_3,dataset_1,1
7c0a1d34ed04f19b,7c0a1d34ed04f19b_inj_latency_v2,1.853987693786621,1.853987693786621,0.0,False,7c0a1d34ed04f19b_inj_latency_v2,7c0a1d34ed04f19b,queryInfo,23,5,True,train_dataset_3_test_dataset_1_seed_1,dataset_3,dataset_1,1
82a6b96f4d1faedb,82a6b96f4d1faedb_inj_latency_v2,0.6439481377601624,0.3937564194202423,-0.25019171833992004,False,82a6b96f4d1faedb_inj_latency_v2,82a6b96f4d1faedb,findContactsByAccountId,1,1,True,train_dataset_3_test_dataset_1_seed_1,dataset_3,dataset_1,1
83008a72c1761c41,83008a72c1761c41_inj_latency_v2,2.619997978210449,2.619997978210449,0.0,False,83008a72c1761c41_inj_latency_v2,83008a72c1761c41,queryInfo,245,10,True,train_dataset_3_test_dataset_1_seed_1,dataset_3,dataset_1,1
83378a8faf0029c0,83378a8faf0029c0_inj_latency_v2,2.619997978210449,2.619997978210449,0.0,False,83378a8faf0029c0_inj_latency_v2,83378a8faf0029c0,queryInfo,97,10,True,train_dataset_3_test_dataset_1_seed_1,dataset_3,dataset_1,1
894ecb51e2e30211,894ecb51e2e30211_inj_latency_v2,1.660712718963623,0.407929003238678,-1.252783715724945,False,894ecb51e2e30211_inj_latency_v2,894ecb51e2e30211,imageCode,1,1,True,train_dataset_3_test_dataset_1_seed_1,dataset_3,dataset_1,1
8990ad9cb25f4484,8990ad9cb25f4484_inj_latency_v2,0.7648292779922485,0.48799458146095276,-0.2768346965312958,False,8990ad9cb25f4484_inj_latency_v2,8990ad9cb25f4484,imageCode,1,1,True,train_dataset_3_test_dataset_1_seed_1,dataset_3,dataset_1,1
9503d78c0bb01d71,9503d78c0bb01d71_inj_latency_v2,1.3882803916931152,0.6983265280723572,-0.6899538636207581,False,9503d78c0bb01d71_inj_latency_v2,9503d78c0bb01d71,updateUser,3,2,True,train_dataset_3_test_dataset_1_seed_1,dataset_3,dataset_1,1
96dd564dd03cdfb7,96dd564dd03cdfb7_inj_latency_v2,1.7857948541641235,0.7296560406684875,-1.056138813495636,False,96dd564dd03cdfb7_inj_latency_v2,96dd564dd03cdfb7,DELETE,2,1,True,train_dataset_3_test_dataset_1_seed_1,dataset_3,dataset_1,1
9a90f76616c9f378,9a90f76616c9f378_inj_latency_v2,1.7685353755950928,0.35750657320022583,-1.411028802394867,False,9a90f76616c9f378_inj_latency_v2,9a90f76616c9f378,queryOrdersForRefresh,3,2,True,train_dataset_3_test_dataset_1_seed_1,dataset_3,dataset_1,1
9cbb27dd65c9d85c,9cbb27dd65c9d85c_inj_latency_v2,0.3973143994808197,0.38296207785606384,-0.01435232162475586,False,9cbb27dd65c9d85c_inj_latency_v2,9cbb27dd65c9d85c,getAllAssuranceType,1,1,True,train_dataset_3_test_dataset_1_seed_1,dataset_3,dataset_1,1
9de36229baf0c214,9de36229baf0c214_inj_latency_v2,1.86652410030365,1.86652410030365,0.0,False,9de36229baf0c214_inj_latency_v2,9de36229baf0c214,getAllFood,13,5,True,train_dataset_3_test_dataset_1_seed_1,dataset_3,dataset_1,1
9fea5d3996d596f4,9fea5d3996d596f4_inj_latency_v2,1.4791853427886963,1.4791853427886963,0.0,False,9fea5d3996d596f4_inj_latency_v2,9fea5d3996d596f4,addTravel,3,2,True,train_dataset_3_test_dataset_1_seed_1,dataset_3,dataset_1,1
a1b02600052d9098,a1b02600052d9098_inj_latency_v2,1.0616103410720825,1.0306192636489868,-0.030991077423095703,False,a1b02600052d9098_inj_latency_v2,a1b02600052d9098,findByOrderId,1,1,True,train_dataset_3_test_dataset_1_seed_1,dataset_3,dataset_1,1
a7b2313d89b8409b,a7b2313d89b8409b_inj_latency_v2,0.5838181376457214,0.45388785004615784,-0.1299302875995636,False,a7b2313d89b8409b_inj_latency_v2,a7b2313d89b8409b,findContactsByAccountId,1,1,True,train_dataset_3_test_dataset_1_seed_1,dataset_3,dataset_1,1
a80f8db9f0088039,a80f8db9f0088039_inj_latency_v2,1.4791853427886963,0.6793069839477539,-0.7998783588409424,False,a80f8db9f0088039_inj_latency_v2,a80f8db9f0088039,addTravel,2,1,True,train_dataset_3_test_dataset_1_seed_1,dataset_3,dataset_1,1
aac1f5c22552b054,aac1f5c22552b054_inj_latency_v2,2.1669673919677734,2.1669673919677734,0.0,False,aac1f5c22552b054_inj_latency_v2,aac1f5c22552b054,queryInfo,23,5,True,train_dataset_3_test_dataset_1_seed_1,dataset_3,dataset_1,1
ae0fa6700adafee7,ae0fa6700adafee7_inj_latency_v2,2.0701043605804443,2.0701043605804443,0.0,False,ae0fa6700adafee7_inj_latency_v2,ae0fa6700adafee7,getAllFood,5,3,True,train_dataset_3_test_dataset_1_seed_1,dataset_3,dataset_1,1
aef6b0308b854616,aef6b0308b854616_inj_latency_v2,1.86652410030365,1.86652410030365,0.0,False,aef6b0308b854616_inj_latency_v2,aef6b0308b854616,getAllFood,13,5,True,train_dataset_3_test_dataset_1_seed_1,dataset_3,dataset_1,1
b51267687f5439bb,b51267687f5439bb_inj_latency_v2,1.4791853427886963,1.4791853427886963,0.0,False,b51267687f5439bb_inj_latency_v2,b51267687f5439bb,addTravel,3,2,True,train_dataset_3_test_dataset_1_seed_1,dataset_3,dataset_1,1
b619083d8ed1d0ff,b619083d8ed1d0ff_inj_latency_v2,1.86652410030365,1.86652410030365,0.0,False,b619083d8ed1d0ff_inj_latency_v2,b619083d8ed1d0ff,preserve,9,5,True,train_dataset_3_test_dataset_1_seed_1,dataset_3,dataset_1,1
b73c17fb8625163e,b73c17fb8625163e_inj_latency_v2,0.7478813529014587,0.03238440304994583,-0.7154969498515129,False,b73c17fb8625163e_inj_latency_v2,b73c17fb8625163e,getAllAssuranceType,1,1,True,train_dataset_3_test_dataset_1_seed_1,dataset_3,dataset_1,1
bd358e28ee4d29ca,bd358e28ee4d29ca_inj_latency_v2,1.86652410030365,1.86652410030365,0.0,False,bd358e28ee4d29ca_inj_latency_v2,bd358e28ee4d29ca,preserve,141,17,True,train_dataset_3_test_dataset_1_seed_1,dataset_3,dataset_1,1
c2c6050836591363,c2c6050836591363_inj_latency_v2,2.361194610595703,1.8250550031661987,-0.5361396074295044,False,c2c6050836591363_inj_latency_v2,c2c6050836591363,deleteStation,3,2,True,train_dataset_3_test_dataset_1_seed_1,dataset_3,dataset_1,1
c585a0e8da5238a1,c585a0e8da5238a1_inj_latency_v2,1.4558792114257812,0.6923350095748901,-0.7635442018508911,False,c585a0e8da5238a1_inj_latency_v2,c585a0e8da5238a1,getAllUsers,3,2,True,train_dataset_3_test_dataset_1_seed_1,dataset_3,dataset_1,1
c5cde63b64110aae,c5cde63b64110aae_inj_latency_v2,0.46873536705970764,0.3115402162075043,-0.15719515085220337,False,c5cde63b64110aae_inj_latency_v2,c5cde63b64110aae,getAllAssuranceType,1,1,True,train_dataset_3_test_dataset_1_seed_1,dataset_3,dataset_1,1
c69540c0a0e238ec,c69540c0a0e238ec_inj_latency_v2,0.8951385021209717,0.35768362879753113,-0.5374548733234406,False,c69540c0a0e238ec_inj_latency_v2,c69540c0a0e238ec,imageCode,1,1,True,train_dataset_3_test_dataset_1_seed_1,dataset_3,dataset_1,1
cbf9d27f7fc51e53,cbf9d27f7fc51e53_inj_latency_v2,1.4454299211502075,1.4454299211502075,0.0,False,cbf9d27f7fc51e53_inj_latency_v2,cbf9d27f7fc51e53,queryInfo,23,5,True,train_dataset_3_test_dataset_1_seed_1,dataset_3,dataset_1,1
cc3c4fa1c8c8dcd2,cc3c4fa1c8c8dcd2_inj_latency_v2,0.811911940574646,0.811911940574646,0.0,False,cc3c4fa1c8c8dcd2_inj_latency_v2,cc3c4fa1c8c8dcd2,getAllFood,13,5,True,train_dataset_3_test_dataset_1_seed_1,dataset_3,dataset_1,1
cefaab51f759c69a,cefaab51f759c69a_inj_latency_v2,1.86652410030365,1.86652410030365,0.0,False,cefaab51f759c69a_inj_latency_v2,cefaab51f759c69a,getAllFood,13,5,True,train_dataset_3_test_dataset_1_seed_1,dataset_3,dataset_1,1
d2110a2c63cc9e7c,d2110a2c63cc9e7c_inj_latency_v2,0.8967041969299316,0.8967041969299316,0.0,False,d2110a2c63cc9e7c_inj_latency_v2,d2110a2c63cc9e7c,queryInfo,23,5,True,train_dataset_3_test_dataset_1_seed_1,dataset_3,dataset_1,1
d92af8df8dc53763,d92af8df8dc53763_inj_latency_v2,0.6407777667045593,0.13949301838874817,-0.5012847483158112,False,d92af8df8dc53763_inj_latency_v2,d92af8df8dc53763,getAllAssuranceType,1,1,True,train_dataset_3_test_dataset_1_seed_1,dataset_3,dataset_1,1
db380a84928baafb,db380a84928baafb_inj_latency_v2,2.619997978210449,2.619997978210449,0.0,False,db380a84928baafb_inj_latency_v2,db380a84928baafb,queryInfo,97,10,True,train_dataset_3_test_dataset_1_seed_1,dataset_3,dataset_1,1
e3841fcaa38d0665,e3841fcaa38d0665_inj_latency_v2,0.5346167087554932,0.24565735459327698,-0.2889593541622162,False,e3841fcaa38d0665_inj_latency_v2,e3841fcaa38d0665,getAllAssuranceType,1,1,True,train_dataset_3_test_dataset_1_seed_1,dataset_3,dataset_1,1
e4f2da2ca09a3673,e4f2da2ca09a3673_inj_latency_v2,1.8318299055099487,1.8318299055099487,0.0,False,e4f2da2ca09a3673_inj_latency_v2,e4f2da2ca09a3673,queryInfo,23,5,True,train_dataset_3_test_dataset_1_seed_1,dataset_3,dataset_1,1
e54ba7abab054171,e54ba7abab054171_inj_latency_v2,2.9583706855773926,2.769052505493164,-0.18931818008422852,False,e54ba7abab054171_inj_latency_v2,e54ba7abab054171,getAllTrains,3,2,True,train_dataset_3_test_dataset_1_seed_1,dataset_3,dataset_1,1
e626a7c52a2ba305,e626a7c52a2ba305_inj_latency_v2,1.86652410030365,1.86652410030365,0.0,False,e626a7c52a2ba305_inj_latency_v2,e626a7c52a2ba305,getAllFood,13,5,True,train_dataset_3_test_dataset_1_seed_1,dataset_3,dataset_1,1
e70e448729f24dfb,e70e448729f24dfb_inj_latency_v2,2.062251567840576,2.062251567840576,0.0,False,e70e448729f24dfb_inj_latency_v2,e70e448729f24dfb,queryInfo,103,10,True,train_dataset_3_test_dataset_1_seed_1,dataset_3,dataset_1,1
e737ecef7579e257,e737ecef7579e257_inj_latency_v2,1.86652410030365,1.86652410030365,0.0,False,e737ecef7579e257_inj_latency_v2,e737ecef7579e257,getAllFood,13,5,True,train_dataset_3_test_dataset_1_seed_1,dataset_3,dataset_1,1
e750ce963c7813fc,e750ce963c7813fc_inj_latency_v2,1.0685993432998657,0.8882381319999695,-0.18036121129989624,False,e750ce963c7813fc_inj_latency_v2,e750ce963c7813fc,queryInfo,23,5,True,train_dataset_3_test_dataset_1_seed_1,dataset_3,dataset_1,1
e96f63173dd4c697,e96f63173dd4c697_inj_latency_v2,1.86652410030365,1.86652410030365,0.0,False,e96f63173dd4c697_inj_latency_v2,e96f63173dd4c697,preserve,141,17,True,train_dataset_3_test_dataset_1_seed_1,dataset_3,dataset_1,1
f01f17547ea077bc,f01f17547ea077bc_inj_latency_v2,0.39735445380210876,0.3829220235347748,-0.014432430267333984,False,f01f17547ea077bc_inj_latency_v2,f01f17547ea077bc,getAllAssuranceType,1,1,True,train_dataset_3_test_dataset_1_seed_1,dataset_3,dataset_1,1
f2b14a336dd8f964,f2b14a336dd8f964_inj_latency_v2,0.7248421907424927,0.5279820561408997,-0.19686013460159302,False,f2b14a336dd8f964_inj_latency_v2,f2b14a336dd8f964,imageCode,1,1,True,train_dataset_3_test_dataset_1_seed_1,dataset_3,dataset_1,1
f6e85be8f2770567,f6e85be8f2770567_inj_latency_v2,0.42158931493759155,0.35868674516677856,-0.06290256977081299,False,f6e85be8f2770567_inj_latency_v2,f6e85be8f2770567,getAllAssuranceType,1,1,True,train_dataset_3_test_dataset_1_seed_1,dataset_3,dataset_1,1
fb5ef3c8b7578bb8,fb5ef3c8b7578bb8_inj_latency_v2,1.86652410030365,1.86652410030365,0.0,False,fb5ef3c8b7578bb8_inj_latency_v2,fb5ef3c8b7578bb8,getAllFood,13,5,True,train_dataset_3_test_dataset_1_seed_1,dataset_3,dataset_1,1
fe99d73ec3c23775,fe99d73ec3c23775_inj_latency_v2,1.86652410030365,1.86652410030365,0.0,False,fe99d73ec3c23775_inj_latency_v2,fe99d73ec3c23775,getAllFood,13,5,True,train_dataset_3_test_dataset_1_seed_1,dataset_3,dataset_1,1
fecbbb74ea23e780,fecbbb74ea23e780_inj_latency_v2,2.619997978210449,2.619997978210449,0.0,False,fecbbb74ea23e780_inj_latency_v2,fecbbb74ea23e780,queryInfo,97,10,True,train_dataset_3_test_dataset_1_seed_1,dataset_3,dataset_1,1
0b4cade05161e76c,0b4cade05161e76c_inj_latency_v2,1.9987787008285522,1.9987787008285522,0.0,False,0b4cade05161e76c_inj_latency_v2,0b4cade05161e76c,queryInfo,103,10,True,train_dataset_3_test_dataset_2_seed_1,dataset_3,dataset_2,1
5cc48d4250aa639c,5cc48d4250aa639c_inj_latency_v2,1.5384258031845093,1.5384258031845093,0.0,False,5cc48d4250aa639c_inj_latency_v2,5cc48d4250aa639c,queryInfo,23,5,True,train_dataset_3_test_dataset_2_seed_1,dataset_3,dataset_2,1
80a44ca087960a4c,80a44ca087960a4c_inj_latency_v2,0.8029356002807617,0.44988754391670227,-0.35304805636405945,False,80a44ca087960a4c_inj_latency_v2,80a44ca087960a4c,imageCode,1,1,True,train_dataset_3_test_dataset_2_seed_1,dataset_3,dataset_2,1
82db15b7b3b1143f,82db15b7b3b1143f_inj_latency_v2,0.8823355436325073,0.3704865872859955,-0.5118489563465118,False,82db15b7b3b1143f_inj_latency_v2,82db15b7b3b1143f,imageCode,1,1,True,train_dataset_3_test_dataset_2_seed_1,dataset_3,dataset_2,1
920554c20d7b1f41,920554c20d7b1f41_inj_latency_v2,0.6473630666732788,0.605461835861206,-0.041901230812072754,False,920554c20d7b1f41_inj_latency_v2,920554c20d7b1f41,imageCode,1,1,True,train_dataset_3_test_dataset_2_seed_1,dataset_3,dataset_2,1
a009bc261fe13464,a009bc261fe13464_inj_latency_v2,1.86652410030365,1.86652410030365,0.0,False,a009bc261fe13464_inj_latency_v2,a009bc261fe13464,preserve,99,14,True,train_dataset_3_test_dataset_2_seed_1,dataset_3,dataset_2,1
be97183803c57d86,be97183803c57d86_inj_latency_v2,1.86652410030365,1.86652410030365,0.0,False,be97183803c57d86_inj_latency_v2,be97183803c57d86,preserve,9,5,True,train_dataset_3_test_dataset_2_seed_1,dataset_3,dataset_2,1
cae66fa51aff79d3,cae66fa51aff79d3_inj_latency_v2,1.86652410030365,1.86652410030365,0.0,False,cae66fa51aff79d3_inj_latency_v2,cae66fa51aff79d3,preserve,141,17,True,train_dataset_3_test_dataset_2_seed_1,dataset_3,dataset_2,1
d8b910dea0064d3a,d8b910dea0064d3a_inj_latency_v2,1.86652410030365,1.86652410030365,0.0,False,d8b910dea0064d3a_inj_latency_v2,d8b910dea0064d3a,preserve,141,17,True,train_dataset_3_test_dataset_2_seed_1,dataset_3,dataset_2,1
e67d3e28c0654d2e,e67d3e28c0654d2e_inj_latency_v2,1.86652410030365,1.86652410030365,0.0,False,e67d3e28c0654d2e_inj_latency_v2,e67d3e28c0654d2e,preserve,141,17,True,train_dataset_3_test_dataset_2_seed_1,dataset_3,dataset_2,1
f0e900d89fb9eb10,f0e900d89fb9eb10_inj_latency_v2,2.9583706855773926,1.8184758424758911,-1.1398948431015015,False,f0e900d89fb9eb10_inj_latency_v2,f0e900d89fb9eb10,modifyTrain,3,2,True,train_dataset_3_test_dataset_2_seed_1,dataset_3,dataset_2,1
f82e97d360466cc8,f82e97d360466cc8_inj_latency_v2,0.8014780879020691,0.8014780879020691,0.0,False,f82e97d360466cc8_inj_latency_v2,f82e97d360466cc8,preserve,149,18,True,train_dataset_3_test_dataset_2_seed_1,dataset_3,dataset_2,1
fdc58f05e72ad139,fdc58f05e72ad139_inj_latency_v2,0.999715268611908,0.2531050741672516,-0.7466101944446564,False,fdc58f05e72ad139_inj_latency_v2,fdc58f05e72ad139,imageCode,1,1,True,train_dataset_3_test_dataset_2_seed_1,dataset_3,dataset_2,1
175aedae66c1f4c8,175aedae66c1f4c8_inj_latency_v2,1.1219415664672852,0.5633472800254822,-0.558594286441803,False,175aedae66c1f4c8_inj_latency_v2,175aedae66c1f4c8,getOrderById,1,1,True,train_dataset_1_test_dataset_2_seed_2,dataset_1,dataset_2,2
729a65997299a40a,729a65997299a40a_inj_latency_v2,1.4430124759674072,1.4430124759674072,0.0,False,729a65997299a40a_inj_latency_v2,729a65997299a40a,pay,7,3,True,train_dataset_1_test_dataset_2_seed_2,dataset_1,dataset_2,2
cae66fa51aff79d3,cae66fa51aff79d3_inj_latency_v2,2.35345196723938,2.35345196723938,0.0,False,cae66fa51aff79d3_inj_latency_v2,cae66fa51aff79d3,preserve,141,17,True,train_dataset_1_test_dataset_2_seed_2,dataset_1,dataset_2,2
03936fa843b81eb0,03936fa843b81eb0_inj_latency_v2,1.069970965385437,0.3456772565841675,-0.7242937088012695,False,03936fa843b81eb0_inj_latency_v2,03936fa843b81eb0,pay,2,1,True,train_dataset_1_test_dataset_3_seed_2,dataset_1,dataset_3,2
282da289dca8852b,282da289dca8852b_inj_latency_v2,2.062842845916748,1.2325688600540161,-0.8302739858627319,False,282da289dca8852b_inj_latency_v2,282da289dca8852b,addRoute,3,2,True,train_dataset_1_test_dataset_3_seed_2,dataset_1,dataset_3,2
3887036b99e297a7,3887036b99e297a7_inj_latency_v2,3.2638912200927734,3.2638912200927734,0.0,False,3887036b99e297a7_inj_latency_v2,3887036b99e297a7,queryInfo,103,10,True,train_dataset_1_test_dataset_3_seed_2,dataset_1,dataset_3,2
3d1a3606f264d1a9,3d1a3606f264d1a9_inj_latency_v2,0.9698862433433533,0.6381640434265137,-0.3317221999168396,False,3d1a3606f264d1a9_inj_latency_v2,3d1a3606f264d1a9,getPriceByWeightAndRegion,1,1,True,train_dataset_1_test_dataset_3_seed_2,dataset_1,dataset_3,2
58663a90e5c893c5,58663a90e5c893c5_inj_latency_v2,2.35345196723938,2.35345196723938,0.0,False,58663a90e5c893c5_inj_latency_v2,58663a90e5c893c5,preserve,135,16,True,train_dataset_1_test_dataset_3_seed_2,dataset_1,dataset_3,2
70d74443a791be6e,70d74443a791be6e_inj_latency_v2,0.6136249899864197,0.11067446321249008,-0.5029505267739296,False,70d74443a791be6e_inj_latency_v2,70d74443a791be6e,pay,2,1,True,train_dataset_1_test_dataset_3_seed_2,dataset_1,dataset_3,2
a1610e1ad51d3b84,a1610e1ad51d3b84_inj_latency_v2,1.645804524421692,1.2538127899169922,-0.3919917345046997,False,a1610e1ad51d3b84_inj_latency_v2,a1610e1ad51d3b84,updateConsign,3,2,True,train_dataset_1_test_dataset_3_seed_2,dataset_1,dataset_3,2
b914aff94c695c7d,b914aff94c695c7d_inj_latency_v2,3.2638912200927734,3.2638912200927734,0.0,False,b914aff94c695c7d_inj_latency_v2,b914aff94c695c7d,queryInfo,103,10,True,train_dataset_1_test_dataset_3_seed_2,dataset_1,dataset_3,2
c3b4179b96dc5829,c3b4179b96dc5829_inj_latency_v2,0.5674705505371094,0.1568288952112198,-0.4106416553258896,False,c3b4179b96dc5829_inj_latency_v2,c3b4179b96dc5829,pay,2,1,True,train_dataset_1_test_dataset_3_seed_2,dataset_1,dataset_3,2
e47281530a217b0c,e47281530a217b0c_inj_latency_v2,1.2619460821151733,0.3823138177394867,-0.8796322643756866,False,e47281530a217b0c_inj_latency_v2,e47281530a217b0c,findByAccountId,1,1,True,train_dataset_1_test_dataset_3_seed_2,dataset_1,dataset_3,2
e84fe9819b911796,e84fe9819b911796_inj_latency_v2,0.7984753251075745,0.20275580883026123,-0.5957195162773132,False,e84fe9819b911796_inj_latency_v2,e84fe9819b911796,pay,2,1,True,train_dataset_1_test_dataset_3_seed_2,dataset_1,dataset_3,2
ff3555e224a5776a,ff3555e224a5776a_inj_latency_v2,2.35345196723938,2.35345196723938,0.0,False,ff3555e224a5776a_inj_latency_v2,ff3555e224a5776a,preserve,135,16,True,train_dataset_1_test_dataset_3_seed_2,dataset_1,dataset_3,2
028e50b177ff6b9e,028e50b177ff6b9e_inj_latency_v2,1.804244041442871,1.804244041442871,0.0,False,028e50b177ff6b9e_inj_latency_v2,028e50b177ff6b9e,getAllFood,13,5,True,train_dataset_2_test_dataset_1_seed_2,dataset_2,dataset_1,2
07001b2cc18ec5ce,07001b2cc18ec5ce_inj_latency_v2,1.199790358543396,0.868292510509491,-0.33149784803390503,False,07001b2cc18ec5ce_inj_latency_v2,07001b2cc18ec5ce,queryOrdersForRefresh,3,2,True,train_dataset_2_test_dataset_1_seed_2,dataset_2,dataset_1,2
078cf3a6c4ca1add,078cf3a6c4ca1add_inj_latency_v2,0.5636732578277588,0.34109410643577576,-0.22257915139198303,False,078cf3a6c4ca1add_inj_latency_v2,078cf3a6c4ca1add,findContactsByAccountId,1,1,True,train_dataset_2_test_dataset_1_seed_2,dataset_2,dataset_1,2
08ea3dfb37e25b9f,08ea3dfb37e25b9f_inj_latency_v2,0.6842928528785706,0.6842928528785706,0.0,False,08ea3dfb37e25b9f_inj_latency_v2,08ea3dfb37e25b9f,queryInfo,23,5,True,train_dataset_2_test_dataset_1_seed_2,dataset_2,dataset_1,2
0b62285c9aa8c97d,0b62285c9aa8c97d_inj_latency_v2,0.962112545967102,0.06704571843147278,-0.8950668275356293,False,0b62285c9aa8c97d_inj_latency_v2,0b62285c9aa8c97d,modifyOrder,1,1,True,train_dataset_2_test_dataset_1_seed_2,dataset_2,dataset_1,2
0cc3f0ca47c90560,0cc3f0ca47c90560_inj_latency_v2,1.804244041442871,1.804244041442871,0.0,False,0cc3f0ca47c90560_inj_latency_v2,0cc3f0ca47c90560,getToken,3,2,True,train_dataset_2_test_dataset_1_seed_2,dataset_2,dataset_1,2
0e4721c353950231,0e4721c353950231_inj_latency_v2,1.086435317993164,0.31208667159080505,-0.774348646402359,False,0e4721c353950231_inj_latency_v2,0e4721c353950231,addTravel,2,1,True,train_dataset_2_test_dataset_1_seed_2,dataset_2,dataset_1,2
12a19d5f4469c52e,12a19d5f4469c52e_inj_latency_v2,1.574323296546936,1.574323296546936,0.0,False,12a19d5f4469c52e_inj_latency_v2,12a19d5f4469c52e,getAllFood,13,5,True,train_dataset_2_test_dataset_1_seed_2,dataset_2,dataset_1,2
17c627cd070bacf3,17c627cd070bacf3_inj_latency_v2,1.040136456489563,0.781092643737793,-0.25904381275177,False,17c627cd070bacf3_inj_latency_v2,17c627cd070bacf3,queryOrdersForRefresh,3,2,True,train_dataset_2_test_dataset_1_seed_2,dataset_2,dataset_1,2
1a5e922d4bed1ee5,1a5e922d4bed1ee5_inj_latency_v2,1.2150076627731323,0.4596993923187256,-0.7553082704544067,False,1a5e922d4bed1ee5_inj_latency_v2,1a5e922d4bed1ee5,queryOrdersForRefresh,3,2,True,train_dataset_2_test_dataset_1_seed_2,dataset_2,dataset_1,2
1fa3037f1b9cdff7,1fa3037f1b9cdff7_inj_latency_v2,0.6704866886138916,0.23427914083003998,-0.4362075477838516,False,1fa3037f1b9cdff7_inj_latency_v2,1fa3037f1b9cdff7,findContactsByAccountId,1,1,True,train_dataset_2_test_dataset_1_seed_2,dataset_2,dataset_1,2
22de19f916a777b5,22de19f916a777b5_inj_latency_v2,0.8570239543914795,0.8570239543914795,0.0,False,22de19f916a777b5_inj_latency_v2,22de19f916a777b5,queryInfo,23,5,True,train_dataset_2_test_dataset_1_seed_2,dataset_2,dataset_1,2
23b959132ebaa72b,23b959132ebaa72b_inj_latency_v2,2.64316987991333,0.6332241892814636,-2.0099456906318665,False,23b959132ebaa72b_inj_latency_v2,23b959132ebaa72b,DELETE,2,1,True,train_dataset_2_test_dataset_1_seed_2,dataset_2,dataset_1,2
24025232d58c110f,24025232d58c110f_inj_latency_v2,2.64316987991333,2.4130098819732666,-0.23015999794006348,False,24025232d58c110f_inj_latency_v2,24025232d58c110f,modifyConfig,3,2,True,train_dataset_2_test_dataset_1_seed_2,dataset_2,dataset_1,2
288dbb242709b378,288dbb242709b378_inj_latency_v2,0.5291883945465088,0.37557917833328247,-0.15360921621322632,False,288dbb242709b378_inj_latency_v2,288dbb242709b378,findContactsByAccountId,1,1,True,train_dataset_2_test_dataset_1_seed_2,dataset_2,dataset_1,2
28b8f4fb489555ac,28b8f4fb489555ac_inj_latency_v2,1.273836374282837,0.6945284008979797,-0.5793079733848572,False,28b8f4fb489555ac_inj_latency_v2,28b8f4fb489555ac,POST,2,1,True,train_dataset_2_test_dataset_1_seed_2,dataset_2,dataset_1,2
2932ad71ec1db532,2932ad71ec1db532_inj_latency_v2,1.0466336011886597,0.13030463457107544,-0.9163289666175842,False,2932ad71ec1db532_inj_latency_v2,2932ad71ec1db532,getAllAssuranceType,1,1,True,train_dataset_2_test_dataset_1_seed_2,dataset_2,dataset_1,2
2a82d8b4a2d44fda,2a82d8b4a2d44fda_inj_latency_v2,1.0473378896713257,0.27298885583877563,-0.77434903383255,False,2a82d8b4a2d44fda_inj_latency_v2,2a82d8b4a2d44fda,addTravel,2,1,True,train_dataset_2_test_dataset_1_seed_2,dataset_2,dataset_1,2
2ac31ed71a762f7f,2ac31ed71a762f7f_inj_latency_v2,0.9453563690185547,0.08380332589149475,-0.8615530431270599,False,2ac31ed71a762f7f_inj_latency_v2,2ac31ed71a762f7f,modifyOrder,1,1,True,train_dataset_2_test_dataset_1_seed_2,dataset_2,dataset_1,2
2d4e802c303a7228,2d4e802c303a7228_inj_latency_v2,0.451071172952652,0.38209807872772217,-0.06897309422492981,False,2d4e802c303a7228_inj_latency_v2,2d4e802c303a7228,queryInfo,23,5,True,train_dataset_2_test_dataset_1_seed_2,dataset_2,dataset_1,2
2dc47ec0364db997,2dc47ec0364db997_inj_latency_v2,0.6423147320747375,0.2624518871307373,-0.37986284494400024,False,2dc47ec0364db997_inj_latency_v2,2dc47ec0364db997,findContactsByAccountId,1,1,True,train_dataset_2_test_dataset_1_seed_2,dataset_2,dataset_1,2
2ff5c4fc800d217c,2ff5c4fc800d217c_inj_latency_v2,1.804244041442871,1.804244041442871,0.0,False,2ff5c4fc800d217c_inj_latency_v2,2ff5c4fc800d217c,getAllFood,13,5,True,train_dataset_2_test_dataset_1_seed_2,dataset_2,dataset_1,2
3118754ef6886cc5,3118754ef6886cc5_inj_latency_v2,2.4011240005493164,1.935320258140564,-0.46580374240875244,False,3118754ef6886cc5_inj_latency_v2,3118754ef6886cc5,modifyStation,3,2,True,train_dataset_2_test_dataset_1_seed_2,dataset_2,dataset_1,2
32c418ec4c49eba5,32c418ec4c49eba5_inj_latency_v2,1.1383512020111084,0.6385831832885742,-0.4997680187225342,False,32c418ec4c49eba5_inj_latency_v2,32c418ec4c49eba5,addTravel,2,1,True,train_dataset_2_test_dataset_1_seed_2,dataset_2,dataset_1,2
37bc0722864cfd8f,37bc0722864cfd8f_inj_latency_v2,1.0882173776626587,0.08871956914663315,-0.9994978085160255,False,37bc0722864cfd8f_inj_latency_v2,37bc0722864cfd8f,getAllAssuranceType,1,1,True,train_dataset_2_test_dataset_1_seed_2,dataset_2,dataset_1,2
38c324989983c3f9,38c324989983c3f9_inj_latency_v2,1.129604697227478,1.129604697227478,0.0,False,38c324989983c3f9_inj_latency_v2,38c324989983c3f9,getAllFood,13,5,True,train_dataset_2_test_dataset_1_seed_2,dataset_2,dataset_1,2
3c76172e8dd13512,3c76172e8dd13512_inj_latency_v2,1.804244041442871,1.804244041442871,0.0,False,3c76172e8dd13512_inj_latency_v2,3c76172e8dd13512,getAllFood,13,5,True,train_dataset_2_test_dataset_1_seed_2,dataset_2,dataset_1,2
3d6a86efa17d7a6a,3d6a86efa17d7a6a_inj_latency_v2,1.4044957160949707,0.5301312208175659,-0.8743644952774048,False,3d6a86efa17d7a6a_inj_latency_v2,3d6a86efa17d7a6a,queryOrdersForRefresh,3,2,True,train_dataset_2_test_dataset_1_seed_2,dataset_2,dataset_1,2
3da370578de86f4c,3da370578de86f4c_inj_latency_v2,2.64316987991333,1.3506121635437012,-1.292557716369629,False,3da370578de86f4c_inj_latency_v2,3da370578de86f4c,updateOrder,3,2,True,train_dataset_2_test_dataset_1_seed_2,dataset_2,dataset_1,2
3e0d61671d79e63e,3e0d61671d79e63e_inj_latency_v2,0.7447678446769714,0.5034618973731995,-0.24130594730377197,False,3e0d61671d79e63e_inj_latency_v2,3e0d61671d79e63e,queryOrdersForRefresh,3,2,True,train_dataset_2_test_dataset_1_seed_2,dataset_2,dataset_1,2
3e27923c9b4abbfd,3e27923c9b4abbfd_inj_latency_v2,0.46465906500816345,0.4401092827320099,-0.024549782276153564,False,3e27923c9b4abbfd_inj_latency_v2,3e27923c9b4abbfd,findContactsByAccountId,1,1,True,train_dataset_2_test_dataset_1_seed_2,dataset_2,dataset_1,2
40e7c3d687b6ab8d,40e7c3d687b6ab8d_inj_latency_v2,0.9851683378219604,0.04398820921778679,-0.9411801286041737,False,40e7c3d687b6ab8d_inj_latency_v2,40e7c3d687b6ab8d,getOrderById,1,1,True,train_dataset_2_test_dataset_1_seed_2,dataset_2,dataset_1,2
40f7b2f03c48e310,40f7b2f03c48e310_inj_latency_v2,0.5661018490791321,0.3386654853820801,-0.227436363697052,False,40f7b2f03c48e310_inj_latency_v2,40f7b2f03c48e310,findContactsByAccountId,1,1,True,train_dataset_2_test_dataset_1_seed_2,dataset_2,dataset_1,2
466fc557e9bc9423,466fc557e9bc9423_inj_latency_v2,0.9704461097717285,0.20649376511573792,-0.7639523446559906,False,466fc557e9bc9423_inj_latency_v2,466fc557e9bc9423,getAllAssuranceType,1,1,True,train_dataset_2_test_dataset_1_seed_2,dataset_2,dataset_1,2
47ca1a9fb49a76f8,47ca1a9fb49a76f8_inj_latency_v2,1.4770439863204956,0.30013081431388855,-1.176913172006607,False,47ca1a9fb49a76f8_inj_latency_v2,47ca1a9fb49a76f8,getAllAssuranceType,1,1,True,train_dataset_2_test_dataset_1_seed_2,dataset_2,dataset_1,2
4854388ca8b98c38,4854388ca8b98c38_inj_latency_v2,0.7110517621040344,0.7110517621040344,0.0,False,4854388ca8b98c38_inj_latency_v2,4854388ca8b98c38,queryInfo,23,5,True,train_dataset_2_test_dataset_1_seed_2,dataset_2,dataset_1,2
49b7385d3eb385e4,49b7385d3eb385e4_inj_latency_v2,1.0823020935058594,0.30795350670814514,-0.7743485867977142,False,49b7385d3eb385e4_inj_latency_v2,49b7385d3eb385e4,addTravel,2,1,True,train_dataset_2_test_dataset_1_seed_2,dataset_2,dataset_1,2
4a1d538d25ed9503,4a1d538d25ed9503_inj_latency_v2,0.9576377868652344,0.9576377868652344,0.0,False,4a1d538d25ed9503_inj_latency_v2,4a1d538d25ed9503,queryInfo,23,5,True,train_dataset_2_test_dataset_1_seed_2,dataset_2,dataset_1,2
4b9cdfd2928dfc5e,4b9cdfd2928dfc5e_inj_latency_v2,1.758732557296753,1.7230923175811768,-0.03564023971557617,False,4b9cdfd2928dfc5e_inj_latency_v2,4b9cdfd2928dfc5e,getAllTrains,3,2,True,train_dataset_2_test_dataset_1_seed_2,dataset_2,dataset_1,2
52805f1440e224bf,52805f1440e224bf_inj_latency_v2,2.276702404022217,2.276702404022217,0.0,False,52805f1440e224bf_inj_latency_v2,52805f1440e224bf,queryInfo,97,10,True,train_dataset_2_test_dataset_1_seed_2,dataset_2,dataset_1,2
5372731089374370,5372731089374370_inj_latency_v2,2.64316987991333,2.64316987991333,0.0,False,5372731089374370_inj_latency_v2,5372731089374370,getAllOrders,5,3,True,train_dataset_2_test_dataset_1_seed_2,dataset_2,dataset_1,2
537b9646ec1f1b43,537b9646ec1f1b43_inj_latency_v2,2.276702404022217,2.276702404022217,0.0,False,537b9646ec1f1b43_inj_latency_v2,537b9646ec1f1b43,queryInfo,245,10,True,train_dataset_2_test_dataset_1_seed_2,dataset_2,dataset_1,2
5891283921f2132c,5891283921f2132c_inj_latency_v2,1.2896208763122559,0.7816343307495117,-0.5079865455627441,False,5891283921f2132c_inj_latency_v2,5891283921f2132c,updateUser,3,2,True,train_dataset_2_test_dataset_1_seed_2,dataset_2,dataset_1,2
58b6e27d10da3ec0,58b6e27d10da3ec0_inj_latency_v2,1.430919885635376,0.29120922088623047,-1.1397106647491455,False,58b6e27d10da3ec0_inj_latency_v2,58b6e27d10da3ec0,updateUser,3,2,True,train_dataset_2_test_dataset_1_seed_2,dataset_2,dataset_1,2
58c96f0d904c8107,58c96f0d904c8107_inj_latency_v2,1.2773866653442383,0.7902236580848694,-0.4871630072593689,False,58c96f0d904c8107_inj_latency_v2,58c96f0d904c8107,getAllUsers,3,2,True,train_dataset_2_test_dataset_1_seed_2,dataset_2,dataset_1,2
5b13d2d280ac887f,5b13d2d280ac887f_inj_latency_v2,0.7628414034843445,0.46920257806777954,-0.29363882541656494,False,5b13d2d280ac887f_inj_latency_v2,5b13d2d280ac887f,queryOrdersForRefresh,3,2,True,train_dataset_2_test_dataset_1_seed_2,dataset_2,dataset_1,2
5b6c1cec3e879c4a,5b6c1cec3e879c4a_inj_latency_v2,0.8323062062263489,0.16603133082389832,-0.6662748754024506,False,5b6c1cec3e879c4a_inj_latency_v2,5b6c1cec3e879c4a,pay,7,3,True,train_dataset_2_test_dataset_1_seed_2,dataset_2,dataset_1,2
5d0c0c85d1298c58,5d0c0c85d1298c58_inj_latency_v2,1.2880650758743286,0.5017292499542236,-0.786335825920105,False,5d0c0c85d1298c58_inj_latency_v2,5d0c0c85d1298c58,queryOrdersForRefresh,3,2,True,train_dataset_2_test_dataset_1_seed_2,dataset_2,dataset_1,2
600b5a617c044804,600b5a617c044804_inj_latency_v2,2.276702404022217,2.276702404022217,0.0,False,600b5a617c044804_inj_latency_v2,600b5a617c044804,queryInfo,245,10,True,train_dataset_2_test_dataset_1_seed_2,dataset_2,dataset_1,2
6149cb8597e450e9,6149cb8597e450e9_inj_latency_v2,0.8363040685653687,0.2948727011680603,-0.5414313673973083,False,6149cb8597e450e9_inj_latency_v2,6149cb8597e450e9,updateTravel,3,2,True,train_dataset_2_test_dataset_1_seed_2,dataset_2,dataset_1,2
61a26d3069ff9250,61a26d3069ff9250_inj_latency_v2,0.9793307781219482,0.23453567922115326,-0.744795098900795,False,61a26d3069ff9250_inj_latency_v2,61a26d3069ff9250,addTravel,2,1,True,train_dataset_2_test_dataset_1_seed_2,dataset_2,dataset_1,2
631c05e3c79a55f5,631c05e3c79a55f5_inj_latency_v2,2.3144822120666504,1.42768132686615,-0.8868008852005005,False,631c05e3c79a55f5_inj_latency_v2,631c05e3c79a55f5,modifyPrice,3,2,True,train_dataset_2_test_dataset_1_seed_2,dataset_2,dataset_1,2
638962c873292b2c,638962c873292b2c_inj_latency_v2,0.7396314144134521,0.5070942044258118,-0.23253720998764038,False,638962c873292b2c_inj_latency_v2,638962c873292b2c,queryOrdersForRefresh,3,2,True,train_dataset_2_test_dataset_1_seed_2,dataset_2,dataset_1,2
6923e3ab830e7138,6923e3ab830e7138_inj_latency_v2,2.276702404022217,2.276702404022217,0.0,False,6923e3ab830e7138_inj_latency_v2,6923e3ab830e7138,queryInfo,97,10,True,train_dataset_2_test_dataset_1_seed_2,dataset_2,dataset_1,2
6928637dbfd47870,6928637dbfd47870_inj_latency_v2,2.64316987991333,0.8286473751068115,-1.8145225048065186,False,6928637dbfd47870_inj_latency_v2,6928637dbfd47870,DELETE,2,1,True,train_dataset_2_test_dataset_1_seed_2,dataset_2,dataset_1,2
6d475f987bfc7f1b,6d475f987bfc7f1b_inj_latency_v2,1.1268233060836792,0.050111837685108185,-1.076711468398571,False,6d475f987bfc7f1b_inj_latency_v2,6d475f987bfc7f1b,getAllAssuranceType,1,1,True,train_dataset_2_test_dataset_1_seed_2,dataset_2,dataset_1,2
7138aef35d2116b2,7138aef35d2116b2_inj_latency_v2,0.8168236017227173,0.36011913418769836,-0.4567044675350189,False,7138aef35d2116b2_inj_latency_v2,7138aef35d2116b2,getAllAssuranceType,1,1,True,train_dataset_2_test_dataset_1_seed_2,dataset_2,dataset_1,2
719911734c5b50e3,719911734c5b50e3_inj_latency_v2,2.9425952434539795,2.9425952434539795,0.0,False,719911734c5b50e3_inj_latency_v2,719911734c5b50e3,POST,2,1,True,train_dataset_2_test_dataset_1_seed_2,dataset_2,dataset_1,2
71f75763df02f8f8,71f75763df02f8f8_inj_latency_v2,2.094078302383423,2.040921211242676,-0.05315709114074707,False,71f75763df02f8f8_inj_latency_v2,71f75763df02f8f8,modifyTrain,3,2,True,train_dataset_2_test_dataset_1_seed_2,dataset_2,dataset_1,2
72405a6313533a71,72405a6313533a71_inj_latency_v2,2.276702404022217,2.276702404022217,0.0,False,72405a6313533a71_inj_latency_v2,72405a6313533a71,queryInfo,97,10,True,train_dataset_2_test_dataset_1_seed_2,dataset_2,dataset_1,2
75028946369c8e64,75028946369c8e64_inj_latency_v2,1.1383512020111084,0.6171444058418274,-0.521206796169281,False,75028946369c8e64_inj_latency_v2,75028946369c8e64,addTravel,2,1,True,train_dataset_2_test_dataset_1_seed_2,dataset_2,dataset_1,2
7604967b0de191c2,7604967b0de191c2_inj_latency_v2,0.868903636932373,0.03585732355713844,-0.8330463133752346,False,7604967b0de191c2_inj_latency_v2,7604967b0de191c2,findContactsByAccountId,1,1,True,train_dataset_2_test_dataset_1_seed_2,dataset_2,dataset_1,2
7c0a1d34ed04f19b,7c0a1d34ed04f19b_inj_latency_v2,1.3144001960754395,1.3144001960754395,0.0,False,7c0a1d34ed04f19b_inj_latency_v2,7c0a1d34ed04f19b,queryInfo,23,5,True,train_dataset_2_test_dataset_1_seed_2,dataset_2,dataset_1,2
82a6b96f4d1faedb,82a6b96f4d1faedb_inj_latency_v2,0.7689939737319946,0.1357698142528534,-0.6332241594791412,False,82a6b96f4d1faedb_inj_latency_v2,82a6b96f4d1faedb,findContactsByAccountId,1,1,True,train_dataset_2_test_dataset_1_seed_2,dataset_2,dataset_1,2
83008a72c1761c41,83008a72c1761c41_inj_latency_v2,2.276702404022217,2.276702404022217,0.0,False,83008a72c1761c41_inj_latency_v2,83008a72c1761c41,queryInfo,245,10,True,train_dataset_2_test_dataset_1_seed_2,dataset_2,dataset_1,2
83378a8faf0029c0,83378a8faf0029c0_inj_latency_v2,2.276702404022217,2.276702404022217,0.0,False,83378a8faf0029c0_inj_latency_v2,83378a8faf0029c0,queryInfo,97,10,True,train_dataset_2_test_dataset_1_seed_2,dataset_2,dataset_1,2
894ecb51e2e30211,894ecb51e2e30211_inj_latency_v2,1.262418508529663,0.043029434978961945,-1.2193890735507011,False,894ecb51e2e30211_inj_latency_v2,894ecb51e2e30211,imageCode,1,1,True,train_dataset_2_test_dataset_1_seed_2,dataset_2,dataset_1,2
942739b64838b82f,942739b64838b82f_inj_latency_v2,0.7023158669471741,0.4746282398700714,-0.22768762707710266,False,942739b64838b82f_inj_latency_v2,942739b64838b82f,getAllAssuranceType,1,1,True,train_dataset_2_test_dataset_1_seed_2,dataset_2,dataset_1,2
9503d78c0bb01d71,9503d78c0bb01d71_inj_latency_v2,1.4419927597045898,0.39769455790519714,-1.0442982017993927,False,9503d78c0bb01d71_inj_latency_v2,9503d78c0bb01d71,updateUser,3,2,True,train_dataset_2_test_dataset_1_seed_2,dataset_2,dataset_1,2
968b3ce2b3184b2a,968b3ce2b3184b2a_inj_latency_v2,2.276702404022217,2.276702404022217,0.0,False,968b3ce2b3184b2a_inj_latency_v2,968b3ce2b3184b2a,queryInfo,245,10,True,train_dataset_2_test_dataset_1_seed_2,dataset_2,dataset_1,2
96dd564dd03cdfb7,96dd564dd03cdfb7_inj_latency_v2,2.64316987991333,0.9700487852096558,-1.6731210947036743,False,96dd564dd03cdfb7_inj_latency_v2,96dd564dd03cdfb7,DELETE,2,1,True,train_dataset_2_test_dataset_1_seed_2,dataset_2,dataset_1,2
9a90f76616c9f378,9a90f76616c9f378_inj_latency_v2,1.4712820053100586,0.2828447222709656,-1.188437283039093,False,9a90f76616c9f378_inj_latency_v2,9a90f76616c9f378,queryOrdersForRefresh,3,2,True,train_dataset_2_test_dataset_1_seed_2,dataset_2,dataset_1,2
9c6d0dd93ea14364,9c6d0dd93ea14364_inj_latency_v2,0.8017459511756897,0.2274218201637268,-0.5743241310119629,False,9c6d0dd93ea14364_inj_latency_v2,9c6d0dd93ea14364,modifyOrder,1,1,True,train_dataset_2_test_dataset_1_seed_2,dataset_2,dataset_1,2
9cbb27dd65c9d85c,9cbb27dd65c9d85c_inj_latency_v2,0.7691977620124817,0.40774568915367126,-0.3614520728588104,False,9cbb27dd65c9d85c_inj_latency_v2,9cbb27dd65c9d85c,getAllAssuranceType,1,1,True,train_dataset_2_test_dataset_1_seed_2,dataset_2,dataset_1,2
9de36229baf0c214,9de36229baf0c214_inj_latency_v2,1.315029263496399,1.315029263496399,0.0,False,9de36229baf0c214_inj_latency_v2,9de36229baf0c214,getAllFood,13,5,True,train_dataset_2_test_dataset_1_seed_2,dataset_2,dataset_1,2
9fea5d3996d596f4,9fea5d3996d596f4_inj_latency_v2,0.9949495196342468,0.243861123919487,-0.7510883957147598,False,9fea5d3996d596f4_inj_latency_v2,9fea5d3996d596f4,addTravel,3,2,True,train_dataset_2_test_dataset_1_seed_2,dataset_2,dataset_1,2
a1b02600052d9098,a1b02600052d9098_inj_latency_v2,1.0730112791061401,0.34886303544044495,-0.7241482436656952,False,a1b02600052d9098_inj_latency_v2,a1b02600052d9098,findByOrderId,1,1,True,train_dataset_2_test_dataset_1_seed_2,dataset_2,dataset_1,2
a2c6e3ad0f6a7647,a2c6e3ad0f6a7647_inj_latency_v2,0.720825731754303,0.5104079246520996,-0.21041780710220337,False,a2c6e3ad0f6a7647_inj_latency_v2,a2c6e3ad0f6a7647,queryOrdersForRefresh,3,2,True,train_dataset_2_test_dataset_1_seed_2,dataset_2,dataset_1,2
a7b2313d89b8409b,a7b2313d89b8409b_inj_latency_v2,0.7165672779083252,0.1881977915763855,-0.5283694863319397,False,a7b2313d89b8409b_inj_latency_v2,a7b2313d89b8409b,findContactsByAccountId,1,1,True,train_dataset_2_test_dataset_1_seed_2,dataset_2,dataset_1,2
a80f8db9f0088039,a80f8db9f0088039_inj_latency_v2,1.1383512020111084,0.6373340487480164,-0.501017153263092,False,a80f8db9f0088039_inj_latency_v2,a80f8db9f0088039,addTravel,2,1,True,train_dataset_2_test_dataset_1_seed_2,dataset_2,dataset_1,2
aac1f5c22552b054,aac1f5c22552b054_inj_latency_v2,0.9214038252830505,0.9214038252830505,0.0,False,aac1f5c22552b054_inj_latency_v2,aac1f5c22552b054,queryInfo,23,5,True,train_dataset_2_test_dataset_1_seed_2,dataset_2,dataset_1,2
ae0fa6700adafee7,ae0fa6700adafee7_inj_latency_v2,1.7984254360198975,1.7984254360198975,0.0,False,ae0fa6700adafee7_inj_latency_v2,ae0fa6700adafee7,getAllFood,5,3,True,train_dataset_2_test_dataset_1_seed_2,dataset_2,dataset_1,2
ae25bf195bf1c928,ae25bf195bf1c928_inj_latency_v2,1.804244041442871,1.804244041442871,0.0,False,ae25bf195bf1c928_inj_latency_v2,ae25bf195bf1c928,getAllFood,13,5,True,train_dataset_2_test_dataset_1_seed_2,dataset_2,dataset_1,2
aef6b0308b854616,aef6b0308b854616_inj_latency_v2,1.804244041442871,1.804244041442871,0.0,False,aef6b0308b854616_inj_latency_v2,aef6b0308b854616,getAllFood,13,5,True,train_dataset_2_test_dataset_1_seed_2,dataset_2,dataset_1,2
b51267687f5439bb,b51267687f5439bb_inj_latency_v2,0.9788656830787659,0.21615076065063477,-0.7627149224281311,False,b51267687f5439bb_inj_latency_v2,b51267687f5439bb,addTravel,3,2,True,train_dataset_2_test_dataset_1_seed_2,dataset_2,dataset_1,2
b619083d8ed1d0ff,b619083d8ed1d0ff_inj_latency_v2,2.9425952434539795,2.9425952434539795,0.0,False,b619083d8ed1d0ff_inj_latency_v2,b619083d8ed1d0ff,preserve,9,5,True,train_dataset_2_test_dataset_1_seed_2,dataset_2,dataset_1,2
b62937356a7a7301,b62937356a7a7301_inj_latency_v2,0.5042200088500977,0.4005480706691742,-0.10367193818092346,False,b62937356a7a7301_inj_latency_v2,b62937356a7a7301,findContactsByAccountId,1,1,True,train_dataset_2_test_dataset_1_seed_2,dataset_2,dataset_1,2
b73c17fb8625163e,b73c17fb8625163e_inj_latency_v2,1.2979813814163208,0.12105416506528854,-1.1769272163510323,False,b73c17fb8625163e_inj_latency_v2,b73c17fb8625163e,getAllAssuranceType,1,1,True,train_dataset_2_test_dataset_1_seed_2,dataset_2,dataset_1,2
b8afa2a43f703f4e,b8afa2a43f703f4e_inj_latency_v2,0.5306280851364136,0.3741397559642792,-0.1564883291721344,False,b8afa2a43f703f4e_inj_latency_v2,b8afa2a43f703f4e,findContactsByAccountId,1,1,True,train_dataset_2_test_dataset_1_seed_2,dataset_2,dataset_1,2
bc8b12f4c9b14871,bc8b12f4c9b14871_inj_latency_v2,0.9682438969612122,0.0609140582382679,-0.9073298387229443,False,bc8b12f4c9b14871_inj_latency_v2,bc8b12f4c9b14871,modifyOrder,1,1,True,train_dataset_2_test_dataset_1_seed_2,dataset_2,dataset_1,2
bd358e28ee4d29ca,bd358e28ee4d29ca_inj_latency_v2,2.9425952434539795,2.9425952434539795,0.0,False,bd358e28ee4d29ca_inj_latency_v2,bd358e28ee4d29ca,preserve,141,17,True,train_dataset_2_test_dataset_1_seed_2,dataset_2,dataset_1,2
c17fe91da5a98f3f,c17fe91da5a98f3f_inj_latency_v2,1.1060726642608643,0.07692857831716537,-1.0291440859436989,False,c17fe91da5a98f3f_inj_latency_v2,c17fe91da5a98f3f,findAllOrder,1,1,True,train_dataset_2_test_dataset_1_seed_2,dataset_2,dataset_1,2
c2c6050836591363,c2c6050836591363_inj_latency_v2,2.3360133171081543,1.4567073583602905,-0.8793059587478638,False,c2c6050836591363_inj_latency_v2,c2c6050836591363,deleteStation,3,2,True,train_dataset_2_test_dataset_1_seed_2,dataset_2,dataset_1,2
c52a52c95a7bd2e8,c52a52c95a7bd2e8_inj_latency_v2,2.276702404022217,2.276702404022217,0.0,False,c52a52c95a7bd2e8_inj_latency_v2,c52a52c95a7bd2e8,queryInfo,97,10,True,train_dataset_2_test_dataset_1_seed_2,dataset_2,dataset_1,2
c585a0e8da5238a1,c585a0e8da5238a1_inj_latency_v2,1.5030275583267212,0.3909474313259125,-1.1120801270008087,False,c585a0e8da5238a1_inj_latency_v2,c585a0e8da5238a1,getAllUsers,3,2,True,train_dataset_2_test_dataset_1_seed_2,dataset_2,dataset_1,2
c5cde63b64110aae,c5cde63b64110aae_inj_latency_v2,0.8769267797470093,0.30001530051231384,-0.5769114792346954,False,c5cde63b64110aae_inj_latency_v2,c5cde63b64110aae,getAllAssuranceType,1,1,True,train_dataset_2_test_dataset_1_seed_2,dataset_2,dataset_1,2
cbf9d27f7fc51e53,cbf9d27f7fc51e53_inj_latency_v2,0.6025246381759644,0.5324724316596985,-0.07005220651626587,False,cbf9d27f7fc51e53_inj_latency_v2,cbf9d27f7fc51e53,queryInfo,23,5,True,train_dataset_2_test_dataset_1_seed_2,dataset_2,dataset_1,2
cefaab51f759c69a,cefaab51f759c69a_inj_latency_v2,1.804244041442871,1.804244041442871,0.0,False,cefaab51f759c69a_inj_latency_v2,cefaab51f759c69a,getAllFood,13,5,True,train_dataset_2_test_dataset_1_seed_2,dataset_2,dataset_1,2
cfbe9bb452dce273,cfbe9bb452dce273_inj_latency_v2,2.64316987991333,2.023327589035034,-0.6198422908782959,False,cfbe9bb452dce273_inj_latency_v2,cfbe9bb452dce273,getAllConfigs,3,2,True,train_dataset_2_test_dataset_1_seed_2,dataset_2,dataset_1,2
d2110a2c63cc9e7c,d2110a2c63cc9e7c_inj_latency_v2,0.7638895511627197,0.7638895511627197,0.0,False,d2110a2c63cc9e7c_inj_latency_v2,d2110a2c63cc9e7c,queryInfo,23,5,True,train_dataset_2_test_dataset_1_seed_2,dataset_2,dataset_1,2
d2ab5136725013d6,d2ab5136725013d6_inj_latency_v2,2.276702404022217,2.276702404022217,0.0,False,d2ab5136725013d6_inj_latency_v2,d2ab5136725013d6,queryInfo,97,10,True,train_dataset_2_test_dataset_1_seed_2,dataset_2,dataset_1,2
d3aff0b566abef01,d3aff0b566abef01_inj_latency_v2,1.098028302192688,0.06888308376073837,-1.0291452184319496,False,d3aff0b566abef01_inj_latency_v2,d3aff0b566abef01,getOrderById,1,1,True,train_dataset_2_test_dataset_1_seed_2,dataset_2,dataset_1,2
d46f104608b5241f,d46f104608b5241f_inj_latency_v2,0.7484381794929504,0.4859776496887207,-0.26246052980422974,False,d46f104608b5241f_inj_latency_v2,d46f104608b5241f,queryOrdersForRefresh,3,2,True,train_dataset_2_test_dataset_1_seed_2,dataset_2,dataset_1,2
d4c823ccc9d9d17a,d4c823ccc9d9d17a_inj_latency_v2,1.349547028541565,0.7263176441192627,-0.6232293844223022,False,d4c823ccc9d9d17a_inj_latency_v2,d4c823ccc9d9d17a,queryOrdersForRefresh,3,2,True,train_dataset_2_test_dataset_1_seed_2,dataset_2,dataset_1,2
d92af8df8dc53763,d92af8df8dc53763_inj_latency_v2,1.1364299058914185,0.040504951030015945,-1.0959249548614025,False,d92af8df8dc53763_inj_latency_v2,d92af8df8dc53763,getAllAssuranceType,1,1,True,train_dataset_2_test_dataset_1_seed_2,dataset_2,dataset_1,2
db380a84928baafb,db380a84928baafb_inj_latency_v2,2.276702404022217,2.276702404022217,0.0,False,db380a84928baafb_inj_latency_v2,db380a84928baafb,queryInfo,97,10,True,train_dataset_2_test_dataset_1_seed_2,dataset_2,dataset_1,2
dd1eb3699b3a1ce6,dd1eb3699b3a1ce6_inj_latency_v2,1.406089186668396,0.5981879830360413,-0.8079012036323547,False,dd1eb3699b3a1ce6_inj_latency_v2,dd1eb3699b3a1ce6,queryOrdersForRefresh,3,2,True,train_dataset_2_test_dataset_1_seed_2,dataset_2,dataset_1,2
e3841fcaa38d0665,e3841fcaa38d0665_inj_latency_v2,0.976300060749054,0.2006397545337677,-0.7756603062152863,False,e3841fcaa38d0665_inj_latency_v2,e3841fcaa38d0665,getAllAssuranceType,1,1,True,train_dataset_2_test_dataset_1_seed_2,dataset_2,dataset_1,2
e416007e2e43899f,e416007e2e43899f_inj_latency_v2,1.804244041442871,1.804244041442871,0.0,False,e416007e2e43899f_inj_latency_v2,e416007e2e43899f,getAllFood,13,5,True,train_dataset_2_test_dataset_1_seed_2,dataset_2,dataset_1,2
e4f2da2ca09a3673,e4f2da2ca09a3673_inj_latency_v2,1.0808489322662354,1.0808489322662354,0.0,False,e4f2da2ca09a3673_inj_latency_v2,e4f2da2ca09a3673,queryInfo,23,5,True,train_dataset_2_test_dataset_1_seed_2,dataset_2,dataset_1,2
e626a7c52a2ba305,e626a7c52a2ba305_inj_latency_v2,1.804244041442871,1.804244041442871,0.0,False,e626a7c52a2ba305_inj_latency_v2,e626a7c52a2ba305,getAllFood,13,5,True,train_dataset_2_test_dataset_1_seed_2,dataset_2,dataset_1,2
e70e448729f24dfb,e70e448729f24dfb_inj_latency_v2,0.7142992615699768,0.7142992615699768,0.0,False,e70e448729f24dfb_inj_latency_v2,e70e448729f24dfb,queryInfo,103,10,True,train_dataset_2_test_dataset_1_seed_2,dataset_2,dataset_1,2
e737ecef7579e257,e737ecef7579e257_inj_latency_v2,1.0999476909637451,1.0999476909637451,0.0,False,e737ecef7579e257_inj_latency_v2,e737ecef7579e257,getAllFood,13,5,True,train_dataset_2_test_dataset_1_seed_2,dataset_2,dataset_1,2
e750ce963c7813fc,e750ce963c7813fc_inj_latency_v2,0.887787401676178,0.7799016237258911,-0.10788577795028687,False,e750ce963c7813fc_inj_latency_v2,e750ce963c7813fc,queryInfo,23,5,True,train_dataset_2_test_dataset_1_seed_2,dataset_2,dataset_1,2
f01f17547ea077bc,f01f17547ea077bc_inj_latency_v2,0.7692581415176392,0.4076853096485138,-0.36157283186912537,False,f01f17547ea077bc_inj_latency_v2,f01f17547ea077bc,getAllAssuranceType,1,1,True,train_dataset_2_test_dataset_1_seed_2,dataset_2,dataset_1,2
f4d69ebc8b8c4051,f4d69ebc8b8c4051_inj_latency_v2,1.191921353340149,0.6804318428039551,-0.5114895105361938,False,f4d69ebc8b8c4051_inj_latency_v2,f4d69ebc8b8c4051,queryOrdersForRefresh,3,2,True,train_dataset_2_test_dataset_1_seed_2,dataset_2,dataset_1,2
f6e85be8f2770567,f6e85be8f2770567_inj_latency_v2,0.8058132529258728,0.37112957239151,-0.4346836805343628,False,f6e85be8f2770567_inj_latency_v2,f6e85be8f2770567,getAllAssuranceType,1,1,True,train_dataset_2_test_dataset_1_seed_2,dataset_2,dataset_1,2
fb55045c39b42a9c,fb55045c39b42a9c_inj_latency_v2,1.823395848274231,0.6913422346115112,-1.1320536136627197,False,fb55045c39b42a9c_inj_latency_v2,fb55045c39b42a9c,POST,2,1,True,train_dataset_2_test_dataset_1_seed_2,dataset_2,dataset_1,2
fb5ef3c8b7578bb8,fb5ef3c8b7578bb8_inj_latency_v2,1.804244041442871,1.804244041442871,0.0,False,fb5ef3c8b7578bb8_inj_latency_v2,fb5ef3c8b7578bb8,getAllFood,13,5,True,train_dataset_2_test_dataset_1_seed_2,dataset_2,dataset_1,2
fbaef02f7c8260d8,fbaef02f7c8260d8_inj_latency_v2,0.7319585084915161,0.6899194717407227,-0.04203903675079346,False,fbaef02f7c8260d8_inj_latency_v2,fbaef02f7c8260d8,findByAccountId,1,1,True,train_dataset_2_test_dataset_1_seed_2,dataset_2,dataset_1,2
fecbbb74ea23e780,fecbbb74ea23e780_inj_latency_v2,2.276702404022217,2.276702404022217,0.0,False,fecbbb74ea23e780_inj_latency_v2,fecbbb74ea23e780,queryInfo,97,10,True,train_dataset_2_test_dataset_1_seed_2,dataset_2,dataset_1,2
0082bc65ca2be88c,0082bc65ca2be88c_inj_latency_v2,1.8295133113861084,1.0336682796478271,-0.7958450317382812,False,0082bc65ca2be88c_inj_latency_v2,0082bc65ca2be88c,updateOrder,2,1,True,train_dataset_2_test_dataset_3_seed_2,dataset_2,dataset_3,2
03936fa843b81eb0,03936fa843b81eb0_inj_latency_v2,1.1383512020111084,0.7914739847183228,-0.34687721729278564,False,03936fa843b81eb0_inj_latency_v2,03936fa843b81eb0,pay,2,1,True,train_dataset_2_test_dataset_3_seed_2,dataset_2,dataset_3,2
119d3d0c7e20ef98,119d3d0c7e20ef98_inj_latency_v2,0.8621687889099121,0.7687927484512329,-0.0933760404586792,False,119d3d0c7e20ef98_inj_latency_v2,119d3d0c7e20ef98,getAllUsers,3,2,True,train_dataset_2_test_dataset_3_seed_2,dataset_2,dataset_3,2
14eb175f20a1f82b,14eb175f20a1f82b_inj_latency_v2,1.1681252717971802,0.8479064702987671,-0.3202188014984131,False,14eb175f20a1f82b_inj_latency_v2,14eb175f20a1f82b,queryOrdersForRefresh,3,2,True,train_dataset_2_test_dataset_3_seed_2,dataset_2,dataset_3,2
15554261fd7babbb,15554261fd7babbb_inj_latency_v2,2.64316987991333,1.5244005918502808,-1.1187692880630493,False,15554261fd7babbb_inj_latency_v2,15554261fd7babbb,getAllConfigs,3,2,True,train_dataset_2_test_dataset_3_seed_2,dataset_2,dataset_3,2
282da289dca8852b,282da289dca8852b_inj_latency_v2,2.046353816986084,0.42303910851478577,-1.6233147084712982,False,282da289dca8852b_inj_latency_v2,282da289dca8852b,addRoute,3,2,True,train_dataset_2_test_dataset_3_seed_2,dataset_2,dataset_3,2
482e0ab928396441,482e0ab928396441_inj_latency_v2,0.8703489303588867,0.8703489303588867,0.0,False,482e0ab928396441_inj_latency_v2,482e0ab928396441,queryInfo,23,5,True,train_dataset_2_test_dataset_3_seed_2,dataset_2,dataset_3,2
500a3b190d91100e,500a3b190d91100e_inj_latency_v2,1.804244041442871,1.804244041442871,0.0,False,500a3b190d91100e_inj_latency_v2,500a3b190d91100e,getToken,3,2,True,train_dataset_2_test_dataset_3_seed_2,dataset_2,dataset_3,2
5203cb8b61b2152d,5203cb8b61b2152d_inj_latency_v2,1.804244041442871,1.804244041442871,0.0,False,5203cb8b61b2152d_inj_latency_v2,5203cb8b61b2152d,getAllFood,13,5,True,train_dataset_2_test_dataset_3_seed_2,dataset_2,dataset_3,2
5fc44ca1454038bc,5fc44ca1454038bc_inj_latency_v2,0.7694095373153687,0.6524679660797119,-0.11694157123565674,False,5fc44ca1454038bc_inj_latency_v2,5fc44ca1454038bc,findByOrderId,1,1,True,train_dataset_2_test_dataset_3_seed_2,dataset_2,dataset_3,2
60e68471a5b569b9,60e68471a5b569b9_inj_latency_v2,2.400627851486206,2.3355231285095215,-0.06510472297668457,False,60e68471a5b569b9_inj_latency_v2,60e68471a5b569b9,deleteStation,3,2,True,train_dataset_2_test_dataset_3_seed_2,dataset_2,dataset_3,2
618e63a8fca0d439,618e63a8fca0d439_inj_latency_v2,0.7875992059707642,0.7185384035110474,-0.0690608024597168,False,618e63a8fca0d439_inj_latency_v2,618e63a8fca0d439,addTravel,3,2,True,train_dataset_2_test_dataset_3_seed_2,dataset_2,dataset_3,2
6707c0ba4b226577,6707c0ba4b226577_inj_latency_v2,1.804244041442871,1.804244041442871,0.0,False,6707c0ba4b226577_inj_latency_v2,6707c0ba4b226577,getAllFood,13,5,True,train_dataset_2_test_dataset_3_seed_2,dataset_2,dataset_3,2
6794d22e1ac9a173,6794d22e1ac9a173_inj_latency_v2,2.276702404022217,2.276702404022217,0.0,False,6794d22e1ac9a173_inj_latency_v2,6794d22e1ac9a173,queryInfo,94,9,True,train_dataset_2_test_dataset_3_seed_2,dataset_2,dataset_3,2
6c2a47780bd413ca,6c2a47780bd413ca_inj_latency_v2,1.546770453453064,0.9430810809135437,-0.6036893725395203,False,6c2a47780bd413ca_inj_latency_v2,6c2a47780bd413ca,getAllOrders,4,2,True,train_dataset_2_test_dataset_3_seed_2,dataset_2,dataset_3,2
70d74443a791be6e,70d74443a791be6e_inj_latency_v2,1.1383512020111084,0.380959689617157,-0.7573915123939514,False,70d74443a791be6e_inj_latency_v2,70d74443a791be6e,pay,2,1,True,train_dataset_2_test_dataset_3_seed_2,dataset_2,dataset_3,2
7919c76da0ad158f,7919c76da0ad158f_inj_latency_v2,0.5407450199127197,0.36402252316474915,-0.17672249674797058,False,7919c76da0ad158f_inj_latency_v2,7919c76da0ad158f,findContactsByAccountId,1,1,True,train_dataset_2_test_dataset_3_seed_2,dataset_2,dataset_3,2
793927759db53559,793927759db53559_inj_latency_v2,1.8252054452896118,0.673366904258728,-1.1518385410308838,False,793927759db53559_inj_latency_v2,793927759db53559,POST,2,1,True,train_dataset_2_test_dataset_3_seed_2,dataset_2,dataset_3,2
7cd6a0b8869cdb82,7cd6a0b8869cdb82_inj_latency_v2,1.1448742151260376,0.032060686498880386,-1.1128135286271572,False,7cd6a0b8869cdb82_inj_latency_v2,7cd6a0b8869cdb82,getAllAssuranceType,1,1,True,train_dataset_2_test_dataset_3_seed_2,dataset_2,dataset_3,2
80896f44057fd953,80896f44057fd953_inj_latency_v2,2.250265121459961,1.3225106000900269,-0.9277545213699341,False,80896f44057fd953_inj_latency_v2,80896f44057fd953,modifyConfig,3,2,True,train_dataset_2_test_dataset_3_seed_2,dataset_2,dataset_3,2
819bf276bdac6fa4,819bf276bdac6fa4_inj_latency_v2,1.804244041442871,1.804244041442871,0.0,False,819bf276bdac6fa4_inj_latency_v2,819bf276bdac6fa4,getToken,3,2,True,train_dataset_2_test_dataset_3_seed_2,dataset_2,dataset_3,2
8468dc3fbe05b7bd,8468dc3fbe05b7bd_inj_latency_v2,2.276702404022217,2.276702404022217,0.0,False,8468dc3fbe05b7bd_inj_latency_v2,8468dc3fbe05b7bd,queryInfo,94,9,True,train_dataset_2_test_dataset_3_seed_2,dataset_2,dataset_3,2
8d296422e9b0dca8,8d296422e9b0dca8_inj_latency_v2,0.6698653697967529,0.23490044474601746,-0.4349649250507355,False,8d296422e9b0dca8_inj_latency_v2,8d296422e9b0dca8,findContactsByAccountId,1,1,True,train_dataset_2_test_dataset_3_seed_2,dataset_2,dataset_3,2
9336eb03ee1b0a99,9336eb03ee1b0a99_inj_latency_v2,2.276702404022217,2.276702404022217,0.0,False,9336eb03ee1b0a99_inj_latency_v2,9336eb03ee1b0a99,queryInfo,94,9,True,train_dataset_2_test_dataset_3_seed_2,dataset_2,dataset_3,2
a1610e1ad51d3b84,a1610e1ad51d3b84_inj_latency_v2,1.0772640705108643,0.8784757852554321,-0.19878828525543213,False,a1610e1ad51d3b84_inj_latency_v2,a1610e1ad51d3b84,updateConsign,3,2,True,train_dataset_2_test_dataset_3_seed_2,dataset_2,dataset_3,2
a44cba0648d44308,a44cba0648d44308_inj_latency_v2,0.9874142408370972,0.7638990879058838,-0.22351515293121338,False,a44cba0648d44308_inj_latency_v2,a44cba0648d44308,updateUser,3,2,True,train_dataset_2_test_dataset_3_seed_2,dataset_2,dataset_3,2
a4d954c05b5ffb55,a4d954c05b5ffb55_inj_latency_v2,0.8994945287704468,0.8677617907524109,-0.03173273801803589,False,a4d954c05b5ffb55_inj_latency_v2,a4d954c05b5ffb55,pay,7,3,True,train_dataset_2_test_dataset_3_seed_2,dataset_2,dataset_3,2
b33543dcc2421cdd,b33543dcc2421cdd_inj_latency_v2,0.7338986992835999,0.6696949005126953,-0.06420379877090454,False,b33543dcc2421cdd_inj_latency_v2,b33543dcc2421cdd,queryOrdersForRefresh,3,2,True,train_dataset_2_test_dataset_3_seed_2,dataset_2,dataset_3,2
ba17990206955345,ba17990206955345_inj_latency_v2,2.276702404022217,2.276702404022217,0.0,False,ba17990206955345_inj_latency_v2,ba17990206955345,queryInfo,94,9,True,train_dataset_2_test_dataset_3_seed_2,dataset_2,dataset_3,2
bb48454654d1cfc8,bb48454654d1cfc8_inj_latency_v2,0.7556042075157166,0.666273295879364,-0.08933091163635254,False,bb48454654d1cfc8_inj_latency_v2,bb48454654d1cfc8,findByOrderId,1,1,True,train_dataset_2_test_dataset_3_seed_2,dataset_2,dataset_3,2
bf60ce59fd4a5090,bf60ce59fd4a5090_inj_latency_v2,1.5029428005218506,0.8043856620788574,-0.6985571384429932,False,bf60ce59fd4a5090_inj_latency_v2,bf60ce59fd4a5090,deleteRoute,3,2,True,train_dataset_2_test_dataset_3_seed_2,dataset_2,dataset_3,2
c3b4179b96dc5829,c3b4179b96dc5829_inj_latency_v2,1.1182805299758911,0.34393104910850525,-0.7743494808673859,False,c3b4179b96dc5829_inj_latency_v2,c3b4179b96dc5829,pay,2,1,True,train_dataset_2_test_dataset_3_seed_2,dataset_2,dataset_3,2
c79486676a6a1371,c79486676a6a1371_inj_latency_v2,2.276702404022217,2.276702404022217,0.0,False,c79486676a6a1371_inj_latency_v2,c79486676a6a1371,queryInfo,94,9,True,train_dataset_2_test_dataset_3_seed_2,dataset_2,dataset_3,2
c7cb7858026d9ea3,c7cb7858026d9ea3_inj_latency_v2,2.276702404022217,2.276702404022217,0.0,False,c7cb7858026d9ea3_inj_latency_v2,c7cb7858026d9ea3,queryInfo,94,9,True,train_dataset_2_test_dataset_3_seed_2,dataset_2,dataset_3,2
e47281530a217b0c,e47281530a217b0c_inj_latency_v2,1.297019600868225,0.12484946846961975,-1.1721701323986053,False,e47281530a217b0c_inj_latency_v2,e47281530a217b0c,findByAccountId,1,1,True,train_dataset_2_test_dataset_3_seed_2,dataset_2,dataset_3,2
e84fe9819b911796,e84fe9819b911796_inj_latency_v2,1.1383512020111084,0.7207191586494446,-0.4176320433616638,False,e84fe9819b911796_inj_latency_v2,e84fe9819b911796,pay,2,1,True,train_dataset_2_test_dataset_3_seed_2,dataset_2,dataset_3,2
01ff481fe2f06ccd,01ff481fe2f06ccd_inj_latency_v2,2.8442819118499756,2.5134451389312744,-0.33083677291870117,False,01ff481fe2f06ccd_inj_latency_v2,01ff481fe2f06ccd,getAllTrains,3,2,True,train_dataset_3_test_dataset_1_seed_2,dataset_3,dataset_1,2
028e50b177ff6b9e,028e50b177ff6b9e_inj_latency_v2,1.1622952222824097,1.1622952222824097,0.0,False,028e50b177ff6b9e_inj_latency_v2,028e50b177ff6b9e,getAllFood,13,5,True,train_dataset_3_test_dataset_1_seed_2,dataset_3,dataset_1,2
08ea3dfb37e25b9f,08ea3dfb37e25b9f_inj_latency_v2,2.1669673919677734,2.1669673919677734,0.0,False,08ea3dfb37e25b9f_inj_latency_v2,08ea3dfb37e25b9f,queryInfo,23,5,True,train_dataset_3_test_dataset_1_seed_2,dataset_3,dataset_1,2
129098532f370700,129098532f370700_inj_latency_v2,2.1669673919677734,2.1669673919677734,0.0,False,129098532f370700_inj_latency_v2,129098532f370700,queryInfo,23,5,True,train_dataset_3_test_dataset_1_seed_2,dataset_3,dataset_1,2
12a19d5f4469c52e,12a19d5f4469c52e_inj_latency_v2,1.86652410030365,1.86652410030365,0.0,False,12a19d5f4469c52e_inj_latency_v2,12a19d5f4469c52e,getAllFood,13,5,True,train_dataset_3_test_dataset_1_seed_2,dataset_3,dataset_1,2
1b7a7713207ec2bc,1b7a7713207ec2bc_inj_latency_v2,1.4791853427886963,1.4791853427886963,0.0,False,1b7a7713207ec2bc_inj_latency_v2,1b7a7713207ec2bc,getAllTravels,45,5,True,train_dataset_3_test_dataset_1_seed_2,dataset_3,dataset_1,2
1fa3037f1b9cdff7,1fa3037f1b9cdff7_inj_latency_v2,0.5309667587280273,0.506740152835846,-0.024226605892181396,False,1fa3037f1b9cdff7_inj_latency_v2,1fa3037f1b9cdff7,findContactsByAccountId,1,1,True,train_dataset_3_test_dataset_1_seed_2,dataset_3,dataset_1,2
22de19f916a777b5,22de19f916a777b5_inj_latency_v2,1.4882177114486694,1.4882177114486694,0.0,False,22de19f916a777b5_inj_latency_v2,22de19f916a777b5,queryInfo,23,5,True,train_dataset_3_test_dataset_1_seed_2,dataset_3,dataset_1,2
23b959132ebaa72b,23b959132ebaa72b_inj_latency_v2,1.56303870677948,0.9621461033821106,-0.6008926033973694,False,23b959132ebaa72b_inj_latency_v2,23b959132ebaa72b,DELETE,2,1,True,train_dataset_3_test_dataset_1_seed_2,dataset_3,dataset_1,2
25b13a4a84ebf45e,25b13a4a84ebf45e_inj_latency_v2,0.7710856795310974,0.4817381799221039,-0.28934749960899353,False,25b13a4a84ebf45e_inj_latency_v2,25b13a4a84ebf45e,imageCode,1,1,True,train_dataset_3_test_dataset_1_seed_2,dataset_3,dataset_1,2
2932ad71ec1db532,2932ad71ec1db532_inj_latency_v2,0.5812456011772156,0.1990273892879486,-0.38221821188926697,False,2932ad71ec1db532_inj_latency_v2,2932ad71ec1db532,getAllAssuranceType,1,1,True,train_dataset_3_test_dataset_1_seed_2,dataset_3,dataset_1,2
2d4e802c303a7228,2d4e802c303a7228_inj_latency_v2,1.178632140159607,1.178632140159607,0.0,False,2d4e802c303a7228_inj_latency_v2,2d4e802c303a7228,queryInfo,23,5,True,train_dataset_3_test_dataset_1_seed_2,dataset_3,dataset_1,2
2ff5c4fc800d217c,2ff5c4fc800d217c_inj_latency_v2,1.86652410030365,1.86652410030365,0.0,False,2ff5c4fc800d217c_inj_latency_v2,2ff5c4fc800d217c,getAllFood,13,5,True,train_dataset_3_test_dataset_1_seed_2,dataset_3,dataset_1,2
32c418ec4c49eba5,32c418ec4c49eba5_inj_latency_v2,1.4791853427886963,0.716610312461853,-0.7625750303268433,False,32c418ec4c49eba5_inj_latency_v2,32c418ec4c49eba5,addTravel,2,1,True,train_dataset_3_test_dataset_1_seed_2,dataset_3,dataset_1,2
37bc0722864cfd8f,37bc0722864cfd8f_inj_latency_v2,0.6088142991065979,0.17145779728889465,-0.43735650181770325,False,37bc0722864cfd8f_inj_latency_v2,37bc0722864cfd8f,getAllAssuranceType,1,1,True,train_dataset_3_test_dataset_1_seed_2,dataset_3,dataset_1,2
38c324989983c3f9,38c324989983c3f9_inj_latency_v2,1.86652410030365,1.86652410030365,0.0,False,38c324989983c3f9_inj_latency_v2,38c324989983c3f9,getAllFood,13,5,True,train_dataset_3_test_dataset_1_seed_2,dataset_3,dataset_1,2
3c0028a52c0282da,3c0028a52c0282da_inj_latency_v2,1.86652410030365,1.86652410030365,0.0,False,3c0028a52c0282da_inj_latency_v2,3c0028a52c0282da,preserve,141,17,True,train_dataset_3_test_dataset_1_seed_2,dataset_3,dataset_1,2
3c76172e8dd13512,3c76172e8dd13512_inj_latency_v2,1.86652410030365,1.86652410030365,0.0,False,3c76172e8dd13512_inj_latency_v2,3c76172e8dd13512,getAllFood,13,5,True,train_dataset_3_test_dataset_1_seed_2,dataset_3,dataset_1,2
3d6a86efa17d7a6a,3d6a86efa17d7a6a_inj_latency_v2,1.5195472240447998,0.9175668358802795,-0.6019803881645203,False,3d6a86efa17d7a6a_inj_latency_v2,3d6a86efa17d7a6a,queryOrdersForRefresh,3,2,True,train_dataset_3_test_dataset_1_seed_2,dataset_3,dataset_1,2
3da370578de86f4c,3da370578de86f4c_inj_latency_v2,1.1214311122894287,1.0014498233795166,-0.11998128890991211,False,3da370578de86f4c_inj_latency_v2,3da370578de86f4c,updateOrder,3,2,True,train_dataset_3_test_dataset_1_seed_2,dataset_3,dataset_1,2
3fcf32c76789dec4,3fcf32c76789dec4_inj_latency_v2,0.7419103980064392,0.5109138488769531,-0.23099654912948608,False,3fcf32c76789dec4_inj_latency_v2,3fcf32c76789dec4,imageCode,1,1,True,train_dataset_3_test_dataset_1_seed_2,dataset_3,dataset_1,2
441798d2776bfbf7,441798d2776bfbf7_inj_latency_v2,0.8263515830039978,0.4264715611934662,-0.3998800218105316,False,441798d2776bfbf7_inj_latency_v2,441798d2776bfbf7,imageCode,1,1,True,train_dataset_3_test_dataset_1_seed_2,dataset_3,dataset_1,2
45bba1c9db589548,45bba1c9db589548_inj_latency_v2,1.86652410030365,1.86652410030365,0.0,False,45bba1c9db589548_inj_latency_v2,45bba1c9db589548,preserve,143,18,True,train_dataset_3_test_dataset_1_seed_2,dataset_3,dataset_1,2
466fc557e9bc9423,466fc557e9bc9423_inj_latency_v2,0.5307356715202332,0.249538391828537,-0.28119727969169617,False,466fc557e9bc9423_inj_latency_v2,466fc557e9bc9423,getAllAssuranceType,1,1,True,train_dataset_3_test_dataset_1_seed_2,dataset_3,dataset_1,2
47ca1a9fb49a76f8,47ca1a9fb49a76f8_inj_latency_v2,0.8665940761566162,0.08633777499198914,-0.7802563011646271,False,47ca1a9fb49a76f8_inj_latency_v2,47ca1a9fb49a76f8,getAllAssuranceType,1,1,True,train_dataset_3_test_dataset_1_seed_2,dataset_3,dataset_1,2
4854388ca8b98c38,4854388ca8b98c38_inj_latency_v2,2.1669673919677734,2.1669673919677734,0.0,False,4854388ca8b98c38_inj_latency_v2,4854388ca8b98c38,queryInfo,23,5,True,train_dataset_3_test_dataset_1_seed_2,dataset_3,dataset_1,2
49db533975155581,49db533975155581_inj_latency_v2,1.86652410030365,1.86652410030365,0.0,False,49db533975155581_inj_latency_v2,49db533975155581,preserve,44,12,True,train_dataset_3_test_dataset_1_seed_2,dataset_3,dataset_1,2
4a1d538d25ed9503,4a1d538d25ed9503_inj_latency_v2,2.1669673919677734,2.1669673919677734,0.0,False,4a1d538d25ed9503_inj_latency_v2,4a1d538d25ed9503,queryInfo,23,5,True,train_dataset_3_test_dataset_1_seed_2,dataset_3,dataset_1,2
5372731089374370,5372731089374370_inj_latency_v2,1.4791853427886963,1.4791853427886963,0.0,False,5372731089374370_inj_latency_v2,5372731089374370,getAllOrders,5,3,True,train_dataset_3_test_dataset_1_seed_2,dataset_3,dataset_1,2
56760a818feec5f8,56760a818feec5f8_inj_latency_v2,0.6733248233795166,0.5795000791549683,-0.09382474422454834,False,56760a818feec5f8_inj_latency_v2,56760a818feec5f8,imageCode,1,1,True,train_dataset_3_test_dataset_1_seed_2,dataset_3,dataset_1,2
57d6c01c5ee3a12f,57d6c01c5ee3a12f_inj_latency_v2,0.8667626976966858,0.38606011867523193,-0.48070257902145386,False,57d6c01c5ee3a12f_inj_latency_v2,57d6c01c5ee3a12f,imageCode,1,1,True,train_dataset_3_test_dataset_1_seed_2,dataset_3,dataset_1,2
5891283921f2132c,5891283921f2132c_inj_latency_v2,1.3620439767837524,1.074491024017334,-0.28755295276641846,False,5891283921f2132c_inj_latency_v2,5891283921f2132c,updateUser,3,2,True,train_dataset_3_test_dataset_1_seed_2,dataset_3,dataset_1,2
58b6e27d10da3ec0,58b6e27d10da3ec0_inj_latency_v2,1.3760167360305786,0.6037659049034119,-0.7722508311271667,False,58b6e27d10da3ec0_inj_latency_v2,58b6e27d10da3ec0,updateUser,3,2,True,train_dataset_3_test_dataset_1_seed_2,dataset_3,dataset_1,2
58c96f0d904c8107,58c96f0d904c8107_inj_latency_v2,1.3475897312164307,1.0840041637420654,-0.26358556747436523,False,58c96f0d904c8107_inj_latency_v2,58c96f0d904c8107,getAllUsers,3,2,True,train_dataset_3_test_dataset_1_seed_2,dataset_3,dataset_1,2
5c2e86cfbb99f31f,5c2e86cfbb99f31f_inj_latency_v2,1.86652410030365,1.86652410030365,0.0,False,5c2e86cfbb99f31f_inj_latency_v2,5c2e86cfbb99f31f,preserve,141,17,True,train_dataset_3_test_dataset_1_seed_2,dataset_3,dataset_1,2
600b5a617c044804,600b5a617c044804_inj_latency_v2,2.0201737880706787,2.0201737880706787,0.0,False,600b5a617c044804_inj_latency_v2,600b5a617c044804,queryInfo,245,10,True,train_dataset_3_test_dataset_1_seed_2,dataset_3,dataset_1,2
6149cb8597e450e9,6149cb8597e450e9_inj_latency_v2,1.4791853427886963,1.4791853427886963,0.0,False,6149cb8597e450e9_inj_latency_v2,6149cb8597e450e9,updateTravel,3,2,True,train_dataset_3_test_dataset_1_seed_2,dataset_3,dataset_1,2
631c05e3c79a55f5,631c05e3c79a55f5_inj_latency_v2,2.336087226867676,1.915026307106018,-0.4210609197616577,False,631c05e3c79a55f5_inj_latency_v2,631c05e3c79a55f5,modifyPrice,3,2,True,train_dataset_3_test_dataset_1_seed_2,dataset_3,dataset_1,2
660e3433b799552e,660e3433b799552e_inj_latency_v2,1.86652410030365,1.86652410030365,0.0,False,660e3433b799552e_inj_latency_v2,660e3433b799552e,getAllFood,13,5,True,train_dataset_3_test_dataset_1_seed_2,dataset_3,dataset_1,2
662335f7673cfaca,662335f7673cfaca_inj_latency_v2,1.4791853427886963,1.4791853427886963,0.0,False,662335f7673cfaca_inj_latency_v2,662335f7673cfaca,getAllTravels,45,5,True,train_dataset_3_test_dataset_1_seed_2,dataset_3,dataset_1,2
6928637dbfd47870,6928637dbfd47870_inj_latency_v2,1.6693696975708008,1.2482002973556519,-0.4211694002151489,False,6928637dbfd47870_inj_latency_v2,6928637dbfd47870,DELETE,2,1,True,train_dataset_3_test_dataset_1_seed_2,dataset_3,dataset_1,2
6d475f987bfc7f1b,6d475f987bfc7f1b_inj_latency_v2,0.6344089508056641,0.14586208760738373,-0.48854686319828033,False,6d475f987bfc7f1b_inj_latency_v2,6d475f987bfc7f1b,getAllAssuranceType,1,1,True,train_dataset_3_test_dataset_1_seed_2,dataset_3,dataset_1,2
7138aef35d2116b2,7138aef35d2116b2_inj_latency_v2,0.42888888716697693,0.3513871729373932,-0.07750171422958374,False,7138aef35d2116b2_inj_latency_v2,7138aef35d2116b2,getAllAssuranceType,1,1,True,train_dataset_3_test_dataset_1_seed_2,dataset_3,dataset_1,2
719911734c5b50e3,719911734c5b50e3_inj_latency_v2,1.86652410030365,1.86652410030365,0.0,False,719911734c5b50e3_inj_latency_v2,719911734c5b50e3,POST,2,1,True,train_dataset_3_test_dataset_1_seed_2,dataset_3,dataset_1,2
71f75763df02f8f8,71f75763df02f8f8_inj_latency_v2,2.903510808944702,2.7427544593811035,-0.16075634956359863,False,71f75763df02f8f8_inj_latency_v2,71f75763df02f8f8,modifyTrain,3,2,True,train_dataset_3_test_dataset_1_seed_2,dataset_3,dataset_1,2
75028946369c8e64,75028946369c8e64_inj_latency_v2,1.4791853427886963,0.3722458481788635,-1.1069394946098328,False,75028946369c8e64_inj_latency_v2,75028946369c8e64,addTravel,2,1,True,train_dataset_3_test_dataset_1_seed_2,dataset_3,dataset_1,2
7604967b0de191c2,7604967b0de191c2_inj_latency_v2,0.758538007736206,0.2791633605957031,-0.47937464714050293,False,7604967b0de191c2_inj_latency_v2,7604967b0de191c2,findContactsByAccountId,1,1,True,train_dataset_3_test_dataset_1_seed_2,dataset_3,dataset_1,2
78628ba56ee0ded7,78628ba56ee0ded7_inj_latency_v2,1.0599383115768433,1.0599383115768433,0.0,False,78628ba56ee0ded7_inj_latency_v2,78628ba56ee0ded7,queryInfo,23,5,True,train_dataset_3_test_dataset_1_seed_2,dataset_3,dataset_1,2
7c0a1d34ed04f19b,7c0a1d34ed04f19b_inj_latency_v2,1.853987693786621,1.853987693786621,0.0,False,7c0a1d34ed04f19b_inj_latency_v2,7c0a1d34ed04f19b,queryInfo,23,5,True,train_dataset_3_test_dataset_1_seed_2,dataset_3,dataset_1,2
82a6b96f4d1faedb,82a6b96f4d1faedb_inj_latency_v2,0.6439481377601624,0.3937564194202423,-0.25019171833992004,False,82a6b96f4d1faedb_inj_latency_v2,82a6b96f4d1faedb,findContactsByAccountId,1,1,True,train_dataset_3_test_dataset_1_seed_2,dataset_3,dataset_1,2
83008a72c1761c41,83008a72c1761c41_inj_latency_v2,2.619997978210449,2.619997978210449,0.0,False,83008a72c1761c41_inj_latency_v2,83008a72c1761c41,queryInfo,245,10,True,train_dataset_3_test_dataset_1_seed_2,dataset_3,dataset_1,2
83378a8faf0029c0,83378a8faf0029c0_inj_latency_v2,2.619997978210449,2.619997978210449,0.0,False,83378a8faf0029c0_inj_latency_v2,83378a8faf0029c0,queryInfo,97,10,True,train_dataset_3_test_dataset_1_seed_2,dataset_3,dataset_1,2
894ecb51e2e30211,894ecb51e2e30211_inj_latency_v2,1.660712718963623,0.407929003238678,-1.252783715724945,False,894ecb51e2e30211_inj_latency_v2,894ecb51e2e30211,imageCode,1,1,True,train_dataset_3_test_dataset_1_seed_2,dataset_3,dataset_1,2
8990ad9cb25f4484,8990ad9cb25f4484_inj_latency_v2,0.7648292779922485,0.48799458146095276,-0.2768346965312958,False,8990ad9cb25f4484_inj_latency_v2,8990ad9cb25f4484,imageCode,1,1,True,train_dataset_3_test_dataset_1_seed_2,dataset_3,dataset_1,2
9503d78c0bb01d71,9503d78c0bb01d71_inj_latency_v2,1.3882803916931152,0.6983265280723572,-0.6899538636207581,False,9503d78c0bb01d71_inj_latency_v2,9503d78c0bb01d71,updateUser,3,2,True,train_dataset_3_test_dataset_1_seed_2,dataset_3,dataset_1,2
96dd564dd03cdfb7,96dd564dd03cdfb7_inj_latency_v2,1.7857948541641235,0.7296560406684875,-1.056138813495636,False,96dd564dd03cdfb7_inj_latency_v2,96dd564dd03cdfb7,DELETE,2,1,True,train_dataset_3_test_dataset_1_seed_2,dataset_3,dataset_1,2
9a90f76616c9f378,9a90f76616c9f378_inj_latency_v2,1.7685353755950928,0.35750657320022583,-1.411028802394867,False,9a90f76616c9f378_inj_latency_v2,9a90f76616c9f378,queryOrdersForRefresh,3,2,True,train_dataset_3_test_dataset_1_seed_2,dataset_3,dataset_1,2
9cbb27dd65c9d85c,9cbb27dd65c9d85c_inj_latency_v2,0.3973143994808197,0.38296207785606384,-0.01435232162475586,False,9cbb27dd65c9d85c_inj_latency_v2,9cbb27dd65c9d85c,getAllAssuranceType,1,1,True,train_dataset_3_test_dataset_1_seed_2,dataset_3,dataset_1,2
9de36229baf0c214,9de36229baf0c214_inj_latency_v2,1.86652410030365,1.86652410030365,0.0,False,9de36229baf0c214_inj_latency_v2,9de36229baf0c214,getAllFood,13,5,True,train_dataset_3_test_dataset_1_seed_2,dataset_3,dataset_1,2
9fea5d3996d596f4,9fea5d3996d596f4_inj_latency_v2,1.4791853427886963,1.4791853427886963,0.0,False,9fea5d3996d596f4_inj_latency_v2,9fea5d3996d596f4,addTravel,3,2,True,train_dataset_3_test_dataset_1_seed_2,dataset_3,dataset_1,2
a1b02600052d9098,a1b02600052d9098_inj_latency_v2,1.0616103410720825,1.0306192636489868,-0.030991077423095703,False,a1b02600052d9098_inj_latency_v2,a1b02600052d9098,findByOrderId,1,1,True,train_dataset_3_test_dataset_1_seed_2,dataset_3,dataset_1,2
a7b2313d89b8409b,a7b2313d89b8409b_inj_latency_v2,0.5838181376457214,0.45388785004615784,-0.1299302875995636,False,a7b2313d89b8409b_inj_latency_v2,a7b2313d89b8409b,findContactsByAccountId,1,1,True,train_dataset_3_test_dataset_1_seed_2,dataset_3,dataset_1,2
a80f8db9f0088039,a80f8db9f0088039_inj_latency_v2,1.4791853427886963,0.6793069839477539,-0.7998783588409424,False,a80f8db9f0088039_inj_latency_v2,a80f8db9f0088039,addTravel,2,1,True,train_dataset_3_test_dataset_1_seed_2,dataset_3,dataset_1,2
aac1f5c22552b054,aac1f5c22552b054_inj_latency_v2,2.1669673919677734,2.1669673919677734,0.0,False,aac1f5c22552b054_inj_latency_v2,aac1f5c22552b054,queryInfo,23,5,True,train_dataset_3_test_dataset_1_seed_2,dataset_3,dataset_1,2
ae0fa6700adafee7,ae0fa6700adafee7_inj_latency_v2,2.0701043605804443,2.0701043605804443,0.0,False,ae0fa6700adafee7_inj_latency_v2,ae0fa6700adafee7,getAllFood,5,3,True,train_dataset_3_test_dataset_1_seed_2,dataset_3,dataset_1,2
aef6b0308b854616,aef6b0308b854616_inj_latency_v2,1.86652410030365,1.86652410030365,0.0,False,aef6b0308b854616_inj_latency_v2,aef6b0308b854616,getAllFood,13,5,True,train_dataset_3_test_dataset_1_seed_2,dataset_3,dataset_1,2
b51267687f5439bb,b51267687f5439bb_inj_latency_v2,1.4791853427886963,1.4791853427886963,0.0,False,b51267687f5439bb_inj_latency_v2,b51267687f5439bb,addTravel,3,2,True,train_dataset_3_test_dataset_1_seed_2,dataset_3,dataset_1,2
b619083d8ed1d0ff,b619083d8ed1d0ff_inj_latency_v2,1.86652410030365,1.86652410030365,0.0,False,b619083d8ed1d0ff_inj_latency_v2,b619083d8ed1d0ff,preserve,9,5,True,train_dataset_3_test_dataset_1_seed_2,dataset_3,dataset_1,2
b73c17fb8625163e,b73c17fb8625163e_inj_latency_v2,0.7478813529014587,0.03238440304994583,-0.7154969498515129,False,b73c17fb8625163e_inj_latency_v2,b73c17fb8625163e,getAllAssuranceType,1,1,True,train_dataset_3_test_dataset_1_seed_2,dataset_3,dataset_1,2
bd358e28ee4d29ca,bd358e28ee4d29ca_inj_latency_v2,1.86652410030365,1.86652410030365,0.0,False,bd358e28ee4d29ca_inj_latency_v2,bd358e28ee4d29ca,preserve,141,17,True,train_dataset_3_test_dataset_1_seed_2,dataset_3,dataset_1,2
c2c6050836591363,c2c6050836591363_inj_latency_v2,2.361194610595703,1.8250550031661987,-0.5361396074295044,False,c2c6050836591363_inj_latency_v2,c2c6050836591363,deleteStation,3,2,True,train_dataset_3_test_dataset_1_seed_2,dataset_3,dataset_1,2
c585a0e8da5238a1,c585a0e8da5238a1_inj_latency_v2,1.4558792114257812,0.6923350095748901,-0.7635442018508911,False,c585a0e8da5238a1_inj_latency_v2,c585a0e8da5238a1,getAllUsers,3,2,True,train_dataset_3_test_dataset_1_seed_2,dataset_3,dataset_1,2
c5cde63b64110aae,c5cde63b64110aae_inj_latency_v2,0.46873536705970764,0.3115402162075043,-0.15719515085220337,False,c5cde63b64110aae_inj_latency_v2,c5cde63b64110aae,getAllAssuranceType,1,1,True,train_dataset_3_test_dataset_1_seed_2,dataset_3,dataset_1,2
c69540c0a0e238ec,c69540c0a0e238ec_inj_latency_v2,0.8951385021209717,0.35768362879753113,-0.5374548733234406,False,c69540c0a0e238ec_inj_latency_v2,c69540c0a0e238ec,imageCode,1,1,True,train_dataset_3_test_dataset_1_seed_2,dataset_3,dataset_1,2
cbf9d27f7fc51e53,cbf9d27f7fc51e53_inj_latency_v2,1.4454299211502075,1.4454299211502075,0.0,False,cbf9d27f7fc51e53_inj_latency_v2,cbf9d27f7fc51e53,queryInfo,23,5,True,train_dataset_3_test_dataset_1_seed_2,dataset_3,dataset_1,2
cc3c4fa1c8c8dcd2,cc3c4fa1c8c8dcd2_inj_latency_v2,0.811911940574646,0.811911940574646,0.0,False,cc3c4fa1c8c8dcd2_inj_latency_v2,cc3c4fa1c8c8dcd2,getAllFood,13,5,True,train_dataset_3_test_dataset_1_seed_2,dataset_3,dataset_1,2
cefaab51f759c69a,cefaab51f759c69a_inj_latency_v2,1.86652410030365,1.86652410030365,0.0,False,cefaab51f759c69a_inj_latency_v2,cefaab51f759c69a,getAllFood,13,5,True,train_dataset_3_test_dataset_1_seed_2,dataset_3,dataset_1,2
d2110a2c63cc9e7c,d2110a2c63cc9e7c_inj_latency_v2,0.8967041969299316,0.8967041969299316,0.0,False,d2110a2c63cc9e7c_inj_latency_v2,d2110a2c63cc9e7c,queryInfo,23,5,True,train_dataset_3_test_dataset_1_seed_2,dataset_3,dataset_1,2
d92af8df8dc53763,d92af8df8dc53763_inj_latency_v2,0.6407777667045593,0.13949301838874817,-0.5012847483158112,False,d92af8df8dc53763_inj_latency_v2,d92af8df8dc53763,getAllAssuranceType,1,1,True,train_dataset_3_test_dataset_1_seed_2,dataset_3,dataset_1,2
db380a84928baafb,db380a84928baafb_inj_latency_v2,2.619997978210449,2.619997978210449,0.0,False,db380a84928baafb_inj_latency_v2,db380a84928baafb,queryInfo,97,10,True,train_dataset_3_test_dataset_1_seed_2,dataset_3,dataset_1,2
e3841fcaa38d0665,e3841fcaa38d0665_inj_latency_v2,0.5346167087554932,0.24565735459327698,-0.2889593541622162,False,e3841fcaa38d0665_inj_latency_v2,e3841fcaa38d0665,getAllAssuranceType,1,1,True,train_dataset_3_test_dataset_1_seed_2,dataset_3,dataset_1,2
e4f2da2ca09a3673,e4f2da2ca09a3673_inj_latency_v2,1.8318299055099487,1.8318299055099487,0.0,False,e4f2da2ca09a3673_inj_latency_v2,e4f2da2ca09a3673,queryInfo,23,5,True,train_dataset_3_test_dataset_1_seed_2,dataset_3,dataset_1,2
e54ba7abab054171,e54ba7abab054171_inj_latency_v2,2.9583706855773926,2.769052505493164,-0.18931818008422852,False,e54ba7abab054171_inj_latency_v2,e54ba7abab054171,getAllTrains,3,2,True,train_dataset_3_test_dataset_1_seed_2,dataset_3,dataset_1,2
e626a7c52a2ba305,e626a7c52a2ba305_inj_latency_v2,1.86652410030365,1.86652410030365,0.0,False,e626a7c52a2ba305_inj_latency_v2,e626a7c52a2ba305,getAllFood,13,5,True,train_dataset_3_test_dataset_1_seed_2,dataset_3,dataset_1,2
e70e448729f24dfb,e70e448729f24dfb_inj_latency_v2,2.062251567840576,2.062251567840576,0.0,False,e70e448729f24dfb_inj_latency_v2,e70e448729f24dfb,queryInfo,103,10,True,train_dataset_3_test_dataset_1_seed_2,dataset_3,dataset_1,2
e737ecef7579e257,e737ecef7579e257_inj_latency_v2,1.86652410030365,1.86652410030365,0.0,False,e737ecef7579e257_inj_latency_v2,e737ecef7579e257,getAllFood,13,5,True,train_dataset_3_test_dataset_1_seed_2,dataset_3,dataset_1,2
e750ce963c7813fc,e750ce963c7813fc_inj_latency_v2,1.0685993432998657,0.8882381319999695,-0.18036121129989624,False,e750ce963c7813fc_inj_latency_v2,e750ce963c7813fc,queryInfo,23,5,True,train_dataset_3_test_dataset_1_seed_2,dataset_3,dataset_1,2
e96f63173dd4c697,e96f63173dd4c697_inj_latency_v2,1.86652410030365,1.86652410030365,0.0,False,e96f63173dd4c697_inj_latency_v2,e96f63173dd4c697,preserve,141,17,True,train_dataset_3_test_dataset_1_seed_2,dataset_3,dataset_1,2
f01f17547ea077bc,f01f17547ea077bc_inj_latency_v2,0.39735445380210876,0.3829220235347748,-0.014432430267333984,False,f01f17547ea077bc_inj_latency_v2,f01f17547ea077bc,getAllAssuranceType,1,1,True,train_dataset_3_test_dataset_1_seed_2,dataset_3,dataset_1,2
f2b14a336dd8f964,f2b14a336dd8f964_inj_latency_v2,0.7248421907424927,0.5279820561408997,-0.19686013460159302,False,f2b14a336dd8f964_inj_latency_v2,f2b14a336dd8f964,imageCode,1,1,True,train_dataset_3_test_dataset_1_seed_2,dataset_3,dataset_1,2
f6e85be8f2770567,f6e85be8f2770567_inj_latency_v2,0.42158931493759155,0.35868674516677856,-0.06290256977081299,False,f6e85be8f2770567_inj_latency_v2,f6e85be8f2770567,getAllAssuranceType,1,1,True,train_dataset_3_test_dataset_1_seed_2,dataset_3,dataset_1,2
fb5ef3c8b7578bb8,fb5ef3c8b7578bb8_inj_latency_v2,1.86652410030365,1.86652410030365,0.0,False,fb5ef3c8b7578bb8_inj_latency_v2,fb5ef3c8b7578bb8,getAllFood,13,5,True,train_dataset_3_test_dataset_1_seed_2,dataset_3,dataset_1,2
fe99d73ec3c23775,fe99d73ec3c23775_inj_latency_v2,1.86652410030365,1.86652410030365,0.0,False,fe99d73ec3c23775_inj_latency_v2,fe99d73ec3c23775,getAllFood,13,5,True,train_dataset_3_test_dataset_1_seed_2,dataset_3,dataset_1,2
fecbbb74ea23e780,fecbbb74ea23e780_inj_latency_v2,2.619997978210449,2.619997978210449,0.0,False,fecbbb74ea23e780_inj_latency_v2,fecbbb74ea23e780,queryInfo,97,10,True,train_dataset_3_test_dataset_1_seed_2,dataset_3,dataset_1,2
0b4cade05161e76c,0b4cade05161e76c_inj_latency_v2,1.9987787008285522,1.9987787008285522,0.0,False,0b4cade05161e76c_inj_latency_v2,0b4cade05161e76c,queryInfo,103,10,True,train_dataset_3_test_dataset_2_seed_2,dataset_3,dataset_2,2
5cc48d4250aa639c,5cc48d4250aa639c_inj_latency_v2,1.5384258031845093,1.5384258031845093,0.0,False,5cc48d4250aa639c_inj_latency_v2,5cc48d4250aa639c,queryInfo,23,5,True,train_dataset_3_test_dataset_2_seed_2,dataset_3,dataset_2,2
80a44ca087960a4c,80a44ca087960a4c_inj_latency_v2,0.8029356002807617,0.44988754391670227,-0.35304805636405945,False,80a44ca087960a4c_inj_latency_v2,80a44ca087960a4c,imageCode,1,1,True,train_dataset_3_test_dataset_2_seed_2,dataset_3,dataset_2,2
82db15b7b3b1143f,82db15b7b3b1143f_inj_latency_v2,0.8823355436325073,0.3704865872859955,-0.5118489563465118,False,82db15b7b3b1143f_inj_latency_v2,82db15b7b3b1143f,imageCode,1,1,True,train_dataset_3_test_dataset_2_seed_2,dataset_3,dataset_2,2
920554c20d7b1f41,920554c20d7b1f41_inj_latency_v2,0.6473630666732788,0.605461835861206,-0.041901230812072754,False,920554c20d7b1f41_inj_latency_v2,920554c20d7b1f41,imageCode,1,1,True,train_dataset_3_test_dataset_2_seed_2,dataset_3,dataset_2,2
a009bc261fe13464,a009bc261fe13464_inj_latency_v2,1.86652410030365,1.86652410030365,0.0,False,a009bc261fe13464_inj_latency_v2,a009bc261fe13464,preserve,99,14,True,train_dataset_3_test_dataset_2_seed_2,dataset_3,dataset_2,2
be97183803c57d86,be97183803c57d86_inj_latency_v2,1.86652410030365,1.86652410030365,0.0,False,be97183803c57d86_inj_latency_v2,be97183803c57d86,preserve,9,5,True,train_dataset_3_test_dataset_2_seed_2,dataset_3,dataset_2,2
cae66fa51aff79d3,cae66fa51aff79d3_inj_latency_v2,1.86652410030365,1.86652410030365,0.0,False,cae66fa51aff79d3_inj_latency_v2,cae66fa51aff79d3,preserve,141,17,True,train_dataset_3_test_dataset_2_seed_2,dataset_3,dataset_2,2
d8b910dea0064d3a,d8b910dea0064d3a_inj_latency_v2,1.86652410030365,1.86652410030365,0.0,False,d8b910dea0064d3a_inj_latency_v2,d8b910dea0064d3a,preserve,141,17,True,train_dataset_3_test_dataset_2_seed_2,dataset_3,dataset_2,2
e67d3e28c0654d2e,e67d3e28c0654d2e_inj_latency_v2,1.86652410030365,1.86652410030365,0.0,False,e67d3e28c0654d2e_inj_latency_v2,e67d3e28c0654d2e,preserve,141,17,True,train_dataset_3_test_dataset_2_seed_2,dataset_3,dataset_2,2
f0e900d89fb9eb10,f0e900d89fb9eb10_inj_latency_v2,2.9583706855773926,1.8184758424758911,-1.1398948431015015,False,f0e900d89fb9eb10_inj_latency_v2,f0e900d89fb9eb10,modifyTrain,3,2,True,train_dataset_3_test_dataset_2_seed_2,dataset_3,dataset_2,2
f82e97d360466cc8,f82e97d360466cc8_inj_latency_v2,0.8014780879020691,0.8014780879020691,0.0,False,f82e97d360466cc8_inj_latency_v2,f82e97d360466cc8,preserve,149,18,True,train_dataset_3_test_dataset_2_seed_2,dataset_3,dataset_2,2
fdc58f05e72ad139,fdc58f05e72ad139_inj_latency_v2,0.999715268611908,0.2531050741672516,-0.7466101944446564,False,fdc58f05e72ad139_inj_latency_v2,fdc58f05e72ad139,imageCode,1,1,True,train_dataset_3_test_dataset_2_seed_2,dataset_3,dataset_2,2
175aedae66c1f4c8,175aedae66c1f4c8_inj_latency_v2,1.1219415664672852,0.5633472800254822,-0.558594286441803,False,175aedae66c1f4c8_inj_latency_v2,175aedae66c1f4c8,getOrderById,1,1,True,train_dataset_1_test_dataset_2_seed_3,dataset_1,dataset_2,3
729a65997299a40a,729a65997299a40a_inj_latency_v2,1.4430124759674072,1.4430124759674072,0.0,False,729a65997299a40a_inj_latency_v2,729a65997299a40a,pay,7,3,True,train_dataset_1_test_dataset_2_seed_3,dataset_1,dataset_2,3
cae66fa51aff79d3,cae66fa51aff79d3_inj_latency_v2,2.35345196723938,2.35345196723938,0.0,False,cae66fa51aff79d3_inj_latency_v2,cae66fa51aff79d3,preserve,141,17,True,train_dataset_1_test_dataset_2_seed_3,dataset_1,dataset_2,3
03936fa843b81eb0,03936fa843b81eb0_inj_latency_v2,1.069970965385437,0.3456772565841675,-0.7242937088012695,False,03936fa843b81eb0_inj_latency_v2,03936fa843b81eb0,pay,2,1,True,train_dataset_1_test_dataset_3_seed_3,dataset_1,dataset_3,3
282da289dca8852b,282da289dca8852b_inj_latency_v2,2.062842845916748,1.2325688600540161,-0.8302739858627319,False,282da289dca8852b_inj_latency_v2,282da289dca8852b,addRoute,3,2,True,train_dataset_1_test_dataset_3_seed_3,dataset_1,dataset_3,3
3887036b99e297a7,3887036b99e297a7_inj_latency_v2,3.2638912200927734,3.2638912200927734,0.0,False,3887036b99e297a7_inj_latency_v2,3887036b99e297a7,queryInfo,103,10,True,train_dataset_1_test_dataset_3_seed_3,dataset_1,dataset_3,3
3d1a3606f264d1a9,3d1a3606f264d1a9_inj_latency_v2,0.9698862433433533,0.6381640434265137,-0.3317221999168396,False,3d1a3606f264d1a9_inj_latency_v2,3d1a3606f264d1a9,getPriceByWeightAndRegion,1,1,True,train_dataset_1_test_dataset_3_seed_3,dataset_1,dataset_3,3
58663a90e5c893c5,58663a90e5c893c5_inj_latency_v2,2.35345196723938,2.35345196723938,0.0,False,58663a90e5c893c5_inj_latency_v2,58663a90e5c893c5,preserve,135,16,True,train_dataset_1_test_dataset_3_seed_3,dataset_1,dataset_3,3
70d74443a791be6e,70d74443a791be6e_inj_latency_v2,0.6136249899864197,0.11067446321249008,-0.5029505267739296,False,70d74443a791be6e_inj_latency_v2,70d74443a791be6e,pay,2,1,True,train_dataset_1_test_dataset_3_seed_3,dataset_1,dataset_3,3
a1610e1ad51d3b84,a1610e1ad51d3b84_inj_latency_v2,1.645804524421692,1.2538127899169922,-0.3919917345046997,False,a1610e1ad51d3b84_inj_latency_v2,a1610e1ad51d3b84,updateConsign,3,2,True,train_dataset_1_test_dataset_3_seed_3,dataset_1,dataset_3,3
b914aff94c695c7d,b914aff94c695c7d_inj_latency_v2,3.2638912200927734,3.2638912200927734,0.0,False,b914aff94c695c7d_inj_latency_v2,b914aff94c695c7d,queryInfo,103,10,True,train_dataset_1_test_dataset_3_seed_3,dataset_1,dataset_3,3
c3b4179b96dc5829,c3b4179b96dc5829_inj_latency_v2,0.5674705505371094,0.1568288952112198,-0.4106416553258896,False,c3b4179b96dc5829_inj_latency_v2,c3b4179b96dc5829,pay,2,1,True,train_dataset_1_test_dataset_3_seed_3,dataset_1,dataset_3,3
e47281530a217b0c,e47281530a217b0c_inj_latency_v2,1.2619460821151733,0.3823138177394867,-0.8796322643756866,False,e47281530a217b0c_inj_latency_v2,e47281530a217b0c,findByAccountId,1,1,True,train_dataset_1_test_dataset_3_seed_3,dataset_1,dataset_3,3
e84fe9819b911796,e84fe9819b911796_inj_latency_v2,0.7984753251075745,0.20275580883026123,-0.5957195162773132,False,e84fe9819b911796_inj_latency_v2,e84fe9819b911796,pay,2,1,True,train_dataset_1_test_dataset_3_seed_3,dataset_1,dataset_3,3
ff3555e224a5776a,ff3555e224a5776a_inj_latency_v2,2.35345196723938,2.35345196723938,0.0,False,ff3555e224a5776a_inj_latency_v2,ff3555e224a5776a,preserve,135,16,True,train_dataset_1_test_dataset_3_seed_3,dataset_1,dataset_3,3
028e50b177ff6b9e,028e50b177ff6b9e_inj_latency_v2,1.804244041442871,1.804244041442871,0.0,False,028e50b177ff6b9e_inj_latency_v2,028e50b177ff6b9e,getAllFood,13,5,True,train_dataset_2_test_dataset_1_seed_3,dataset_2,dataset_1,3
07001b2cc18ec5ce,07001b2cc18ec5ce_inj_latency_v2,1.199790358543396,0.868292510509491,-0.33149784803390503,False,07001b2cc18ec5ce_inj_latency_v2,07001b2cc18ec5ce,queryOrdersForRefresh,3,2,True,train_dataset_2_test_dataset_1_seed_3,dataset_2,dataset_1,3
078cf3a6c4ca1add,078cf3a6c4ca1add_inj_latency_v2,0.5636732578277588,0.34109410643577576,-0.22257915139198303,False,078cf3a6c4ca1add_inj_latency_v2,078cf3a6c4ca1add,findContactsByAccountId,1,1,True,train_dataset_2_test_dataset_1_seed_3,dataset_2,dataset_1,3
08ea3dfb37e25b9f,08ea3dfb37e25b9f_inj_latency_v2,0.6842928528785706,0.6842928528785706,0.0,False,08ea3dfb37e25b9f_inj_latency_v2,08ea3dfb37e25b9f,queryInfo,23,5,True,train_dataset_2_test_dataset_1_seed_3,dataset_2,dataset_1,3
0b62285c9aa8c97d,0b62285c9aa8c97d_inj_latency_v2,0.962112545967102,0.06704571843147278,-0.8950668275356293,False,0b62285c9aa8c97d_inj_latency_v2,0b62285c9aa8c97d,modifyOrder,1,1,True,train_dataset_2_test_dataset_1_seed_3,dataset_2,dataset_1,3
0cc3f0ca47c90560,0cc3f0ca47c90560_inj_latency_v2,1.804244041442871,1.804244041442871,0.0,False,0cc3f0ca47c90560_inj_latency_v2,0cc3f0ca47c90560,getToken,3,2,True,train_dataset_2_test_dataset_1_seed_3,dataset_2,dataset_1,3
0e4721c353950231,0e4721c353950231_inj_latency_v2,1.086435317993164,0.31208667159080505,-0.774348646402359,False,0e4721c353950231_inj_latency_v2,0e4721c353950231,addTravel,2,1,True,train_dataset_2_test_dataset_1_seed_3,dataset_2,dataset_1,3
12a19d5f4469c52e,12a19d5f4469c52e_inj_latency_v2,1.574323296546936,1.574323296546936,0.0,False,12a19d5f4469c52e_inj_latency_v2,12a19d5f4469c52e,getAllFood,13,5,True,train_dataset_2_test_dataset_1_seed_3,dataset_2,dataset_1,3
17c627cd070bacf3,17c627cd070bacf3_inj_latency_v2,1.040136456489563,0.781092643737793,-0.25904381275177,False,17c627cd070bacf3_inj_latency_v2,17c627cd070bacf3,queryOrdersForRefresh,3,2,True,train_dataset_2_test_dataset_1_seed_3,dataset_2,dataset_1,3
1a5e922d4bed1ee5,1a5e922d4bed1ee5_inj_latency_v2,1.2150076627731323,0.4596993923187256,-0.7553082704544067,False,1a5e922d4bed1ee5_inj_latency_v2,1a5e922d4bed1ee5,queryOrdersForRefresh,3,2,True,train_dataset_2_test_dataset_1_seed_3,dataset_2,dataset_1,3
1fa3037f1b9cdff7,1fa3037f1b9cdff7_inj_latency_v2,0.6704866886138916,0.23427914083003998,-0.4362075477838516,False,1fa3037f1b9cdff7_inj_latency_v2,1fa3037f1b9cdff7,findContactsByAccountId,1,1,True,train_dataset_2_test_dataset_1_seed_3,dataset_2,dataset_1,3
22de19f916a777b5,22de19f916a777b5_inj_latency_v2,0.8570239543914795,0.8570239543914795,0.0,False,22de19f916a777b5_inj_latency_v2,22de19f916a777b5,queryInfo,23,5,True,train_dataset_2_test_dataset_1_seed_3,dataset_2,dataset_1,3
23b959132ebaa72b,23b959132ebaa72b_inj_latency_v2,2.64316987991333,0.6332241892814636,-2.0099456906318665,False,23b959132ebaa72b_inj_latency_v2,23b959132ebaa72b,DELETE,2,1,True,train_dataset_2_test_dataset_1_seed_3,dataset_2,dataset_1,3
24025232d58c110f,24025232d58c110f_inj_latency_v2,2.64316987991333,2.4130098819732666,-0.23015999794006348,False,24025232d58c110f_inj_latency_v2,24025232d58c110f,modifyConfig,3,2,True,train_dataset_2_test_dataset_1_seed_3,dataset_2,dataset_1,3
288dbb242709b378,288dbb242709b378_inj_latency_v2,0.5291883945465088,0.37557917833328247,-0.15360921621322632,False,288dbb242709b378_inj_latency_v2,288dbb242709b378,findContactsByAccountId,1,1,True,train_dataset_2_test_dataset_1_seed_3,dataset_2,dataset_1,3
28b8f4fb489555ac,28b8f4fb489555ac_inj_latency_v2,1.273836374282837,0.6945284008979797,-0.5793079733848572,False,28b8f4fb489555ac_inj_latency_v2,28b8f4fb489555ac,POST,2,1,True,train_dataset_2_test_dataset_1_seed_3,dataset_2,dataset_1,3
2932ad71ec1db532,2932ad71ec1db532_inj_latency_v2,1.0466336011886597,0.13030463457107544,-0.9163289666175842,False,2932ad71ec1db532_inj_latency_v2,2932ad71ec1db532,getAllAssuranceType,1,1,True,train_dataset_2_test_dataset_1_seed_3,dataset_2,dataset_1,3
2a82d8b4a2d44fda,2a82d8b4a2d44fda_inj_latency_v2,1.0473378896713257,0.27298885583877563,-0.77434903383255,False,2a82d8b4a2d44fda_inj_latency_v2,2a82d8b4a2d44fda,addTravel,2,1,True,train_dataset_2_test_dataset_1_seed_3,dataset_2,dataset_1,3
2ac31ed71a762f7f,2ac31ed71a762f7f_inj_latency_v2,0.9453563690185547,0.08380332589149475,-0.8615530431270599,False,2ac31ed71a762f7f_inj_latency_v2,2ac31ed71a762f7f,modifyOrder,1,1,True,train_dataset_2_test_dataset_1_seed_3,dataset_2,dataset_1,3
2d4e802c303a7228,2d4e802c303a7228_inj_latency_v2,0.451071172952652,0.38209807872772217,-0.06897309422492981,False,2d4e802c303a7228_inj_latency_v2,2d4e802c303a7228,queryInfo,23,5,True,train_dataset_2_test_dataset_1_seed_3,dataset_2,dataset_1,3
2dc47ec0364db997,2dc47ec0364db997_inj_latency_v2,0.6423147320747375,0.2624518871307373,-0.37986284494400024,False,2dc47ec0364db997_inj_latency_v2,2dc47ec0364db997,findContactsByAccountId,1,1,True,train_dataset_2_test_dataset_1_seed_3,dataset_2,dataset_1,3
2ff5c4fc800d217c,2ff5c4fc800d217c_inj_latency_v2,1.804244041442871,1.804244041442871,0.0,False,2ff5c4fc800d217c_inj_latency_v2,2ff5c4fc800d217c,getAllFood,13,5,True,train_dataset_2_test_dataset_1_seed_3,dataset_2,dataset_1,3
3118754ef6886cc5,3118754ef6886cc5_inj_latency_v2,2.4011240005493164,1.935320258140564,-0.46580374240875244,False,3118754ef6886cc5_inj_latency_v2,3118754ef6886cc5,modifyStation,3,2,True,train_dataset_2_test_dataset_1_seed_3,dataset_2,dataset_1,3
32c418ec4c49eba5,32c418ec4c49eba5_inj_latency_v2,1.1383512020111084,0.6385831832885742,-0.4997680187225342,False,32c418ec4c49eba5_inj_latency_v2,32c418ec4c49eba5,addTravel,2,1,True,train_dataset_2_test_dataset_1_seed_3,dataset_2,dataset_1,3
37bc0722864cfd8f,37bc0722864cfd8f_inj_latency_v2,1.0882173776626587,0.08871956914663315,-0.9994978085160255,False,37bc0722864cfd8f_inj_latency_v2,37bc0722864cfd8f,getAllAssuranceType,1,1,True,train_dataset_2_test_dataset_1_seed_3,dataset_2,dataset_1,3
38c324989983c3f9,38c324989983c3f9_inj_latency_v2,1.129604697227478,1.129604697227478,0.0,False,38c324989983c3f9_inj_latency_v2,38c324989983c3f9,getAllFood,13,5,True,train_dataset_2_test_dataset_1_seed_3,dataset_2,dataset_1,3
3c76172e8dd13512,3c76172e8dd13512_inj_latency_v2,1.804244041442871,1.804244041442871,0.0,False,3c76172e8dd13512_inj_latency_v2,3c76172e8dd13512,getAllFood,13,5,True,train_dataset_2_test_dataset_1_seed_3,dataset_2,dataset_1,3
3d6a86efa17d7a6a,3d6a86efa17d7a6a_inj_latency_v2,1.4044957160949707,0.5301312208175659,-0.8743644952774048,False,3d6a86efa17d7a6a_inj_latency_v2,3d6a86efa17d7a6a,queryOrdersForRefresh,3,2,True,train_dataset_2_test_dataset_1_seed_3,dataset_2,dataset_1,3
3da370578de86f4c,3da370578de86f4c_inj_latency_v2,2.64316987991333,1.3506121635437012,-1.292557716369629,False,3da370578de86f4c_inj_latency_v2,3da370578de86f4c,updateOrder,3,2,True,train_dataset_2_test_dataset_1_seed_3,dataset_2,dataset_1,3
3e0d61671d79e63e,3e0d61671d79e63e_inj_latency_v2,0.7447678446769714,0.5034618973731995,-0.24130594730377197,False,3e0d61671d79e63e_inj_latency_v2,3e0d61671d79e63e,queryOrdersForRefresh,3,2,True,train_dataset_2_test_dataset_1_seed_3,dataset_2,dataset_1,3
3e27923c9b4abbfd,3e27923c9b4abbfd_inj_latency_v2,0.46465906500816345,0.4401092827320099,-0.024549782276153564,False,3e27923c9b4abbfd_inj_latency_v2,3e27923c9b4abbfd,findContactsByAccountId,1,1,True,train_dataset_2_test_dataset_1_seed_3,dataset_2,dataset_1,3
40e7c3d687b6ab8d,40e7c3d687b6ab8d_inj_latency_v2,0.9851683378219604,0.04398820921778679,-0.9411801286041737,False,40e7c3d687b6ab8d_inj_latency_v2,40e7c3d687b6ab8d,getOrderById,1,1,True,train_dataset_2_test_dataset_1_seed_3,dataset_2,dataset_1,3
40f7b2f03c48e310,40f7b2f03c48e310_inj_latency_v2,0.5661018490791321,0.3386654853820801,-0.227436363697052,False,40f7b2f03c48e310_inj_latency_v2,40f7b2f03c48e310,findContactsByAccountId,1,1,True,train_dataset_2_test_dataset_1_seed_3,dataset_2,dataset_1,3
466fc557e9bc9423,466fc557e9bc9423_inj_latency_v2,0.9704461097717285,0.20649376511573792,-0.7639523446559906,False,466fc557e9bc9423_inj_latency_v2,466fc557e9bc9423,getAllAssuranceType,1,1,True,train_dataset_2_test_dataset_1_seed_3,dataset_2,dataset_1,3
47ca1a9fb49a76f8,47ca1a9fb49a76f8_inj_latency_v2,1.4770439863204956,0.30013081431388855,-1.176913172006607,False,47ca1a9fb49a76f8_inj_latency_v2,47ca1a9fb49a76f8,getAllAssuranceType,1,1,True,train_dataset_2_test_dataset_1_seed_3,dataset_2,dataset_1,3
4854388ca8b98c38,4854388ca8b98c38_inj_latency_v2,0.7110517621040344,0.7110517621040344,0.0,False,4854388ca8b98c38_inj_latency_v2,4854388ca8b98c38,queryInfo,23,5,True,train_dataset_2_test_dataset_1_seed_3,dataset_2,dataset_1,3
49b7385d3eb385e4,49b7385d3eb385e4_inj_latency_v2,1.0823020935058594,0.30795350670814514,-0.7743485867977142,False,49b7385d3eb385e4_inj_latency_v2,49b7385d3eb385e4,addTravel,2,1,True,train_dataset_2_test_dataset_1_seed_3,dataset_2,dataset_1,3
4a1d538d25ed9503,4a1d538d25ed9503_inj_latency_v2,0.9576377868652344,0.9576377868652344,0.0,False,4a1d538d25ed9503_inj_latency_v2,4a1d538d25ed9503,queryInfo,23,5,True,train_dataset_2_test_dataset_1_seed_3,dataset_2,dataset_1,3
4b9cdfd2928dfc5e,4b9cdfd2928dfc5e_inj_latency_v2,1.758732557296753,1.7230923175811768,-0.03564023971557617,False,4b9cdfd2928dfc5e_inj_latency_v2,4b9cdfd2928dfc5e,getAllTrains,3,2,True,train_dataset_2_test_dataset_1_seed_3,dataset_2,dataset_1,3
52805f1440e224bf,52805f1440e224bf_inj_latency_v2,2.276702404022217,2.276702404022217,0.0,False,52805f1440e224bf_inj_latency_v2,52805f1440e224bf,queryInfo,97,10,True,train_dataset_2_test_dataset_1_seed_3,dataset_2,dataset_1,3
5372731089374370,5372731089374370_inj_latency_v2,2.64316987991333,2.64316987991333,0.0,False,5372731089374370_inj_latency_v2,5372731089374370,getAllOrders,5,3,True,train_dataset_2_test_dataset_1_seed_3,dataset_2,dataset_1,3
537b9646ec1f1b43,537b9646ec1f1b43_inj_latency_v2,2.276702404022217,2.276702404022217,0.0,False,537b9646ec1f1b43_inj_latency_v2,537b9646ec1f1b43,queryInfo,245,10,True,train_dataset_2_test_dataset_1_seed_3,dataset_2,dataset_1,3
5891283921f2132c,5891283921f2132c_inj_latency_v2,1.2896208763122559,0.7816343307495117,-0.5079865455627441,False,5891283921f2132c_inj_latency_v2,5891283921f2132c,updateUser,3,2,True,train_dataset_2_test_dataset_1_seed_3,dataset_2,dataset_1,3
58b6e27d10da3ec0,58b6e27d10da3ec0_inj_latency_v2,1.430919885635376,0.29120922088623047,-1.1397106647491455,False,58b6e27d10da3ec0_inj_latency_v2,58b6e27d10da3ec0,updateUser,3,2,True,train_dataset_2_test_dataset_1_seed_3,dataset_2,dataset_1,3
58c96f0d904c8107,58c96f0d904c8107_inj_latency_v2,1.2773866653442383,0.7902236580848694,-0.4871630072593689,False,58c96f0d904c8107_inj_latency_v2,58c96f0d904c8107,getAllUsers,3,2,True,train_dataset_2_test_dataset_1_seed_3,dataset_2,dataset_1,3
5b13d2d280ac887f,5b13d2d280ac887f_inj_latency_v2,0.7628414034843445,0.46920257806777954,-0.29363882541656494,False,5b13d2d280ac887f_inj_latency_v2,5b13d2d280ac887f,queryOrdersForRefresh,3,2,True,train_dataset_2_test_dataset_1_seed_3,dataset_2,dataset_1,3
5b6c1cec3e879c4a,5b6c1cec3e879c4a_inj_latency_v2,0.8323062062263489,0.16603133082389832,-0.6662748754024506,False,5b6c1cec3e879c4a_inj_latency_v2,5b6c1cec3e879c4a,pay,7,3,True,train_dataset_2_test_dataset_1_seed_3,dataset_2,dataset_1,3
5d0c0c85d1298c58,5d0c0c85d1298c58_inj_latency_v2,1.2880650758743286,0.5017292499542236,-0.786335825920105,False,5d0c0c85d1298c58_inj_latency_v2,5d0c0c85d1298c58,queryOrdersForRefresh,3,2,True,train_dataset_2_test_dataset_1_seed_3,dataset_2,dataset_1,3
600b5a617c044804,600b5a617c044804_inj_latency_v2,2.276702404022217,2.276702404022217,0.0,False,600b5a617c044804_inj_latency_v2,600b5a617c044804,queryInfo,245,10,True,train_dataset_2_test_dataset_1_seed_3,dataset_2,dataset_1,3
6149cb8597e450e9,6149cb8597e450e9_inj_latency_v2,0.8363040685653687,0.2948727011680603,-0.5414313673973083,False,6149cb8597e450e9_inj_latency_v2,6149cb8597e450e9,updateTravel,3,2,True,train_dataset_2_test_dataset_1_seed_3,dataset_2,dataset_1,3
61a26d3069ff9250,61a26d3069ff9250_inj_latency_v2,0.9793307781219482,0.23453567922115326,-0.744795098900795,False,61a26d3069ff9250_inj_latency_v2,61a26d3069ff9250,addTravel,2,1,True,train_dataset_2_test_dataset_1_seed_3,dataset_2,dataset_1,3
631c05e3c79a55f5,631c05e3c79a55f5_inj_latency_v2,2.3144822120666504,1.42768132686615,-0.8868008852005005,False,631c05e3c79a55f5_inj_latency_v2,631c05e3c79a55f5,modifyPrice,3,2,True,train_dataset_2_test_dataset_1_seed_3,dataset_2,dataset_1,3
638962c873292b2c,638962c873292b2c_inj_latency_v2,0.7396314144134521,0.5070942044258118,-0.23253720998764038,False,638962c873292b2c_inj_latency_v2,638962c873292b2c,queryOrdersForRefresh,3,2,True,train_dataset_2_test_dataset_1_seed_3,dataset_2,dataset_1,3
6923e3ab830e7138,6923e3ab830e7138_inj_latency_v2,2.276702404022217,2.276702404022217,0.0,False,6923e3ab830e7138_inj_latency_v2,6923e3ab830e7138,queryInfo,97,10,True,train_dataset_2_test_dataset_1_seed_3,dataset_2,dataset_1,3
6928637dbfd47870,6928637dbfd47870_inj_latency_v2,2.64316987991333,0.8286473751068115,-1.8145225048065186,False,6928637dbfd47870_inj_latency_v2,6928637dbfd47870,DELETE,2,1,True,train_dataset_2_test_dataset_1_seed_3,dataset_2,dataset_1,3
6d475f987bfc7f1b,6d475f987bfc7f1b_inj_latency_v2,1.1268233060836792,0.050111837685108185,-1.076711468398571,False,6d475f987bfc7f1b_inj_latency_v2,6d475f987bfc7f1b,getAllAssuranceType,1,1,True,train_dataset_2_test_dataset_1_seed_3,dataset_2,dataset_1,3
7138aef35d2116b2,7138aef35d2116b2_inj_latency_v2,0.8168236017227173,0.36011913418769836,-0.4567044675350189,False,7138aef35d2116b2_inj_latency_v2,7138aef35d2116b2,getAllAssuranceType,1,1,True,train_dataset_2_test_dataset_1_seed_3,dataset_2,dataset_1,3
719911734c5b50e3,719911734c5b50e3_inj_latency_v2,2.9425952434539795,2.9425952434539795,0.0,False,719911734c5b50e3_inj_latency_v2,719911734c5b50e3,POST,2,1,True,train_dataset_2_test_dataset_1_seed_3,dataset_2,dataset_1,3
71f75763df02f8f8,71f75763df02f8f8_inj_latency_v2,2.094078302383423,2.040921211242676,-0.05315709114074707,False,71f75763df02f8f8_inj_latency_v2,71f75763df02f8f8,modifyTrain,3,2,True,train_dataset_2_test_dataset_1_seed_3,dataset_2,dataset_1,3
72405a6313533a71,72405a6313533a71_inj_latency_v2,2.276702404022217,2.276702404022217,0.0,False,72405a6313533a71_inj_latency_v2,72405a6313533a71,queryInfo,97,10,True,train_dataset_2_test_dataset_1_seed_3,dataset_2,dataset_1,3
75028946369c8e64,75028946369c8e64_inj_latency_v2,1.1383512020111084,0.6171444058418274,-0.521206796169281,False,75028946369c8e64_inj_latency_v2,75028946369c8e64,addTravel,2,1,True,train_dataset_2_test_dataset_1_seed_3,dataset_2,dataset_1,3
7604967b0de191c2,7604967b0de191c2_inj_latency_v2,0.868903636932373,0.03585732355713844,-0.8330463133752346,False,7604967b0de191c2_inj_latency_v2,7604967b0de191c2,findContactsByAccountId,1,1,True,train_dataset_2_test_dataset_1_seed_3,dataset_2,dataset_1,3
7c0a1d34ed04f19b,7c0a1d34ed04f19b_inj_latency_v2,1.3144001960754395,1.3144001960754395,0.0,False,7c0a1d34ed04f19b_inj_latency_v2,7c0a1d34ed04f19b,queryInfo,23,5,True,train_dataset_2_test_dataset_1_seed_3,dataset_2,dataset_1,3
82a6b96f4d1faedb,82a6b96f4d1faedb_inj_latency_v2,0.7689939737319946,0.1357698142528534,-0.6332241594791412,False,82a6b96f4d1faedb_inj_latency_v2,82a6b96f4d1faedb,findContactsByAccountId,1,1,True,train_dataset_2_test_dataset_1_seed_3,dataset_2,dataset_1,3
83008a72c1761c41,83008a72c1761c41_inj_latency_v2,2.276702404022217,2.276702404022217,0.0,False,83008a72c1761c41_inj_latency_v2,83008a72c1761c41,queryInfo,245,10,True,train_dataset_2_test_dataset_1_seed_3,dataset_2,dataset_1,3
83378a8faf0029c0,83378a8faf0029c0_inj_latency_v2,2.276702404022217,2.276702404022217,0.0,False,83378a8faf0029c0_inj_latency_v2,83378a8faf0029c0,queryInfo,97,10,True,train_dataset_2_test_dataset_1_seed_3,dataset_2,dataset_1,3
894ecb51e2e30211,894ecb51e2e30211_inj_latency_v2,1.262418508529663,0.043029434978961945,-1.2193890735507011,False,894ecb51e2e30211_inj_latency_v2,894ecb51e2e30211,imageCode,1,1,True,train_dataset_2_test_dataset_1_seed_3,dataset_2,dataset_1,3
942739b64838b82f,942739b64838b82f_inj_latency_v2,0.7023158669471741,0.4746282398700714,-0.22768762707710266,False,942739b64838b82f_inj_latency_v2,942739b64838b82f,getAllAssuranceType,1,1,True,train_dataset_2_test_dataset_1_seed_3,dataset_2,dataset_1,3
9503d78c0bb01d71,9503d78c0bb01d71_inj_latency_v2,1.4419927597045898,0.39769455790519714,-1.0442982017993927,False,9503d78c0bb01d71_inj_latency_v2,9503d78c0bb01d71,updateUser,3,2,True,train_dataset_2_test_dataset_1_seed_3,dataset_2,dataset_1,3
968b3ce2b3184b2a,968b3ce2b3184b2a_inj_latency_v2,2.276702404022217,2.276702404022217,0.0,False,968b3ce2b3184b2a_inj_latency_v2,968b3ce2b3184b2a,queryInfo,245,10,True,train_dataset_2_test_dataset_1_seed_3,dataset_2,dataset_1,3
96dd564dd03cdfb7,96dd564dd03cdfb7_inj_latency_v2,2.64316987991333,0.9700487852096558,-1.6731210947036743,False,96dd564dd03cdfb7_inj_latency_v2,96dd564dd03cdfb7,DELETE,2,1,True,train_dataset_2_test_dataset_1_seed_3,dataset_2,dataset_1,3
9a90f76616c9f378,9a90f76616c9f378_inj_latency_v2,1.4712820053100586,0.2828447222709656,-1.188437283039093,False,9a90f76616c9f378_inj_latency_v2,9a90f76616c9f378,queryOrdersForRefresh,3,2,True,train_dataset_2_test_dataset_1_seed_3,dataset_2,dataset_1,3
9c6d0dd93ea14364,9c6d0dd93ea14364_inj_latency_v2,0.8017459511756897,0.2274218201637268,-0.5743241310119629,False,9c6d0dd93ea14364_inj_latency_v2,9c6d0dd93ea14364,modifyOrder,1,1,True,train_dataset_2_test_dataset_1_seed_3,dataset_2,dataset_1,3
9cbb27dd65c9d85c,9cbb27dd65c9d85c_inj_latency_v2,0.7691977620124817,0.40774568915367126,-0.3614520728588104,False,9cbb27dd65c9d85c_inj_latency_v2,9cbb27dd65c9d85c,getAllAssuranceType,1,1,True,train_dataset_2_test_dataset_1_seed_3,dataset_2,dataset_1,3
9de36229baf0c214,9de36229baf0c214_inj_latency_v2,1.315029263496399,1.315029263496399,0.0,False,9de36229baf0c214_inj_latency_v2,9de36229baf0c214,getAllFood,13,5,True,train_dataset_2_test_dataset_1_seed_3,dataset_2,dataset_1,3
9fea5d3996d596f4,9fea5d3996d596f4_inj_latency_v2,0.9949495196342468,0.243861123919487,-0.7510883957147598,False,9fea5d3996d596f4_inj_latency_v2,9fea5d3996d596f4,addTravel,3,2,True,train_dataset_2_test_dataset_1_seed_3,dataset_2,dataset_1,3
a1b02600052d9098,a1b02600052d9098_inj_latency_v2,1.0730112791061401,0.34886303544044495,-0.7241482436656952,False,a1b02600052d9098_inj_latency_v2,a1b02600052d9098,findByOrderId,1,1,True,train_dataset_2_test_dataset_1_seed_3,dataset_2,dataset_1,3
a2c6e3ad0f6a7647,a2c6e3ad0f6a7647_inj_latency_v2,0.720825731754303,0.5104079246520996,-0.21041780710220337,False,a2c6e3ad0f6a7647_inj_latency_v2,a2c6e3ad0f6a7647,queryOrdersForRefresh,3,2,True,train_dataset_2_test_dataset_1_seed_3,dataset_2,dataset_1,3
a7b2313d89b8409b,a7b2313d89b8409b_inj_latency_v2,0.7165672779083252,0.1881977915763855,-0.5283694863319397,False,a7b2313d89b8409b_inj_latency_v2,a7b2313d89b8409b,findContactsByAccountId,1,1,True,train_dataset_2_test_dataset_1_seed_3,dataset_2,dataset_1,3
a80f8db9f0088039,a80f8db9f0088039_inj_latency_v2,1.1383512020111084,0.6373340487480164,-0.501017153263092,False,a80f8db9f0088039_inj_latency_v2,a80f8db9f0088039,addTravel,2,1,True,train_dataset_2_test_dataset_1_seed_3,dataset_2,dataset_1,3
aac1f5c22552b054,aac1f5c22552b054_inj_latency_v2,0.9214038252830505,0.9214038252830505,0.0,False,aac1f5c22552b054_inj_latency_v2,aac1f5c22552b054,queryInfo,23,5,True,train_dataset_2_test_dataset_1_seed_3,dataset_2,dataset_1,3
ae0fa6700adafee7,ae0fa6700adafee7_inj_latency_v2,1.7984254360198975,1.7984254360198975,0.0,False,ae0fa6700adafee7_inj_latency_v2,ae0fa6700adafee7,getAllFood,5,3,True,train_dataset_2_test_dataset_1_seed_3,dataset_2,dataset_1,3
ae25bf195bf1c928,ae25bf195bf1c928_inj_latency_v2,1.804244041442871,1.804244041442871,0.0,False,ae25bf195bf1c928_inj_latency_v2,ae25bf195bf1c928,getAllFood,13,5,True,train_dataset_2_test_dataset_1_seed_3,dataset_2,dataset_1,3
aef6b0308b854616,aef6b0308b854616_inj_latency_v2,1.804244041442871,1.804244041442871,0.0,False,aef6b0308b854616_inj_latency_v2,aef6b0308b854616,getAllFood,13,5,True,train_dataset_2_test_dataset_1_seed_3,dataset_2,dataset_1,3
b51267687f5439bb,b51267687f5439bb_inj_latency_v2,0.9788656830787659,0.21615076065063477,-0.7627149224281311,False,b51267687f5439bb_inj_latency_v2,b51267687f5439bb,addTravel,3,2,True,train_dataset_2_test_dataset_1_seed_3,dataset_2,dataset_1,3
b619083d8ed1d0ff,b619083d8ed1d0ff_inj_latency_v2,2.9425952434539795,2.9425952434539795,0.0,False,b619083d8ed1d0ff_inj_latency_v2,b619083d8ed1d0ff,preserve,9,5,True,train_dataset_2_test_dataset_1_seed_3,dataset_2,dataset_1,3
b62937356a7a7301,b62937356a7a7301_inj_latency_v2,0.5042200088500977,0.4005480706691742,-0.10367193818092346,False,b62937356a7a7301_inj_latency_v2,b62937356a7a7301,findContactsByAccountId,1,1,True,train_dataset_2_test_dataset_1_seed_3,dataset_2,dataset_1,3
b73c17fb8625163e,b73c17fb8625163e_inj_latency_v2,1.2979813814163208,0.12105416506528854,-1.1769272163510323,False,b73c17fb8625163e_inj_latency_v2,b73c17fb8625163e,getAllAssuranceType,1,1,True,train_dataset_2_test_dataset_1_seed_3,dataset_2,dataset_1,3
b8afa2a43f703f4e,b8afa2a43f703f4e_inj_latency_v2,0.5306280851364136,0.3741397559642792,-0.1564883291721344,False,b8afa2a43f703f4e_inj_latency_v2,b8afa2a43f703f4e,findContactsByAccountId,1,1,True,train_dataset_2_test_dataset_1_seed_3,dataset_2,dataset_1,3
bc8b12f4c9b14871,bc8b12f4c9b14871_inj_latency_v2,0.9682438969612122,0.0609140582382679,-0.9073298387229443,False,bc8b12f4c9b14871_inj_latency_v2,bc8b12f4c9b14871,modifyOrder,1,1,True,train_dataset_2_test_dataset_1_seed_3,dataset_2,dataset_1,3
bd358e28ee4d29ca,bd358e28ee4d29ca_inj_latency_v2,2.9425952434539795,2.9425952434539795,0.0,False,bd358e28ee4d29ca_inj_latency_v2,bd358e28ee4d29ca,preserve,141,17,True,train_dataset_2_test_dataset_1_seed_3,dataset_2,dataset_1,3
c17fe91da5a98f3f,c17fe91da5a98f3f_inj_latency_v2,1.1060726642608643,0.07692857831716537,-1.0291440859436989,False,c17fe91da5a98f3f_inj_latency_v2,c17fe91da5a98f3f,findAllOrder,1,1,True,train_dataset_2_test_dataset_1_seed_3,dataset_2,dataset_1,3
c2c6050836591363,c2c6050836591363_inj_latency_v2,2.3360133171081543,1.4567073583602905,-0.8793059587478638,False,c2c6050836591363_inj_latency_v2,c2c6050836591363,deleteStation,3,2,True,train_dataset_2_test_dataset_1_seed_3,dataset_2,dataset_1,3
c52a52c95a7bd2e8,c52a52c95a7bd2e8_inj_latency_v2,2.276702404022217,2.276702404022217,0.0,False,c52a52c95a7bd2e8_inj_latency_v2,c52a52c95a7bd2e8,queryInfo,97,10,True,train_dataset_2_test_dataset_1_seed_3,dataset_2,dataset_1,3
c585a0e8da5238a1,c585a0e8da5238a1_inj_latency_v2,1.5030275583267212,0.3909474313259125,-1.1120801270008087,False,c585a0e8da5238a1_inj_latency_v2,c585a0e8da5238a1,getAllUsers,3,2,True,train_dataset_2_test_dataset_1_seed_3,dataset_2,dataset_1,3
c5cde63b64110aae,c5cde63b64110aae_inj_latency_v2,0.8769267797470093,0.30001530051231384,-0.5769114792346954,False,c5cde63b64110aae_inj_latency_v2,c5cde63b64110aae,getAllAssuranceType,1,1,True,train_dataset_2_test_dataset_1_seed_3,dataset_2,dataset_1,3
cbf9d27f7fc51e53,cbf9d27f7fc51e53_inj_latency_v2,0.6025246381759644,0.5324724316596985,-0.07005220651626587,False,cbf9d27f7fc51e53_inj_latency_v2,cbf9d27f7fc51e53,queryInfo,23,5,True,train_dataset_2_test_dataset_1_seed_3,dataset_2,dataset_1,3
cefaab51f759c69a,cefaab51f759c69a_inj_latency_v2,1.804244041442871,1.804244041442871,0.0,False,cefaab51f759c69a_inj_latency_v2,cefaab51f759c69a,getAllFood,13,5,True,train_dataset_2_test_dataset_1_seed_3,dataset_2,dataset_1,3
cfbe9bb452dce273,cfbe9bb452dce273_inj_latency_v2,2.64316987991333,2.023327589035034,-0.6198422908782959,False,cfbe9bb452dce273_inj_latency_v2,cfbe9bb452dce273,getAllConfigs,3,2,True,train_dataset_2_test_dataset_1_seed_3,dataset_2,dataset_1,3
d2110a2c63cc9e7c,d2110a2c63cc9e7c_inj_latency_v2,0.7638895511627197,0.7638895511627197,0.0,False,d2110a2c63cc9e7c_inj_latency_v2,d2110a2c63cc9e7c,queryInfo,23,5,True,train_dataset_2_test_dataset_1_seed_3,dataset_2,dataset_1,3
d2ab5136725013d6,d2ab5136725013d6_inj_latency_v2,2.276702404022217,2.276702404022217,0.0,False,d2ab5136725013d6_inj_latency_v2,d2ab5136725013d6,queryInfo,97,10,True,train_dataset_2_test_dataset_1_seed_3,dataset_2,dataset_1,3
d3aff0b566abef01,d3aff0b566abef01_inj_latency_v2,1.098028302192688,0.06888308376073837,-1.0291452184319496,False,d3aff0b566abef01_inj_latency_v2,d3aff0b566abef01,getOrderById,1,1,True,train_dataset_2_test_dataset_1_seed_3,dataset_2,dataset_1,3
d46f104608b5241f,d46f104608b5241f_inj_latency_v2,0.7484381794929504,0.4859776496887207,-0.26246052980422974,False,d46f104608b5241f_inj_latency_v2,d46f104608b5241f,queryOrdersForRefresh,3,2,True,train_dataset_2_test_dataset_1_seed_3,dataset_2,dataset_1,3
d4c823ccc9d9d17a,d4c823ccc9d9d17a_inj_latency_v2,1.349547028541565,0.7263176441192627,-0.6232293844223022,False,d4c823ccc9d9d17a_inj_latency_v2,d4c823ccc9d9d17a,queryOrdersForRefresh,3,2,True,train_dataset_2_test_dataset_1_seed_3,dataset_2,dataset_1,3
d92af8df8dc53763,d92af8df8dc53763_inj_latency_v2,1.1364299058914185,0.040504951030015945,-1.0959249548614025,False,d92af8df8dc53763_inj_latency_v2,d92af8df8dc53763,getAllAssuranceType,1,1,True,train_dataset_2_test_dataset_1_seed_3,dataset_2,dataset_1,3
db380a84928baafb,db380a84928baafb_inj_latency_v2,2.276702404022217,2.276702404022217,0.0,False,db380a84928baafb_inj_latency_v2,db380a84928baafb,queryInfo,97,10,True,train_dataset_2_test_dataset_1_seed_3,dataset_2,dataset_1,3
dd1eb3699b3a1ce6,dd1eb3699b3a1ce6_inj_latency_v2,1.406089186668396,0.5981879830360413,-0.8079012036323547,False,dd1eb3699b3a1ce6_inj_latency_v2,dd1eb3699b3a1ce6,queryOrdersForRefresh,3,2,True,train_dataset_2_test_dataset_1_seed_3,dataset_2,dataset_1,3
e3841fcaa38d0665,e3841fcaa38d0665_inj_latency_v2,0.976300060749054,0.2006397545337677,-0.7756603062152863,False,e3841fcaa38d0665_inj_latency_v2,e3841fcaa38d0665,getAllAssuranceType,1,1,True,train_dataset_2_test_dataset_1_seed_3,dataset_2,dataset_1,3
e416007e2e43899f,e416007e2e43899f_inj_latency_v2,1.804244041442871,1.804244041442871,0.0,False,e416007e2e43899f_inj_latency_v2,e416007e2e43899f,getAllFood,13,5,True,train_dataset_2_test_dataset_1_seed_3,dataset_2,dataset_1,3
e4f2da2ca09a3673,e4f2da2ca09a3673_inj_latency_v2,1.0808489322662354,1.0808489322662354,0.0,False,e4f2da2ca09a3673_inj_latency_v2,e4f2da2ca09a3673,queryInfo,23,5,True,train_dataset_2_test_dataset_1_seed_3,dataset_2,dataset_1,3
e626a7c52a2ba305,e626a7c52a2ba305_inj_latency_v2,1.804244041442871,1.804244041442871,0.0,False,e626a7c52a2ba305_inj_latency_v2,e626a7c52a2ba305,getAllFood,13,5,True,train_dataset_2_test_dataset_1_seed_3,dataset_2,dataset_1,3
e70e448729f24dfb,e70e448729f24dfb_inj_latency_v2,0.7142992615699768,0.7142992615699768,0.0,False,e70e448729f24dfb_inj_latency_v2,e70e448729f24dfb,queryInfo,103,10,True,train_dataset_2_test_dataset_1_seed_3,dataset_2,dataset_1,3
e737ecef7579e257,e737ecef7579e257_inj_latency_v2,1.0999476909637451,1.0999476909637451,0.0,False,e737ecef7579e257_inj_latency_v2,e737ecef7579e257,getAllFood,13,5,True,train_dataset_2_test_dataset_1_seed_3,dataset_2,dataset_1,3
e750ce963c7813fc,e750ce963c7813fc_inj_latency_v2,0.887787401676178,0.7799016237258911,-0.10788577795028687,False,e750ce963c7813fc_inj_latency_v2,e750ce963c7813fc,queryInfo,23,5,True,train_dataset_2_test_dataset_1_seed_3,dataset_2,dataset_1,3
f01f17547ea077bc,f01f17547ea077bc_inj_latency_v2,0.7692581415176392,0.4076853096485138,-0.36157283186912537,False,f01f17547ea077bc_inj_latency_v2,f01f17547ea077bc,getAllAssuranceType,1,1,True,train_dataset_2_test_dataset_1_seed_3,dataset_2,dataset_1,3
f4d69ebc8b8c4051,f4d69ebc8b8c4051_inj_latency_v2,1.191921353340149,0.6804318428039551,-0.5114895105361938,False,f4d69ebc8b8c4051_inj_latency_v2,f4d69ebc8b8c4051,queryOrdersForRefresh,3,2,True,train_dataset_2_test_dataset_1_seed_3,dataset_2,dataset_1,3
f6e85be8f2770567,f6e85be8f2770567_inj_latency_v2,0.8058132529258728,0.37112957239151,-0.4346836805343628,False,f6e85be8f2770567_inj_latency_v2,f6e85be8f2770567,getAllAssuranceType,1,1,True,train_dataset_2_test_dataset_1_seed_3,dataset_2,dataset_1,3
fb55045c39b42a9c,fb55045c39b42a9c_inj_latency_v2,1.823395848274231,0.6913422346115112,-1.1320536136627197,False,fb55045c39b42a9c_inj_latency_v2,fb55045c39b42a9c,POST,2,1,True,train_dataset_2_test_dataset_1_seed_3,dataset_2,dataset_1,3
fb5ef3c8b7578bb8,fb5ef3c8b7578bb8_inj_latency_v2,1.804244041442871,1.804244041442871,0.0,False,fb5ef3c8b7578bb8_inj_latency_v2,fb5ef3c8b7578bb8,getAllFood,13,5,True,train_dataset_2_test_dataset_1_seed_3,dataset_2,dataset_1,3
fbaef02f7c8260d8,fbaef02f7c8260d8_inj_latency_v2,0.7319585084915161,0.6899194717407227,-0.04203903675079346,False,fbaef02f7c8260d8_inj_latency_v2,fbaef02f7c8260d8,findByAccountId,1,1,True,train_dataset_2_test_dataset_1_seed_3,dataset_2,dataset_1,3
fecbbb74ea23e780,fecbbb74ea23e780_inj_latency_v2,2.276702404022217,2.276702404022217,0.0,False,fecbbb74ea23e780_inj_latency_v2,fecbbb74ea23e780,queryInfo,97,10,True,train_dataset_2_test_dataset_1_seed_3,dataset_2,dataset_1,3
0082bc65ca2be88c,0082bc65ca2be88c_inj_latency_v2,1.8295133113861084,1.0336682796478271,-0.7958450317382812,False,0082bc65ca2be88c_inj_latency_v2,0082bc65ca2be88c,updateOrder,2,1,True,train_dataset_2_test_dataset_3_seed_3,dataset_2,dataset_3,3
03936fa843b81eb0,03936fa843b81eb0_inj_latency_v2,1.1383512020111084,0.7914739847183228,-0.34687721729278564,False,03936fa843b81eb0_inj_latency_v2,03936fa843b81eb0,pay,2,1,True,train_dataset_2_test_dataset_3_seed_3,dataset_2,dataset_3,3
119d3d0c7e20ef98,119d3d0c7e20ef98_inj_latency_v2,0.8621687889099121,0.7687927484512329,-0.0933760404586792,False,119d3d0c7e20ef98_inj_latency_v2,119d3d0c7e20ef98,getAllUsers,3,2,True,train_dataset_2_test_dataset_3_seed_3,dataset_2,dataset_3,3
14eb175f20a1f82b,14eb175f20a1f82b_inj_latency_v2,1.1681252717971802,0.8479064702987671,-0.3202188014984131,False,14eb175f20a1f82b_inj_latency_v2,14eb175f20a1f82b,queryOrdersForRefresh,3,2,True,train_dataset_2_test_dataset_3_seed_3,dataset_2,dataset_3,3
15554261fd7babbb,15554261fd7babbb_inj_latency_v2,2.64316987991333,1.5244005918502808,-1.1187692880630493,False,15554261fd7babbb_inj_latency_v2,15554261fd7babbb,getAllConfigs,3,2,True,train_dataset_2_test_dataset_3_seed_3,dataset_2,dataset_3,3
282da289dca8852b,282da289dca8852b_inj_latency_v2,2.046353816986084,0.42303910851478577,-1.6233147084712982,False,282da289dca8852b_inj_latency_v2,282da289dca8852b,addRoute,3,2,True,train_dataset_2_test_dataset_3_seed_3,dataset_2,dataset_3,3
482e0ab928396441,482e0ab928396441_inj_latency_v2,0.8703489303588867,0.8703489303588867,0.0,False,482e0ab928396441_inj_latency_v2,482e0ab928396441,queryInfo,23,5,True,train_dataset_2_test_dataset_3_seed_3,dataset_2,dataset_3,3
500a3b190d91100e,500a3b190d91100e_inj_latency_v2,1.804244041442871,1.804244041442871,0.0,False,500a3b190d91100e_inj_latency_v2,500a3b190d91100e,getToken,3,2,True,train_dataset_2_test_dataset_3_seed_3,dataset_2,dataset_3,3
5203cb8b61b2152d,5203cb8b61b2152d_inj_latency_v2,1.804244041442871,1.804244041442871,0.0,False,5203cb8b61b2152d_inj_latency_v2,5203cb8b61b2152d,getAllFood,13,5,True,train_dataset_2_test_dataset_3_seed_3,dataset_2,dataset_3,3
5fc44ca1454038bc,5fc44ca1454038bc_inj_latency_v2,0.7694095373153687,0.6524679660797119,-0.11694157123565674,False,5fc44ca1454038bc_inj_latency_v2,5fc44ca1454038bc,findByOrderId,1,1,True,train_dataset_2_test_dataset_3_seed_3,dataset_2,dataset_3,3
60e68471a5b569b9,60e68471a5b569b9_inj_latency_v2,2.400627851486206,2.3355231285095215,-0.06510472297668457,False,60e68471a5b569b9_inj_latency_v2,60e68471a5b569b9,deleteStation,3,2,True,train_dataset_2_test_dataset_3_seed_3,dataset_2,dataset_3,3
618e63a8fca0d439,618e63a8fca0d439_inj_latency_v2,0.7875992059707642,0.7185384035110474,-0.0690608024597168,False,618e63a8fca0d439_inj_latency_v2,618e63a8fca0d439,addTravel,3,2,True,train_dataset_2_test_dataset_3_seed_3,dataset_2,dataset_3,3
6707c0ba4b226577,6707c0ba4b226577_inj_latency_v2,1.804244041442871,1.804244041442871,0.0,False,6707c0ba4b226577_inj_latency_v2,6707c0ba4b226577,getAllFood,13,5,True,train_dataset_2_test_dataset_3_seed_3,dataset_2,dataset_3,3
6794d22e1ac9a173,6794d22e1ac9a173_inj_latency_v2,2.276702404022217,2.276702404022217,0.0,False,6794d22e1ac9a173_inj_latency_v2,6794d22e1ac9a173,queryInfo,94,9,True,train_dataset_2_test_dataset_3_seed_3,dataset_2,dataset_3,3
6c2a47780bd413ca,6c2a47780bd413ca_inj_latency_v2,1.546770453453064,0.9430810809135437,-0.6036893725395203,False,6c2a47780bd413ca_inj_latency_v2,6c2a47780bd413ca,getAllOrders,4,2,True,train_dataset_2_test_dataset_3_seed_3,dataset_2,dataset_3,3
70d74443a791be6e,70d74443a791be6e_inj_latency_v2,1.1383512020111084,0.380959689617157,-0.7573915123939514,False,70d74443a791be6e_inj_latency_v2,70d74443a791be6e,pay,2,1,True,train_dataset_2_test_dataset_3_seed_3,dataset_2,dataset_3,3
7919c76da0ad158f,7919c76da0ad158f_inj_latency_v2,0.5407450199127197,0.36402252316474915,-0.17672249674797058,False,7919c76da0ad158f_inj_latency_v2,7919c76da0ad158f,findContactsByAccountId,1,1,True,train_dataset_2_test_dataset_3_seed_3,dataset_2,dataset_3,3
793927759db53559,793927759db53559_inj_latency_v2,1.8252054452896118,0.673366904258728,-1.1518385410308838,False,793927759db53559_inj_latency_v2,793927759db53559,POST,2,1,True,train_dataset_2_test_dataset_3_seed_3,dataset_2,dataset_3,3
7cd6a0b8869cdb82,7cd6a0b8869cdb82_inj_latency_v2,1.1448742151260376,0.032060686498880386,-1.1128135286271572,False,7cd6a0b8869cdb82_inj_latency_v2,7cd6a0b8869cdb82,getAllAssuranceType,1,1,True,train_dataset_2_test_dataset_3_seed_3,dataset_2,dataset_3,3
80896f44057fd953,80896f44057fd953_inj_latency_v2,2.250265121459961,1.3225106000900269,-0.9277545213699341,False,80896f44057fd953_inj_latency_v2,80896f44057fd953,modifyConfig,3,2,True,train_dataset_2_test_dataset_3_seed_3,dataset_2,dataset_3,3
819bf276bdac6fa4,819bf276bdac6fa4_inj_latency_v2,1.804244041442871,1.804244041442871,0.0,False,819bf276bdac6fa4_inj_latency_v2,819bf276bdac6fa4,getToken,3,2,True,train_dataset_2_test_dataset_3_seed_3,dataset_2,dataset_3,3
8468dc3fbe05b7bd,8468dc3fbe05b7bd_inj_latency_v2,2.276702404022217,2.276702404022217,0.0,False,8468dc3fbe05b7bd_inj_latency_v2,8468dc3fbe05b7bd,queryInfo,94,9,True,train_dataset_2_test_dataset_3_seed_3,dataset_2,dataset_3,3
8d296422e9b0dca8,8d296422e9b0dca8_inj_latency_v2,0.6698653697967529,0.23490044474601746,-0.4349649250507355,False,8d296422e9b0dca8_inj_latency_v2,8d296422e9b0dca8,findContactsByAccountId,1,1,True,train_dataset_2_test_dataset_3_seed_3,dataset_2,dataset_3,3
9336eb03ee1b0a99,9336eb03ee1b0a99_inj_latency_v2,2.276702404022217,2.276702404022217,0.0,False,9336eb03ee1b0a99_inj_latency_v2,9336eb03ee1b0a99,queryInfo,94,9,True,train_dataset_2_test_dataset_3_seed_3,dataset_2,dataset_3,3
a1610e1ad51d3b84,a1610e1ad51d3b84_inj_latency_v2,1.0772640705108643,0.8784757852554321,-0.19878828525543213,False,a1610e1ad51d3b84_inj_latency_v2,a1610e1ad51d3b84,updateConsign,3,2,True,train_dataset_2_test_dataset_3_seed_3,dataset_2,dataset_3,3
a44cba0648d44308,a44cba0648d44308_inj_latency_v2,0.9874142408370972,0.7638990879058838,-0.22351515293121338,False,a44cba0648d44308_inj_latency_v2,a44cba0648d44308,updateUser,3,2,True,train_dataset_2_test_dataset_3_seed_3,dataset_2,dataset_3,3
a4d954c05b5ffb55,a4d954c05b5ffb55_inj_latency_v2,0.8994945287704468,0.8677617907524109,-0.03173273801803589,False,a4d954c05b5ffb55_inj_latency_v2,a4d954c05b5ffb55,pay,7,3,True,train_dataset_2_test_dataset_3_seed_3,dataset_2,dataset_3,3
b33543dcc2421cdd,b33543dcc2421cdd_inj_latency_v2,0.7338986992835999,0.6696949005126953,-0.06420379877090454,False,b33543dcc2421cdd_inj_latency_v2,b33543dcc2421cdd,queryOrdersForRefresh,3,2,True,train_dataset_2_test_dataset_3_seed_3,dataset_2,dataset_3,3
ba17990206955345,ba17990206955345_inj_latency_v2,2.276702404022217,2.276702404022217,0.0,False,ba17990206955345_inj_latency_v2,ba17990206955345,queryInfo,94,9,True,train_dataset_2_test_dataset_3_seed_3,dataset_2,dataset_3,3
bb48454654d1cfc8,bb48454654d1cfc8_inj_latency_v2,0.7556042075157166,0.666273295879364,-0.08933091163635254,False,bb48454654d1cfc8_inj_latency_v2,bb48454654d1cfc8,findByOrderId,1,1,True,train_dataset_2_test_dataset_3_seed_3,dataset_2,dataset_3,3
bf60ce59fd4a5090,bf60ce59fd4a5090_inj_latency_v2,1.5029428005218506,0.8043856620788574,-0.6985571384429932,False,bf60ce59fd4a5090_inj_latency_v2,bf60ce59fd4a5090,deleteRoute,3,2,True,train_dataset_2_test_dataset_3_seed_3,dataset_2,dataset_3,3
c3b4179b96dc5829,c3b4179b96dc5829_inj_latency_v2,1.1182805299758911,0.34393104910850525,-0.7743494808673859,False,c3b4179b96dc5829_inj_latency_v2,c3b4179b96dc5829,pay,2,1,True,train_dataset_2_test_dataset_3_seed_3,dataset_2,dataset_3,3
c79486676a6a1371,c79486676a6a1371_inj_latency_v2,2.276702404022217,2.276702404022217,0.0,False,c79486676a6a1371_inj_latency_v2,c79486676a6a1371,queryInfo,94,9,True,train_dataset_2_test_dataset_3_seed_3,dataset_2,dataset_3,3
c7cb7858026d9ea3,c7cb7858026d9ea3_inj_latency_v2,2.276702404022217,2.276702404022217,0.0,False,c7cb7858026d9ea3_inj_latency_v2,c7cb7858026d9ea3,queryInfo,94,9,True,train_dataset_2_test_dataset_3_seed_3,dataset_2,dataset_3,3
e47281530a217b0c,e47281530a217b0c_inj_latency_v2,1.297019600868225,0.12484946846961975,-1.1721701323986053,False,e47281530a217b0c_inj_latency_v2,e47281530a217b0c,findByAccountId,1,1,True,train_dataset_2_test_dataset_3_seed_3,dataset_2,dataset_3,3
e84fe9819b911796,e84fe9819b911796_inj_latency_v2,1.1383512020111084,0.7207191586494446,-0.4176320433616638,False,e84fe9819b911796_inj_latency_v2,e84fe9819b911796,pay,2,1,True,train_dataset_2_test_dataset_3_seed_3,dataset_2,dataset_3,3
01ff481fe2f06ccd,01ff481fe2f06ccd_inj_latency_v2,2.8442819118499756,2.5134451389312744,-0.33083677291870117,False,01ff481fe2f06ccd_inj_latency_v2,01ff481fe2f06ccd,getAllTrains,3,2,True,train_dataset_3_test_dataset_1_seed_3,dataset_3,dataset_1,3
028e50b177ff6b9e,028e50b177ff6b9e_inj_latency_v2,1.1622952222824097,1.1622952222824097,0.0,False,028e50b177ff6b9e_inj_latency_v2,028e50b177ff6b9e,getAllFood,13,5,True,train_dataset_3_test_dataset_1_seed_3,dataset_3,dataset_1,3
08ea3dfb37e25b9f,08ea3dfb37e25b9f_inj_latency_v2,2.1669673919677734,2.1669673919677734,0.0,False,08ea3dfb37e25b9f_inj_latency_v2,08ea3dfb37e25b9f,queryInfo,23,5,True,train_dataset_3_test_dataset_1_seed_3,dataset_3,dataset_1,3
129098532f370700,129098532f370700_inj_latency_v2,2.1669673919677734,2.1669673919677734,0.0,False,129098532f370700_inj_latency_v2,129098532f370700,queryInfo,23,5,True,train_dataset_3_test_dataset_1_seed_3,dataset_3,dataset_1,3
12a19d5f4469c52e,12a19d5f4469c52e_inj_latency_v2,1.86652410030365,1.86652410030365,0.0,False,12a19d5f4469c52e_inj_latency_v2,12a19d5f4469c52e,getAllFood,13,5,True,train_dataset_3_test_dataset_1_seed_3,dataset_3,dataset_1,3
1b7a7713207ec2bc,1b7a7713207ec2bc_inj_latency_v2,1.4791853427886963,1.4791853427886963,0.0,False,1b7a7713207ec2bc_inj_latency_v2,1b7a7713207ec2bc,getAllTravels,45,5,True,train_dataset_3_test_dataset_1_seed_3,dataset_3,dataset_1,3
1fa3037f1b9cdff7,1fa3037f1b9cdff7_inj_latency_v2,0.5309667587280273,0.506740152835846,-0.024226605892181396,False,1fa3037f1b9cdff7_inj_latency_v2,1fa3037f1b9cdff7,findContactsByAccountId,1,1,True,train_dataset_3_test_dataset_1_seed_3,dataset_3,dataset_1,3
22de19f916a777b5,22de19f916a777b5_inj_latency_v2,1.4882177114486694,1.4882177114486694,0.0,False,22de19f916a777b5_inj_latency_v2,22de19f916a777b5,queryInfo,23,5,True,train_dataset_3_test_dataset_1_seed_3,dataset_3,dataset_1,3
23b959132ebaa72b,23b959132ebaa72b_inj_latency_v2,1.56303870677948,0.9621461033821106,-0.6008926033973694,False,23b959132ebaa72b_inj_latency_v2,23b959132ebaa72b,DELETE,2,1,True,train_dataset_3_test_dataset_1_seed_3,dataset_3,dataset_1,3
25b13a4a84ebf45e,25b13a4a84ebf45e_inj_latency_v2,0.7710856795310974,0.4817381799221039,-0.28934749960899353,False,25b13a4a84ebf45e_inj_latency_v2,25b13a4a84ebf45e,imageCode,1,1,True,train_dataset_3_test_dataset_1_seed_3,dataset_3,dataset_1,3
2932ad71ec1db532,2932ad71ec1db532_inj_latency_v2,0.5812456011772156,0.1990273892879486,-0.38221821188926697,False,2932ad71ec1db532_inj_latency_v2,2932ad71ec1db532,getAllAssuranceType,1,1,True,train_dataset_3_test_dataset_1_seed_3,dataset_3,dataset_1,3
2d4e802c303a7228,2d4e802c303a7228_inj_latency_v2,1.178632140159607,1.178632140159607,0.0,False,2d4e802c303a7228_inj_latency_v2,2d4e802c303a7228,queryInfo,23,5,True,train_dataset_3_test_dataset_1_seed_3,dataset_3,dataset_1,3
2ff5c4fc800d217c,2ff5c4fc800d217c_inj_latency_v2,1.86652410030365,1.86652410030365,0.0,False,2ff5c4fc800d217c_inj_latency_v2,2ff5c4fc800d217c,getAllFood,13,5,True,train_dataset_3_test_dataset_1_seed_3,dataset_3,dataset_1,3
32c418ec4c49eba5,32c418ec4c49eba5_inj_latency_v2,1.4791853427886963,0.716610312461853,-0.7625750303268433,False,32c418ec4c49eba5_inj_latency_v2,32c418ec4c49eba5,addTravel,2,1,True,train_dataset_3_test_dataset_1_seed_3,dataset_3,dataset_1,3
37bc0722864cfd8f,37bc0722864cfd8f_inj_latency_v2,0.6088142991065979,0.17145779728889465,-0.43735650181770325,False,37bc0722864cfd8f_inj_latency_v2,37bc0722864cfd8f,getAllAssuranceType,1,1,True,train_dataset_3_test_dataset_1_seed_3,dataset_3,dataset_1,3
38c324989983c3f9,38c324989983c3f9_inj_latency_v2,1.86652410030365,1.86652410030365,0.0,False,38c324989983c3f9_inj_latency_v2,38c324989983c3f9,getAllFood,13,5,True,train_dataset_3_test_dataset_1_seed_3,dataset_3,dataset_1,3
3c0028a52c0282da,3c0028a52c0282da_inj_latency_v2,1.86652410030365,1.86652410030365,0.0,False,3c0028a52c0282da_inj_latency_v2,3c0028a52c0282da,preserve,141,17,True,train_dataset_3_test_dataset_1_seed_3,dataset_3,dataset_1,3
3c76172e8dd13512,3c76172e8dd13512_inj_latency_v2,1.86652410030365,1.86652410030365,0.0,False,3c76172e8dd13512_inj_latency_v2,3c76172e8dd13512,getAllFood,13,5,True,train_dataset_3_test_dataset_1_seed_3,dataset_3,dataset_1,3
3d6a86efa17d7a6a,3d6a86efa17d7a6a_inj_latency_v2,1.5195472240447998,0.9175668358802795,-0.6019803881645203,False,3d6a86efa17d7a6a_inj_latency_v2,3d6a86efa17d7a6a,queryOrdersForRefresh,3,2,True,train_dataset_3_test_dataset_1_seed_3,dataset_3,dataset_1,3
3da370578de86f4c,3da370578de86f4c_inj_latency_v2,1.1214311122894287,1.0014498233795166,-0.11998128890991211,False,3da370578de86f4c_inj_latency_v2,3da370578de86f4c,updateOrder,3,2,True,train_dataset_3_test_dataset_1_seed_3,dataset_3,dataset_1,3
3fcf32c76789dec4,3fcf32c76789dec4_inj_latency_v2,0.7419103980064392,0.5109138488769531,-0.23099654912948608,False,3fcf32c76789dec4_inj_latency_v2,3fcf32c76789dec4,imageCode,1,1,True,train_dataset_3_test_dataset_1_seed_3,dataset_3,dataset_1,3
441798d2776bfbf7,441798d2776bfbf7_inj_latency_v2,0.8263515830039978,0.4264715611934662,-0.3998800218105316,False,441798d2776bfbf7_inj_latency_v2,441798d2776bfbf7,imageCode,1,1,True,train_dataset_3_test_dataset_1_seed_3,dataset_3,dataset_1,3
45bba1c9db589548,45bba1c9db589548_inj_latency_v2,1.86652410030365,1.86652410030365,0.0,False,45bba1c9db589548_inj_latency_v2,45bba1c9db589548,preserve,143,18,True,train_dataset_3_test_dataset_1_seed_3,dataset_3,dataset_1,3
466fc557e9bc9423,466fc557e9bc9423_inj_latency_v2,0.5307356715202332,0.249538391828537,-0.28119727969169617,False,466fc557e9bc9423_inj_latency_v2,466fc557e9bc9423,getAllAssuranceType,1,1,True,train_dataset_3_test_dataset_1_seed_3,dataset_3,dataset_1,3
47ca1a9fb49a76f8,47ca1a9fb49a76f8_inj_latency_v2,0.8665940761566162,0.08633777499198914,-0.7802563011646271,False,47ca1a9fb49a76f8_inj_latency_v2,47ca1a9fb49a76f8,getAllAssuranceType,1,1,True,train_dataset_3_test_dataset_1_seed_3,dataset_3,dataset_1,3
4854388ca8b98c38,4854388ca8b98c38_inj_latency_v2,2.1669673919677734,2.1669673919677734,0.0,False,4854388ca8b98c38_inj_latency_v2,4854388ca8b98c38,queryInfo,23,5,True,train_dataset_3_test_dataset_1_seed_3,dataset_3,dataset_1,3
49db533975155581,49db533975155581_inj_latency_v2,1.86652410030365,1.86652410030365,0.0,False,49db533975155581_inj_latency_v2,49db533975155581,preserve,44,12,True,train_dataset_3_test_dataset_1_seed_3,dataset_3,dataset_1,3
4a1d538d25ed9503,4a1d538d25ed9503_inj_latency_v2,2.1669673919677734,2.1669673919677734,0.0,False,4a1d538d25ed9503_inj_latency_v2,4a1d538d25ed9503,queryInfo,23,5,True,train_dataset_3_test_dataset_1_seed_3,dataset_3,dataset_1,3
5372731089374370,5372731089374370_inj_latency_v2,1.4791853427886963,1.4791853427886963,0.0,False,5372731089374370_inj_latency_v2,5372731089374370,getAllOrders,5,3,True,train_dataset_3_test_dataset_1_seed_3,dataset_3,dataset_1,3
56760a818feec5f8,56760a818feec5f8_inj_latency_v2,0.6733248233795166,0.5795000791549683,-0.09382474422454834,False,56760a818feec5f8_inj_latency_v2,56760a818feec5f8,imageCode,1,1,True,train_dataset_3_test_dataset_1_seed_3,dataset_3,dataset_1,3
57d6c01c5ee3a12f,57d6c01c5ee3a12f_inj_latency_v2,0.8667626976966858,0.38606011867523193,-0.48070257902145386,False,57d6c01c5ee3a12f_inj_latency_v2,57d6c01c5ee3a12f,imageCode,1,1,True,train_dataset_3_test_dataset_1_seed_3,dataset_3,dataset_1,3
5891283921f2132c,5891283921f2132c_inj_latency_v2,1.3620439767837524,1.074491024017334,-0.28755295276641846,False,5891283921f2132c_inj_latency_v2,5891283921f2132c,updateUser,3,2,True,train_dataset_3_test_dataset_1_seed_3,dataset_3,dataset_1,3
58b6e27d10da3ec0,58b6e27d10da3ec0_inj_latency_v2,1.3760167360305786,0.6037659049034119,-0.7722508311271667,False,58b6e27d10da3ec0_inj_latency_v2,58b6e27d10da3ec0,updateUser,3,2,True,train_dataset_3_test_dataset_1_seed_3,dataset_3,dataset_1,3
58c96f0d904c8107,58c96f0d904c8107_inj_latency_v2,1.3475897312164307,1.0840041637420654,-0.26358556747436523,False,58c96f0d904c8107_inj_latency_v2,58c96f0d904c8107,getAllUsers,3,2,True,train_dataset_3_test_dataset_1_seed_3,dataset_3,dataset_1,3
5c2e86cfbb99f31f,5c2e86cfbb99f31f_inj_latency_v2,1.86652410030365,1.86652410030365,0.0,False,5c2e86cfbb99f31f_inj_latency_v2,5c2e86cfbb99f31f,preserve,141,17,True,train_dataset_3_test_dataset_1_seed_3,dataset_3,dataset_1,3
600b5a617c044804,600b5a617c044804_inj_latency_v2,2.0201737880706787,2.0201737880706787,0.0,False,600b5a617c044804_inj_latency_v2,600b5a617c044804,queryInfo,245,10,True,train_dataset_3_test_dataset_1_seed_3,dataset_3,dataset_1,3
6149cb8597e450e9,6149cb8597e450e9_inj_latency_v2,1.4791853427886963,1.4791853427886963,0.0,False,6149cb8597e450e9_inj_latency_v2,6149cb8597e450e9,updateTravel,3,2,True,train_dataset_3_test_dataset_1_seed_3,dataset_3,dataset_1,3
631c05e3c79a55f5,631c05e3c79a55f5_inj_latency_v2,2.336087226867676,1.915026307106018,-0.4210609197616577,False,631c05e3c79a55f5_inj_latency_v2,631c05e3c79a55f5,modifyPrice,3,2,True,train_dataset_3_test_dataset_1_seed_3,dataset_3,dataset_1,3
660e3433b799552e,660e3433b799552e_inj_latency_v2,1.86652410030365,1.86652410030365,0.0,False,660e3433b799552e_inj_latency_v2,660e3433b799552e,getAllFood,13,5,True,train_dataset_3_test_dataset_1_seed_3,dataset_3,dataset_1,3
662335f7673cfaca,662335f7673cfaca_inj_latency_v2,1.4791853427886963,1.4791853427886963,0.0,False,662335f7673cfaca_inj_latency_v2,662335f7673cfaca,getAllTravels,45,5,True,train_dataset_3_test_dataset_1_seed_3,dataset_3,dataset_1,3
6928637dbfd47870,6928637dbfd47870_inj_latency_v2,1.6693696975708008,1.2482002973556519,-0.4211694002151489,False,6928637dbfd47870_inj_latency_v2,6928637dbfd47870,DELETE,2,1,True,train_dataset_3_test_dataset_1_seed_3,dataset_3,dataset_1,3
6d475f987bfc7f1b,6d475f987bfc7f1b_inj_latency_v2,0.6344089508056641,0.14586208760738373,-0.48854686319828033,False,6d475f987bfc7f1b_inj_latency_v2,6d475f987bfc7f1b,getAllAssuranceType,1,1,True,train_dataset_3_test_dataset_1_seed_3,dataset_3,dataset_1,3
7138aef35d2116b2,7138aef35d2116b2_inj_latency_v2,0.42888888716697693,0.3513871729373932,-0.07750171422958374,False,7138aef35d2116b2_inj_latency_v2,7138aef35d2116b2,getAllAssuranceType,1,1,True,train_dataset_3_test_dataset_1_seed_3,dataset_3,dataset_1,3
719911734c5b50e3,719911734c5b50e3_inj_latency_v2,1.86652410030365,1.86652410030365,0.0,False,719911734c5b50e3_inj_latency_v2,719911734c5b50e3,POST,2,1,True,train_dataset_3_test_dataset_1_seed_3,dataset_3,dataset_1,3
71f75763df02f8f8,71f75763df02f8f8_inj_latency_v2,2.903510808944702,2.7427544593811035,-0.16075634956359863,False,71f75763df02f8f8_inj_latency_v2,71f75763df02f8f8,modifyTrain,3,2,True,train_dataset_3_test_dataset_1_seed_3,dataset_3,dataset_1,3
75028946369c8e64,75028946369c8e64_inj_latency_v2,1.4791853427886963,0.3722458481788635,-1.1069394946098328,False,75028946369c8e64_inj_latency_v2,75028946369c8e64,addTravel,2,1,True,train_dataset_3_test_dataset_1_seed_3,dataset_3,dataset_1,3
7604967b0de191c2,7604967b0de191c2_inj_latency_v2,0.758538007736206,0.2791633605957031,-0.47937464714050293,False,7604967b0de191c2_inj_latency_v2,7604967b0de191c2,findContactsByAccountId,1,1,True,train_dataset_3_test_dataset_1_seed_3,dataset_3,dataset_1,3
78628ba56ee0ded7,78628ba56ee0ded7_inj_latency_v2,1.0599383115768433,1.0599383115768433,0.0,False,78628ba56ee0ded7_inj_latency_v2,78628ba56ee0ded7,queryInfo,23,5,True,train_dataset_3_test_dataset_1_seed_3,dataset_3,dataset_1,3
7c0a1d34ed04f19b,7c0a1d34ed04f19b_inj_latency_v2,1.853987693786621,1.853987693786621,0.0,False,7c0a1d34ed04f19b_inj_latency_v2,7c0a1d34ed04f19b,queryInfo,23,5,True,train_dataset_3_test_dataset_1_seed_3,dataset_3,dataset_1,3
82a6b96f4d1faedb,82a6b96f4d1faedb_inj_latency_v2,0.6439481377601624,0.3937564194202423,-0.25019171833992004,False,82a6b96f4d1faedb_inj_latency_v2,82a6b96f4d1faedb,findContactsByAccountId,1,1,True,train_dataset_3_test_dataset_1_seed_3,dataset_3,dataset_1,3
83008a72c1761c41,83008a72c1761c41_inj_latency_v2,2.619997978210449,2.619997978210449,0.0,False,83008a72c1761c41_inj_latency_v2,83008a72c1761c41,queryInfo,245,10,True,train_dataset_3_test_dataset_1_seed_3,dataset_3,dataset_1,3
83378a8faf0029c0,83378a8faf0029c0_inj_latency_v2,2.619997978210449,2.619997978210449,0.0,False,83378a8faf0029c0_inj_latency_v2,83378a8faf0029c0,queryInfo,97,10,True,train_dataset_3_test_dataset_1_seed_3,dataset_3,dataset_1,3
894ecb51e2e30211,894ecb51e2e30211_inj_latency_v2,1.660712718963623,0.407929003238678,-1.252783715724945,False,894ecb51e2e30211_inj_latency_v2,894ecb51e2e30211,imageCode,1,1,True,train_dataset_3_test_dataset_1_seed_3,dataset_3,dataset_1,3
8990ad9cb25f4484,8990ad9cb25f4484_inj_latency_v2,0.7648292779922485,0.48799458146095276,-0.2768346965312958,False,8990ad9cb25f4484_inj_latency_v2,8990ad9cb25f4484,imageCode,1,1,True,train_dataset_3_test_dataset_1_seed_3,dataset_3,dataset_1,3
9503d78c0bb01d71,9503d78c0bb01d71_inj_latency_v2,1.3882803916931152,0.6983265280723572,-0.6899538636207581,False,9503d78c0bb01d71_inj_latency_v2,9503d78c0bb01d71,updateUser,3,2,True,train_dataset_3_test_dataset_1_seed_3,dataset_3,dataset_1,3
96dd564dd03cdfb7,96dd564dd03cdfb7_inj_latency_v2,1.7857948541641235,0.7296560406684875,-1.056138813495636,False,96dd564dd03cdfb7_inj_latency_v2,96dd564dd03cdfb7,DELETE,2,1,True,train_dataset_3_test_dataset_1_seed_3,dataset_3,dataset_1,3
9a90f76616c9f378,9a90f76616c9f378_inj_latency_v2,1.7685353755950928,0.35750657320022583,-1.411028802394867,False,9a90f76616c9f378_inj_latency_v2,9a90f76616c9f378,queryOrdersForRefresh,3,2,True,train_dataset_3_test_dataset_1_seed_3,dataset_3,dataset_1,3
9cbb27dd65c9d85c,9cbb27dd65c9d85c_inj_latency_v2,0.3973143994808197,0.38296207785606384,-0.01435232162475586,False,9cbb27dd65c9d85c_inj_latency_v2,9cbb27dd65c9d85c,getAllAssuranceType,1,1,True,train_dataset_3_test_dataset_1_seed_3,dataset_3,dataset_1,3
9de36229baf0c214,9de36229baf0c214_inj_latency_v2,1.86652410030365,1.86652410030365,0.0,False,9de36229baf0c214_inj_latency_v2,9de36229baf0c214,getAllFood,13,5,True,train_dataset_3_test_dataset_1_seed_3,dataset_3,dataset_1,3
9fea5d3996d596f4,9fea5d3996d596f4_inj_latency_v2,1.4791853427886963,1.4791853427886963,0.0,False,9fea5d3996d596f4_inj_latency_v2,9fea5d3996d596f4,addTravel,3,2,True,train_dataset_3_test_dataset_1_seed_3,dataset_3,dataset_1,3
a1b02600052d9098,a1b02600052d9098_inj_latency_v2,1.0616103410720825,1.0306192636489868,-0.030991077423095703,False,a1b02600052d9098_inj_latency_v2,a1b02600052d9098,findByOrderId,1,1,True,train_dataset_3_test_dataset_1_seed_3,dataset_3,dataset_1,3
a7b2313d89b8409b,a7b2313d89b8409b_inj_latency_v2,0.5838181376457214,0.45388785004615784,-0.1299302875995636,False,a7b2313d89b8409b_inj_latency_v2,a7b2313d89b8409b,findContactsByAccountId,1,1,True,train_dataset_3_test_dataset_1_seed_3,dataset_3,dataset_1,3
a80f8db9f0088039,a80f8db9f0088039_inj_latency_v2,1.4791853427886963,0.6793069839477539,-0.7998783588409424,False,a80f8db9f0088039_inj_latency_v2,a80f8db9f0088039,addTravel,2,1,True,train_dataset_3_test_dataset_1_seed_3,dataset_3,dataset_1,3
aac1f5c22552b054,aac1f5c22552b054_inj_latency_v2,2.1669673919677734,2.1669673919677734,0.0,False,aac1f5c22552b054_inj_latency_v2,aac1f5c22552b054,queryInfo,23,5,True,train_dataset_3_test_dataset_1_seed_3,dataset_3,dataset_1,3
ae0fa6700adafee7,ae0fa6700adafee7_inj_latency_v2,2.0701043605804443,2.0701043605804443,0.0,False,ae0fa6700adafee7_inj_latency_v2,ae0fa6700adafee7,getAllFood,5,3,True,train_dataset_3_test_dataset_1_seed_3,dataset_3,dataset_1,3
aef6b0308b854616,aef6b0308b854616_inj_latency_v2,1.86652410030365,1.86652410030365,0.0,False,aef6b0308b854616_inj_latency_v2,aef6b0308b854616,getAllFood,13,5,True,train_dataset_3_test_dataset_1_seed_3,dataset_3,dataset_1,3
b51267687f5439bb,b51267687f5439bb_inj_latency_v2,1.4791853427886963,1.4791853427886963,0.0,False,b51267687f5439bb_inj_latency_v2,b51267687f5439bb,addTravel,3,2,True,train_dataset_3_test_dataset_1_seed_3,dataset_3,dataset_1,3
b619083d8ed1d0ff,b619083d8ed1d0ff_inj_latency_v2,1.86652410030365,1.86652410030365,0.0,False,b619083d8ed1d0ff_inj_latency_v2,b619083d8ed1d0ff,preserve,9,5,True,train_dataset_3_test_dataset_1_seed_3,dataset_3,dataset_1,3
b73c17fb8625163e,b73c17fb8625163e_inj_latency_v2,0.7478813529014587,0.03238440304994583,-0.7154969498515129,False,b73c17fb8625163e_inj_latency_v2,b73c17fb8625163e,getAllAssuranceType,1,1,True,train_dataset_3_test_dataset_1_seed_3,dataset_3,dataset_1,3
bd358e28ee4d29ca,bd358e28ee4d29ca_inj_latency_v2,1.86652410030365,1.86652410030365,0.0,False,bd358e28ee4d29ca_inj_latency_v2,bd358e28ee4d29ca,preserve,141,17,True,train_dataset_3_test_dataset_1_seed_3,dataset_3,dataset_1,3
c2c6050836591363,c2c6050836591363_inj_latency_v2,2.361194610595703,1.8250550031661987,-0.5361396074295044,False,c2c6050836591363_inj_latency_v2,c2c6050836591363,deleteStation,3,2,True,train_dataset_3_test_dataset_1_seed_3,dataset_3,dataset_1,3
c585a0e8da5238a1,c585a0e8da5238a1_inj_latency_v2,1.4558792114257812,0.6923350095748901,-0.7635442018508911,False,c585a0e8da5238a1_inj_latency_v2,c585a0e8da5238a1,getAllUsers,3,2,True,train_dataset_3_test_dataset_1_seed_3,dataset_3,dataset_1,3
c5cde63b64110aae,c5cde63b64110aae_inj_latency_v2,0.46873536705970764,0.3115402162075043,-0.15719515085220337,False,c5cde63b64110aae_inj_latency_v2,c5cde63b64110aae,getAllAssuranceType,1,1,True,train_dataset_3_test_dataset_1_seed_3,dataset_3,dataset_1,3
c69540c0a0e238ec,c69540c0a0e238ec_inj_latency_v2,0.8951385021209717,0.35768362879753113,-0.5374548733234406,False,c69540c0a0e238ec_inj_latency_v2,c69540c0a0e238ec,imageCode,1,1,True,train_dataset_3_test_dataset_1_seed_3,dataset_3,dataset_1,3
cbf9d27f7fc51e53,cbf9d27f7fc51e53_inj_latency_v2,1.4454299211502075,1.4454299211502075,0.0,False,cbf9d27f7fc51e53_inj_latency_v2,cbf9d27f7fc51e53,queryInfo,23,5,True,train_dataset_3_test_dataset_1_seed_3,dataset_3,dataset_1,3
cc3c4fa1c8c8dcd2,cc3c4fa1c8c8dcd2_inj_latency_v2,0.811911940574646,0.811911940574646,0.0,False,cc3c4fa1c8c8dcd2_inj_latency_v2,cc3c4fa1c8c8dcd2,getAllFood,13,5,True,train_dataset_3_test_dataset_1_seed_3,dataset_3,dataset_1,3
cefaab51f759c69a,cefaab51f759c69a_inj_latency_v2,1.86652410030365,1.86652410030365,0.0,False,cefaab51f759c69a_inj_latency_v2,cefaab51f759c69a,getAllFood,13,5,True,train_dataset_3_test_dataset_1_seed_3,dataset_3,dataset_1,3
d2110a2c63cc9e7c,d2110a2c63cc9e7c_inj_latency_v2,0.8967041969299316,0.8967041969299316,0.0,False,d2110a2c63cc9e7c_inj_latency_v2,d2110a2c63cc9e7c,queryInfo,23,5,True,train_dataset_3_test_dataset_1_seed_3,dataset_3,dataset_1,3
d92af8df8dc53763,d92af8df8dc53763_inj_latency_v2,0.6407777667045593,0.13949301838874817,-0.5012847483158112,False,d92af8df8dc53763_inj_latency_v2,d92af8df8dc53763,getAllAssuranceType,1,1,True,train_dataset_3_test_dataset_1_seed_3,dataset_3,dataset_1,3
db380a84928baafb,db380a84928baafb_inj_latency_v2,2.619997978210449,2.619997978210449,0.0,False,db380a84928baafb_inj_latency_v2,db380a84928baafb,queryInfo,97,10,True,train_dataset_3_test_dataset_1_seed_3,dataset_3,dataset_1,3
e3841fcaa38d0665,e3841fcaa38d0665_inj_latency_v2,0.5346167087554932,0.24565735459327698,-0.2889593541622162,False,e3841fcaa38d0665_inj_latency_v2,e3841fcaa38d0665,getAllAssuranceType,1,1,True,train_dataset_3_test_dataset_1_seed_3,dataset_3,dataset_1,3
e4f2da2ca09a3673,e4f2da2ca09a3673_inj_latency_v2,1.8318299055099487,1.8318299055099487,0.0,False,e4f2da2ca09a3673_inj_latency_v2,e4f2da2ca09a3673,queryInfo,23,5,True,train_dataset_3_test_dataset_1_seed_3,dataset_3,dataset_1,3
e54ba7abab054171,e54ba7abab054171_inj_latency_v2,2.9583706855773926,2.769052505493164,-0.18931818008422852,False,e54ba7abab054171_inj_latency_v2,e54ba7abab054171,getAllTrains,3,2,True,train_dataset_3_test_dataset_1_seed_3,dataset_3,dataset_1,3
e626a7c52a2ba305,e626a7c52a2ba305_inj_latency_v2,1.86652410030365,1.86652410030365,0.0,False,e626a7c52a2ba305_inj_latency_v2,e626a7c52a2ba305,getAllFood,13,5,True,train_dataset_3_test_dataset_1_seed_3,dataset_3,dataset_1,3
e70e448729f24dfb,e70e448729f24dfb_inj_latency_v2,2.062251567840576,2.062251567840576,0.0,False,e70e448729f24dfb_inj_latency_v2,e70e448729f24dfb,queryInfo,103,10,True,train_dataset_3_test_dataset_1_seed_3,dataset_3,dataset_1,3
e737ecef7579e257,e737ecef7579e257_inj_latency_v2,1.86652410030365,1.86652410030365,0.0,False,e737ecef7579e257_inj_latency_v2,e737ecef7579e257,getAllFood,13,5,True,train_dataset_3_test_dataset_1_seed_3,dataset_3,dataset_1,3
e750ce963c7813fc,e750ce963c7813fc_inj_latency_v2,1.0685993432998657,0.8882381319999695,-0.18036121129989624,False,e750ce963c7813fc_inj_latency_v2,e750ce963c7813fc,queryInfo,23,5,True,train_dataset_3_test_dataset_1_seed_3,dataset_3,dataset_1,3
e96f63173dd4c697,e96f63173dd4c697_inj_latency_v2,1.86652410030365,1.86652410030365,0.0,False,e96f63173dd4c697_inj_latency_v2,e96f63173dd4c697,preserve,141,17,True,train_dataset_3_test_dataset_1_seed_3,dataset_3,dataset_1,3
f01f17547ea077bc,f01f17547ea077bc_inj_latency_v2,0.39735445380210876,0.3829220235347748,-0.014432430267333984,False,f01f17547ea077bc_inj_latency_v2,f01f17547ea077bc,getAllAssuranceType,1,1,True,train_dataset_3_test_dataset_1_seed_3,dataset_3,dataset_1,3
f2b14a336dd8f964,f2b14a336dd8f964_inj_latency_v2,0.7248421907424927,0.5279820561408997,-0.19686013460159302,False,f2b14a336dd8f964_inj_latency_v2,f2b14a336dd8f964,imageCode,1,1,True,train_dataset_3_test_dataset_1_seed_3,dataset_3,dataset_1,3
f6e85be8f2770567,f6e85be8f2770567_inj_latency_v2,0.42158931493759155,0.35868674516677856,-0.06290256977081299,False,f6e85be8f2770567_inj_latency_v2,f6e85be8f2770567,getAllAssuranceType,1,1,True,train_dataset_3_test_dataset_1_seed_3,dataset_3,dataset_1,3
fb5ef3c8b7578bb8,fb5ef3c8b7578bb8_inj_latency_v2,1.86652410030365,1.86652410030365,0.0,False,fb5ef3c8b7578bb8_inj_latency_v2,fb5ef3c8b7578bb8,getAllFood,13,5,True,train_dataset_3_test_dataset_1_seed_3,dataset_3,dataset_1,3
fe99d73ec3c23775,fe99d73ec3c23775_inj_latency_v2,1.86652410030365,1.86652410030365,0.0,False,fe99d73ec3c23775_inj_latency_v2,fe99d73ec3c23775,getAllFood,13,5,True,train_dataset_3_test_dataset_1_seed_3,dataset_3,dataset_1,3
fecbbb74ea23e780,fecbbb74ea23e780_inj_latency_v2,2.619997978210449,2.619997978210449,0.0,False,fecbbb74ea23e780_inj_latency_v2,fecbbb74ea23e780,queryInfo,97,10,True,train_dataset_3_test_dataset_1_seed_3,dataset_3,dataset_1,3
0b4cade05161e76c,0b4cade05161e76c_inj_latency_v2,1.9987787008285522,1.9987787008285522,0.0,False,0b4cade05161e76c_inj_latency_v2,0b4cade05161e76c,queryInfo,103,10,True,train_dataset_3_test_dataset_2_seed_3,dataset_3,dataset_2,3
5cc48d4250aa639c,5cc48d4250aa639c_inj_latency_v2,1.5384258031845093,1.5384258031845093,0.0,False,5cc48d4250aa639c_inj_latency_v2,5cc48d4250aa639c,queryInfo,23,5,True,train_dataset_3_test_dataset_2_seed_3,dataset_3,dataset_2,3
80a44ca087960a4c,80a44ca087960a4c_inj_latency_v2,0.8029356002807617,0.44988754391670227,-0.35304805636405945,False,80a44ca087960a4c_inj_latency_v2,80a44ca087960a4c,imageCode,1,1,True,train_dataset_3_test_dataset_2_seed_3,dataset_3,dataset_2,3
82db15b7b3b1143f,82db15b7b3b1143f_inj_latency_v2,0.8823355436325073,0.3704865872859955,-0.5118489563465118,False,82db15b7b3b1143f_inj_latency_v2,82db15b7b3b1143f,imageCode,1,1,True,train_dataset_3_test_dataset_2_seed_3,dataset_3,dataset_2,3
920554c20d7b1f41,920554c20d7b1f41_inj_latency_v2,0.6473630666732788,0.605461835861206,-0.041901230812072754,False,920554c20d7b1f41_inj_latency_v2,920554c20d7b1f41,imageCode,1,1,True,train_dataset_3_test_dataset_2_seed_3,dataset_3,dataset_2,3
a009bc261fe13464,a009bc261fe13464_inj_latency_v2,1.86652410030365,1.86652410030365,0.0,False,a009bc261fe13464_inj_latency_v2,a009bc261fe13464,preserve,99,14,True,train_dataset_3_test_dataset_2_seed_3,dataset_3,dataset_2,3
be97183803c57d86,be97183803c57d86_inj_latency_v2,1.86652410030365,1.86652410030365,0.0,False,be97183803c57d86_inj_latency_v2,be97183803c57d86,preserve,9,5,True,train_dataset_3_test_dataset_2_seed_3,dataset_3,dataset_2,3
cae66fa51aff79d3,cae66fa51aff79d3_inj_latency_v2,1.86652410030365,1.86652410030365,0.0,False,cae66fa51aff79d3_inj_latency_v2,cae66fa51aff79d3,preserve,141,17,True,train_dataset_3_test_dataset_2_seed_3,dataset_3,dataset_2,3
d8b910dea0064d3a,d8b910dea0064d3a_inj_latency_v2,1.86652410030365,1.86652410030365,0.0,False,d8b910dea0064d3a_inj_latency_v2,d8b910dea0064d3a,preserve,141,17,True,train_dataset_3_test_dataset_2_seed_3,dataset_3,dataset_2,3
e67d3e28c0654d2e,e67d3e28c0654d2e_inj_latency_v2,1.86652410030365,1.86652410030365,0.0,False,e67d3e28c0654d2e_inj_latency_v2,e67d3e28c0654d2e,preserve,141,17,True,train_dataset_3_test_dataset_2_seed_3,dataset_3,dataset_2,3
f0e900d89fb9eb10,f0e900d89fb9eb10_inj_latency_v2,2.9583706855773926,1.8184758424758911,-1.1398948431015015,False,f0e900d89fb9eb10_inj_latency_v2,f0e900d89fb9eb10,modifyTrain,3,2,True,train_dataset_3_test_dataset_2_seed_3,dataset_3,dataset_2,3
f82e97d360466cc8,f82e97d360466cc8_inj_latency_v2,0.8014780879020691,0.8014780879020691,0.0,False,f82e97d360466cc8_inj_latency_v2,f82e97d360466cc8,preserve,149,18,True,train_dataset_3_test_dataset_2_seed_3,dataset_3,dataset_2,3
fdc58f05e72ad139,fdc58f05e72ad139_inj_latency_v2,0.999715268611908,0.2531050741672516,-0.7466101944446564,False,fdc58f05e72ad139_inj_latency_v2,fdc58f05e72ad139,imageCode,1,1,True,train_dataset_3_test_dataset_2_seed_3,dataset_3,dataset_2,3
175aedae66c1f4c8,175aedae66c1f4c8_inj_latency_v2,1.1219415664672852,0.5633472800254822,-0.558594286441803,False,175aedae66c1f4c8_inj_latency_v2,175aedae66c1f4c8,getOrderById,1,1,True,train_dataset_1_test_dataset_2_seed_4,dataset_1,dataset_2,4
729a65997299a40a,729a65997299a40a_inj_latency_v2,1.4430124759674072,1.4430124759674072,0.0,False,729a65997299a40a_inj_latency_v2,729a65997299a40a,pay,7,3,True,train_dataset_1_test_dataset_2_seed_4,dataset_1,dataset_2,4
cae66fa51aff79d3,cae66fa51aff79d3_inj_latency_v2,2.35345196723938,2.35345196723938,0.0,False,cae66fa51aff79d3_inj_latency_v2,cae66fa51aff79d3,preserve,141,17,True,train_dataset_1_test_dataset_2_seed_4,dataset_1,dataset_2,4
03936fa843b81eb0,03936fa843b81eb0_inj_latency_v2,1.069970965385437,0.3456772565841675,-0.7242937088012695,False,03936fa843b81eb0_inj_latency_v2,03936fa843b81eb0,pay,2,1,True,train_dataset_1_test_dataset_3_seed_4,dataset_1,dataset_3,4
282da289dca8852b,282da289dca8852b_inj_latency_v2,2.062842845916748,1.2325688600540161,-0.8302739858627319,False,282da289dca8852b_inj_latency_v2,282da289dca8852b,addRoute,3,2,True,train_dataset_1_test_dataset_3_seed_4,dataset_1,dataset_3,4
3887036b99e297a7,3887036b99e297a7_inj_latency_v2,3.2638912200927734,3.2638912200927734,0.0,False,3887036b99e297a7_inj_latency_v2,3887036b99e297a7,queryInfo,103,10,True,train_dataset_1_test_dataset_3_seed_4,dataset_1,dataset_3,4
3d1a3606f264d1a9,3d1a3606f264d1a9_inj_latency_v2,0.9698862433433533,0.6381640434265137,-0.3317221999168396,False,3d1a3606f264d1a9_inj_latency_v2,3d1a3606f264d1a9,getPriceByWeightAndRegion,1,1,True,train_dataset_1_test_dataset_3_seed_4,dataset_1,dataset_3,4
58663a90e5c893c5,58663a90e5c893c5_inj_latency_v2,2.35345196723938,2.35345196723938,0.0,False,58663a90e5c893c5_inj_latency_v2,58663a90e5c893c5,preserve,135,16,True,train_dataset_1_test_dataset_3_seed_4,dataset_1,dataset_3,4
70d74443a791be6e,70d74443a791be6e_inj_latency_v2,0.6136249899864197,0.11067446321249008,-0.5029505267739296,False,70d74443a791be6e_inj_latency_v2,70d74443a791be6e,pay,2,1,True,train_dataset_1_test_dataset_3_seed_4,dataset_1,dataset_3,4
a1610e1ad51d3b84,a1610e1ad51d3b84_inj_latency_v2,1.645804524421692,1.2538127899169922,-0.3919917345046997,False,a1610e1ad51d3b84_inj_latency_v2,a1610e1ad51d3b84,updateConsign,3,2,True,train_dataset_1_test_dataset_3_seed_4,dataset_1,dataset_3,4
b914aff94c695c7d,b914aff94c695c7d_inj_latency_v2,3.2638912200927734,3.2638912200927734,0.0,False,b914aff94c695c7d_inj_latency_v2,b914aff94c695c7d,queryInfo,103,10,True,train_dataset_1_test_dataset_3_seed_4,dataset_1,dataset_3,4
c3b4179b96dc5829,c3b4179b96dc5829_inj_latency_v2,0.5674705505371094,0.1568288952112198,-0.4106416553258896,False,c3b4179b96dc5829_inj_latency_v2,c3b4179b96dc5829,pay,2,1,True,train_dataset_1_test_dataset_3_seed_4,dataset_1,dataset_3,4
e47281530a217b0c,e47281530a217b0c_inj_latency_v2,1.2619460821151733,0.3823138177394867,-0.8796322643756866,False,e47281530a217b0c_inj_latency_v2,e47281530a217b0c,findByAccountId,1,1,True,train_dataset_1_test_dataset_3_seed_4,dataset_1,dataset_3,4
e84fe9819b911796,e84fe9819b911796_inj_latency_v2,0.7984753251075745,0.20275580883026123,-0.5957195162773132,False,e84fe9819b911796_inj_latency_v2,e84fe9819b911796,pay,2,1,True,train_dataset_1_test_dataset_3_seed_4,dataset_1,dataset_3,4
ff3555e224a5776a,ff3555e224a5776a_inj_latency_v2,2.35345196723938,2.35345196723938,0.0,False,ff3555e224a5776a_inj_latency_v2,ff3555e224a5776a,preserve,135,16,True,train_dataset_1_test_dataset_3_seed_4,dataset_1,dataset_3,4
028e50b177ff6b9e,028e50b177ff6b9e_inj_latency_v2,1.804244041442871,1.804244041442871,0.0,False,028e50b177ff6b9e_inj_latency_v2,028e50b177ff6b9e,getAllFood,13,5,True,train_dataset_2_test_dataset_1_seed_4,dataset_2,dataset_1,4
07001b2cc18ec5ce,07001b2cc18ec5ce_inj_latency_v2,1.199790358543396,0.868292510509491,-0.33149784803390503,False,07001b2cc18ec5ce_inj_latency_v2,07001b2cc18ec5ce,queryOrdersForRefresh,3,2,True,train_dataset_2_test_dataset_1_seed_4,dataset_2,dataset_1,4
078cf3a6c4ca1add,078cf3a6c4ca1add_inj_latency_v2,0.5636732578277588,0.34109410643577576,-0.22257915139198303,False,078cf3a6c4ca1add_inj_latency_v2,078cf3a6c4ca1add,findContactsByAccountId,1,1,True,train_dataset_2_test_dataset_1_seed_4,dataset_2,dataset_1,4
08ea3dfb37e25b9f,08ea3dfb37e25b9f_inj_latency_v2,0.6842928528785706,0.6842928528785706,0.0,False,08ea3dfb37e25b9f_inj_latency_v2,08ea3dfb37e25b9f,queryInfo,23,5,True,train_dataset_2_test_dataset_1_seed_4,dataset_2,dataset_1,4
0b62285c9aa8c97d,0b62285c9aa8c97d_inj_latency_v2,0.962112545967102,0.06704571843147278,-0.8950668275356293,False,0b62285c9aa8c97d_inj_latency_v2,0b62285c9aa8c97d,modifyOrder,1,1,True,train_dataset_2_test_dataset_1_seed_4,dataset_2,dataset_1,4
0cc3f0ca47c90560,0cc3f0ca47c90560_inj_latency_v2,1.804244041442871,1.804244041442871,0.0,False,0cc3f0ca47c90560_inj_latency_v2,0cc3f0ca47c90560,getToken,3,2,True,train_dataset_2_test_dataset_1_seed_4,dataset_2,dataset_1,4
0e4721c353950231,0e4721c353950231_inj_latency_v2,1.086435317993164,0.31208667159080505,-0.774348646402359,False,0e4721c353950231_inj_latency_v2,0e4721c353950231,addTravel,2,1,True,train_dataset_2_test_dataset_1_seed_4,dataset_2,dataset_1,4
12a19d5f4469c52e,12a19d5f4469c52e_inj_latency_v2,1.574323296546936,1.574323296546936,0.0,False,12a19d5f4469c52e_inj_latency_v2,12a19d5f4469c52e,getAllFood,13,5,True,train_dataset_2_test_dataset_1_seed_4,dataset_2,dataset_1,4
17c627cd070bacf3,17c627cd070bacf3_inj_latency_v2,1.040136456489563,0.781092643737793,-0.25904381275177,False,17c627cd070bacf3_inj_latency_v2,17c627cd070bacf3,queryOrdersForRefresh,3,2,True,train_dataset_2_test_dataset_1_seed_4,dataset_2,dataset_1,4
1a5e922d4bed1ee5,1a5e922d4bed1ee5_inj_latency_v2,1.2150076627731323,0.4596993923187256,-0.7553082704544067,False,1a5e922d4bed1ee5_inj_latency_v2,1a5e922d4bed1ee5,queryOrdersForRefresh,3,2,True,train_dataset_2_test_dataset_1_seed_4,dataset_2,dataset_1,4
1fa3037f1b9cdff7,1fa3037f1b9cdff7_inj_latency_v2,0.6704866886138916,0.23427914083003998,-0.4362075477838516,False,1fa3037f1b9cdff7_inj_latency_v2,1fa3037f1b9cdff7,findContactsByAccountId,1,1,True,train_dataset_2_test_dataset_1_seed_4,dataset_2,dataset_1,4
22de19f916a777b5,22de19f916a777b5_inj_latency_v2,0.8570239543914795,0.8570239543914795,0.0,False,22de19f916a777b5_inj_latency_v2,22de19f916a777b5,queryInfo,23,5,True,train_dataset_2_test_dataset_1_seed_4,dataset_2,dataset_1,4
23b959132ebaa72b,23b959132ebaa72b_inj_latency_v2,2.64316987991333,0.6332241892814636,-2.0099456906318665,False,23b959132ebaa72b_inj_latency_v2,23b959132ebaa72b,DELETE,2,1,True,train_dataset_2_test_dataset_1_seed_4,dataset_2,dataset_1,4
24025232d58c110f,24025232d58c110f_inj_latency_v2,2.64316987991333,2.4130098819732666,-0.23015999794006348,False,24025232d58c110f_inj_latency_v2,24025232d58c110f,modifyConfig,3,2,True,train_dataset_2_test_dataset_1_seed_4,dataset_2,dataset_1,4
288dbb242709b378,288dbb242709b378_inj_latency_v2,0.5291883945465088,0.37557917833328247,-0.15360921621322632,False,288dbb242709b378_inj_latency_v2,288dbb242709b378,findContactsByAccountId,1,1,True,train_dataset_2_test_dataset_1_seed_4,dataset_2,dataset_1,4
28b8f4fb489555ac,28b8f4fb489555ac_inj_latency_v2,1.273836374282837,0.6945284008979797,-0.5793079733848572,False,28b8f4fb489555ac_inj_latency_v2,28b8f4fb489555ac,POST,2,1,True,train_dataset_2_test_dataset_1_seed_4,dataset_2,dataset_1,4
2932ad71ec1db532,2932ad71ec1db532_inj_latency_v2,1.0466336011886597,0.13030463457107544,-0.9163289666175842,False,2932ad71ec1db532_inj_latency_v2,2932ad71ec1db532,getAllAssuranceType,1,1,True,train_dataset_2_test_dataset_1_seed_4,dataset_2,dataset_1,4
2a82d8b4a2d44fda,2a82d8b4a2d44fda_inj_latency_v2,1.0473378896713257,0.27298885583877563,-0.77434903383255,False,2a82d8b4a2d44fda_inj_latency_v2,2a82d8b4a2d44fda,addTravel,2,1,True,train_dataset_2_test_dataset_1_seed_4,dataset_2,dataset_1,4
2ac31ed71a762f7f,2ac31ed71a762f7f_inj_latency_v2,0.9453563690185547,0.08380332589149475,-0.8615530431270599,False,2ac31ed71a762f7f_inj_latency_v2,2ac31ed71a762f7f,modifyOrder,1,1,True,train_dataset_2_test_dataset_1_seed_4,dataset_2,dataset_1,4
2d4e802c303a7228,2d4e802c303a7228_inj_latency_v2,0.451071172952652,0.38209807872772217,-0.06897309422492981,False,2d4e802c303a7228_inj_latency_v2,2d4e802c303a7228,queryInfo,23,5,True,train_dataset_2_test_dataset_1_seed_4,dataset_2,dataset_1,4
2dc47ec0364db997,2dc47ec0364db997_inj_latency_v2,0.6423147320747375,0.2624518871307373,-0.37986284494400024,False,2dc47ec0364db997_inj_latency_v2,2dc47ec0364db997,findContactsByAccountId,1,1,True,train_dataset_2_test_dataset_1_seed_4,dataset_2,dataset_1,4
2ff5c4fc800d217c,2ff5c4fc800d217c_inj_latency_v2,1.804244041442871,1.804244041442871,0.0,False,2ff5c4fc800d217c_inj_latency_v2,2ff5c4fc800d217c,getAllFood,13,5,True,train_dataset_2_test_dataset_1_seed_4,dataset_2,dataset_1,4
3118754ef6886cc5,3118754ef6886cc5_inj_latency_v2,2.4011240005493164,1.935320258140564,-0.46580374240875244,False,3118754ef6886cc5_inj_latency_v2,3118754ef6886cc5,modifyStation,3,2,True,train_dataset_2_test_dataset_1_seed_4,dataset_2,dataset_1,4
32c418ec4c49eba5,32c418ec4c49eba5_inj_latency_v2,1.1383512020111084,0.6385831832885742,-0.4997680187225342,False,32c418ec4c49eba5_inj_latency_v2,32c418ec4c49eba5,addTravel,2,1,True,train_dataset_2_test_dataset_1_seed_4,dataset_2,dataset_1,4
37bc0722864cfd8f,37bc0722864cfd8f_inj_latency_v2,1.0882173776626587,0.08871956914663315,-0.9994978085160255,False,37bc0722864cfd8f_inj_latency_v2,37bc0722864cfd8f,getAllAssuranceType,1,1,True,train_dataset_2_test_dataset_1_seed_4,dataset_2,dataset_1,4
38c324989983c3f9,38c324989983c3f9_inj_latency_v2,1.129604697227478,1.129604697227478,0.0,False,38c324989983c3f9_inj_latency_v2,38c324989983c3f9,getAllFood,13,5,True,train_dataset_2_test_dataset_1_seed_4,dataset_2,dataset_1,4
3c76172e8dd13512,3c76172e8dd13512_inj_latency_v2,1.804244041442871,1.804244041442871,0.0,False,3c76172e8dd13512_inj_latency_v2,3c76172e8dd13512,getAllFood,13,5,True,train_dataset_2_test_dataset_1_seed_4,dataset_2,dataset_1,4
3d6a86efa17d7a6a,3d6a86efa17d7a6a_inj_latency_v2,1.4044957160949707,0.5301312208175659,-0.8743644952774048,False,3d6a86efa17d7a6a_inj_latency_v2,3d6a86efa17d7a6a,queryOrdersForRefresh,3,2,True,train_dataset_2_test_dataset_1_seed_4,dataset_2,dataset_1,4
3da370578de86f4c,3da370578de86f4c_inj_latency_v2,2.64316987991333,1.3506121635437012,-1.292557716369629,False,3da370578de86f4c_inj_latency_v2,3da370578de86f4c,updateOrder,3,2,True,train_dataset_2_test_dataset_1_seed_4,dataset_2,dataset_1,4
3e0d61671d79e63e,3e0d61671d79e63e_inj_latency_v2,0.7447678446769714,0.5034618973731995,-0.24130594730377197,False,3e0d61671d79e63e_inj_latency_v2,3e0d61671d79e63e,queryOrdersForRefresh,3,2,True,train_dataset_2_test_dataset_1_seed_4,dataset_2,dataset_1,4
3e27923c9b4abbfd,3e27923c9b4abbfd_inj_latency_v2,0.46465906500816345,0.4401092827320099,-0.024549782276153564,False,3e27923c9b4abbfd_inj_latency_v2,3e27923c9b4abbfd,findContactsByAccountId,1,1,True,train_dataset_2_test_dataset_1_seed_4,dataset_2,dataset_1,4
40e7c3d687b6ab8d,40e7c3d687b6ab8d_inj_latency_v2,0.9851683378219604,0.04398820921778679,-0.9411801286041737,False,40e7c3d687b6ab8d_inj_latency_v2,40e7c3d687b6ab8d,getOrderById,1,1,True,train_dataset_2_test_dataset_1_seed_4,dataset_2,dataset_1,4
40f7b2f03c48e310,40f7b2f03c48e310_inj_latency_v2,0.5661018490791321,0.3386654853820801,-0.227436363697052,False,40f7b2f03c48e310_inj_latency_v2,40f7b2f03c48e310,findContactsByAccountId,1,1,True,train_dataset_2_test_dataset_1_seed_4,dataset_2,dataset_1,4
466fc557e9bc9423,466fc557e9bc9423_inj_latency_v2,0.9704461097717285,0.20649376511573792,-0.7639523446559906,False,466fc557e9bc9423_inj_latency_v2,466fc557e9bc9423,getAllAssuranceType,1,1,True,train_dataset_2_test_dataset_1_seed_4,dataset_2,dataset_1,4
47ca1a9fb49a76f8,47ca1a9fb49a76f8_inj_latency_v2,1.4770439863204956,0.30013081431388855,-1.176913172006607,False,47ca1a9fb49a76f8_inj_latency_v2,47ca1a9fb49a76f8,getAllAssuranceType,1,1,True,train_dataset_2_test_dataset_1_seed_4,dataset_2,dataset_1,4
4854388ca8b98c38,4854388ca8b98c38_inj_latency_v2,0.7110517621040344,0.7110517621040344,0.0,False,4854388ca8b98c38_inj_latency_v2,4854388ca8b98c38,queryInfo,23,5,True,train_dataset_2_test_dataset_1_seed_4,dataset_2,dataset_1,4
49b7385d3eb385e4,49b7385d3eb385e4_inj_latency_v2,1.0823020935058594,0.30795350670814514,-0.7743485867977142,False,49b7385d3eb385e4_inj_latency_v2,49b7385d3eb385e4,addTravel,2,1,True,train_dataset_2_test_dataset_1_seed_4,dataset_2,dataset_1,4
4a1d538d25ed9503,4a1d538d25ed9503_inj_latency_v2,0.9576377868652344,0.9576377868652344,0.0,False,4a1d538d25ed9503_inj_latency_v2,4a1d538d25ed9503,queryInfo,23,5,True,train_dataset_2_test_dataset_1_seed_4,dataset_2,dataset_1,4
4b9cdfd2928dfc5e,4b9cdfd2928dfc5e_inj_latency_v2,1.758732557296753,1.7230923175811768,-0.03564023971557617,False,4b9cdfd2928dfc5e_inj_latency_v2,4b9cdfd2928dfc5e,getAllTrains,3,2,True,train_dataset_2_test_dataset_1_seed_4,dataset_2,dataset_1,4
52805f1440e224bf,52805f1440e224bf_inj_latency_v2,2.276702404022217,2.276702404022217,0.0,False,52805f1440e224bf_inj_latency_v2,52805f1440e224bf,queryInfo,97,10,True,train_dataset_2_test_dataset_1_seed_4,dataset_2,dataset_1,4
5372731089374370,5372731089374370_inj_latency_v2,2.64316987991333,2.64316987991333,0.0,False,5372731089374370_inj_latency_v2,5372731089374370,getAllOrders,5,3,True,train_dataset_2_test_dataset_1_seed_4,dataset_2,dataset_1,4
537b9646ec1f1b43,537b9646ec1f1b43_inj_latency_v2,2.276702404022217,2.276702404022217,0.0,False,537b9646ec1f1b43_inj_latency_v2,537b9646ec1f1b43,queryInfo,245,10,True,train_dataset_2_test_dataset_1_seed_4,dataset_2,dataset_1,4
5891283921f2132c,5891283921f2132c_inj_latency_v2,1.2896208763122559,0.7816343307495117,-0.5079865455627441,False,5891283921f2132c_inj_latency_v2,5891283921f2132c,updateUser,3,2,True,train_dataset_2_test_dataset_1_seed_4,dataset_2,dataset_1,4
58b6e27d10da3ec0,58b6e27d10da3ec0_inj_latency_v2,1.430919885635376,0.29120922088623047,-1.1397106647491455,False,58b6e27d10da3ec0_inj_latency_v2,58b6e27d10da3ec0,updateUser,3,2,True,train_dataset_2_test_dataset_1_seed_4,dataset_2,dataset_1,4
58c96f0d904c8107,58c96f0d904c8107_inj_latency_v2,1.2773866653442383,0.7902236580848694,-0.4871630072593689,False,58c96f0d904c8107_inj_latency_v2,58c96f0d904c8107,getAllUsers,3,2,True,train_dataset_2_test_dataset_1_seed_4,dataset_2,dataset_1,4
5b13d2d280ac887f,5b13d2d280ac887f_inj_latency_v2,0.7628414034843445,0.46920257806777954,-0.29363882541656494,False,5b13d2d280ac887f_inj_latency_v2,5b13d2d280ac887f,queryOrdersForRefresh,3,2,True,train_dataset_2_test_dataset_1_seed_4,dataset_2,dataset_1,4
5b6c1cec3e879c4a,5b6c1cec3e879c4a_inj_latency_v2,0.8323062062263489,0.16603133082389832,-0.6662748754024506,False,5b6c1cec3e879c4a_inj_latency_v2,5b6c1cec3e879c4a,pay,7,3,True,train_dataset_2_test_dataset_1_seed_4,dataset_2,dataset_1,4
5d0c0c85d1298c58,5d0c0c85d1298c58_inj_latency_v2,1.2880650758743286,0.5017292499542236,-0.786335825920105,False,5d0c0c85d1298c58_inj_latency_v2,5d0c0c85d1298c58,queryOrdersForRefresh,3,2,True,train_dataset_2_test_dataset_1_seed_4,dataset_2,dataset_1,4
600b5a617c044804,600b5a617c044804_inj_latency_v2,2.276702404022217,2.276702404022217,0.0,False,600b5a617c044804_inj_latency_v2,600b5a617c044804,queryInfo,245,10,True,train_dataset_2_test_dataset_1_seed_4,dataset_2,dataset_1,4
6149cb8597e450e9,6149cb8597e450e9_inj_latency_v2,0.8363040685653687,0.2948727011680603,-0.5414313673973083,False,6149cb8597e450e9_inj_latency_v2,6149cb8597e450e9,updateTravel,3,2,True,train_dataset_2_test_dataset_1_seed_4,dataset_2,dataset_1,4
61a26d3069ff9250,61a26d3069ff9250_inj_latency_v2,0.9793307781219482,0.23453567922115326,-0.744795098900795,False,61a26d3069ff9250_inj_latency_v2,61a26d3069ff9250,addTravel,2,1,True,train_dataset_2_test_dataset_1_seed_4,dataset_2,dataset_1,4
631c05e3c79a55f5,631c05e3c79a55f5_inj_latency_v2,2.3144822120666504,1.42768132686615,-0.8868008852005005,False,631c05e3c79a55f5_inj_latency_v2,631c05e3c79a55f5,modifyPrice,3,2,True,train_dataset_2_test_dataset_1_seed_4,dataset_2,dataset_1,4
638962c873292b2c,638962c873292b2c_inj_latency_v2,0.7396314144134521,0.5070942044258118,-0.23253720998764038,False,638962c873292b2c_inj_latency_v2,638962c873292b2c,queryOrdersForRefresh,3,2,True,train_dataset_2_test_dataset_1_seed_4,dataset_2,dataset_1,4
6923e3ab830e7138,6923e3ab830e7138_inj_latency_v2,2.276702404022217,2.276702404022217,0.0,False,6923e3ab830e7138_inj_latency_v2,6923e3ab830e7138,queryInfo,97,10,True,train_dataset_2_test_dataset_1_seed_4,dataset_2,dataset_1,4
6928637dbfd47870,6928637dbfd47870_inj_latency_v2,2.64316987991333,0.8286473751068115,-1.8145225048065186,False,6928637dbfd47870_inj_latency_v2,6928637dbfd47870,DELETE,2,1,True,train_dataset_2_test_dataset_1_seed_4,dataset_2,dataset_1,4
6d475f987bfc7f1b,6d475f987bfc7f1b_inj_latency_v2,1.1268233060836792,0.050111837685108185,-1.076711468398571,False,6d475f987bfc7f1b_inj_latency_v2,6d475f987bfc7f1b,getAllAssuranceType,1,1,True,train_dataset_2_test_dataset_1_seed_4,dataset_2,dataset_1,4
7138aef35d2116b2,7138aef35d2116b2_inj_latency_v2,0.8168236017227173,0.36011913418769836,-0.4567044675350189,False,7138aef35d2116b2_inj_latency_v2,7138aef35d2116b2,getAllAssuranceType,1,1,True,train_dataset_2_test_dataset_1_seed_4,dataset_2,dataset_1,4
719911734c5b50e3,719911734c5b50e3_inj_latency_v2,2.9425952434539795,2.9425952434539795,0.0,False,719911734c5b50e3_inj_latency_v2,719911734c5b50e3,POST,2,1,True,train_dataset_2_test_dataset_1_seed_4,dataset_2,dataset_1,4
71f75763df02f8f8,71f75763df02f8f8_inj_latency_v2,2.094078302383423,2.040921211242676,-0.05315709114074707,False,71f75763df02f8f8_inj_latency_v2,71f75763df02f8f8,modifyTrain,3,2,True,train_dataset_2_test_dataset_1_seed_4,dataset_2,dataset_1,4
72405a6313533a71,72405a6313533a71_inj_latency_v2,2.276702404022217,2.276702404022217,0.0,False,72405a6313533a71_inj_latency_v2,72405a6313533a71,queryInfo,97,10,True,train_dataset_2_test_dataset_1_seed_4,dataset_2,dataset_1,4
75028946369c8e64,75028946369c8e64_inj_latency_v2,1.1383512020111084,0.6171444058418274,-0.521206796169281,False,75028946369c8e64_inj_latency_v2,75028946369c8e64,addTravel,2,1,True,train_dataset_2_test_dataset_1_seed_4,dataset_2,dataset_1,4
7604967b0de191c2,7604967b0de191c2_inj_latency_v2,0.868903636932373,0.03585732355713844,-0.8330463133752346,False,7604967b0de191c2_inj_latency_v2,7604967b0de191c2,findContactsByAccountId,1,1,True,train_dataset_2_test_dataset_1_seed_4,dataset_2,dataset_1,4
7c0a1d34ed04f19b,7c0a1d34ed04f19b_inj_latency_v2,1.3144001960754395,1.3144001960754395,0.0,False,7c0a1d34ed04f19b_inj_latency_v2,7c0a1d34ed04f19b,queryInfo,23,5,True,train_dataset_2_test_dataset_1_seed_4,dataset_2,dataset_1,4
82a6b96f4d1faedb,82a6b96f4d1faedb_inj_latency_v2,0.7689939737319946,0.1357698142528534,-0.6332241594791412,False,82a6b96f4d1faedb_inj_latency_v2,82a6b96f4d1faedb,findContactsByAccountId,1,1,True,train_dataset_2_test_dataset_1_seed_4,dataset_2,dataset_1,4
83008a72c1761c41,83008a72c1761c41_inj_latency_v2,2.276702404022217,2.276702404022217,0.0,False,83008a72c1761c41_inj_latency_v2,83008a72c1761c41,queryInfo,245,10,True,train_dataset_2_test_dataset_1_seed_4,dataset_2,dataset_1,4
83378a8faf0029c0,83378a8faf0029c0_inj_latency_v2,2.276702404022217,2.276702404022217,0.0,False,83378a8faf0029c0_inj_latency_v2,83378a8faf0029c0,queryInfo,97,10,True,train_dataset_2_test_dataset_1_seed_4,dataset_2,dataset_1,4
894ecb51e2e30211,894ecb51e2e30211_inj_latency_v2,1.262418508529663,0.043029434978961945,-1.2193890735507011,False,894ecb51e2e30211_inj_latency_v2,894ecb51e2e30211,imageCode,1,1,True,train_dataset_2_test_dataset_1_seed_4,dataset_2,dataset_1,4
942739b64838b82f,942739b64838b82f_inj_latency_v2,0.7023158669471741,0.4746282398700714,-0.22768762707710266,False,942739b64838b82f_inj_latency_v2,942739b64838b82f,getAllAssuranceType,1,1,True,train_dataset_2_test_dataset_1_seed_4,dataset_2,dataset_1,4
9503d78c0bb01d71,9503d78c0bb01d71_inj_latency_v2,1.4419927597045898,0.39769455790519714,-1.0442982017993927,False,9503d78c0bb01d71_inj_latency_v2,9503d78c0bb01d71,updateUser,3,2,True,train_dataset_2_test_dataset_1_seed_4,dataset_2,dataset_1,4
968b3ce2b3184b2a,968b3ce2b3184b2a_inj_latency_v2,2.276702404022217,2.276702404022217,0.0,False,968b3ce2b3184b2a_inj_latency_v2,968b3ce2b3184b2a,queryInfo,245,10,True,train_dataset_2_test_dataset_1_seed_4,dataset_2,dataset_1,4
96dd564dd03cdfb7,96dd564dd03cdfb7_inj_latency_v2,2.64316987991333,0.9700487852096558,-1.6731210947036743,False,96dd564dd03cdfb7_inj_latency_v2,96dd564dd03cdfb7,DELETE,2,1,True,train_dataset_2_test_dataset_1_seed_4,dataset_2,dataset_1,4
9a90f76616c9f378,9a90f76616c9f378_inj_latency_v2,1.4712820053100586,0.2828447222709656,-1.188437283039093,False,9a90f76616c9f378_inj_latency_v2,9a90f76616c9f378,queryOrdersForRefresh,3,2,True,train_dataset_2_test_dataset_1_seed_4,dataset_2,dataset_1,4
9c6d0dd93ea14364,9c6d0dd93ea14364_inj_latency_v2,0.8017459511756897,0.2274218201637268,-0.5743241310119629,False,9c6d0dd93ea14364_inj_latency_v2,9c6d0dd93ea14364,modifyOrder,1,1,True,train_dataset_2_test_dataset_1_seed_4,dataset_2,dataset_1,4
9cbb27dd65c9d85c,9cbb27dd65c9d85c_inj_latency_v2,0.7691977620124817,0.40774568915367126,-0.3614520728588104,False,9cbb27dd65c9d85c_inj_latency_v2,9cbb27dd65c9d85c,getAllAssuranceType,1,1,True,train_dataset_2_test_dataset_1_seed_4,dataset_2,dataset_1,4
9de36229baf0c214,9de36229baf0c214_inj_latency_v2,1.315029263496399,1.315029263496399,0.0,False,9de36229baf0c214_inj_latency_v2,9de36229baf0c214,getAllFood,13,5,True,train_dataset_2_test_dataset_1_seed_4,dataset_2,dataset_1,4
9fea5d3996d596f4,9fea5d3996d596f4_inj_latency_v2,0.9949495196342468,0.243861123919487,-0.7510883957147598,False,9fea5d3996d596f4_inj_latency_v2,9fea5d3996d596f4,addTravel,3,2,True,train_dataset_2_test_dataset_1_seed_4,dataset_2,dataset_1,4
a1b02600052d9098,a1b02600052d9098_inj_latency_v2,1.0730112791061401,0.34886303544044495,-0.7241482436656952,False,a1b02600052d9098_inj_latency_v2,a1b02600052d9098,findByOrderId,1,1,True,train_dataset_2_test_dataset_1_seed_4,dataset_2,dataset_1,4
a2c6e3ad0f6a7647,a2c6e3ad0f6a7647_inj_latency_v2,0.720825731754303,0.5104079246520996,-0.21041780710220337,False,a2c6e3ad0f6a7647_inj_latency_v2,a2c6e3ad0f6a7647,queryOrdersForRefresh,3,2,True,train_dataset_2_test_dataset_1_seed_4,dataset_2,dataset_1,4
a7b2313d89b8409b,a7b2313d89b8409b_inj_latency_v2,0.7165672779083252,0.1881977915763855,-0.5283694863319397,False,a7b2313d89b8409b_inj_latency_v2,a7b2313d89b8409b,findContactsByAccountId,1,1,True,train_dataset_2_test_dataset_1_seed_4,dataset_2,dataset_1,4
a80f8db9f0088039,a80f8db9f0088039_inj_latency_v2,1.1383512020111084,0.6373340487480164,-0.501017153263092,False,a80f8db9f0088039_inj_latency_v2,a80f8db9f0088039,addTravel,2,1,True,train_dataset_2_test_dataset_1_seed_4,dataset_2,dataset_1,4
aac1f5c22552b054,aac1f5c22552b054_inj_latency_v2,0.9214038252830505,0.9214038252830505,0.0,False,aac1f5c22552b054_inj_latency_v2,aac1f5c22552b054,queryInfo,23,5,True,train_dataset_2_test_dataset_1_seed_4,dataset_2,dataset_1,4
ae0fa6700adafee7,ae0fa6700adafee7_inj_latency_v2,1.7984254360198975,1.7984254360198975,0.0,False,ae0fa6700adafee7_inj_latency_v2,ae0fa6700adafee7,getAllFood,5,3,True,train_dataset_2_test_dataset_1_seed_4,dataset_2,dataset_1,4
ae25bf195bf1c928,ae25bf195bf1c928_inj_latency_v2,1.804244041442871,1.804244041442871,0.0,False,ae25bf195bf1c928_inj_latency_v2,ae25bf195bf1c928,getAllFood,13,5,True,train_dataset_2_test_dataset_1_seed_4,dataset_2,dataset_1,4
aef6b0308b854616,aef6b0308b854616_inj_latency_v2,1.804244041442871,1.804244041442871,0.0,False,aef6b0308b854616_inj_latency_v2,aef6b0308b854616,getAllFood,13,5,True,train_dataset_2_test_dataset_1_seed_4,dataset_2,dataset_1,4
b51267687f5439bb,b51267687f5439bb_inj_latency_v2,0.9788656830787659,0.21615076065063477,-0.7627149224281311,False,b51267687f5439bb_inj_latency_v2,b51267687f5439bb,addTravel,3,2,True,train_dataset_2_test_dataset_1_seed_4,dataset_2,dataset_1,4
b619083d8ed1d0ff,b619083d8ed1d0ff_inj_latency_v2,2.9425952434539795,2.9425952434539795,0.0,False,b619083d8ed1d0ff_inj_latency_v2,b619083d8ed1d0ff,preserve,9,5,True,train_dataset_2_test_dataset_1_seed_4,dataset_2,dataset_1,4
b62937356a7a7301,b62937356a7a7301_inj_latency_v2,0.5042200088500977,0.4005480706691742,-0.10367193818092346,False,b62937356a7a7301_inj_latency_v2,b62937356a7a7301,findContactsByAccountId,1,1,True,train_dataset_2_test_dataset_1_seed_4,dataset_2,dataset_1,4
b73c17fb8625163e,b73c17fb8625163e_inj_latency_v2,1.2979813814163208,0.12105416506528854,-1.1769272163510323,False,b73c17fb8625163e_inj_latency_v2,b73c17fb8625163e,getAllAssuranceType,1,1,True,train_dataset_2_test_dataset_1_seed_4,dataset_2,dataset_1,4
b8afa2a43f703f4e,b8afa2a43f703f4e_inj_latency_v2,0.5306280851364136,0.3741397559642792,-0.1564883291721344,False,b8afa2a43f703f4e_inj_latency_v2,b8afa2a43f703f4e,findContactsByAccountId,1,1,True,train_dataset_2_test_dataset_1_seed_4,dataset_2,dataset_1,4
bc8b12f4c9b14871,bc8b12f4c9b14871_inj_latency_v2,0.9682438969612122,0.0609140582382679,-0.9073298387229443,False,bc8b12f4c9b14871_inj_latency_v2,bc8b12f4c9b14871,modifyOrder,1,1,True,train_dataset_2_test_dataset_1_seed_4,dataset_2,dataset_1,4
bd358e28ee4d29ca,bd358e28ee4d29ca_inj_latency_v2,2.9425952434539795,2.9425952434539795,0.0,False,bd358e28ee4d29ca_inj_latency_v2,bd358e28ee4d29ca,preserve,141,17,True,train_dataset_2_test_dataset_1_seed_4,dataset_2,dataset_1,4
c17fe91da5a98f3f,c17fe91da5a98f3f_inj_latency_v2,1.1060726642608643,0.07692857831716537,-1.0291440859436989,False,c17fe91da5a98f3f_inj_latency_v2,c17fe91da5a98f3f,findAllOrder,1,1,True,train_dataset_2_test_dataset_1_seed_4,dataset_2,dataset_1,4
c2c6050836591363,c2c6050836591363_inj_latency_v2,2.3360133171081543,1.4567073583602905,-0.8793059587478638,False,c2c6050836591363_inj_latency_v2,c2c6050836591363,deleteStation,3,2,True,train_dataset_2_test_dataset_1_seed_4,dataset_2,dataset_1,4
c52a52c95a7bd2e8,c52a52c95a7bd2e8_inj_latency_v2,2.276702404022217,2.276702404022217,0.0,False,c52a52c95a7bd2e8_inj_latency_v2,c52a52c95a7bd2e8,queryInfo,97,10,True,train_dataset_2_test_dataset_1_seed_4,dataset_2,dataset_1,4
c585a0e8da5238a1,c585a0e8da5238a1_inj_latency_v2,1.5030275583267212,0.3909474313259125,-1.1120801270008087,False,c585a0e8da5238a1_inj_latency_v2,c585a0e8da5238a1,getAllUsers,3,2,True,train_dataset_2_test_dataset_1_seed_4,dataset_2,dataset_1,4
c5cde63b64110aae,c5cde63b64110aae_inj_latency_v2,0.8769267797470093,0.30001530051231384,-0.5769114792346954,False,c5cde63b64110aae_inj_latency_v2,c5cde63b64110aae,getAllAssuranceType,1,1,True,train_dataset_2_test_dataset_1_seed_4,dataset_2,dataset_1,4
cbf9d27f7fc51e53,cbf9d27f7fc51e53_inj_latency_v2,0.6025246381759644,0.5324724316596985,-0.07005220651626587,False,cbf9d27f7fc51e53_inj_latency_v2,cbf9d27f7fc51e53,queryInfo,23,5,True,train_dataset_2_test_dataset_1_seed_4,dataset_2,dataset_1,4
cefaab51f759c69a,cefaab51f759c69a_inj_latency_v2,1.804244041442871,1.804244041442871,0.0,False,cefaab51f759c69a_inj_latency_v2,cefaab51f759c69a,getAllFood,13,5,True,train_dataset_2_test_dataset_1_seed_4,dataset_2,dataset_1,4
cfbe9bb452dce273,cfbe9bb452dce273_inj_latency_v2,2.64316987991333,2.023327589035034,-0.6198422908782959,False,cfbe9bb452dce273_inj_latency_v2,cfbe9bb452dce273,getAllConfigs,3,2,True,train_dataset_2_test_dataset_1_seed_4,dataset_2,dataset_1,4
d2110a2c63cc9e7c,d2110a2c63cc9e7c_inj_latency_v2,0.7638895511627197,0.7638895511627197,0.0,False,d2110a2c63cc9e7c_inj_latency_v2,d2110a2c63cc9e7c,queryInfo,23,5,True,train_dataset_2_test_dataset_1_seed_4,dataset_2,dataset_1,4
d2ab5136725013d6,d2ab5136725013d6_inj_latency_v2,2.276702404022217,2.276702404022217,0.0,False,d2ab5136725013d6_inj_latency_v2,d2ab5136725013d6,queryInfo,97,10,True,train_dataset_2_test_dataset_1_seed_4,dataset_2,dataset_1,4
d3aff0b566abef01,d3aff0b566abef01_inj_latency_v2,1.098028302192688,0.06888308376073837,-1.0291452184319496,False,d3aff0b566abef01_inj_latency_v2,d3aff0b566abef01,getOrderById,1,1,True,train_dataset_2_test_dataset_1_seed_4,dataset_2,dataset_1,4
d46f104608b5241f,d46f104608b5241f_inj_latency_v2,0.7484381794929504,0.4859776496887207,-0.26246052980422974,False,d46f104608b5241f_inj_latency_v2,d46f104608b5241f,queryOrdersForRefresh,3,2,True,train_dataset_2_test_dataset_1_seed_4,dataset_2,dataset_1,4
d4c823ccc9d9d17a,d4c823ccc9d9d17a_inj_latency_v2,1.349547028541565,0.7263176441192627,-0.6232293844223022,False,d4c823ccc9d9d17a_inj_latency_v2,d4c823ccc9d9d17a,queryOrdersForRefresh,3,2,True,train_dataset_2_test_dataset_1_seed_4,dataset_2,dataset_1,4
d92af8df8dc53763,d92af8df8dc53763_inj_latency_v2,1.1364299058914185,0.040504951030015945,-1.0959249548614025,False,d92af8df8dc53763_inj_latency_v2,d92af8df8dc53763,getAllAssuranceType,1,1,True,train_dataset_2_test_dataset_1_seed_4,dataset_2,dataset_1,4
db380a84928baafb,db380a84928baafb_inj_latency_v2,2.276702404022217,2.276702404022217,0.0,False,db380a84928baafb_inj_latency_v2,db380a84928baafb,queryInfo,97,10,True,train_dataset_2_test_dataset_1_seed_4,dataset_2,dataset_1,4
dd1eb3699b3a1ce6,dd1eb3699b3a1ce6_inj_latency_v2,1.406089186668396,0.5981879830360413,-0.8079012036323547,False,dd1eb3699b3a1ce6_inj_latency_v2,dd1eb3699b3a1ce6,queryOrdersForRefresh,3,2,True,train_dataset_2_test_dataset_1_seed_4,dataset_2,dataset_1,4
e3841fcaa38d0665,e3841fcaa38d0665_inj_latency_v2,0.976300060749054,0.2006397545337677,-0.7756603062152863,False,e3841fcaa38d0665_inj_latency_v2,e3841fcaa38d0665,getAllAssuranceType,1,1,True,train_dataset_2_test_dataset_1_seed_4,dataset_2,dataset_1,4
e416007e2e43899f,e416007e2e43899f_inj_latency_v2,1.804244041442871,1.804244041442871,0.0,False,e416007e2e43899f_inj_latency_v2,e416007e2e43899f,getAllFood,13,5,True,train_dataset_2_test_dataset_1_seed_4,dataset_2,dataset_1,4
e4f2da2ca09a3673,e4f2da2ca09a3673_inj_latency_v2,1.0808489322662354,1.0808489322662354,0.0,False,e4f2da2ca09a3673_inj_latency_v2,e4f2da2ca09a3673,queryInfo,23,5,True,train_dataset_2_test_dataset_1_seed_4,dataset_2,dataset_1,4
e626a7c52a2ba305,e626a7c52a2ba305_inj_latency_v2,1.804244041442871,1.804244041442871,0.0,False,e626a7c52a2ba305_inj_latency_v2,e626a7c52a2ba305,getAllFood,13,5,True,train_dataset_2_test_dataset_1_seed_4,dataset_2,dataset_1,4
e70e448729f24dfb,e70e448729f24dfb_inj_latency_v2,0.7142992615699768,0.7142992615699768,0.0,False,e70e448729f24dfb_inj_latency_v2,e70e448729f24dfb,queryInfo,103,10,True,train_dataset_2_test_dataset_1_seed_4,dataset_2,dataset_1,4
e737ecef7579e257,e737ecef7579e257_inj_latency_v2,1.0999476909637451,1.0999476909637451,0.0,False,e737ecef7579e257_inj_latency_v2,e737ecef7579e257,getAllFood,13,5,True,train_dataset_2_test_dataset_1_seed_4,dataset_2,dataset_1,4
e750ce963c7813fc,e750ce963c7813fc_inj_latency_v2,0.887787401676178,0.7799016237258911,-0.10788577795028687,False,e750ce963c7813fc_inj_latency_v2,e750ce963c7813fc,queryInfo,23,5,True,train_dataset_2_test_dataset_1_seed_4,dataset_2,dataset_1,4
f01f17547ea077bc,f01f17547ea077bc_inj_latency_v2,0.7692581415176392,0.4076853096485138,-0.36157283186912537,False,f01f17547ea077bc_inj_latency_v2,f01f17547ea077bc,getAllAssuranceType,1,1,True,train_dataset_2_test_dataset_1_seed_4,dataset_2,dataset_1,4
f4d69ebc8b8c4051,f4d69ebc8b8c4051_inj_latency_v2,1.191921353340149,0.6804318428039551,-0.5114895105361938,False,f4d69ebc8b8c4051_inj_latency_v2,f4d69ebc8b8c4051,queryOrdersForRefresh,3,2,True,train_dataset_2_test_dataset_1_seed_4,dataset_2,dataset_1,4
f6e85be8f2770567,f6e85be8f2770567_inj_latency_v2,0.8058132529258728,0.37112957239151,-0.4346836805343628,False,f6e85be8f2770567_inj_latency_v2,f6e85be8f2770567,getAllAssuranceType,1,1,True,train_dataset_2_test_dataset_1_seed_4,dataset_2,dataset_1,4
fb55045c39b42a9c,fb55045c39b42a9c_inj_latency_v2,1.823395848274231,0.6913422346115112,-1.1320536136627197,False,fb55045c39b42a9c_inj_latency_v2,fb55045c39b42a9c,POST,2,1,True,train_dataset_2_test_dataset_1_seed_4,dataset_2,dataset_1,4
fb5ef3c8b7578bb8,fb5ef3c8b7578bb8_inj_latency_v2,1.804244041442871,1.804244041442871,0.0,False,fb5ef3c8b7578bb8_inj_latency_v2,fb5ef3c8b7578bb8,getAllFood,13,5,True,train_dataset_2_test_dataset_1_seed_4,dataset_2,dataset_1,4
fbaef02f7c8260d8,fbaef02f7c8260d8_inj_latency_v2,0.7319585084915161,0.6899194717407227,-0.04203903675079346,False,fbaef02f7c8260d8_inj_latency_v2,fbaef02f7c8260d8,findByAccountId,1,1,True,train_dataset_2_test_dataset_1_seed_4,dataset_2,dataset_1,4
fecbbb74ea23e780,fecbbb74ea23e780_inj_latency_v2,2.276702404022217,2.276702404022217,0.0,False,fecbbb74ea23e780_inj_latency_v2,fecbbb74ea23e780,queryInfo,97,10,True,train_dataset_2_test_dataset_1_seed_4,dataset_2,dataset_1,4
0082bc65ca2be88c,0082bc65ca2be88c_inj_latency_v2,1.8295133113861084,1.0336682796478271,-0.7958450317382812,False,0082bc65ca2be88c_inj_latency_v2,0082bc65ca2be88c,updateOrder,2,1,True,train_dataset_2_test_dataset_3_seed_4,dataset_2,dataset_3,4
03936fa843b81eb0,03936fa843b81eb0_inj_latency_v2,1.1383512020111084,0.7914739847183228,-0.34687721729278564,False,03936fa843b81eb0_inj_latency_v2,03936fa843b81eb0,pay,2,1,True,train_dataset_2_test_dataset_3_seed_4,dataset_2,dataset_3,4
119d3d0c7e20ef98,119d3d0c7e20ef98_inj_latency_v2,0.8621687889099121,0.7687927484512329,-0.0933760404586792,False,119d3d0c7e20ef98_inj_latency_v2,119d3d0c7e20ef98,getAllUsers,3,2,True,train_dataset_2_test_dataset_3_seed_4,dataset_2,dataset_3,4
14eb175f20a1f82b,14eb175f20a1f82b_inj_latency_v2,1.1681252717971802,0.8479064702987671,-0.3202188014984131,False,14eb175f20a1f82b_inj_latency_v2,14eb175f20a1f82b,queryOrdersForRefresh,3,2,True,train_dataset_2_test_dataset_3_seed_4,dataset_2,dataset_3,4
15554261fd7babbb,15554261fd7babbb_inj_latency_v2,2.64316987991333,1.5244005918502808,-1.1187692880630493,False,15554261fd7babbb_inj_latency_v2,15554261fd7babbb,getAllConfigs,3,2,True,train_dataset_2_test_dataset_3_seed_4,dataset_2,dataset_3,4
282da289dca8852b,282da289dca8852b_inj_latency_v2,2.046353816986084,0.42303910851478577,-1.6233147084712982,False,282da289dca8852b_inj_latency_v2,282da289dca8852b,addRoute,3,2,True,train_dataset_2_test_dataset_3_seed_4,dataset_2,dataset_3,4
482e0ab928396441,482e0ab928396441_inj_latency_v2,0.8703489303588867,0.8703489303588867,0.0,False,482e0ab928396441_inj_latency_v2,482e0ab928396441,queryInfo,23,5,True,train_dataset_2_test_dataset_3_seed_4,dataset_2,dataset_3,4
500a3b190d91100e,500a3b190d91100e_inj_latency_v2,1.804244041442871,1.804244041442871,0.0,False,500a3b190d91100e_inj_latency_v2,500a3b190d91100e,getToken,3,2,True,train_dataset_2_test_dataset_3_seed_4,dataset_2,dataset_3,4
5203cb8b61b2152d,5203cb8b61b2152d_inj_latency_v2,1.804244041442871,1.804244041442871,0.0,False,5203cb8b61b2152d_inj_latency_v2,5203cb8b61b2152d,getAllFood,13,5,True,train_dataset_2_test_dataset_3_seed_4,dataset_2,dataset_3,4
5fc44ca1454038bc,5fc44ca1454038bc_inj_latency_v2,0.7694095373153687,0.6524679660797119,-0.11694157123565674,False,5fc44ca1454038bc_inj_latency_v2,5fc44ca1454038bc,findByOrderId,1,1,True,train_dataset_2_test_dataset_3_seed_4,dataset_2,dataset_3,4
60e68471a5b569b9,60e68471a5b569b9_inj_latency_v2,2.400627851486206,2.3355231285095215,-0.06510472297668457,False,60e68471a5b569b9_inj_latency_v2,60e68471a5b569b9,deleteStation,3,2,True,train_dataset_2_test_dataset_3_seed_4,dataset_2,dataset_3,4
618e63a8fca0d439,618e63a8fca0d439_inj_latency_v2,0.7875992059707642,0.7185384035110474,-0.0690608024597168,False,618e63a8fca0d439_inj_latency_v2,618e63a8fca0d439,addTravel,3,2,True,train_dataset_2_test_dataset_3_seed_4,dataset_2,dataset_3,4
6707c0ba4b226577,6707c0ba4b226577_inj_latency_v2,1.804244041442871,1.804244041442871,0.0,False,6707c0ba4b226577_inj_latency_v2,6707c0ba4b226577,getAllFood,13,5,True,train_dataset_2_test_dataset_3_seed_4,dataset_2,dataset_3,4
6794d22e1ac9a173,6794d22e1ac9a173_inj_latency_v2,2.276702404022217,2.276702404022217,0.0,False,6794d22e1ac9a173_inj_latency_v2,6794d22e1ac9a173,queryInfo,94,9,True,train_dataset_2_test_dataset_3_seed_4,dataset_2,dataset_3,4
6c2a47780bd413ca,6c2a47780bd413ca_inj_latency_v2,1.546770453453064,0.9430810809135437,-0.6036893725395203,False,6c2a47780bd413ca_inj_latency_v2,6c2a47780bd413ca,getAllOrders,4,2,True,train_dataset_2_test_dataset_3_seed_4,dataset_2,dataset_3,4
70d74443a791be6e,70d74443a791be6e_inj_latency_v2,1.1383512020111084,0.380959689617157,-0.7573915123939514,False,70d74443a791be6e_inj_latency_v2,70d74443a791be6e,pay,2,1,True,train_dataset_2_test_dataset_3_seed_4,dataset_2,dataset_3,4
7919c76da0ad158f,7919c76da0ad158f_inj_latency_v2,0.5407450199127197,0.36402252316474915,-0.17672249674797058,False,7919c76da0ad158f_inj_latency_v2,7919c76da0ad158f,findContactsByAccountId,1,1,True,train_dataset_2_test_dataset_3_seed_4,dataset_2,dataset_3,4
793927759db53559,793927759db53559_inj_latency_v2,1.8252054452896118,0.673366904258728,-1.1518385410308838,False,793927759db53559_inj_latency_v2,793927759db53559,POST,2,1,True,train_dataset_2_test_dataset_3_seed_4,dataset_2,dataset_3,4
7cd6a0b8869cdb82,7cd6a0b8869cdb82_inj_latency_v2,1.1448742151260376,0.032060686498880386,-1.1128135286271572,False,7cd6a0b8869cdb82_inj_latency_v2,7cd6a0b8869cdb82,getAllAssuranceType,1,1,True,train_dataset_2_test_dataset_3_seed_4,dataset_2,dataset_3,4
80896f44057fd953,80896f44057fd953_inj_latency_v2,2.250265121459961,1.3225106000900269,-0.9277545213699341,False,80896f44057fd953_inj_latency_v2,80896f44057fd953,modifyConfig,3,2,True,train_dataset_2_test_dataset_3_seed_4,dataset_2,dataset_3,4
819bf276bdac6fa4,819bf276bdac6fa4_inj_latency_v2,1.804244041442871,1.804244041442871,0.0,False,819bf276bdac6fa4_inj_latency_v2,819bf276bdac6fa4,getToken,3,2,True,train_dataset_2_test_dataset_3_seed_4,dataset_2,dataset_3,4
8468dc3fbe05b7bd,8468dc3fbe05b7bd_inj_latency_v2,2.276702404022217,2.276702404022217,0.0,False,8468dc3fbe05b7bd_inj_latency_v2,8468dc3fbe05b7bd,queryInfo,94,9,True,train_dataset_2_test_dataset_3_seed_4,dataset_2,dataset_3,4
8d296422e9b0dca8,8d296422e9b0dca8_inj_latency_v2,0.6698653697967529,0.23490044474601746,-0.4349649250507355,False,8d296422e9b0dca8_inj_latency_v2,8d296422e9b0dca8,findContactsByAccountId,1,1,True,train_dataset_2_test_dataset_3_seed_4,dataset_2,dataset_3,4
9336eb03ee1b0a99,9336eb03ee1b0a99_inj_latency_v2,2.276702404022217,2.276702404022217,0.0,False,9336eb03ee1b0a99_inj_latency_v2,9336eb03ee1b0a99,queryInfo,94,9,True,train_dataset_2_test_dataset_3_seed_4,dataset_2,dataset_3,4
a1610e1ad51d3b84,a1610e1ad51d3b84_inj_latency_v2,1.0772640705108643,0.8784757852554321,-0.19878828525543213,False,a1610e1ad51d3b84_inj_latency_v2,a1610e1ad51d3b84,updateConsign,3,2,True,train_dataset_2_test_dataset_3_seed_4,dataset_2,dataset_3,4
a44cba0648d44308,a44cba0648d44308_inj_latency_v2,0.9874142408370972,0.7638990879058838,-0.22351515293121338,False,a44cba0648d44308_inj_latency_v2,a44cba0648d44308,updateUser,3,2,True,train_dataset_2_test_dataset_3_seed_4,dataset_2,dataset_3,4
a4d954c05b5ffb55,a4d954c05b5ffb55_inj_latency_v2,0.8994945287704468,0.8677617907524109,-0.03173273801803589,False,a4d954c05b5ffb55_inj_latency_v2,a4d954c05b5ffb55,pay,7,3,True,train_dataset_2_test_dataset_3_seed_4,dataset_2,dataset_3,4
b33543dcc2421cdd,b33543dcc2421cdd_inj_latency_v2,0.7338986992835999,0.6696949005126953,-0.06420379877090454,False,b33543dcc2421cdd_inj_latency_v2,b33543dcc2421cdd,queryOrdersForRefresh,3,2,True,train_dataset_2_test_dataset_3_seed_4,dataset_2,dataset_3,4
ba17990206955345,ba17990206955345_inj_latency_v2,2.276702404022217,2.276702404022217,0.0,False,ba17990206955345_inj_latency_v2,ba17990206955345,queryInfo,94,9,True,train_dataset_2_test_dataset_3_seed_4,dataset_2,dataset_3,4
bb48454654d1cfc8,bb48454654d1cfc8_inj_latency_v2,0.7556042075157166,0.666273295879364,-0.08933091163635254,False,bb48454654d1cfc8_inj_latency_v2,bb48454654d1cfc8,findByOrderId,1,1,True,train_dataset_2_test_dataset_3_seed_4,dataset_2,dataset_3,4
bf60ce59fd4a5090,bf60ce59fd4a5090_inj_latency_v2,1.5029428005218506,0.8043856620788574,-0.6985571384429932,False,bf60ce59fd4a5090_inj_latency_v2,bf60ce59fd4a5090,deleteRoute,3,2,True,train_dataset_2_test_dataset_3_seed_4,dataset_2,dataset_3,4
c3b4179b96dc5829,c3b4179b96dc5829_inj_latency_v2,1.1182805299758911,0.34393104910850525,-0.7743494808673859,False,c3b4179b96dc5829_inj_latency_v2,c3b4179b96dc5829,pay,2,1,True,train_dataset_2_test_dataset_3_seed_4,dataset_2,dataset_3,4
c79486676a6a1371,c79486676a6a1371_inj_latency_v2,2.276702404022217,2.276702404022217,0.0,False,c79486676a6a1371_inj_latency_v2,c79486676a6a1371,queryInfo,94,9,True,train_dataset_2_test_dataset_3_seed_4,dataset_2,dataset_3,4
c7cb7858026d9ea3,c7cb7858026d9ea3_inj_latency_v2,2.276702404022217,2.276702404022217,0.0,False,c7cb7858026d9ea3_inj_latency_v2,c7cb7858026d9ea3,queryInfo,94,9,True,train_dataset_2_test_dataset_3_seed_4,dataset_2,dataset_3,4
e47281530a217b0c,e47281530a217b0c_inj_latency_v2,1.297019600868225,0.12484946846961975,-1.1721701323986053,False,e47281530a217b0c_inj_latency_v2,e47281530a217b0c,findByAccountId,1,1,True,train_dataset_2_test_dataset_3_seed_4,dataset_2,dataset_3,4
e84fe9819b911796,e84fe9819b911796_inj_latency_v2,1.1383512020111084,0.7207191586494446,-0.4176320433616638,False,e84fe9819b911796_inj_latency_v2,e84fe9819b911796,pay,2,1,True,train_dataset_2_test_dataset_3_seed_4,dataset_2,dataset_3,4
01ff481fe2f06ccd,01ff481fe2f06ccd_inj_latency_v2,2.8442819118499756,2.5134451389312744,-0.33083677291870117,False,01ff481fe2f06ccd_inj_latency_v2,01ff481fe2f06ccd,getAllTrains,3,2,True,train_dataset_3_test_dataset_1_seed_4,dataset_3,dataset_1,4
028e50b177ff6b9e,028e50b177ff6b9e_inj_latency_v2,1.1622952222824097,1.1622952222824097,0.0,False,028e50b177ff6b9e_inj_latency_v2,028e50b177ff6b9e,getAllFood,13,5,True,train_dataset_3_test_dataset_1_seed_4,dataset_3,dataset_1,4
08ea3dfb37e25b9f,08ea3dfb37e25b9f_inj_latency_v2,2.1669673919677734,2.1669673919677734,0.0,False,08ea3dfb37e25b9f_inj_latency_v2,08ea3dfb37e25b9f,queryInfo,23,5,True,train_dataset_3_test_dataset_1_seed_4,dataset_3,dataset_1,4
129098532f370700,129098532f370700_inj_latency_v2,2.1669673919677734,2.1669673919677734,0.0,False,129098532f370700_inj_latency_v2,129098532f370700,queryInfo,23,5,True,train_dataset_3_test_dataset_1_seed_4,dataset_3,dataset_1,4
12a19d5f4469c52e,12a19d5f4469c52e_inj_latency_v2,1.86652410030365,1.86652410030365,0.0,False,12a19d5f4469c52e_inj_latency_v2,12a19d5f4469c52e,getAllFood,13,5,True,train_dataset_3_test_dataset_1_seed_4,dataset_3,dataset_1,4
1b7a7713207ec2bc,1b7a7713207ec2bc_inj_latency_v2,1.4791853427886963,1.4791853427886963,0.0,False,1b7a7713207ec2bc_inj_latency_v2,1b7a7713207ec2bc,getAllTravels,45,5,True,train_dataset_3_test_dataset_1_seed_4,dataset_3,dataset_1,4
1fa3037f1b9cdff7,1fa3037f1b9cdff7_inj_latency_v2,0.5309667587280273,0.506740152835846,-0.024226605892181396,False,1fa3037f1b9cdff7_inj_latency_v2,1fa3037f1b9cdff7,findContactsByAccountId,1,1,True,train_dataset_3_test_dataset_1_seed_4,dataset_3,dataset_1,4
22de19f916a777b5,22de19f916a777b5_inj_latency_v2,1.4882177114486694,1.4882177114486694,0.0,False,22de19f916a777b5_inj_latency_v2,22de19f916a777b5,queryInfo,23,5,True,train_dataset_3_test_dataset_1_seed_4,dataset_3,dataset_1,4
23b959132ebaa72b,23b959132ebaa72b_inj_latency_v2,1.56303870677948,0.9621461033821106,-0.6008926033973694,False,23b959132ebaa72b_inj_latency_v2,23b959132ebaa72b,DELETE,2,1,True,train_dataset_3_test_dataset_1_seed_4,dataset_3,dataset_1,4
25b13a4a84ebf45e,25b13a4a84ebf45e_inj_latency_v2,0.7710856795310974,0.4817381799221039,-0.28934749960899353,False,25b13a4a84ebf45e_inj_latency_v2,25b13a4a84ebf45e,imageCode,1,1,True,train_dataset_3_test_dataset_1_seed_4,dataset_3,dataset_1,4
2932ad71ec1db532,2932ad71ec1db532_inj_latency_v2,0.5812456011772156,0.1990273892879486,-0.38221821188926697,False,2932ad71ec1db532_inj_latency_v2,2932ad71ec1db532,getAllAssuranceType,1,1,True,train_dataset_3_test_dataset_1_seed_4,dataset_3,dataset_1,4
2d4e802c303a7228,2d4e802c303a7228_inj_latency_v2,1.178632140159607,1.178632140159607,0.0,False,2d4e802c303a7228_inj_latency_v2,2d4e802c303a7228,queryInfo,23,5,True,train_dataset_3_test_dataset_1_seed_4,dataset_3,dataset_1,4
2ff5c4fc800d217c,2ff5c4fc800d217c_inj_latency_v2,1.86652410030365,1.86652410030365,0.0,False,2ff5c4fc800d217c_inj_latency_v2,2ff5c4fc800d217c,getAllFood,13,5,True,train_dataset_3_test_dataset_1_seed_4,dataset_3,dataset_1,4
32c418ec4c49eba5,32c418ec4c49eba5_inj_latency_v2,1.4791853427886963,0.716610312461853,-0.7625750303268433,False,32c418ec4c49eba5_inj_latency_v2,32c418ec4c49eba5,addTravel,2,1,True,train_dataset_3_test_dataset_1_seed_4,dataset_3,dataset_1,4
37bc0722864cfd8f,37bc0722864cfd8f_inj_latency_v2,0.6088142991065979,0.17145779728889465,-0.43735650181770325,False,37bc0722864cfd8f_inj_latency_v2,37bc0722864cfd8f,getAllAssuranceType,1,1,True,train_dataset_3_test_dataset_1_seed_4,dataset_3,dataset_1,4
38c324989983c3f9,38c324989983c3f9_inj_latency_v2,1.86652410030365,1.86652410030365,0.0,False,38c324989983c3f9_inj_latency_v2,38c324989983c3f9,getAllFood,13,5,True,train_dataset_3_test_dataset_1_seed_4,dataset_3,dataset_1,4
3c0028a52c0282da,3c0028a52c0282da_inj_latency_v2,1.86652410030365,1.86652410030365,0.0,False,3c0028a52c0282da_inj_latency_v2,3c0028a52c0282da,preserve,141,17,True,train_dataset_3_test_dataset_1_seed_4,dataset_3,dataset_1,4
3c76172e8dd13512,3c76172e8dd13512_inj_latency_v2,1.86652410030365,1.86652410030365,0.0,False,3c76172e8dd13512_inj_latency_v2,3c76172e8dd13512,getAllFood,13,5,True,train_dataset_3_test_dataset_1_seed_4,dataset_3,dataset_1,4
3d6a86efa17d7a6a,3d6a86efa17d7a6a_inj_latency_v2,1.5195472240447998,0.9175668358802795,-0.6019803881645203,False,3d6a86efa17d7a6a_inj_latency_v2,3d6a86efa17d7a6a,queryOrdersForRefresh,3,2,True,train_dataset_3_test_dataset_1_seed_4,dataset_3,dataset_1,4
3da370578de86f4c,3da370578de86f4c_inj_latency_v2,1.1214311122894287,1.0014498233795166,-0.11998128890991211,False,3da370578de86f4c_inj_latency_v2,3da370578de86f4c,updateOrder,3,2,True,train_dataset_3_test_dataset_1_seed_4,dataset_3,dataset_1,4
3fcf32c76789dec4,3fcf32c76789dec4_inj_latency_v2,0.7419103980064392,0.5109138488769531,-0.23099654912948608,False,3fcf32c76789dec4_inj_latency_v2,3fcf32c76789dec4,imageCode,1,1,True,train_dataset_3_test_dataset_1_seed_4,dataset_3,dataset_1,4
441798d2776bfbf7,441798d2776bfbf7_inj_latency_v2,0.8263515830039978,0.4264715611934662,-0.3998800218105316,False,441798d2776bfbf7_inj_latency_v2,441798d2776bfbf7,imageCode,1,1,True,train_dataset_3_test_dataset_1_seed_4,dataset_3,dataset_1,4
45bba1c9db589548,45bba1c9db589548_inj_latency_v2,1.86652410030365,1.86652410030365,0.0,False,45bba1c9db589548_inj_latency_v2,45bba1c9db589548,preserve,143,18,True,train_dataset_3_test_dataset_1_seed_4,dataset_3,dataset_1,4
466fc557e9bc9423,466fc557e9bc9423_inj_latency_v2,0.5307356715202332,0.249538391828537,-0.28119727969169617,False,466fc557e9bc9423_inj_latency_v2,466fc557e9bc9423,getAllAssuranceType,1,1,True,train_dataset_3_test_dataset_1_seed_4,dataset_3,dataset_1,4
47ca1a9fb49a76f8,47ca1a9fb49a76f8_inj_latency_v2,0.8665940761566162,0.08633777499198914,-0.7802563011646271,False,47ca1a9fb49a76f8_inj_latency_v2,47ca1a9fb49a76f8,getAllAssuranceType,1,1,True,train_dataset_3_test_dataset_1_seed_4,dataset_3,dataset_1,4
4854388ca8b98c38,4854388ca8b98c38_inj_latency_v2,2.1669673919677734,2.1669673919677734,0.0,False,4854388ca8b98c38_inj_latency_v2,4854388ca8b98c38,queryInfo,23,5,True,train_dataset_3_test_dataset_1_seed_4,dataset_3,dataset_1,4
49db533975155581,49db533975155581_inj_latency_v2,1.86652410030365,1.86652410030365,0.0,False,49db533975155581_inj_latency_v2,49db533975155581,preserve,44,12,True,train_dataset_3_test_dataset_1_seed_4,dataset_3,dataset_1,4
4a1d538d25ed9503,4a1d538d25ed9503_inj_latency_v2,2.1669673919677734,2.1669673919677734,0.0,False,4a1d538d25ed9503_inj_latency_v2,4a1d538d25ed9503,queryInfo,23,5,True,train_dataset_3_test_dataset_1_seed_4,dataset_3,dataset_1,4
5372731089374370,5372731089374370_inj_latency_v2,1.4791853427886963,1.4791853427886963,0.0,False,5372731089374370_inj_latency_v2,5372731089374370,getAllOrders,5,3,True,train_dataset_3_test_dataset_1_seed_4,dataset_3,dataset_1,4
56760a818feec5f8,56760a818feec5f8_inj_latency_v2,0.6733248233795166,0.5795000791549683,-0.09382474422454834,False,56760a818feec5f8_inj_latency_v2,56760a818feec5f8,imageCode,1,1,True,train_dataset_3_test_dataset_1_seed_4,dataset_3,dataset_1,4
57d6c01c5ee3a12f,57d6c01c5ee3a12f_inj_latency_v2,0.8667626976966858,0.38606011867523193,-0.48070257902145386,False,57d6c01c5ee3a12f_inj_latency_v2,57d6c01c5ee3a12f,imageCode,1,1,True,train_dataset_3_test_dataset_1_seed_4,dataset_3,dataset_1,4
5891283921f2132c,5891283921f2132c_inj_latency_v2,1.3620439767837524,1.074491024017334,-0.28755295276641846,False,5891283921f2132c_inj_latency_v2,5891283921f2132c,updateUser,3,2,True,train_dataset_3_test_dataset_1_seed_4,dataset_3,dataset_1,4
58b6e27d10da3ec0,58b6e27d10da3ec0_inj_latency_v2,1.3760167360305786,0.6037659049034119,-0.7722508311271667,False,58b6e27d10da3ec0_inj_latency_v2,58b6e27d10da3ec0,updateUser,3,2,True,train_dataset_3_test_dataset_1_seed_4,dataset_3,dataset_1,4
58c96f0d904c8107,58c96f0d904c8107_inj_latency_v2,1.3475897312164307,1.0840041637420654,-0.26358556747436523,False,58c96f0d904c8107_inj_latency_v2,58c96f0d904c8107,getAllUsers,3,2,True,train_dataset_3_test_dataset_1_seed_4,dataset_3,dataset_1,4
5c2e86cfbb99f31f,5c2e86cfbb99f31f_inj_latency_v2,1.86652410030365,1.86652410030365,0.0,False,5c2e86cfbb99f31f_inj_latency_v2,5c2e86cfbb99f31f,preserve,141,17,True,train_dataset_3_test_dataset_1_seed_4,dataset_3,dataset_1,4
600b5a617c044804,600b5a617c044804_inj_latency_v2,2.0201737880706787,2.0201737880706787,0.0,False,600b5a617c044804_inj_latency_v2,600b5a617c044804,queryInfo,245,10,True,train_dataset_3_test_dataset_1_seed_4,dataset_3,dataset_1,4
6149cb8597e450e9,6149cb8597e450e9_inj_latency_v2,1.4791853427886963,1.4791853427886963,0.0,False,6149cb8597e450e9_inj_latency_v2,6149cb8597e450e9,updateTravel,3,2,True,train_dataset_3_test_dataset_1_seed_4,dataset_3,dataset_1,4
631c05e3c79a55f5,631c05e3c79a55f5_inj_latency_v2,2.336087226867676,1.915026307106018,-0.4210609197616577,False,631c05e3c79a55f5_inj_latency_v2,631c05e3c79a55f5,modifyPrice,3,2,True,train_dataset_3_test_dataset_1_seed_4,dataset_3,dataset_1,4
660e3433b799552e,660e3433b799552e_inj_latency_v2,1.86652410030365,1.86652410030365,0.0,False,660e3433b799552e_inj_latency_v2,660e3433b799552e,getAllFood,13,5,True,train_dataset_3_test_dataset_1_seed_4,dataset_3,dataset_1,4
662335f7673cfaca,662335f7673cfaca_inj_latency_v2,1.4791853427886963,1.4791853427886963,0.0,False,662335f7673cfaca_inj_latency_v2,662335f7673cfaca,getAllTravels,45,5,True,train_dataset_3_test_dataset_1_seed_4,dataset_3,dataset_1,4
6928637dbfd47870,6928637dbfd47870_inj_latency_v2,1.6693696975708008,1.2482002973556519,-0.4211694002151489,False,6928637dbfd47870_inj_latency_v2,6928637dbfd47870,DELETE,2,1,True,train_dataset_3_test_dataset_1_seed_4,dataset_3,dataset_1,4
6d475f987bfc7f1b,6d475f987bfc7f1b_inj_latency_v2,0.6344089508056641,0.14586208760738373,-0.48854686319828033,False,6d475f987bfc7f1b_inj_latency_v2,6d475f987bfc7f1b,getAllAssuranceType,1,1,True,train_dataset_3_test_dataset_1_seed_4,dataset_3,dataset_1,4
7138aef35d2116b2,7138aef35d2116b2_inj_latency_v2,0.42888888716697693,0.3513871729373932,-0.07750171422958374,False,7138aef35d2116b2_inj_latency_v2,7138aef35d2116b2,getAllAssuranceType,1,1,True,train_dataset_3_test_dataset_1_seed_4,dataset_3,dataset_1,4
719911734c5b50e3,719911734c5b50e3_inj_latency_v2,1.86652410030365,1.86652410030365,0.0,False,719911734c5b50e3_inj_latency_v2,719911734c5b50e3,POST,2,1,True,train_dataset_3_test_dataset_1_seed_4,dataset_3,dataset_1,4
71f75763df02f8f8,71f75763df02f8f8_inj_latency_v2,2.903510808944702,2.7427544593811035,-0.16075634956359863,False,71f75763df02f8f8_inj_latency_v2,71f75763df02f8f8,modifyTrain,3,2,True,train_dataset_3_test_dataset_1_seed_4,dataset_3,dataset_1,4
75028946369c8e64,75028946369c8e64_inj_latency_v2,1.4791853427886963,0.3722458481788635,-1.1069394946098328,False,75028946369c8e64_inj_latency_v2,75028946369c8e64,addTravel,2,1,True,train_dataset_3_test_dataset_1_seed_4,dataset_3,dataset_1,4
7604967b0de191c2,7604967b0de191c2_inj_latency_v2,0.758538007736206,0.2791633605957031,-0.47937464714050293,False,7604967b0de191c2_inj_latency_v2,7604967b0de191c2,findContactsByAccountId,1,1,True,train_dataset_3_test_dataset_1_seed_4,dataset_3,dataset_1,4
78628ba56ee0ded7,78628ba56ee0ded7_inj_latency_v2,1.0599383115768433,1.0599383115768433,0.0,False,78628ba56ee0ded7_inj_latency_v2,78628ba56ee0ded7,queryInfo,23,5,True,train_dataset_3_test_dataset_1_seed_4,dataset_3,dataset_1,4
7c0a1d34ed04f19b,7c0a1d34ed04f19b_inj_latency_v2,1.853987693786621,1.853987693786621,0.0,False,7c0a1d34ed04f19b_inj_latency_v2,7c0a1d34ed04f19b,queryInfo,23,5,True,train_dataset_3_test_dataset_1_seed_4,dataset_3,dataset_1,4
82a6b96f4d1faedb,82a6b96f4d1faedb_inj_latency_v2,0.6439481377601624,0.3937564194202423,-0.25019171833992004,False,82a6b96f4d1faedb_inj_latency_v2,82a6b96f4d1faedb,findContactsByAccountId,1,1,True,train_dataset_3_test_dataset_1_seed_4,dataset_3,dataset_1,4
83008a72c1761c41,83008a72c1761c41_inj_latency_v2,2.619997978210449,2.619997978210449,0.0,False,83008a72c1761c41_inj_latency_v2,83008a72c1761c41,queryInfo,245,10,True,train_dataset_3_test_dataset_1_seed_4,dataset_3,dataset_1,4
83378a8faf0029c0,83378a8faf0029c0_inj_latency_v2,2.619997978210449,2.619997978210449,0.0,False,83378a8faf0029c0_inj_latency_v2,83378a8faf0029c0,queryInfo,97,10,True,train_dataset_3_test_dataset_1_seed_4,dataset_3,dataset_1,4
894ecb51e2e30211,894ecb51e2e30211_inj_latency_v2,1.660712718963623,0.407929003238678,-1.252783715724945,False,894ecb51e2e30211_inj_latency_v2,894ecb51e2e30211,imageCode,1,1,True,train_dataset_3_test_dataset_1_seed_4,dataset_3,dataset_1,4
8990ad9cb25f4484,8990ad9cb25f4484_inj_latency_v2,0.7648292779922485,0.48799458146095276,-0.2768346965312958,False,8990ad9cb25f4484_inj_latency_v2,8990ad9cb25f4484,imageCode,1,1,True,train_dataset_3_test_dataset_1_seed_4,dataset_3,dataset_1,4
9503d78c0bb01d71,9503d78c0bb01d71_inj_latency_v2,1.3882803916931152,0.6983265280723572,-0.6899538636207581,False,9503d78c0bb01d71_inj_latency_v2,9503d78c0bb01d71,updateUser,3,2,True,train_dataset_3_test_dataset_1_seed_4,dataset_3,dataset_1,4
96dd564dd03cdfb7,96dd564dd03cdfb7_inj_latency_v2,1.7857948541641235,0.7296560406684875,-1.056138813495636,False,96dd564dd03cdfb7_inj_latency_v2,96dd564dd03cdfb7,DELETE,2,1,True,train_dataset_3_test_dataset_1_seed_4,dataset_3,dataset_1,4
9a90f76616c9f378,9a90f76616c9f378_inj_latency_v2,1.7685353755950928,0.35750657320022583,-1.411028802394867,False,9a90f76616c9f378_inj_latency_v2,9a90f76616c9f378,queryOrdersForRefresh,3,2,True,train_dataset_3_test_dataset_1_seed_4,dataset_3,dataset_1,4
9cbb27dd65c9d85c,9cbb27dd65c9d85c_inj_latency_v2,0.3973143994808197,0.38296207785606384,-0.01435232162475586,False,9cbb27dd65c9d85c_inj_latency_v2,9cbb27dd65c9d85c,getAllAssuranceType,1,1,True,train_dataset_3_test_dataset_1_seed_4,dataset_3,dataset_1,4
9de36229baf0c214,9de36229baf0c214_inj_latency_v2,1.86652410030365,1.86652410030365,0.0,False,9de36229baf0c214_inj_latency_v2,9de36229baf0c214,getAllFood,13,5,True,train_dataset_3_test_dataset_1_seed_4,dataset_3,dataset_1,4
9fea5d3996d596f4,9fea5d3996d596f4_inj_latency_v2,1.4791853427886963,1.4791853427886963,0.0,False,9fea5d3996d596f4_inj_latency_v2,9fea5d3996d596f4,addTravel,3,2,True,train_dataset_3_test_dataset_1_seed_4,dataset_3,dataset_1,4
a1b02600052d9098,a1b02600052d9098_inj_latency_v2,1.0616103410720825,1.0306192636489868,-0.030991077423095703,False,a1b02600052d9098_inj_latency_v2,a1b02600052d9098,findByOrderId,1,1,True,train_dataset_3_test_dataset_1_seed_4,dataset_3,dataset_1,4
a7b2313d89b8409b,a7b2313d89b8409b_inj_latency_v2,0.5838181376457214,0.45388785004615784,-0.1299302875995636,False,a7b2313d89b8409b_inj_latency_v2,a7b2313d89b8409b,findContactsByAccountId,1,1,True,train_dataset_3_test_dataset_1_seed_4,dataset_3,dataset_1,4
a80f8db9f0088039,a80f8db9f0088039_inj_latency_v2,1.4791853427886963,0.6793069839477539,-0.7998783588409424,False,a80f8db9f0088039_inj_latency_v2,a80f8db9f0088039,addTravel,2,1,True,train_dataset_3_test_dataset_1_seed_4,dataset_3,dataset_1,4
aac1f5c22552b054,aac1f5c22552b054_inj_latency_v2,2.1669673919677734,2.1669673919677734,0.0,False,aac1f5c22552b054_inj_latency_v2,aac1f5c22552b054,queryInfo,23,5,True,train_dataset_3_test_dataset_1_seed_4,dataset_3,dataset_1,4
ae0fa6700adafee7,ae0fa6700adafee7_inj_latency_v2,2.0701043605804443,2.0701043605804443,0.0,False,ae0fa6700adafee7_inj_latency_v2,ae0fa6700adafee7,getAllFood,5,3,True,train_dataset_3_test_dataset_1_seed_4,dataset_3,dataset_1,4
aef6b0308b854616,aef6b0308b854616_inj_latency_v2,1.86652410030365,1.86652410030365,0.0,False,aef6b0308b854616_inj_latency_v2,aef6b0308b854616,getAllFood,13,5,True,train_dataset_3_test_dataset_1_seed_4,dataset_3,dataset_1,4
b51267687f5439bb,b51267687f5439bb_inj_latency_v2,1.4791853427886963,1.4791853427886963,0.0,False,b51267687f5439bb_inj_latency_v2,b51267687f5439bb,addTravel,3,2,True,train_dataset_3_test_dataset_1_seed_4,dataset_3,dataset_1,4
b619083d8ed1d0ff,b619083d8ed1d0ff_inj_latency_v2,1.86652410030365,1.86652410030365,0.0,False,b619083d8ed1d0ff_inj_latency_v2,b619083d8ed1d0ff,preserve,9,5,True,train_dataset_3_test_dataset_1_seed_4,dataset_3,dataset_1,4
b73c17fb8625163e,b73c17fb8625163e_inj_latency_v2,0.7478813529014587,0.03238440304994583,-0.7154969498515129,False,b73c17fb8625163e_inj_latency_v2,b73c17fb8625163e,getAllAssuranceType,1,1,True,train_dataset_3_test_dataset_1_seed_4,dataset_3,dataset_1,4
bd358e28ee4d29ca,bd358e28ee4d29ca_inj_latency_v2,1.86652410030365,1.86652410030365,0.0,False,bd358e28ee4d29ca_inj_latency_v2,bd358e28ee4d29ca,preserve,141,17,True,train_dataset_3_test_dataset_1_seed_4,dataset_3,dataset_1,4
c2c6050836591363,c2c6050836591363_inj_latency_v2,2.361194610595703,1.8250550031661987,-0.5361396074295044,False,c2c6050836591363_inj_latency_v2,c2c6050836591363,deleteStation,3,2,True,train_dataset_3_test_dataset_1_seed_4,dataset_3,dataset_1,4
c585a0e8da5238a1,c585a0e8da5238a1_inj_latency_v2,1.4558792114257812,0.6923350095748901,-0.7635442018508911,False,c585a0e8da5238a1_inj_latency_v2,c585a0e8da5238a1,getAllUsers,3,2,True,train_dataset_3_test_dataset_1_seed_4,dataset_3,dataset_1,4
c5cde63b64110aae,c5cde63b64110aae_inj_latency_v2,0.46873536705970764,0.3115402162075043,-0.15719515085220337,False,c5cde63b64110aae_inj_latency_v2,c5cde63b64110aae,getAllAssuranceType,1,1,True,train_dataset_3_test_dataset_1_seed_4,dataset_3,dataset_1,4
c69540c0a0e238ec,c69540c0a0e238ec_inj_latency_v2,0.8951385021209717,0.35768362879753113,-0.5374548733234406,False,c69540c0a0e238ec_inj_latency_v2,c69540c0a0e238ec,imageCode,1,1,True,train_dataset_3_test_dataset_1_seed_4,dataset_3,dataset_1,4
cbf9d27f7fc51e53,cbf9d27f7fc51e53_inj_latency_v2,1.4454299211502075,1.4454299211502075,0.0,False,cbf9d27f7fc51e53_inj_latency_v2,cbf9d27f7fc51e53,queryInfo,23,5,True,train_dataset_3_test_dataset_1_seed_4,dataset_3,dataset_1,4
cc3c4fa1c8c8dcd2,cc3c4fa1c8c8dcd2_inj_latency_v2,0.811911940574646,0.811911940574646,0.0,False,cc3c4fa1c8c8dcd2_inj_latency_v2,cc3c4fa1c8c8dcd2,getAllFood,13,5,True,train_dataset_3_test_dataset_1_seed_4,dataset_3,dataset_1,4
cefaab51f759c69a,cefaab51f759c69a_inj_latency_v2,1.86652410030365,1.86652410030365,0.0,False,cefaab51f759c69a_inj_latency_v2,cefaab51f759c69a,getAllFood,13,5,True,train_dataset_3_test_dataset_1_seed_4,dataset_3,dataset_1,4
d2110a2c63cc9e7c,d2110a2c63cc9e7c_inj_latency_v2,0.8967041969299316,0.8967041969299316,0.0,False,d2110a2c63cc9e7c_inj_latency_v2,d2110a2c63cc9e7c,queryInfo,23,5,True,train_dataset_3_test_dataset_1_seed_4,dataset_3,dataset_1,4
d92af8df8dc53763,d92af8df8dc53763_inj_latency_v2,0.6407777667045593,0.13949301838874817,-0.5012847483158112,False,d92af8df8dc53763_inj_latency_v2,d92af8df8dc53763,getAllAssuranceType,1,1,True,train_dataset_3_test_dataset_1_seed_4,dataset_3,dataset_1,4
db380a84928baafb,db380a84928baafb_inj_latency_v2,2.619997978210449,2.619997978210449,0.0,False,db380a84928baafb_inj_latency_v2,db380a84928baafb,queryInfo,97,10,True,train_dataset_3_test_dataset_1_seed_4,dataset_3,dataset_1,4
e3841fcaa38d0665,e3841fcaa38d0665_inj_latency_v2,0.5346167087554932,0.24565735459327698,-0.2889593541622162,False,e3841fcaa38d0665_inj_latency_v2,e3841fcaa38d0665,getAllAssuranceType,1,1,True,train_dataset_3_test_dataset_1_seed_4,dataset_3,dataset_1,4
e4f2da2ca09a3673,e4f2da2ca09a3673_inj_latency_v2,1.8318299055099487,1.8318299055099487,0.0,False,e4f2da2ca09a3673_inj_latency_v2,e4f2da2ca09a3673,queryInfo,23,5,True,train_dataset_3_test_dataset_1_seed_4,dataset_3,dataset_1,4
e54ba7abab054171,e54ba7abab054171_inj_latency_v2,2.9583706855773926,2.769052505493164,-0.18931818008422852,False,e54ba7abab054171_inj_latency_v2,e54ba7abab054171,getAllTrains,3,2,True,train_dataset_3_test_dataset_1_seed_4,dataset_3,dataset_1,4
e626a7c52a2ba305,e626a7c52a2ba305_inj_latency_v2,1.86652410030365,1.86652410030365,0.0,False,e626a7c52a2ba305_inj_latency_v2,e626a7c52a2ba305,getAllFood,13,5,True,train_dataset_3_test_dataset_1_seed_4,dataset_3,dataset_1,4
e70e448729f24dfb,e70e448729f24dfb_inj_latency_v2,2.062251567840576,2.062251567840576,0.0,False,e70e448729f24dfb_inj_latency_v2,e70e448729f24dfb,queryInfo,103,10,True,train_dataset_3_test_dataset_1_seed_4,dataset_3,dataset_1,4
e737ecef7579e257,e737ecef7579e257_inj_latency_v2,1.86652410030365,1.86652410030365,0.0,False,e737ecef7579e257_inj_latency_v2,e737ecef7579e257,getAllFood,13,5,True,train_dataset_3_test_dataset_1_seed_4,dataset_3,dataset_1,4
e750ce963c7813fc,e750ce963c7813fc_inj_latency_v2,1.0685993432998657,0.8882381319999695,-0.18036121129989624,False,e750ce963c7813fc_inj_latency_v2,e750ce963c7813fc,queryInfo,23,5,True,train_dataset_3_test_dataset_1_seed_4,dataset_3,dataset_1,4
e96f63173dd4c697,e96f63173dd4c697_inj_latency_v2,1.86652410030365,1.86652410030365,0.0,False,e96f63173dd4c697_inj_latency_v2,e96f63173dd4c697,preserve,141,17,True,train_dataset_3_test_dataset_1_seed_4,dataset_3,dataset_1,4
f01f17547ea077bc,f01f17547ea077bc_inj_latency_v2,0.39735445380210876,0.3829220235347748,-0.014432430267333984,False,f01f17547ea077bc_inj_latency_v2,f01f17547ea077bc,getAllAssuranceType,1,1,True,train_dataset_3_test_dataset_1_seed_4,dataset_3,dataset_1,4
f2b14a336dd8f964,f2b14a336dd8f964_inj_latency_v2,0.7248421907424927,0.5279820561408997,-0.19686013460159302,False,f2b14a336dd8f964_inj_latency_v2,f2b14a336dd8f964,imageCode,1,1,True,train_dataset_3_test_dataset_1_seed_4,dataset_3,dataset_1,4
f6e85be8f2770567,f6e85be8f2770567_inj_latency_v2,0.42158931493759155,0.35868674516677856,-0.06290256977081299,False,f6e85be8f2770567_inj_latency_v2,f6e85be8f2770567,getAllAssuranceType,1,1,True,train_dataset_3_test_dataset_1_seed_4,dataset_3,dataset_1,4
fb5ef3c8b7578bb8,fb5ef3c8b7578bb8_inj_latency_v2,1.86652410030365,1.86652410030365,0.0,False,fb5ef3c8b7578bb8_inj_latency_v2,fb5ef3c8b7578bb8,getAllFood,13,5,True,train_dataset_3_test_dataset_1_seed_4,dataset_3,dataset_1,4
fe99d73ec3c23775,fe99d73ec3c23775_inj_latency_v2,1.86652410030365,1.86652410030365,0.0,False,fe99d73ec3c23775_inj_latency_v2,fe99d73ec3c23775,getAllFood,13,5,True,train_dataset_3_test_dataset_1_seed_4,dataset_3,dataset_1,4
fecbbb74ea23e780,fecbbb74ea23e780_inj_latency_v2,2.619997978210449,2.619997978210449,0.0,False,fecbbb74ea23e780_inj_latency_v2,fecbbb74ea23e780,queryInfo,97,10,True,train_dataset_3_test_dataset_1_seed_4,dataset_3,dataset_1,4
0b4cade05161e76c,0b4cade05161e76c_inj_latency_v2,1.9987787008285522,1.9987787008285522,0.0,False,0b4cade05161e76c_inj_latency_v2,0b4cade05161e76c,queryInfo,103,10,True,train_dataset_3_test_dataset_2_seed_4,dataset_3,dataset_2,4
5cc48d4250aa639c,5cc48d4250aa639c_inj_latency_v2,1.5384258031845093,1.5384258031845093,0.0,False,5cc48d4250aa639c_inj_latency_v2,5cc48d4250aa639c,queryInfo,23,5,True,train_dataset_3_test_dataset_2_seed_4,dataset_3,dataset_2,4
80a44ca087960a4c,80a44ca087960a4c_inj_latency_v2,0.8029356002807617,0.44988754391670227,-0.35304805636405945,False,80a44ca087960a4c_inj_latency_v2,80a44ca087960a4c,imageCode,1,1,True,train_dataset_3_test_dataset_2_seed_4,dataset_3,dataset_2,4
82db15b7b3b1143f,82db15b7b3b1143f_inj_latency_v2,0.8823355436325073,0.3704865872859955,-0.5118489563465118,False,82db15b7b3b1143f_inj_latency_v2,82db15b7b3b1143f,imageCode,1,1,True,train_dataset_3_test_dataset_2_seed_4,dataset_3,dataset_2,4
920554c20d7b1f41,920554c20d7b1f41_inj_latency_v2,0.6473630666732788,0.605461835861206,-0.041901230812072754,False,920554c20d7b1f41_inj_latency_v2,920554c20d7b1f41,imageCode,1,1,True,train_dataset_3_test_dataset_2_seed_4,dataset_3,dataset_2,4
a009bc261fe13464,a009bc261fe13464_inj_latency_v2,1.86652410030365,1.86652410030365,0.0,False,a009bc261fe13464_inj_latency_v2,a009bc261fe13464,preserve,99,14,True,train_dataset_3_test_dataset_2_seed_4,dataset_3,dataset_2,4
be97183803c57d86,be97183803c57d86_inj_latency_v2,1.86652410030365,1.86652410030365,0.0,False,be97183803c57d86_inj_latency_v2,be97183803c57d86,preserve,9,5,True,train_dataset_3_test_dataset_2_seed_4,dataset_3,dataset_2,4
cae66fa51aff79d3,cae66fa51aff79d3_inj_latency_v2,1.86652410030365,1.86652410030365,0.0,False,cae66fa51aff79d3_inj_latency_v2,cae66fa51aff79d3,preserve,141,17,True,train_dataset_3_test_dataset_2_seed_4,dataset_3,dataset_2,4
d8b910dea0064d3a,d8b910dea0064d3a_inj_latency_v2,1.86652410030365,1.86652410030365,0.0,False,d8b910dea0064d3a_inj_latency_v2,d8b910dea0064d3a,preserve,141,17,True,train_dataset_3_test_dataset_2_seed_4,dataset_3,dataset_2,4
e67d3e28c0654d2e,e67d3e28c0654d2e_inj_latency_v2,1.86652410030365,1.86652410030365,0.0,False,e67d3e28c0654d2e_inj_latency_v2,e67d3e28c0654d2e,preserve,141,17,True,train_dataset_3_test_dataset_2_seed_4,dataset_3,dataset_2,4
f0e900d89fb9eb10,f0e900d89fb9eb10_inj_latency_v2,2.9583706855773926,1.8184758424758911,-1.1398948431015015,False,f0e900d89fb9eb10_inj_latency_v2,f0e900d89fb9eb10,modifyTrain,3,2,True,train_dataset_3_test_dataset_2_seed_4,dataset_3,dataset_2,4
f82e97d360466cc8,f82e97d360466cc8_inj_latency_v2,0.8014780879020691,0.8014780879020691,0.0,False,f82e97d360466cc8_inj_latency_v2,f82e97d360466cc8,preserve,149,18,True,train_dataset_3_test_dataset_2_seed_4,dataset_3,dataset_2,4
fdc58f05e72ad139,fdc58f05e72ad139_inj_latency_v2,0.999715268611908,0.2531050741672516,-0.7466101944446564,False,fdc58f05e72ad139_inj_latency_v2,fdc58f05e72ad139,imageCode,1,1,True,train_dataset_3_test_dataset_2_seed_4,dataset_3,dataset_2,4
