traceID,injected_traceID,normal_score,injected_score,delta,win,traceID_meta,original_traceID,root_operation,num_spans,num_services,is_injected,experiment_key,method,normal_score_percentile,num_modified_spans,modified_services,modified_paths,injected_path_found_in_explanation,max_injected_path_contribution,max_injected_path_abs_residual,max_injected_path_weight,max_injected_path_train_std,num_injected_paths_found,num_injected_paths_total,failure_category,train_dataset,test_dataset,seed
175aedae66c1f4c8,175aedae66c1f4c8_inj_latency_v2,1.1219415664672852,0.5633472800254822,-0.558594286441803,False,175aedae66c1f4c8_inj_latency_v2,175aedae66c1f4c8,getOrderById,1,1,True,train_dataset_1_test_dataset_2_seed_0,Global Weighted Residual STV k=1 clip=5.0,0.5930232558139535,1,['ts-order-service'],['ts-order-service'],True,0.5633473070396579,0.6581981838107124,0.8558931350708008,1.727291226387024,1,1,very_short_trace_limited_evidence,dataset_1,dataset_2,0
729a65997299a40a,729a65997299a40a_inj_latency_v2,1.4430124759674072,1.4430124759674072,0.0,False,729a65997299a40a_inj_latency_v2,729a65997299a40a,pay,7,3,True,train_dataset_1_test_dataset_2_seed_0,Global Weighted Residual STV k=1 clip=5.0,0.686046511627907,3,"['ts-inside-payment-service', 'ts-inside-payment-service', 'ts-payment-service']","['ts-inside-payment-service', 'ts-inside-payment-service -> ts-inside-payment-service', 'ts-inside-payment-service -> ts-inside-payment-service -> ts-payment-service']",True,1.0701570419946878,3.7080657226315794,0.2886025011539459,1.64772367477417,3,3,score_unchanged_after_injection,dataset_1,dataset_2,0
cae66fa51aff79d3,cae66fa51aff79d3_inj_latency_v2,2.35345196723938,2.35345196723938,0.0,False,cae66fa51aff79d3_inj_latency_v2,cae66fa51aff79d3,preserve,141,17,True,train_dataset_1_test_dataset_2_seed_0,Global Weighted Residual STV k=1 clip=5.0,0.9069767441860465,3,"['ts-preserve-service', 'ts-preserve-service', 'ts-notification-service']","['ts-preserve-service', 'ts-preserve-service -> ts-preserve-service', 'ts-preserve-service -> ts-preserve-service -> ts-notification-service']",True,2.3534519970417023,5.0,0.5772050023078918,2.7029213905334473,3,3,pre_existing_high_normal_score,dataset_1,dataset_2,0
03936fa843b81eb0,03936fa843b81eb0_inj_latency_v2,1.069970965385437,0.3456772565841675,-0.7242937088012695,False,03936fa843b81eb0_inj_latency_v2,03936fa843b81eb0,pay,2,1,True,train_dataset_1_test_dataset_3_seed_0,Global Weighted Residual STV k=1 clip=5.0,0.68125,2,"['ts-inside-payment-service', 'ts-inside-payment-service']","['ts-inside-payment-service', 'ts-inside-payment-service -> ts-inside-payment-service']",True,0.34567725906882857,1.1977625200290205,0.2886025011539459,1.64772367477417,2,2,very_short_trace_limited_evidence,dataset_1,dataset_3,0
282da289dca8852b,282da289dca8852b_inj_latency_v2,2.062842845916748,1.2325688600540161,-0.8302739858627319,False,282da289dca8852b_inj_latency_v2,282da289dca8852b,addRoute,3,2,True,train_dataset_1_test_dataset_3_seed_0,Global Weighted Residual STV k=1 clip=5.0,0.8875,3,"['ts-admin-route-service', 'ts-admin-route-service', 'ts-route-service']","['ts-admin-route-service', 'ts-admin-route-service -> ts-admin-route-service', 'ts-admin-route-service -> ts-admin-route-service -> ts-route-service']",True,1.232568872203872,2.135409199981945,0.5772050023078918,1.426977515220642,3,3,pre_existing_high_normal_score,dataset_1,dataset_3,0
3887036b99e297a7,3887036b99e297a7_inj_latency_v2,3.2638912200927734,3.2638912200927734,0.0,False,3887036b99e297a7_inj_latency_v2,3887036b99e297a7,queryInfo,103,10,True,train_dataset_1_test_dataset_3_seed_0,Global Weighted Residual STV k=1 clip=5.0,0.99375,3,"['ts-travel2-service', 'ts-travel2-service', 'ts-seat-service']","['ts-travel2-service', 'ts-travel2-service -> ts-travel2-service', 'ts-travel2-service -> ts-travel2-service -> ts-seat-service']",True,3.263891339302063,5.0,0.6527782678604126,1.0,3,3,pre_existing_high_normal_score,dataset_1,dataset_3,0
3d1a3606f264d1a9,3d1a3606f264d1a9_inj_latency_v2,0.9698862433433533,0.6381640434265137,-0.3317221999168396,False,3d1a3606f264d1a9_inj_latency_v2,3d1a3606f264d1a9,getPriceByWeightAndRegion,1,1,True,train_dataset_1_test_dataset_3_seed_0,Global Weighted Residual STV k=1 clip=5.0,0.65625,1,['ts-consign-price-service'],['ts-consign-price-service'],True,0.6381640476367186,2.2112214727352972,0.2886025011539459,0.6104159355163574,1,1,very_short_trace_limited_evidence,dataset_1,dataset_3,0
58663a90e5c893c5,58663a90e5c893c5_inj_latency_v2,2.35345196723938,2.35345196723938,0.0,False,58663a90e5c893c5_inj_latency_v2,58663a90e5c893c5,preserve,135,16,True,train_dataset_1_test_dataset_3_seed_0,Global Weighted Residual STV k=1 clip=5.0,0.925,3,"['ts-preserve-service', 'ts-preserve-service', 'ts-notification-service']","['ts-preserve-service', 'ts-preserve-service -> ts-preserve-service', 'ts-preserve-service -> ts-preserve-service -> ts-notification-service']",True,2.3534519970417023,5.0,0.5772050023078918,1.5417135953903198,2,3,pre_existing_high_normal_score,dataset_1,dataset_3,0
70d74443a791be6e,70d74443a791be6e_inj_latency_v2,0.6136249899864197,0.11067446321249008,-0.5029505267739296,False,70d74443a791be6e_inj_latency_v2,70d74443a791be6e,pay,2,1,True,train_dataset_1_test_dataset_3_seed_0,Global Weighted Residual STV k=1 clip=5.0,0.4625,2,"['ts-inside-payment-service', 'ts-inside-payment-service']","['ts-inside-payment-service', 'ts-inside-payment-service -> ts-inside-payment-service']",True,0.1106744570904658,0.38348405383857015,0.2886025011539459,1.64772367477417,2,2,very_short_trace_limited_evidence,dataset_1,dataset_3,0
a1610e1ad51d3b84,a1610e1ad51d3b84_inj_latency_v2,1.645804524421692,1.2538127899169922,-0.3919917345046997,False,a1610e1ad51d3b84_inj_latency_v2,a1610e1ad51d3b84,updateConsign,3,2,True,train_dataset_1_test_dataset_3_seed_0,Global Weighted Residual STV k=1 clip=5.0,0.8375,3,"['ts-consign-service', 'ts-consign-service', 'ts-consign-price-service']","['ts-consign-service', 'ts-consign-service -> ts-consign-service', 'ts-consign-service -> ts-consign-service -> ts-consign-price-service']",True,1.2538127641655874,1.920733005213491,0.6527782678604126,1.3502787351608276,3,3,pre_existing_high_normal_score,dataset_1,dataset_3,0
b914aff94c695c7d,b914aff94c695c7d_inj_latency_v2,3.2638912200927734,3.2638912200927734,0.0,False,b914aff94c695c7d_inj_latency_v2,b914aff94c695c7d,queryInfo,103,10,True,train_dataset_1_test_dataset_3_seed_0,Global Weighted Residual STV k=1 clip=5.0,0.99375,3,"['ts-travel2-service', 'ts-travel2-service', 'ts-seat-service']","['ts-travel2-service', 'ts-travel2-service -> ts-travel2-service', 'ts-travel2-service -> ts-travel2-service -> ts-seat-service']",True,3.263891339302063,5.0,0.6527782678604126,1.0,3,3,pre_existing_high_normal_score,dataset_1,dataset_3,0
c3b4179b96dc5829,c3b4179b96dc5829_inj_latency_v2,0.5674705505371094,0.1568288952112198,-0.4106416553258896,False,c3b4179b96dc5829_inj_latency_v2,c3b4179b96dc5829,pay,2,1,True,train_dataset_1_test_dataset_3_seed_0,Global Weighted Residual STV k=1 clip=5.0,0.45,2,"['ts-inside-payment-service', 'ts-inside-payment-service']","['ts-inside-payment-service', 'ts-inside-payment-service -> ts-inside-payment-service']",True,0.15682890739791033,0.5434079980971991,0.2886025011539459,1.64772367477417,2,2,very_short_trace_limited_evidence,dataset_1,dataset_3,0
e47281530a217b0c,e47281530a217b0c_inj_latency_v2,1.2619460821151733,0.3823138177394867,-0.8796322643756866,False,e47281530a217b0c_inj_latency_v2,e47281530a217b0c,findByAccountId,1,1,True,train_dataset_1_test_dataset_3_seed_0,Global Weighted Residual STV k=1 clip=5.0,0.74375,1,['ts-consign-service'],['ts-consign-service'],True,0.3823137962796399,0.585671758854252,0.6527782678604126,1.3502787351608276,1,1,very_short_trace_limited_evidence,dataset_1,dataset_3,0
e84fe9819b911796,e84fe9819b911796_inj_latency_v2,0.7984753251075745,0.20275580883026123,-0.5957195162773132,False,e84fe9819b911796_inj_latency_v2,e84fe9819b911796,pay,2,1,True,train_dataset_1_test_dataset_3_seed_0,Global Weighted Residual STV k=1 clip=5.0,0.575,2,"['ts-inside-payment-service', 'ts-inside-payment-service']","['ts-inside-payment-service', 'ts-inside-payment-service -> ts-inside-payment-service']",True,0.20275580851962263,0.7025434904719309,0.2886025011539459,1.64772367477417,2,2,very_short_trace_limited_evidence,dataset_1,dataset_3,0
ff3555e224a5776a,ff3555e224a5776a_inj_latency_v2,2.35345196723938,2.35345196723938,0.0,False,ff3555e224a5776a_inj_latency_v2,ff3555e224a5776a,preserve,135,16,True,train_dataset_1_test_dataset_3_seed_0,Global Weighted Residual STV k=1 clip=5.0,0.925,3,"['ts-preserve-service', 'ts-preserve-service', 'ts-notification-service']","['ts-preserve-service', 'ts-preserve-service -> ts-preserve-service', 'ts-preserve-service -> ts-preserve-service -> ts-notification-service']",True,2.2920506200875557,4.869550394417799,0.5772050023078918,1.5417135953903198,2,3,pre_existing_high_normal_score,dataset_1,dataset_3,0
028e50b177ff6b9e,028e50b177ff6b9e_inj_latency_v2,1.804244041442871,1.804244041442871,0.0,False,028e50b177ff6b9e_inj_latency_v2,028e50b177ff6b9e,getAllFood,13,5,True,train_dataset_2_test_dataset_1_seed_0,Global Weighted Residual STV k=1 clip=5.0,0.8550185873605948,3,"['ts-food-service', 'ts-food-service', 'ts-food-map-service']","['ts-food-service', 'ts-food-service -> ts-food-service', 'ts-food-service -> ts-food-service -> ts-food-map-service']",True,0.7202712271625024,1.5818300084333625,0.4553404748439789,1.713692545890808,3,3,pre_existing_high_normal_score,dataset_2,dataset_1,0
07001b2cc18ec5ce,07001b2cc18ec5ce_inj_latency_v2,1.199790358543396,0.868292510509491,-0.33149784803390503,False,07001b2cc18ec5ce_inj_latency_v2,07001b2cc18ec5ce,queryOrdersForRefresh,3,2,True,train_dataset_2_test_dataset_1_seed_0,Global Weighted Residual STV k=1 clip=5.0,0.7100371747211895,3,"['ts-order-service', 'ts-station-service', 'ts-order-service']","['ts-order-service', 'ts-order-service -> ts-order-service -> ts-station-service', 'ts-order-service -> ts-order-service']",True,0.8682924705169868,1.4186982612623333,0.6830107569694519,2.2571866512298584,3,3,high_train_variance_path,dataset_2,dataset_1,0
078cf3a6c4ca1add,078cf3a6c4ca1add_inj_latency_v2,0.5636732578277588,0.34109410643577576,-0.22257915139198303,False,078cf3a6c4ca1add_inj_latency_v2,078cf3a6c4ca1add,findContactsByAccountId,1,1,True,train_dataset_2_test_dataset_1_seed_0,Global Weighted Residual STV k=1 clip=5.0,0.3382899628252788,1,['ts-contacts-service'],['ts-contacts-service'],True,0.34109409776658356,0.7490968113112687,0.4553404748439789,1.7117081880569458,1,1,very_short_trace_limited_evidence,dataset_2,dataset_1,0
08ea3dfb37e25b9f,08ea3dfb37e25b9f_inj_latency_v2,0.6842928528785706,0.6842928528785706,0.0,False,08ea3dfb37e25b9f_inj_latency_v2,08ea3dfb37e25b9f,queryInfo,23,5,True,train_dataset_2_test_dataset_1_seed_0,Global Weighted Residual STV k=1 clip=5.0,0.39776951672862454,3,"['ts-travel2-service', 'ts-travel2-service', 'ts-travel2-service']","['ts-travel2-service', 'ts-travel2-service -> ts-travel2-service', 'ts-travel2-service -> ts-travel2-service']",True,0.4288486147608097,1.8836393356323242,0.22767023742198944,1.0,2,2,score_unchanged_after_injection,dataset_2,dataset_1,0
0b62285c9aa8c97d,0b62285c9aa8c97d_inj_latency_v2,0.962112545967102,0.06704571843147278,-0.8950668275356293,False,0b62285c9aa8c97d_inj_latency_v2,0b62285c9aa8c97d,modifyOrder,1,1,True,train_dataset_2_test_dataset_1_seed_0,Global Weighted Residual STV k=1 clip=5.0,0.5762081784386617,1,['ts-order-service'],['ts-order-service'],True,0.06704571974707695,0.09816202609247573,0.6830107569694519,2.2571866512298584,1,1,very_short_trace_limited_evidence,dataset_2,dataset_1,0
0cc3f0ca47c90560,0cc3f0ca47c90560_inj_latency_v2,1.804244041442871,1.804244041442871,0.0,False,0cc3f0ca47c90560_inj_latency_v2,0cc3f0ca47c90560,getToken,3,2,True,train_dataset_2_test_dataset_1_seed_0,Global Weighted Residual STV k=1 clip=5.0,0.8550185873605948,3,"['ts-auth-service', 'ts-auth-service', 'ts-verification-code-service']","['ts-auth-service', 'ts-auth-service -> ts-auth-service', 'ts-auth-service -> ts-auth-service -> ts-verification-code-service']",True,1.8042440712451935,5.0,0.6830107569694519,1.4422938823699951,3,3,pre_existing_high_normal_score,dataset_2,dataset_1,0
0e4721c353950231,0e4721c353950231_inj_latency_v2,1.086435317993164,0.31208667159080505,-0.774348646402359,False,0e4721c353950231_inj_latency_v2,0e4721c353950231,addTravel,2,1,True,train_dataset_2_test_dataset_1_seed_0,Global Weighted Residual STV k=1 clip=5.0,0.6617100371747212,2,"['ts-admin-travel-service', 'ts-admin-travel-service']","['ts-admin-travel-service -> ts-admin-travel-service', 'ts-admin-travel-service']",True,0.312086674531443,1.370783805847168,0.22767023742198944,1.0,2,2,very_short_trace_limited_evidence,dataset_2,dataset_1,0
12a19d5f4469c52e,12a19d5f4469c52e_inj_latency_v2,1.574323296546936,1.574323296546936,0.0,False,12a19d5f4469c52e_inj_latency_v2,12a19d5f4469c52e,getAllFood,13,5,True,train_dataset_2_test_dataset_1_seed_0,Global Weighted Residual STV k=1 clip=5.0,0.7955390334572491,3,"['ts-food-service', 'ts-food-service', 'ts-food-service']","['ts-food-service', 'ts-food-service -> ts-food-service', 'ts-food-service -> ts-food-service']",True,0.6532721973790615,1.4346894982329506,0.4553404748439789,1.713692545890808,2,2,pre_existing_high_normal_score,dataset_2,dataset_1,0
17c627cd070bacf3,17c627cd070bacf3_inj_latency_v2,1.040136456489563,0.781092643737793,-0.25904381275177,False,17c627cd070bacf3_inj_latency_v2,17c627cd070bacf3,queryOrdersForRefresh,3,2,True,train_dataset_2_test_dataset_1_seed_0,Global Weighted Residual STV k=1 clip=5.0,0.620817843866171,3,"['ts-order-service', 'ts-order-service', 'ts-station-service']","['ts-order-service', 'ts-order-service -> ts-order-service', 'ts-order-service -> ts-order-service -> ts-station-service']",True,0.7810926053530477,1.1436022015506595,0.6830107569694519,2.2571866512298584,3,3,high_train_variance_path,dataset_2,dataset_1,0
1a5e922d4bed1ee5,1a5e922d4bed1ee5_inj_latency_v2,1.2150076627731323,0.4596993923187256,-0.7553082704544067,False,1a5e922d4bed1ee5_inj_latency_v2,1a5e922d4bed1ee5,queryOrdersForRefresh,3,2,True,train_dataset_2_test_dataset_1_seed_0,Global Weighted Residual STV k=1 clip=5.0,0.7174721189591078,3,"['ts-order-other-service', 'ts-station-service', 'ts-order-other-service']","['ts-order-other-service', 'ts-order-other-service -> ts-order-other-service -> ts-station-service', 'ts-order-other-service -> ts-order-other-service']",True,0.45969940332709963,0.8695987109141509,0.5286339521408081,1.5994620323181152,3,3,low_residual_after_injection,dataset_2,dataset_1,0
1fa3037f1b9cdff7,1fa3037f1b9cdff7_inj_latency_v2,0.6704866886138916,0.23427914083003998,-0.4362075477838516,False,1fa3037f1b9cdff7_inj_latency_v2,1fa3037f1b9cdff7,findContactsByAccountId,1,1,True,train_dataset_2_test_dataset_1_seed_0,Global Weighted Residual STV k=1 clip=5.0,0.3903345724907063,1,['ts-contacts-service'],['ts-contacts-service'],True,0.23427914946020686,0.5145142204643283,0.4553404748439789,1.7117081880569458,1,1,very_short_trace_limited_evidence,dataset_2,dataset_1,0
22de19f916a777b5,22de19f916a777b5_inj_latency_v2,0.8570239543914795,0.8570239543914795,0.0,False,22de19f916a777b5_inj_latency_v2,22de19f916a777b5,queryInfo,23,5,True,train_dataset_2_test_dataset_1_seed_0,Global Weighted Residual STV k=1 clip=5.0,0.5315985130111525,3,"['ts-travel-service', 'ts-ticketinfo-service', 'ts-travel-service']","['ts-travel-service', 'ts-travel-service -> ts-travel-service -> ts-ticketinfo-service', 'ts-travel-service -> ts-travel-service']",True,0.5571660384777004,1.0539732384220613,0.5286339521408081,1.8889844417572021,3,3,score_unchanged_after_injection,dataset_2,dataset_1,0
23b959132ebaa72b,23b959132ebaa72b_inj_latency_v2,2.64316987991333,0.6332241892814636,-2.0099456906318665,False,23b959132ebaa72b_inj_latency_v2,23b959132ebaa72b,DELETE,2,1,True,train_dataset_2_test_dataset_1_seed_0,Global Weighted Residual STV k=1 clip=5.0,0.9888475836431226,2,"['ts-admin-order-service', 'ts-admin-order-service']","['ts-admin-order-service', 'ts-admin-order-service -> ts-admin-order-service']",True,0.6332242015920796,1.1978500416549345,0.5286339521408081,1.1658082008361816,2,2,very_short_trace_limited_evidence,dataset_2,dataset_1,0
24025232d58c110f,24025232d58c110f_inj_latency_v2,2.64316987991333,2.4130098819732666,-0.23015999794006348,False,24025232d58c110f_inj_latency_v2,24025232d58c110f,modifyConfig,3,2,True,train_dataset_2_test_dataset_1_seed_0,Global Weighted Residual STV k=1 clip=5.0,0.9888475836431226,3,"['ts-admin-basic-info-service', 'ts-admin-basic-info-service', 'ts-config-service']","['ts-admin-basic-info-service', 'ts-admin-basic-info-service -> ts-admin-basic-info-service', 'ts-admin-basic-info-service -> ts-admin-basic-info-service -> ts-config-service']",True,2.4130099330347403,2.4130099330347403,1.0,1.1265287399291992,3,3,pre_existing_high_normal_score,dataset_2,dataset_1,0
288dbb242709b378,288dbb242709b378_inj_latency_v2,0.5291883945465088,0.37557917833328247,-0.15360921621322632,False,288dbb242709b378_inj_latency_v2,288dbb242709b378,findContactsByAccountId,1,1,True,train_dataset_2_test_dataset_1_seed_0,Global Weighted Residual STV k=1 clip=5.0,0.3048327137546468,1,['ts-contacts-service'],['ts-contacts-service'],True,0.37557919988972255,0.824831572502782,0.4553404748439789,1.7117081880569458,1,1,very_short_trace_limited_evidence,dataset_2,dataset_1,0
28b8f4fb489555ac,28b8f4fb489555ac_inj_latency_v2,1.273836374282837,0.6945284008979797,-0.5793079733848572,False,28b8f4fb489555ac_inj_latency_v2,28b8f4fb489555ac,POST,2,1,True,train_dataset_2_test_dataset_1_seed_0,Global Weighted Residual STV k=1 clip=5.0,0.7286245353159851,2,"['ts-order-service', 'ts-order-service']","['ts-order-service -> ts-order-service', 'ts-order-service']",True,0.6945284151334266,1.3138172686805225,0.6830107569694519,2.2571866512298584,2,2,very_short_trace_limited_evidence,dataset_2,dataset_1,0
2932ad71ec1db532,2932ad71ec1db532_inj_latency_v2,1.0466336011886597,0.13030463457107544,-0.9163289666175842,False,2932ad71ec1db532_inj_latency_v2,2932ad71ec1db532,getAllAssuranceType,1,1,True,train_dataset_2_test_dataset_1_seed_0,Global Weighted Residual STV k=1 clip=5.0,0.6245353159851301,1,['ts-assurance-service'],['ts-assurance-service'],True,0.13030464192503838,0.286169688670191,0.4553404748439789,1.3158633708953857,1,1,very_short_trace_limited_evidence,dataset_2,dataset_1,0
2a82d8b4a2d44fda,2a82d8b4a2d44fda_inj_latency_v2,1.0473378896713257,0.27298885583877563,-0.77434903383255,False,2a82d8b4a2d44fda_inj_latency_v2,2a82d8b4a2d44fda,addTravel,2,1,True,train_dataset_2_test_dataset_1_seed_0,Global Weighted Residual STV k=1 clip=5.0,0.6282527881040892,2,"['ts-admin-travel-service', 'ts-admin-travel-service']","['ts-admin-travel-service -> ts-admin-travel-service', 'ts-admin-travel-service']",True,0.2729888552097606,1.1990537643432617,0.22767023742198944,1.0,2,2,very_short_trace_limited_evidence,dataset_2,dataset_1,0
2ac31ed71a762f7f,2ac31ed71a762f7f_inj_latency_v2,0.9453563690185547,0.08380332589149475,-0.8615530431270599,False,2ac31ed71a762f7f_inj_latency_v2,2ac31ed71a762f7f,modifyOrder,1,1,True,train_dataset_2_test_dataset_1_seed_0,Global Weighted Residual STV k=1 clip=5.0,0.5687732342007435,1,['ts-order-service'],['ts-order-service'],True,0.0838033260523059,0.1226969344145396,0.6830107569694519,2.2571866512298584,1,1,very_short_trace_limited_evidence,dataset_2,dataset_1,0
2d4e802c303a7228,2d4e802c303a7228_inj_latency_v2,0.451071172952652,0.38209807872772217,-0.06897309422492981,False,2d4e802c303a7228_inj_latency_v2,2d4e802c303a7228,queryInfo,23,5,True,train_dataset_2_test_dataset_1_seed_0,Global Weighted Residual STV k=1 clip=5.0,0.1970260223048327,3,"['ts-travel2-service', 'ts-travel2-service', 'ts-travel2-service']","['ts-travel2-service', 'ts-travel2-service -> ts-travel2-service', 'ts-travel2-service -> ts-travel2-service']",True,0.37786459980101483,1.6597013473510742,0.22767023742198944,1.0,2,2,low_reliability_weight,dataset_2,dataset_1,0
2dc47ec0364db997,2dc47ec0364db997_inj_latency_v2,0.6423147320747375,0.2624518871307373,-0.37986284494400024,False,2dc47ec0364db997_inj_latency_v2,2dc47ec0364db997,findContactsByAccountId,1,1,True,train_dataset_2_test_dataset_1_seed_0,Global Weighted Residual STV k=1 clip=5.0,0.3828996282527881,1,['ts-contacts-service'],['ts-contacts-service'],True,0.2624518895297758,0.576386032055912,0.4553404748439789,1.7117081880569458,1,1,very_short_trace_limited_evidence,dataset_2,dataset_1,0
2ff5c4fc800d217c,2ff5c4fc800d217c_inj_latency_v2,1.804244041442871,1.804244041442871,0.0,False,2ff5c4fc800d217c_inj_latency_v2,2ff5c4fc800d217c,getAllFood,13,5,True,train_dataset_2_test_dataset_1_seed_0,Global Weighted Residual STV k=1 clip=5.0,0.8550185873605948,3,"['ts-food-service', 'ts-food-service', 'ts-station-service']","['ts-food-service', 'ts-food-service -> ts-food-service', 'ts-food-service -> ts-food-service -> ts-station-service']",True,1.5944320096681965,4.418559647996527,0.4553404748439789,1.713692545890808,3,3,pre_existing_high_normal_score,dataset_2,dataset_1,0
3118754ef6886cc5,3118754ef6886cc5_inj_latency_v2,2.4011240005493164,1.935320258140564,-0.46580374240875244,False,3118754ef6886cc5_inj_latency_v2,3118754ef6886cc5,modifyStation,3,2,True,train_dataset_2_test_dataset_1_seed_0,Global Weighted Residual STV k=1 clip=5.0,0.9442379182156134,3,"['ts-admin-basic-info-service', 'ts-admin-basic-info-service', 'ts-station-service']","['ts-admin-basic-info-service', 'ts-admin-basic-info-service -> ts-admin-basic-info-service', 'ts-admin-basic-info-service -> ts-admin-basic-info-service -> ts-station-service']",True,1.935320225031389,1.935320225031389,1.0,1.1847676038742065,3,3,pre_existing_high_normal_score,dataset_2,dataset_1,0
32c418ec4c49eba5,32c418ec4c49eba5_inj_latency_v2,1.1383512020111084,0.6385831832885742,-0.4997680187225342,False,32c418ec4c49eba5_inj_latency_v2,32c418ec4c49eba5,addTravel,2,1,True,train_dataset_2_test_dataset_1_seed_0,Global Weighted Residual STV k=1 clip=5.0,0.6988847583643123,2,"['ts-admin-travel-service', 'ts-admin-travel-service']","['ts-admin-travel-service', 'ts-admin-travel-service -> ts-admin-travel-service']",True,0.6385831683291912,2.8048601150512695,0.22767023742198944,1.0,2,2,very_short_trace_limited_evidence,dataset_2,dataset_1,0
37bc0722864cfd8f,37bc0722864cfd8f_inj_latency_v2,1.0882173776626587,0.08871956914663315,-0.9994978085160255,False,37bc0722864cfd8f_inj_latency_v2,37bc0722864cfd8f,getAllAssuranceType,1,1,True,train_dataset_2_test_dataset_1_seed_0,Global Weighted Residual STV k=1 clip=5.0,0.6654275092936803,1,['ts-assurance-service'],['ts-assurance-service'],True,0.08871957071289323,0.19484226774106286,0.4553404748439789,1.3158633708953857,1,1,very_short_trace_limited_evidence,dataset_2,dataset_1,0
38c324989983c3f9,38c324989983c3f9_inj_latency_v2,1.129604697227478,1.129604697227478,0.0,False,38c324989983c3f9_inj_latency_v2,38c324989983c3f9,getAllFood,13,5,True,train_dataset_2_test_dataset_1_seed_0,Global Weighted Residual STV k=1 clip=5.0,0.6840148698884758,3,"['ts-food-service', 'ts-food-service', 'ts-food-map-service']","['ts-food-service', 'ts-food-service -> ts-food-service', 'ts-food-service -> ts-food-service -> ts-food-map-service']",True,0.6271185631338494,1.3772519637063447,0.4553404748439789,1.713692545890808,3,3,score_unchanged_after_injection,dataset_2,dataset_1,0
3c76172e8dd13512,3c76172e8dd13512_inj_latency_v2,1.804244041442871,1.804244041442871,0.0,False,3c76172e8dd13512_inj_latency_v2,3c76172e8dd13512,getAllFood,13,5,True,train_dataset_2_test_dataset_1_seed_0,Global Weighted Residual STV k=1 clip=5.0,0.8550185873605948,3,"['ts-food-service', 'ts-food-service', 'ts-food-service']","['ts-food-service', 'ts-food-service -> ts-food-service', 'ts-food-service -> ts-food-service']",True,0.3727968050542187,0.8187209915436497,0.4553404748439789,1.713692545890808,2,2,pre_existing_high_normal_score,dataset_2,dataset_1,0
3d6a86efa17d7a6a,3d6a86efa17d7a6a_inj_latency_v2,1.4044957160949707,0.5301312208175659,-0.8743644952774048,False,3d6a86efa17d7a6a_inj_latency_v2,3d6a86efa17d7a6a,queryOrdersForRefresh,3,2,True,train_dataset_2_test_dataset_1_seed_0,Global Weighted Residual STV k=1 clip=5.0,0.7657992565055762,3,"['ts-order-other-service', 'ts-order-other-service', 'ts-station-service']","['ts-order-other-service', 'ts-order-other-service -> ts-order-other-service', 'ts-order-other-service -> ts-order-other-service -> ts-station-service']",True,0.5301312283735778,1.0028323497321847,0.5286339521408081,1.5994620323181152,3,3,pre_existing_high_normal_score,dataset_2,dataset_1,0
3da370578de86f4c,3da370578de86f4c_inj_latency_v2,2.64316987991333,1.3506121635437012,-1.292557716369629,False,3da370578de86f4c_inj_latency_v2,3da370578de86f4c,updateOrder,3,2,True,train_dataset_2_test_dataset_1_seed_0,Global Weighted Residual STV k=1 clip=5.0,0.9888475836431226,3,"['ts-admin-order-service', 'ts-admin-order-service', 'ts-order-service']","['ts-admin-order-service', 'ts-admin-order-service -> ts-admin-order-service', 'ts-admin-order-service -> ts-admin-order-service -> ts-order-service']",True,1.3506121034222365,2.5549098728007626,0.5286339521408081,1.1658082008361816,3,3,pre_existing_high_normal_score,dataset_2,dataset_1,0
3e0d61671d79e63e,3e0d61671d79e63e_inj_latency_v2,0.7447678446769714,0.5034618973731995,-0.24130594730377197,False,3e0d61671d79e63e_inj_latency_v2,3e0d61671d79e63e,queryOrdersForRefresh,3,2,True,train_dataset_2_test_dataset_1_seed_0,Global Weighted Residual STV k=1 clip=5.0,0.44609665427509293,3,"['ts-order-other-service', 'ts-order-other-service', 'ts-station-service']","['ts-order-other-service', 'ts-order-other-service -> ts-order-other-service', 'ts-order-other-service -> ts-order-other-service -> ts-station-service']",True,0.5034618974179255,0.9523828262998556,0.5286339521408081,1.5994620323181152,3,3,low_residual_after_injection,dataset_2,dataset_1,0
3e27923c9b4abbfd,3e27923c9b4abbfd_inj_latency_v2,0.46465906500816345,0.4401092827320099,-0.024549782276153564,False,3e27923c9b4abbfd_inj_latency_v2,3e27923c9b4abbfd,findContactsByAccountId,1,1,True,train_dataset_2_test_dataset_1_seed_0,Global Weighted Residual STV k=1 clip=5.0,0.21561338289962825,1,['ts-contacts-service'],['ts-contacts-service'],True,0.44010928836308916,0.966549895468641,0.4553404748439789,1.7117081880569458,1,1,very_short_trace_limited_evidence,dataset_2,dataset_1,0
40e7c3d687b6ab8d,40e7c3d687b6ab8d_inj_latency_v2,0.9851683378219604,0.04398820921778679,-0.9411801286041737,False,40e7c3d687b6ab8d_inj_latency_v2,40e7c3d687b6ab8d,getOrderById,1,1,True,train_dataset_2_test_dataset_1_seed_0,Global Weighted Residual STV k=1 clip=5.0,0.6059479553903345,1,['ts-order-service'],['ts-order-service'],True,0.043988211543286714,0.06440339496037266,0.6830107569694519,2.2571866512298584,1,1,very_short_trace_limited_evidence,dataset_2,dataset_1,0
40f7b2f03c48e310,40f7b2f03c48e310_inj_latency_v2,0.5661018490791321,0.3386654853820801,-0.227436363697052,False,40f7b2f03c48e310_inj_latency_v2,40f7b2f03c48e310,findContactsByAccountId,1,1,True,train_dataset_2_test_dataset_1_seed_0,Global Weighted Residual STV k=1 clip=5.0,0.3420074349442379,1,['ts-contacts-service'],['ts-contacts-service'],True,0.3386655051317943,0.7437632361758244,0.4553404748439789,1.7117081880569458,1,1,very_short_trace_limited_evidence,dataset_2,dataset_1,0
466fc557e9bc9423,466fc557e9bc9423_inj_latency_v2,0.9704461097717285,0.20649376511573792,-0.7639523446559906,False,466fc557e9bc9423_inj_latency_v2,466fc557e9bc9423,getAllAssuranceType,1,1,True,train_dataset_2_test_dataset_1_seed_0,Global Weighted Residual STV k=1 clip=5.0,0.587360594795539,1,['ts-assurance-service'],['ts-assurance-service'],True,0.20649377780692224,0.45349313143681497,0.4553404748439789,1.3158633708953857,1,1,very_short_trace_limited_evidence,dataset_2,dataset_1,0
47ca1a9fb49a76f8,47ca1a9fb49a76f8_inj_latency_v2,1.4770439863204956,0.30013081431388855,-1.176913172006607,False,47ca1a9fb49a76f8_inj_latency_v2,47ca1a9fb49a76f8,getAllAssuranceType,1,1,True,train_dataset_2_test_dataset_1_seed_0,Global Weighted Residual STV k=1 clip=5.0,0.7843866171003717,1,['ts-assurance-service'],['ts-assurance-service'],True,0.3001308099213659,0.6591349254076412,0.4553404748439789,1.3158633708953857,1,1,very_short_trace_limited_evidence,dataset_2,dataset_1,0
4854388ca8b98c38,4854388ca8b98c38_inj_latency_v2,0.7110517621040344,0.7110517621040344,0.0,False,4854388ca8b98c38_inj_latency_v2,4854388ca8b98c38,queryInfo,23,5,True,train_dataset_2_test_dataset_1_seed_0,Global Weighted Residual STV k=1 clip=5.0,0.41263940520446096,3,"['ts-travel2-service', 'ts-travel2-service', 'ts-ticketinfo-service']","['ts-travel2-service', 'ts-travel2-service -> ts-travel2-service', 'ts-travel2-service -> ts-travel2-service -> ts-ticketinfo-service']",True,0.3027959703199343,1.3299760818481445,0.22767023742198944,1.0,3,3,score_unchanged_after_injection,dataset_2,dataset_1,0
49b7385d3eb385e4,49b7385d3eb385e4_inj_latency_v2,1.0823020935058594,0.30795350670814514,-0.7743485867977142,False,49b7385d3eb385e4_inj_latency_v2,49b7385d3eb385e4,addTravel,2,1,True,train_dataset_2_test_dataset_1_seed_0,Global Weighted Residual STV k=1 clip=5.0,0.654275092936803,2,"['ts-admin-travel-service', 'ts-admin-travel-service']","['ts-admin-travel-service -> ts-admin-travel-service', 'ts-admin-travel-service']",True,0.30795351619140376,1.3526296615600586,0.22767023742198944,1.0,2,2,very_short_trace_limited_evidence,dataset_2,dataset_1,0
4a1d538d25ed9503,4a1d538d25ed9503_inj_latency_v2,0.9576377868652344,0.9576377868652344,0.0,False,4a1d538d25ed9503_inj_latency_v2,4a1d538d25ed9503,queryInfo,23,5,True,train_dataset_2_test_dataset_1_seed_0,Global Weighted Residual STV k=1 clip=5.0,0.5724907063197026,3,"['ts-travel2-service', 'ts-travel2-service', 'ts-travel2-service']","['ts-travel2-service', 'ts-travel2-service -> ts-travel2-service', 'ts-travel2-service -> ts-travel2-service']",True,0.2925312511728606,1.2848901748657227,0.22767023742198944,1.0,2,2,score_unchanged_after_injection,dataset_2,dataset_1,0
4b9cdfd2928dfc5e,4b9cdfd2928dfc5e_inj_latency_v2,1.758732557296753,1.7230923175811768,-0.03564023971557617,False,4b9cdfd2928dfc5e_inj_latency_v2,4b9cdfd2928dfc5e,getAllTrains,3,2,True,train_dataset_2_test_dataset_1_seed_0,Global Weighted Residual STV k=1 clip=5.0,0.8029739776951673,3,"['ts-admin-basic-info-service', 'ts-train-service', 'ts-admin-basic-info-service']","['ts-admin-basic-info-service', 'ts-admin-basic-info-service -> ts-admin-basic-info-service -> ts-train-service', 'ts-admin-basic-info-service -> ts-admin-basic-info-service']",True,1.7230923333695576,2.0753035543500755,1.0,1.320855736732483,3,3,pre_existing_high_normal_score,dataset_2,dataset_1,0
52805f1440e224bf,52805f1440e224bf_inj_latency_v2,2.276702404022217,2.276702404022217,0.0,False,52805f1440e224bf_inj_latency_v2,52805f1440e224bf,queryInfo,97,10,True,train_dataset_2_test_dataset_1_seed_0,Global Weighted Residual STV k=1 clip=5.0,0.9330855018587361,3,"['ts-travel-service', 'ts-travel-service', 'ts-seat-service']","['ts-travel-service', 'ts-travel-service -> ts-travel-service', 'ts-travel-service -> ts-travel-service -> ts-seat-service']",True,1.0478933661326995,1.9822664849449174,0.5286339521408081,1.8889844417572021,3,3,pre_existing_high_normal_score,dataset_2,dataset_1,0
5372731089374370,5372731089374370_inj_latency_v2,2.64316987991333,2.64316987991333,0.0,False,5372731089374370_inj_latency_v2,5372731089374370,getAllOrders,5,3,True,train_dataset_2_test_dataset_1_seed_0,Global Weighted Residual STV k=1 clip=5.0,0.9888475836431226,3,"['ts-admin-order-service', 'ts-admin-order-service', 'ts-admin-order-service']","['ts-admin-order-service', 'ts-admin-order-service -> ts-admin-order-service', 'ts-admin-order-service -> ts-admin-order-service']",True,1.5331309199873333,2.900174901325606,0.5286339521408081,1.1658082008361816,2,2,pre_existing_high_normal_score,dataset_2,dataset_1,0
537b9646ec1f1b43,537b9646ec1f1b43_inj_latency_v2,2.276702404022217,2.276702404022217,0.0,False,537b9646ec1f1b43_inj_latency_v2,537b9646ec1f1b43,queryInfo,245,10,True,train_dataset_2_test_dataset_1_seed_0,Global Weighted Residual STV k=1 clip=5.0,0.9330855018587361,3,"['ts-travel-service', 'ts-travel-service', 'ts-seat-service']","['ts-travel-service', 'ts-travel-service -> ts-travel-service', 'ts-travel-service -> ts-travel-service -> ts-seat-service']",True,1.0920667217790845,2.0658278140413486,0.5286339521408081,1.8889844417572021,2,3,pre_existing_high_normal_score,dataset_2,dataset_1,0
5891283921f2132c,5891283921f2132c_inj_latency_v2,1.2896208763122559,0.7816343307495117,-0.5079865455627441,False,5891283921f2132c_inj_latency_v2,5891283921f2132c,updateUser,3,2,True,train_dataset_2_test_dataset_1_seed_0,Global Weighted Residual STV k=1 clip=5.0,0.7434944237918215,3,"['ts-admin-user-service', 'ts-user-service', 'ts-admin-user-service']","['ts-admin-user-service', 'ts-admin-user-service -> ts-admin-user-service -> ts-user-service', 'ts-admin-user-service -> ts-admin-user-service']",True,0.7816343476698052,1.7165931667674172,0.4553404748439789,1.264326572418213,3,3,uncategorized_distribution_or_ranking_effect,dataset_2,dataset_1,0
58b6e27d10da3ec0,58b6e27d10da3ec0_inj_latency_v2,1.430919885635376,0.29120922088623047,-1.1397106647491455,False,58b6e27d10da3ec0_inj_latency_v2,58b6e27d10da3ec0,updateUser,3,2,True,train_dataset_2_test_dataset_1_seed_0,Global Weighted Residual STV k=1 clip=5.0,0.7732342007434945,3,"['ts-admin-user-service', 'ts-admin-user-service', 'ts-user-service']","['ts-admin-user-service', 'ts-admin-user-service -> ts-admin-user-service', 'ts-admin-user-service -> ts-admin-user-service -> ts-user-service']",True,0.29120920269553635,0.6395416590087195,0.4553404748439789,1.264326572418213,3,3,pre_existing_high_normal_score,dataset_2,dataset_1,0
58c96f0d904c8107,58c96f0d904c8107_inj_latency_v2,1.2773866653442383,0.7902236580848694,-0.4871630072593689,False,58c96f0d904c8107_inj_latency_v2,58c96f0d904c8107,getAllUsers,3,2,True,train_dataset_2_test_dataset_1_seed_0,Global Weighted Residual STV k=1 clip=5.0,0.7323420074349443,3,"['ts-admin-user-service', 'ts-user-service', 'ts-admin-user-service']","['ts-admin-user-service', 'ts-admin-user-service -> ts-admin-user-service -> ts-user-service', 'ts-admin-user-service -> ts-admin-user-service']",True,0.7902236925445385,1.735456732273375,0.4553404748439789,1.264326572418213,3,3,uncategorized_distribution_or_ranking_effect,dataset_2,dataset_1,0
5b13d2d280ac887f,5b13d2d280ac887f_inj_latency_v2,0.7628414034843445,0.46920257806777954,-0.29363882541656494,False,5b13d2d280ac887f_inj_latency_v2,5b13d2d280ac887f,queryOrdersForRefresh,3,2,True,train_dataset_2_test_dataset_1_seed_0,Global Weighted Residual STV k=1 clip=5.0,0.46096654275092935,3,"['ts-order-other-service', 'ts-order-other-service', 'ts-station-service']","['ts-order-other-service', 'ts-order-other-service -> ts-order-other-service', 'ts-order-other-service -> ts-order-other-service -> ts-station-service']",True,0.4692025738146927,0.8875755556648675,0.5286339521408081,1.5994620323181152,3,3,low_residual_after_injection,dataset_2,dataset_1,0
5b6c1cec3e879c4a,5b6c1cec3e879c4a_inj_latency_v2,0.8323062062263489,0.16603133082389832,-0.6662748754024506,False,5b6c1cec3e879c4a_inj_latency_v2,5b6c1cec3e879c4a,pay,7,3,True,train_dataset_2_test_dataset_1_seed_0,Global Weighted Residual STV k=1 clip=5.0,0.5204460966542751,3,"['ts-inside-payment-service', 'ts-payment-service', 'ts-inside-payment-service']","['ts-inside-payment-service', 'ts-inside-payment-service -> ts-inside-payment-service -> ts-payment-service', 'ts-inside-payment-service -> ts-inside-payment-service']",True,0.0960483814124018,0.421875,0.22767023742198944,1.0,3,3,low_residual_after_injection,dataset_2,dataset_1,0
5d0c0c85d1298c58,5d0c0c85d1298c58_inj_latency_v2,1.2880650758743286,0.5017292499542236,-0.786335825920105,False,5d0c0c85d1298c58_inj_latency_v2,5d0c0c85d1298c58,queryOrdersForRefresh,3,2,True,train_dataset_2_test_dataset_1_seed_0,Global Weighted Residual STV k=1 clip=5.0,0.7397769516728625,3,"['ts-order-other-service', 'ts-order-other-service', 'ts-station-service']","['ts-order-other-service', 'ts-order-other-service -> ts-order-other-service', 'ts-order-other-service -> ts-order-other-service -> ts-station-service']",True,0.5017292475064391,0.9491052276808687,0.5286339521408081,1.5994620323181152,3,3,low_residual_after_injection,dataset_2,dataset_1,0
600b5a617c044804,600b5a617c044804_inj_latency_v2,2.276702404022217,2.276702404022217,0.0,False,600b5a617c044804_inj_latency_v2,600b5a617c044804,queryInfo,245,10,True,train_dataset_2_test_dataset_1_seed_0,Global Weighted Residual STV k=1 clip=5.0,0.9330855018587361,3,"['ts-travel-service', 'ts-travel-service', 'ts-ticketinfo-service']","['ts-travel-service', 'ts-travel-service -> ts-travel-service', 'ts-travel-service -> ts-travel-service -> ts-ticketinfo-service']",True,0.9400192048504368,1.778204371935708,0.5286339521408081,1.554455280303955,1,3,pre_existing_high_normal_score,dataset_2,dataset_1,0
6149cb8597e450e9,6149cb8597e450e9_inj_latency_v2,0.8363040685653687,0.2948727011680603,-0.5414313673973083,False,6149cb8597e450e9_inj_latency_v2,6149cb8597e450e9,updateTravel,3,2,True,train_dataset_2_test_dataset_1_seed_0,Global Weighted Residual STV k=1 clip=5.0,0.5241635687732342,3,"['ts-admin-travel-service', 'ts-admin-travel-service', 'ts-travel-service']","['ts-admin-travel-service', 'ts-admin-travel-service -> ts-admin-travel-service', 'ts-admin-travel-service -> ts-admin-travel-service -> ts-travel-service']",True,0.2948727083875582,1.2951745986938477,0.22767023742198944,1.0,3,3,low_reliability_weight,dataset_2,dataset_1,0
61a26d3069ff9250,61a26d3069ff9250_inj_latency_v2,0.9793307781219482,0.23453567922115326,-0.744795098900795,False,61a26d3069ff9250_inj_latency_v2,61a26d3069ff9250,addTravel,2,1,True,train_dataset_2_test_dataset_1_seed_0,Global Weighted Residual STV k=1 clip=5.0,0.6022304832713755,2,"['ts-admin-travel-service', 'ts-admin-travel-service']","['ts-admin-travel-service', 'ts-admin-travel-service -> ts-admin-travel-service']",True,0.2345356748411973,1.0301551818847656,0.22767023742198944,1.0,2,2,very_short_trace_limited_evidence,dataset_2,dataset_1,0
631c05e3c79a55f5,631c05e3c79a55f5_inj_latency_v2,2.3144822120666504,1.42768132686615,-0.8868008852005005,False,631c05e3c79a55f5_inj_latency_v2,631c05e3c79a55f5,modifyPrice,3,2,True,train_dataset_2_test_dataset_1_seed_0,Global Weighted Residual STV k=1 clip=5.0,0.9368029739776952,3,"['ts-admin-basic-info-service', 'ts-admin-basic-info-service', 'ts-price-service']","['ts-admin-basic-info-service', 'ts-admin-basic-info-service -> ts-admin-basic-info-service', 'ts-admin-basic-info-service -> ts-admin-basic-info-service -> ts-price-service']",True,1.4276813310634235,1.7055263598347894,1.0,1.1265287399291992,3,3,pre_existing_high_normal_score,dataset_2,dataset_1,0
638962c873292b2c,638962c873292b2c_inj_latency_v2,0.7396314144134521,0.5070942044258118,-0.23253720998764038,False,638962c873292b2c_inj_latency_v2,638962c873292b2c,queryOrdersForRefresh,3,2,True,train_dataset_2_test_dataset_1_seed_0,Global Weighted Residual STV k=1 clip=5.0,0.43866171003717475,3,"['ts-order-other-service', 'ts-order-other-service', 'ts-station-service']","['ts-order-other-service', 'ts-order-other-service -> ts-order-other-service', 'ts-order-other-service -> ts-order-other-service -> ts-station-service']",True,0.5070942203598499,0.9592539758490184,0.5286339521408081,1.5994620323181152,3,3,low_residual_after_injection,dataset_2,dataset_1,0
6923e3ab830e7138,6923e3ab830e7138_inj_latency_v2,2.276702404022217,2.276702404022217,0.0,False,6923e3ab830e7138_inj_latency_v2,6923e3ab830e7138,queryInfo,97,10,True,train_dataset_2_test_dataset_1_seed_0,Global Weighted Residual STV k=1 clip=5.0,0.9330855018587361,3,"['ts-travel-service', 'ts-travel-service', 'ts-ticketinfo-service']","['ts-travel-service', 'ts-travel-service -> ts-travel-service', 'ts-travel-service -> ts-travel-service -> ts-ticketinfo-service']",True,0.7125468248585682,1.3479021201210564,0.5286339521408081,1.632073163986206,1,3,pre_existing_high_normal_score,dataset_2,dataset_1,0
6928637dbfd47870,6928637dbfd47870_inj_latency_v2,2.64316987991333,0.8286473751068115,-1.8145225048065186,False,6928637dbfd47870_inj_latency_v2,6928637dbfd47870,DELETE,2,1,True,train_dataset_2_test_dataset_1_seed_0,Global Weighted Residual STV k=1 clip=5.0,0.9888475836431226,2,"['ts-admin-order-service', 'ts-admin-order-service']","['ts-admin-order-service', 'ts-admin-order-service -> ts-admin-order-service']",True,0.8286474073158078,1.5675258918955841,0.5286339521408081,1.1658082008361816,2,2,very_short_trace_limited_evidence,dataset_2,dataset_1,0
6d475f987bfc7f1b,6d475f987bfc7f1b_inj_latency_v2,1.1268233060836792,0.050111837685108185,-1.076711468398571,False,6d475f987bfc7f1b_inj_latency_v2,6d475f987bfc7f1b,getAllAssuranceType,1,1,True,train_dataset_2_test_dataset_1_seed_0,Global Weighted Residual STV k=1 clip=5.0,0.6802973977695167,1,['ts-assurance-service'],['ts-assurance-service'],True,0.05011183905948831,0.11005355734444426,0.4553404748439789,1.3158633708953857,1,1,very_short_trace_limited_evidence,dataset_2,dataset_1,0
7138aef35d2116b2,7138aef35d2116b2_inj_latency_v2,0.8168236017227173,0.36011913418769836,-0.4567044675350189,False,7138aef35d2116b2_inj_latency_v2,7138aef35d2116b2,getAllAssuranceType,1,1,True,train_dataset_2_test_dataset_1_seed_0,Global Weighted Residual STV k=1 clip=5.0,0.5055762081784386,1,['ts-assurance-service'],['ts-assurance-service'],True,0.36011915289506147,0.7908788539355199,0.4553404748439789,1.3158633708953857,1,1,very_short_trace_limited_evidence,dataset_2,dataset_1,0
719911734c5b50e3,719911734c5b50e3_inj_latency_v2,2.9425952434539795,2.9425952434539795,0.0,False,719911734c5b50e3_inj_latency_v2,719911734c5b50e3,POST,2,1,True,train_dataset_2_test_dataset_1_seed_0,Global Weighted Residual STV k=1 clip=5.0,1.0,2,"['ts-preserve-service', 'ts-preserve-service']","['ts-preserve-service -> ts-preserve-service', 'ts-preserve-service']",True,2.9425951838493347,5.0,0.5885190367698669,0.5719895958900452,2,2,very_short_trace_limited_evidence,dataset_2,dataset_1,0
71f75763df02f8f8,71f75763df02f8f8_inj_latency_v2,2.094078302383423,2.040921211242676,-0.05315709114074707,False,71f75763df02f8f8_inj_latency_v2,71f75763df02f8f8,modifyTrain,3,2,True,train_dataset_2_test_dataset_1_seed_0,Global Weighted Residual STV k=1 clip=5.0,0.8773234200743495,3,"['ts-admin-basic-info-service', 'ts-admin-basic-info-service', 'ts-train-service']","['ts-admin-basic-info-service', 'ts-admin-basic-info-service -> ts-admin-basic-info-service', 'ts-admin-basic-info-service -> ts-admin-basic-info-service -> ts-train-service']",True,2.0409211327817363,2.0409211327817363,1.0,1.320855736732483,3,3,pre_existing_high_normal_score,dataset_2,dataset_1,0
72405a6313533a71,72405a6313533a71_inj_latency_v2,2.276702404022217,2.276702404022217,0.0,False,72405a6313533a71_inj_latency_v2,72405a6313533a71,queryInfo,97,10,True,train_dataset_2_test_dataset_1_seed_0,Global Weighted Residual STV k=1 clip=5.0,0.9330855018587361,3,"['ts-travel-service', 'ts-travel-service', 'ts-ticketinfo-service']","['ts-travel-service', 'ts-travel-service -> ts-travel-service', 'ts-travel-service -> ts-travel-service -> ts-ticketinfo-service']",True,0.9358216037999042,1.7702639038035846,0.5286339521408081,1.632073163986206,2,3,pre_existing_high_normal_score,dataset_2,dataset_1,0
75028946369c8e64,75028946369c8e64_inj_latency_v2,1.1383512020111084,0.6171444058418274,-0.521206796169281,False,75028946369c8e64_inj_latency_v2,75028946369c8e64,addTravel,2,1,True,train_dataset_2_test_dataset_1_seed_0,Global Weighted Residual STV k=1 clip=5.0,0.6988847583643123,2,"['ts-admin-travel-service', 'ts-admin-travel-service']","['ts-admin-travel-service', 'ts-admin-travel-service -> ts-admin-travel-service']",True,0.6171444178303744,2.7106943130493164,0.22767023742198944,1.0,2,2,very_short_trace_limited_evidence,dataset_2,dataset_1,0
7604967b0de191c2,7604967b0de191c2_inj_latency_v2,0.868903636932373,0.03585732355713844,-0.8330463133752346,False,7604967b0de191c2_inj_latency_v2,7604967b0de191c2,findContactsByAccountId,1,1,True,train_dataset_2_test_dataset_1_seed_0,Global Weighted Residual STV k=1 clip=5.0,0.5390334572490706,1,['ts-contacts-service'],['ts-contacts-service'],True,0.03585732165323149,0.07874837321570831,0.4553404748439789,1.7117081880569458,1,1,very_short_trace_limited_evidence,dataset_2,dataset_1,0
7c0a1d34ed04f19b,7c0a1d34ed04f19b_inj_latency_v2,1.3144001960754395,1.3144001960754395,0.0,False,7c0a1d34ed04f19b_inj_latency_v2,7c0a1d34ed04f19b,queryInfo,23,5,True,train_dataset_2_test_dataset_1_seed_0,Global Weighted Residual STV k=1 clip=5.0,0.7509293680297398,3,"['ts-travel-service', 'ts-travel-service', 'ts-travel-service']","['ts-travel-service', 'ts-travel-service -> ts-travel-service', 'ts-travel-service -> ts-travel-service']",True,0.45260938287055535,0.8561867451714439,0.5286339521408081,1.8889844417572021,2,2,pre_existing_high_normal_score,dataset_2,dataset_1,0
82a6b96f4d1faedb,82a6b96f4d1faedb_inj_latency_v2,0.7689939737319946,0.1357698142528534,-0.6332241594791412,False,82a6b96f4d1faedb_inj_latency_v2,82a6b96f4d1faedb,findContactsByAccountId,1,1,True,train_dataset_2_test_dataset_1_seed_0,Global Weighted Residual STV k=1 clip=5.0,0.4721189591078067,1,['ts-contacts-service'],['ts-contacts-service'],True,0.13576982052815026,0.29817208886311153,0.4553404748439789,1.7117081880569458,1,1,very_short_trace_limited_evidence,dataset_2,dataset_1,0
83008a72c1761c41,83008a72c1761c41_inj_latency_v2,2.276702404022217,2.276702404022217,0.0,False,83008a72c1761c41_inj_latency_v2,83008a72c1761c41,queryInfo,245,10,True,train_dataset_2_test_dataset_1_seed_0,Global Weighted Residual STV k=1 clip=5.0,0.9330855018587361,3,"['ts-travel-service', 'ts-travel-service', 'ts-ticketinfo-service']","['ts-travel-service', 'ts-travel-service -> ts-travel-service', 'ts-travel-service -> ts-travel-service -> ts-ticketinfo-service']",True,1.0484862274278464,1.983387981762793,0.5286339521408081,1.632073163986206,2,3,pre_existing_high_normal_score,dataset_2,dataset_1,0
83378a8faf0029c0,83378a8faf0029c0_inj_latency_v2,2.276702404022217,2.276702404022217,0.0,False,83378a8faf0029c0_inj_latency_v2,83378a8faf0029c0,queryInfo,97,10,True,train_dataset_2_test_dataset_1_seed_0,Global Weighted Residual STV k=1 clip=5.0,0.9330855018587361,3,"['ts-travel-service', 'ts-travel-service', 'ts-travel-service']","['ts-travel-service', 'ts-travel-service -> ts-travel-service', 'ts-travel-service -> ts-travel-service']",False,,,,,0,2,pre_existing_high_normal_score,dataset_2,dataset_1,0
894ecb51e2e30211,894ecb51e2e30211_inj_latency_v2,1.262418508529663,0.043029434978961945,-1.2193890735507011,False,894ecb51e2e30211_inj_latency_v2,894ecb51e2e30211,imageCode,1,1,True,train_dataset_2_test_dataset_1_seed_0,Global Weighted Residual STV k=1 clip=5.0,0.724907063197026,1,['ts-verification-code-service'],['ts-verification-code-service'],True,0.0430294334618323,0.06732277497834954,0.6391512155532837,1.6651781797409058,1,1,very_short_trace_limited_evidence,dataset_2,dataset_1,0
942739b64838b82f,942739b64838b82f_inj_latency_v2,0.7023158669471741,0.4746282398700714,-0.22768762707710266,False,942739b64838b82f_inj_latency_v2,942739b64838b82f,getAllAssuranceType,1,1,True,train_dataset_2_test_dataset_1_seed_0,Global Weighted Residual STV k=1 clip=5.0,0.40892193308550184,1,['ts-assurance-service'],['ts-assurance-service'],True,0.47462825274078896,1.0423590235491782,0.4553404748439789,1.3158633708953857,1,1,very_short_trace_limited_evidence,dataset_2,dataset_1,0
9503d78c0bb01d71,9503d78c0bb01d71_inj_latency_v2,1.4419927597045898,0.39769455790519714,-1.0442982017993927,False,9503d78c0bb01d71_inj_latency_v2,9503d78c0bb01d71,updateUser,3,2,True,train_dataset_2_test_dataset_1_seed_0,Global Weighted Residual STV k=1 clip=5.0,0.7769516728624535,3,"['ts-admin-user-service', 'ts-admin-user-service', 'ts-user-service']","['ts-admin-user-service', 'ts-admin-user-service -> ts-admin-user-service', 'ts-admin-user-service -> ts-admin-user-service -> ts-user-service']",True,0.3976945453115567,0.8734003834116121,0.4553404748439789,1.264326572418213,3,3,pre_existing_high_normal_score,dataset_2,dataset_1,0
968b3ce2b3184b2a,968b3ce2b3184b2a_inj_latency_v2,2.276702404022217,2.276702404022217,0.0,False,968b3ce2b3184b2a_inj_latency_v2,968b3ce2b3184b2a,queryInfo,245,10,True,train_dataset_2_test_dataset_1_seed_0,Global Weighted Residual STV k=1 clip=5.0,0.9330855018587361,3,"['ts-travel-service', 'ts-travel-service', 'ts-ticketinfo-service']","['ts-travel-service', 'ts-travel-service -> ts-travel-service', 'ts-travel-service -> ts-travel-service -> ts-ticketinfo-service']",True,1.297610565245962,2.4546485521617187,0.5286339521408081,1.8889844417572021,3,3,pre_existing_high_normal_score,dataset_2,dataset_1,0
96dd564dd03cdfb7,96dd564dd03cdfb7_inj_latency_v2,2.64316987991333,0.9700487852096558,-1.6731210947036743,False,96dd564dd03cdfb7_inj_latency_v2,96dd564dd03cdfb7,DELETE,2,1,True,train_dataset_2_test_dataset_1_seed_0,Global Weighted Residual STV k=1 clip=5.0,0.9888475836431226,2,"['ts-admin-order-service', 'ts-admin-order-service']","['ts-admin-order-service', 'ts-admin-order-service -> ts-admin-order-service']",True,0.9700488145280822,1.8350104275362509,0.5286339521408081,1.1658082008361816,2,2,very_short_trace_limited_evidence,dataset_2,dataset_1,0
9a90f76616c9f378,9a90f76616c9f378_inj_latency_v2,1.4712820053100586,0.2828447222709656,-1.188437283039093,False,9a90f76616c9f378_inj_latency_v2,9a90f76616c9f378,queryOrdersForRefresh,3,2,True,train_dataset_2_test_dataset_1_seed_0,Global Weighted Residual STV k=1 clip=5.0,0.7806691449814126,3,"['ts-order-other-service', 'ts-order-other-service', 'ts-station-service']","['ts-order-other-service', 'ts-order-other-service -> ts-order-other-service', 'ts-order-other-service -> ts-order-other-service -> ts-station-service']",True,0.2828447372865833,0.5350483754233859,0.5286339521408081,1.5994620323181152,3,3,pre_existing_high_normal_score,dataset_2,dataset_1,0
9c6d0dd93ea14364,9c6d0dd93ea14364_inj_latency_v2,0.8017459511756897,0.2274218201637268,-0.5743241310119629,False,9c6d0dd93ea14364_inj_latency_v2,9c6d0dd93ea14364,modifyOrder,1,1,True,train_dataset_2_test_dataset_1_seed_0,Global Weighted Residual STV k=1 clip=5.0,0.49814126394052044,1,['ts-order-service'],['ts-order-service'],True,0.2274218124650206,0.33296959110000107,0.6830107569694519,2.2571866512298584,1,1,very_short_trace_limited_evidence,dataset_2,dataset_1,0
9cbb27dd65c9d85c,9cbb27dd65c9d85c_inj_latency_v2,0.7691977620124817,0.40774568915367126,-0.3614520728588104,False,9cbb27dd65c9d85c_inj_latency_v2,9cbb27dd65c9d85c,getAllAssuranceType,1,1,True,train_dataset_2_test_dataset_1_seed_0,Global Weighted Residual STV k=1 clip=5.0,0.4758364312267658,1,['ts-assurance-service'],['ts-assurance-service'],True,0.40774569554390105,0.8954743056470303,0.4553404748439789,1.3158633708953857,1,1,very_short_trace_limited_evidence,dataset_2,dataset_1,0
9de36229baf0c214,9de36229baf0c214_inj_latency_v2,1.315029263496399,1.315029263496399,0.0,False,9de36229baf0c214_inj_latency_v2,9de36229baf0c214,getAllFood,13,5,True,train_dataset_2_test_dataset_1_seed_0,Global Weighted Residual STV k=1 clip=5.0,0.7546468401486989,3,"['ts-food-service', 'ts-food-service', 'ts-food-map-service']","['ts-food-service', 'ts-food-service -> ts-food-service', 'ts-food-service -> ts-food-service -> ts-food-map-service']",True,0.6580805587030658,1.4452494233651318,0.4553404748439789,1.713692545890808,3,3,pre_existing_high_normal_score,dataset_2,dataset_1,0
9fea5d3996d596f4,9fea5d3996d596f4_inj_latency_v2,0.9949495196342468,0.243861123919487,-0.7510883957147598,False,9fea5d3996d596f4_inj_latency_v2,9fea5d3996d596f4,addTravel,3,2,True,train_dataset_2_test_dataset_1_seed_0,Global Weighted Residual STV k=1 clip=5.0,0.6096654275092936,3,"['ts-admin-travel-service', 'ts-admin-travel-service', 'ts-travel-service']","['ts-admin-travel-service', 'ts-admin-travel-service -> ts-admin-travel-service', 'ts-admin-travel-service -> ts-admin-travel-service -> ts-travel-service']",True,0.2438611187739923,1.071115493774414,0.22767023742198944,1.0,3,3,low_reliability_weight,dataset_2,dataset_1,0
a1b02600052d9098,a1b02600052d9098_inj_latency_v2,1.0730112791061401,0.34886303544044495,-0.7241482436656952,False,a1b02600052d9098_inj_latency_v2,a1b02600052d9098,findByOrderId,1,1,True,train_dataset_2_test_dataset_1_seed_0,Global Weighted Residual STV k=1 clip=5.0,0.6431226765799256,1,['ts-consign-service'],['ts-consign-service'],True,0.3488630429950461,0.5458223883577402,0.6391512155532837,1.528875708580017,1,1,very_short_trace_limited_evidence,dataset_2,dataset_1,0
a2c6e3ad0f6a7647,a2c6e3ad0f6a7647_inj_latency_v2,0.720825731754303,0.5104079246520996,-0.21041780710220337,False,a2c6e3ad0f6a7647_inj_latency_v2,a2c6e3ad0f6a7647,queryOrdersForRefresh,3,2,True,train_dataset_2_test_dataset_1_seed_0,Global Weighted Residual STV k=1 clip=5.0,0.42379182156133827,3,"['ts-order-other-service', 'ts-order-other-service', 'ts-station-service']","['ts-order-other-service', 'ts-order-other-service -> ts-order-other-service', 'ts-order-other-service -> ts-order-other-service -> ts-station-service']",True,0.5104078797739814,0.9655223197582815,0.5286339521408081,1.5994620323181152,3,3,low_residual_after_injection,dataset_2,dataset_1,0
a7b2313d89b8409b,a7b2313d89b8409b_inj_latency_v2,0.7165672779083252,0.1881977915763855,-0.5283694863319397,False,a7b2313d89b8409b_inj_latency_v2,a7b2313d89b8409b,findContactsByAccountId,1,1,True,train_dataset_2_test_dataset_1_seed_0,Global Weighted Residual STV k=1 clip=5.0,0.4200743494423792,1,['ts-contacts-service'],['ts-contacts-service'],True,0.18819779022475014,0.4133122369348685,0.4553404748439789,1.7117081880569458,1,1,very_short_trace_limited_evidence,dataset_2,dataset_1,0
a80f8db9f0088039,a80f8db9f0088039_inj_latency_v2,1.1383512020111084,0.6373340487480164,-0.501017153263092,False,a80f8db9f0088039_inj_latency_v2,a80f8db9f0088039,addTravel,2,1,True,train_dataset_2_test_dataset_1_seed_0,Global Weighted Residual STV k=1 clip=5.0,0.6988847583643123,2,"['ts-admin-travel-service', 'ts-admin-travel-service']","['ts-admin-travel-service', 'ts-admin-travel-service -> ts-admin-travel-service']",True,0.6373340582256901,2.7993736267089844,0.22767023742198944,1.0,2,2,very_short_trace_limited_evidence,dataset_2,dataset_1,0
aac1f5c22552b054,aac1f5c22552b054_inj_latency_v2,0.9214038252830505,0.9214038252830505,0.0,False,aac1f5c22552b054_inj_latency_v2,aac1f5c22552b054,queryInfo,23,5,True,train_dataset_2_test_dataset_1_seed_0,Global Weighted Residual STV k=1 clip=5.0,0.5613382899628253,3,"['ts-travel2-service', 'ts-travel2-service', 'ts-ticketinfo-service']","['ts-travel2-service', 'ts-travel2-service -> ts-travel2-service', 'ts-travel2-service -> ts-travel2-service -> ts-ticketinfo-service']",True,0.48271819781994907,2.1202516555786133,0.22767023742198944,1.0,3,3,score_unchanged_after_injection,dataset_2,dataset_1,0
ae0fa6700adafee7,ae0fa6700adafee7_inj_latency_v2,1.7984254360198975,1.7984254360198975,0.0,False,ae0fa6700adafee7_inj_latency_v2,ae0fa6700adafee7,getAllFood,5,3,True,train_dataset_2_test_dataset_1_seed_0,Global Weighted Residual STV k=1 clip=5.0,0.8066914498141264,3,"['ts-food-service', 'ts-food-service', 'ts-food-map-service']","['ts-food-service', 'ts-food-service -> ts-food-service', 'ts-food-service -> ts-food-service -> ts-food-map-service']",True,0.37945702738085985,0.8333478975504642,0.4553404748439789,1.713692545890808,3,3,pre_existing_high_normal_score,dataset_2,dataset_1,0
ae25bf195bf1c928,ae25bf195bf1c928_inj_latency_v2,1.804244041442871,1.804244041442871,0.0,False,ae25bf195bf1c928_inj_latency_v2,ae25bf195bf1c928,getAllFood,13,5,True,train_dataset_2_test_dataset_1_seed_0,Global Weighted Residual STV k=1 clip=5.0,0.8550185873605948,3,"['ts-food-service', 'ts-food-service', 'ts-travel-service']","['ts-food-service', 'ts-food-service -> ts-food-service', 'ts-food-service -> ts-food-service -> ts-travel-service']",True,1.523303661622527,3.3454167722394605,0.4553404748439789,1.713692545890808,3,3,pre_existing_high_normal_score,dataset_2,dataset_1,0
aef6b0308b854616,aef6b0308b854616_inj_latency_v2,1.804244041442871,1.804244041442871,0.0,False,aef6b0308b854616_inj_latency_v2,aef6b0308b854616,getAllFood,13,5,True,train_dataset_2_test_dataset_1_seed_0,Global Weighted Residual STV k=1 clip=5.0,0.8550185873605948,3,"['ts-food-service', 'ts-food-service', 'ts-station-service']","['ts-food-service', 'ts-food-service -> ts-food-service', 'ts-food-service -> ts-food-service -> ts-station-service']",True,1.8042440712451935,5.0,0.4553404748439789,1.713692545890808,3,3,pre_existing_high_normal_score,dataset_2,dataset_1,0
b51267687f5439bb,b51267687f5439bb_inj_latency_v2,0.9788656830787659,0.21615076065063477,-0.7627149224281311,False,b51267687f5439bb_inj_latency_v2,b51267687f5439bb,addTravel,3,2,True,train_dataset_2_test_dataset_1_seed_0,Global Weighted Residual STV k=1 clip=5.0,0.5985130111524164,3,"['ts-admin-travel-service', 'ts-admin-travel-service', 'ts-travel-service']","['ts-admin-travel-service', 'ts-admin-travel-service -> ts-admin-travel-service', 'ts-admin-travel-service -> ts-admin-travel-service -> ts-travel-service']",True,0.21615076296670566,0.9494028091430664,0.22767023742198944,1.0,3,3,low_residual_after_injection,dataset_2,dataset_1,0
b619083d8ed1d0ff,b619083d8ed1d0ff_inj_latency_v2,2.9425952434539795,2.9425952434539795,0.0,False,b619083d8ed1d0ff_inj_latency_v2,b619083d8ed1d0ff,preserve,9,5,True,train_dataset_2_test_dataset_1_seed_0,Global Weighted Residual STV k=1 clip=5.0,1.0,3,"['ts-preserve-service', 'ts-preserve-service', 'ts-security-service']","['ts-preserve-service', 'ts-preserve-service -> ts-preserve-service', 'ts-preserve-service -> ts-preserve-service -> ts-security-service']",True,2.9425951838493347,5.0,0.5885190367698669,1.154719591140747,3,3,pre_existing_high_normal_score,dataset_2,dataset_1,0
b62937356a7a7301,b62937356a7a7301_inj_latency_v2,0.5042200088500977,0.4005480706691742,-0.10367193818092346,False,b62937356a7a7301_inj_latency_v2,b62937356a7a7301,findContactsByAccountId,1,1,True,train_dataset_2_test_dataset_1_seed_0,Global Weighted Residual STV k=1 clip=5.0,0.2788104089219331,1,['ts-contacts-service'],['ts-contacts-service'],True,0.40054806485381217,0.8796671655228075,0.4553404748439789,1.7117081880569458,1,1,very_short_trace_limited_evidence,dataset_2,dataset_1,0
b73c17fb8625163e,b73c17fb8625163e_inj_latency_v2,1.2979813814163208,0.12105416506528854,-1.1769272163510323,False,b73c17fb8625163e_inj_latency_v2,b73c17fb8625163e,getAllAssuranceType,1,1,True,train_dataset_2_test_dataset_1_seed_0,Global Weighted Residual STV k=1 clip=5.0,0.7472118959107806,1,['ts-assurance-service'],['ts-assurance-service'],True,0.12105416473915416,0.2658541716078129,0.4553404748439789,1.3158633708953857,1,1,very_short_trace_limited_evidence,dataset_2,dataset_1,0
b8afa2a43f703f4e,b8afa2a43f703f4e_inj_latency_v2,0.5306280851364136,0.3741397559642792,-0.1564883291721344,False,b8afa2a43f703f4e_inj_latency_v2,b8afa2a43f703f4e,findContactsByAccountId,1,1,True,train_dataset_2_test_dataset_1_seed_0,Global Weighted Residual STV k=1 clip=5.0,0.30855018587360594,1,['ts-contacts-service'],['ts-contacts-service'],True,0.37413975200402383,0.8216703163324581,0.4553404748439789,1.7117081880569458,1,1,very_short_trace_limited_evidence,dataset_2,dataset_1,0
bc8b12f4c9b14871,bc8b12f4c9b14871_inj_latency_v2,0.9682438969612122,0.0609140582382679,-0.9073298387229443,False,bc8b12f4c9b14871_inj_latency_v2,bc8b12f4c9b14871,modifyOrder,1,1,True,train_dataset_2_test_dataset_1_seed_0,Global Weighted Residual STV k=1 clip=5.0,0.5836431226765799,1,['ts-order-service'],['ts-order-service'],True,0.060914057636288155,0.08918462412885918,0.6830107569694519,2.2571866512298584,1,1,very_short_trace_limited_evidence,dataset_2,dataset_1,0
bd358e28ee4d29ca,bd358e28ee4d29ca_inj_latency_v2,2.9425952434539795,2.9425952434539795,0.0,False,bd358e28ee4d29ca_inj_latency_v2,bd358e28ee4d29ca,preserve,141,17,True,train_dataset_2_test_dataset_1_seed_0,Global Weighted Residual STV k=1 clip=5.0,1.0,3,"['ts-preserve-service', 'ts-preserve-service', 'ts-notification-service']","['ts-preserve-service', 'ts-preserve-service -> ts-preserve-service', 'ts-preserve-service -> ts-preserve-service -> ts-notification-service']",True,2.9425951838493347,5.0,0.5885190367698669,0.5719895958900452,2,3,pre_existing_high_normal_score,dataset_2,dataset_1,0
c17fe91da5a98f3f,c17fe91da5a98f3f_inj_latency_v2,1.1060726642608643,0.07692857831716537,-1.0291440859436989,False,c17fe91da5a98f3f_inj_latency_v2,c17fe91da5a98f3f,findAllOrder,1,1,True,train_dataset_2_test_dataset_1_seed_0,Global Weighted Residual STV k=1 clip=5.0,0.6765799256505576,1,['ts-order-service'],['ts-order-service'],True,0.07692858083085816,0.11263158017041135,0.6830107569694519,2.2571866512298584,1,1,very_short_trace_limited_evidence,dataset_2,dataset_1,0
c2c6050836591363,c2c6050836591363_inj_latency_v2,2.3360133171081543,1.4567073583602905,-0.8793059587478638,False,c2c6050836591363_inj_latency_v2,c2c6050836591363,deleteStation,3,2,True,train_dataset_2_test_dataset_1_seed_0,Global Weighted Residual STV k=1 clip=5.0,0.9405204460966543,3,"['ts-admin-basic-info-service', 'ts-admin-basic-info-service', 'ts-station-service']","['ts-admin-basic-info-service', 'ts-admin-basic-info-service -> ts-admin-basic-info-service', 'ts-admin-basic-info-service -> ts-admin-basic-info-service -> ts-station-service']",True,1.456707338237174,2.0432346727405233,1.0,1.1847676038742065,3,3,pre_existing_high_normal_score,dataset_2,dataset_1,0
c52a52c95a7bd2e8,c52a52c95a7bd2e8_inj_latency_v2,2.276702404022217,2.276702404022217,0.0,False,c52a52c95a7bd2e8_inj_latency_v2,c52a52c95a7bd2e8,queryInfo,97,10,True,train_dataset_2_test_dataset_1_seed_0,Global Weighted Residual STV k=1 clip=5.0,0.9330855018587361,3,"['ts-travel-service', 'ts-travel-service', 'ts-seat-service']","['ts-travel-service', 'ts-travel-service -> ts-travel-service', 'ts-travel-service -> ts-travel-service -> ts-seat-service']",True,1.0296586651161037,1.9477724821614213,0.5286339521408081,1.8889844417572021,3,3,pre_existing_high_normal_score,dataset_2,dataset_1,0
c585a0e8da5238a1,c585a0e8da5238a1_inj_latency_v2,1.5030275583267212,0.3909474313259125,-1.1120801270008087,False,c585a0e8da5238a1_inj_latency_v2,c585a0e8da5238a1,getAllUsers,3,2,True,train_dataset_2_test_dataset_1_seed_0,Global Weighted Residual STV k=1 clip=5.0,0.79182156133829,3,"['ts-admin-user-service', 'ts-admin-user-service', 'ts-user-service']","['ts-admin-user-service', 'ts-admin-user-service -> ts-admin-user-service', 'ts-admin-user-service -> ts-admin-user-service -> ts-user-service']",True,0.39094743018905403,0.858582647024759,0.4553404748439789,1.264326572418213,3,3,pre_existing_high_normal_score,dataset_2,dataset_1,0
c5cde63b64110aae,c5cde63b64110aae_inj_latency_v2,0.8769267797470093,0.30001530051231384,-0.5769114792346954,False,c5cde63b64110aae_inj_latency_v2,c5cde63b64110aae,getAllAssuranceType,1,1,True,train_dataset_2_test_dataset_1_seed_0,Global Weighted Residual STV k=1 clip=5.0,0.5427509293680297,1,['ts-assurance-service'],['ts-assurance-service'],True,0.30001530683495947,0.658881262285675,0.4553404748439789,1.3158633708953857,1,1,very_short_trace_limited_evidence,dataset_2,dataset_1,0
cbf9d27f7fc51e53,cbf9d27f7fc51e53_inj_latency_v2,0.6025246381759644,0.5324724316596985,-0.07005220651626587,False,cbf9d27f7fc51e53_inj_latency_v2,cbf9d27f7fc51e53,queryInfo,23,5,True,train_dataset_2_test_dataset_1_seed_0,Global Weighted Residual STV k=1 clip=5.0,0.36059479553903345,3,"['ts-travel2-service', 'ts-travel2-service', 'ts-travel2-service']","['ts-travel2-service', 'ts-travel2-service -> ts-travel2-service', 'ts-travel2-service -> ts-travel2-service']",True,0.25977125975335014,1.1409978866577148,0.22767023742198944,1.0,2,2,low_reliability_weight,dataset_2,dataset_1,0
cefaab51f759c69a,cefaab51f759c69a_inj_latency_v2,1.804244041442871,1.804244041442871,0.0,False,cefaab51f759c69a_inj_latency_v2,cefaab51f759c69a,getAllFood,13,5,True,train_dataset_2_test_dataset_1_seed_0,Global Weighted Residual STV k=1 clip=5.0,0.8550185873605948,3,"['ts-food-service', 'ts-food-map-service', 'ts-food-service']","['ts-food-service', 'ts-food-service -> ts-food-service -> ts-food-map-service', 'ts-food-service -> ts-food-service']",True,0.5618894071241591,1.2339983774047079,0.4553404748439789,1.713692545890808,3,3,pre_existing_high_normal_score,dataset_2,dataset_1,0
cfbe9bb452dce273,cfbe9bb452dce273_inj_latency_v2,2.64316987991333,2.023327589035034,-0.6198422908782959,False,cfbe9bb452dce273_inj_latency_v2,cfbe9bb452dce273,getAllConfigs,3,2,True,train_dataset_2_test_dataset_1_seed_0,Global Weighted Residual STV k=1 clip=5.0,0.9888475836431226,3,"['ts-admin-basic-info-service', 'ts-admin-basic-info-service', 'ts-config-service']","['ts-admin-basic-info-service', 'ts-admin-basic-info-service -> ts-admin-basic-info-service', 'ts-admin-basic-info-service -> ts-admin-basic-info-service -> ts-config-service']",True,2.02332749006065,2.02332749006065,1.0,1.1265287399291992,3,3,pre_existing_high_normal_score,dataset_2,dataset_1,0
d2110a2c63cc9e7c,d2110a2c63cc9e7c_inj_latency_v2,0.7638895511627197,0.7638895511627197,0.0,False,d2110a2c63cc9e7c_inj_latency_v2,d2110a2c63cc9e7c,queryInfo,23,5,True,train_dataset_2_test_dataset_1_seed_0,Global Weighted Residual STV k=1 clip=5.0,0.4646840148698885,3,"['ts-travel-service', 'ts-travel-service', 'ts-travel-service']","['ts-travel-service', 'ts-travel-service -> ts-travel-service', 'ts-travel-service -> ts-travel-service']",True,0.44194306871585637,0.8360096186143932,0.5286339521408081,1.8889844417572021,2,2,score_unchanged_after_injection,dataset_2,dataset_1,0
d2ab5136725013d6,d2ab5136725013d6_inj_latency_v2,2.276702404022217,2.276702404022217,0.0,False,d2ab5136725013d6_inj_latency_v2,d2ab5136725013d6,queryInfo,97,10,True,train_dataset_2_test_dataset_1_seed_0,Global Weighted Residual STV k=1 clip=5.0,0.9330855018587361,3,"['ts-travel-service', 'ts-travel-service', 'ts-ticketinfo-service']","['ts-travel-service', 'ts-travel-service -> ts-travel-service', 'ts-travel-service -> ts-travel-service -> ts-ticketinfo-service']",True,1.9169913311692968,3.626311407744546,0.5286339521408081,1.8889844417572021,3,3,pre_existing_high_normal_score,dataset_2,dataset_1,0
d3aff0b566abef01,d3aff0b566abef01_inj_latency_v2,1.098028302192688,0.06888308376073837,-1.0291452184319496,False,d3aff0b566abef01_inj_latency_v2,d3aff0b566abef01,getOrderById,1,1,True,train_dataset_2_test_dataset_1_seed_0,Global Weighted Residual STV k=1 clip=5.0,0.6691449814126395,1,['ts-order-service'],['ts-order-service'],True,0.06888308291817032,0.10085212013908466,0.6830107569694519,2.2571866512298584,1,1,very_short_trace_limited_evidence,dataset_2,dataset_1,0
d46f104608b5241f,d46f104608b5241f_inj_latency_v2,0.7484381794929504,0.4859776496887207,-0.26246052980422974,False,d46f104608b5241f_inj_latency_v2,d46f104608b5241f,queryOrdersForRefresh,3,2,True,train_dataset_2_test_dataset_1_seed_0,Global Weighted Residual STV k=1 clip=5.0,0.44981412639405205,3,"['ts-order-other-service', 'ts-order-other-service', 'ts-station-service']","['ts-order-other-service', 'ts-order-other-service -> ts-order-other-service', 'ts-order-other-service -> ts-order-other-service -> ts-station-service']",True,0.4859776397025929,0.9193084131931557,0.5286339521408081,1.5994620323181152,3,3,low_residual_after_injection,dataset_2,dataset_1,0
d4c823ccc9d9d17a,d4c823ccc9d9d17a_inj_latency_v2,1.349547028541565,0.7263176441192627,-0.6232293844223022,False,d4c823ccc9d9d17a_inj_latency_v2,d4c823ccc9d9d17a,queryOrdersForRefresh,3,2,True,train_dataset_2_test_dataset_1_seed_0,Global Weighted Residual STV k=1 clip=5.0,0.7620817843866171,3,"['ts-order-other-service', 'ts-order-other-service', 'ts-station-service']","['ts-order-other-service', 'ts-order-other-service -> ts-order-other-service', 'ts-order-other-service -> ts-order-other-service -> ts-station-service']",True,0.7263176140674321,1.3739518832002084,0.5286339521408081,1.5994620323181152,3,3,pre_existing_high_normal_score,dataset_2,dataset_1,0
d92af8df8dc53763,d92af8df8dc53763_inj_latency_v2,1.1364299058914185,0.040504951030015945,-1.0959249548614025,False,d92af8df8dc53763_inj_latency_v2,d92af8df8dc53763,getAllAssuranceType,1,1,True,train_dataset_2_test_dataset_1_seed_0,Global Weighted Residual STV k=1 clip=5.0,0.6877323420074349,1,['ts-assurance-service'],['ts-assurance-service'],True,0.040504952349835595,0.0889553083628564,0.4553404748439789,1.3158633708953857,1,1,very_short_trace_limited_evidence,dataset_2,dataset_1,0
db380a84928baafb,db380a84928baafb_inj_latency_v2,2.276702404022217,2.276702404022217,0.0,False,db380a84928baafb_inj_latency_v2,db380a84928baafb,queryInfo,97,10,True,train_dataset_2_test_dataset_1_seed_0,Global Weighted Residual STV k=1 clip=5.0,0.9330855018587361,3,"['ts-travel-service', 'ts-travel-service', 'ts-seat-service']","['ts-travel-service', 'ts-travel-service -> ts-travel-service', 'ts-travel-service -> ts-travel-service -> ts-seat-service']",False,,,,,0,3,pre_existing_high_normal_score,dataset_2,dataset_1,0
dd1eb3699b3a1ce6,dd1eb3699b3a1ce6_inj_latency_v2,1.406089186668396,0.5981879830360413,-0.8079012036323547,False,dd1eb3699b3a1ce6_inj_latency_v2,dd1eb3699b3a1ce6,queryOrdersForRefresh,3,2,True,train_dataset_2_test_dataset_1_seed_0,Global Weighted Residual STV k=1 clip=5.0,0.7695167286245354,3,"['ts-order-service', 'ts-order-service', 'ts-station-service']","['ts-order-service', 'ts-order-service -> ts-order-service', 'ts-order-service -> ts-order-service -> ts-station-service']",True,0.5981879641757167,0.8758104584324593,0.6830107569694519,2.2571866512298584,3,3,pre_existing_high_normal_score,dataset_2,dataset_1,0
e3841fcaa38d0665,e3841fcaa38d0665_inj_latency_v2,0.976300060749054,0.2006397545337677,-0.7756603062152863,False,e3841fcaa38d0665_inj_latency_v2,e3841fcaa38d0665,getAllAssuranceType,1,1,True,train_dataset_2_test_dataset_1_seed_0,Global Weighted Residual STV k=1 clip=5.0,0.5947955390334573,1,['ts-assurance-service'],['ts-assurance-service'],True,0.20063975137902457,0.4406367596637949,0.4553404748439789,1.3158633708953857,1,1,very_short_trace_limited_evidence,dataset_2,dataset_1,0
e416007e2e43899f,e416007e2e43899f_inj_latency_v2,1.804244041442871,1.804244041442871,0.0,False,e416007e2e43899f_inj_latency_v2,e416007e2e43899f,getAllFood,13,5,True,train_dataset_2_test_dataset_1_seed_0,Global Weighted Residual STV k=1 clip=5.0,0.8550185873605948,3,"['ts-food-service', 'ts-food-service', 'ts-travel-service']","['ts-food-service', 'ts-food-service -> ts-food-service', 'ts-food-service -> ts-food-service -> ts-travel-service']",True,1.5064311410617566,3.308362037391758,0.4553404748439789,1.713692545890808,3,3,pre_existing_high_normal_score,dataset_2,dataset_1,0
e4f2da2ca09a3673,e4f2da2ca09a3673_inj_latency_v2,1.0808489322662354,1.0808489322662354,0.0,False,e4f2da2ca09a3673_inj_latency_v2,e4f2da2ca09a3673,queryInfo,23,5,True,train_dataset_2_test_dataset_1_seed_0,Global Weighted Residual STV k=1 clip=5.0,0.6505576208178439,3,"['ts-travel-service', 'ts-travel-service', 'ts-route-service']","['ts-travel-service', 'ts-travel-service -> ts-travel-service', 'ts-travel-service -> ts-travel-service -> ts-route-service']",True,1.0128065590390052,1.9158938901624536,0.5286339521408081,1.8889844417572021,3,3,score_unchanged_after_injection,dataset_2,dataset_1,0
e626a7c52a2ba305,e626a7c52a2ba305_inj_latency_v2,1.804244041442871,1.804244041442871,0.0,False,e626a7c52a2ba305_inj_latency_v2,e626a7c52a2ba305,getAllFood,13,5,True,train_dataset_2_test_dataset_1_seed_0,Global Weighted Residual STV k=1 clip=5.0,0.8550185873605948,3,"['ts-food-service', 'ts-food-map-service', 'ts-food-service']","['ts-food-service', 'ts-food-service -> ts-food-service -> ts-food-map-service', 'ts-food-service -> ts-food-service']",True,0.5427843404071808,1.1920406166246573,0.4553404748439789,1.713692545890808,3,3,pre_existing_high_normal_score,dataset_2,dataset_1,0
e70e448729f24dfb,e70e448729f24dfb_inj_latency_v2,0.7142992615699768,0.7142992615699768,0.0,False,e70e448729f24dfb_inj_latency_v2,e70e448729f24dfb,queryInfo,103,10,True,train_dataset_2_test_dataset_1_seed_0,Global Weighted Residual STV k=1 clip=5.0,0.4163568773234201,3,"['ts-travel2-service', 'ts-travel2-service', 'ts-seat-service']","['ts-travel2-service', 'ts-travel2-service -> ts-travel2-service', 'ts-travel2-service -> ts-travel2-service -> ts-seat-service']",True,0.6101478379633107,2.6799631118774414,0.22767023742198944,1.0,3,3,score_unchanged_after_injection,dataset_2,dataset_1,0
e737ecef7579e257,e737ecef7579e257_inj_latency_v2,1.0999476909637451,1.0999476909637451,0.0,False,e737ecef7579e257_inj_latency_v2,e737ecef7579e257,getAllFood,13,5,True,train_dataset_2_test_dataset_1_seed_0,Global Weighted Residual STV k=1 clip=5.0,0.6728624535315985,3,"['ts-food-service', 'ts-food-map-service', 'ts-food-map-service']","['ts-food-service', 'ts-food-service -> ts-food-service -> ts-food-map-service', 'ts-food-service -> ts-food-service -> ts-food-map-service']",True,0.723954525302929,1.5899191161317034,0.4553404748439789,1.6847195625305176,2,2,score_unchanged_after_injection,dataset_2,dataset_1,0
e750ce963c7813fc,e750ce963c7813fc_inj_latency_v2,0.887787401676178,0.7799016237258911,-0.10788577795028687,False,e750ce963c7813fc_inj_latency_v2,e750ce963c7813fc,queryInfo,23,5,True,train_dataset_2_test_dataset_1_seed_0,Global Weighted Residual STV k=1 clip=5.0,0.5464684014869888,3,"['ts-travel-service', 'ts-travel-service', 'ts-ticketinfo-service']","['ts-travel-service', 'ts-travel-service -> ts-travel-service', 'ts-travel-service -> ts-travel-service -> ts-ticketinfo-service']",True,0.524320264630645,0.9918399348118031,0.5286339521408081,1.8889844417572021,3,3,low_residual_after_injection,dataset_2,dataset_1,0
f01f17547ea077bc,f01f17547ea077bc_inj_latency_v2,0.7692581415176392,0.4076853096485138,-0.36157283186912537,False,f01f17547ea077bc_inj_latency_v2,f01f17547ea077bc,getAllAssuranceType,1,1,True,train_dataset_2_test_dataset_1_seed_0,Global Weighted Residual STV k=1 clip=5.0,0.4795539033457249,1,['ts-assurance-service'],['ts-assurance-service'],True,0.4076853039301514,0.8953416760718309,0.4553404748439789,1.3158633708953857,1,1,very_short_trace_limited_evidence,dataset_2,dataset_1,0
f4d69ebc8b8c4051,f4d69ebc8b8c4051_inj_latency_v2,1.191921353340149,0.6804318428039551,-0.5114895105361938,False,f4d69ebc8b8c4051_inj_latency_v2,f4d69ebc8b8c4051,queryOrdersForRefresh,3,2,True,train_dataset_2_test_dataset_1_seed_0,Global Weighted Residual STV k=1 clip=5.0,0.7063197026022305,3,"['ts-order-service', 'ts-order-service', 'ts-station-service']","['ts-order-service', 'ts-order-service -> ts-order-service', 'ts-order-service -> ts-order-service -> ts-station-service']",True,0.6804318257115174,0.9962241718280144,0.6830107569694519,2.2571866512298584,3,3,low_residual_after_injection,dataset_2,dataset_1,0
f6e85be8f2770567,f6e85be8f2770567_inj_latency_v2,0.8058132529258728,0.37112957239151,-0.4346836805343628,False,f6e85be8f2770567_inj_latency_v2,f6e85be8f2770567,getAllAssuranceType,1,1,True,train_dataset_2_test_dataset_1_seed_0,Global Weighted Residual STV k=1 clip=5.0,0.5018587360594795,1,['ts-assurance-service'],['ts-assurance-service'],True,0.37112956710896183,0.8150594722248847,0.4553404748439789,1.3158633708953857,1,1,very_short_trace_limited_evidence,dataset_2,dataset_1,0
fb55045c39b42a9c,fb55045c39b42a9c_inj_latency_v2,1.823395848274231,0.6913422346115112,-1.1320536136627197,False,fb55045c39b42a9c_inj_latency_v2,fb55045c39b42a9c,POST,2,1,True,train_dataset_2_test_dataset_1_seed_0,Global Weighted Residual STV k=1 clip=5.0,0.862453531598513,2,"['ts-order-other-service', 'ts-order-other-service']","['ts-order-other-service -> ts-order-other-service', 'ts-order-other-service']",True,0.6913421886661532,1.307789985615615,0.5286339521408081,1.5608932971954346,2,2,very_short_trace_limited_evidence,dataset_2,dataset_1,0
fb5ef3c8b7578bb8,fb5ef3c8b7578bb8_inj_latency_v2,1.804244041442871,1.804244041442871,0.0,False,fb5ef3c8b7578bb8_inj_latency_v2,fb5ef3c8b7578bb8,getAllFood,13,5,True,train_dataset_2_test_dataset_1_seed_0,Global Weighted Residual STV k=1 clip=5.0,0.8550185873605948,3,"['ts-food-service', 'ts-food-service', 'ts-food-map-service']","['ts-food-service', 'ts-food-service -> ts-food-service', 'ts-food-service -> ts-food-service -> ts-food-map-service']",True,0.6382892501272249,1.4017845664739839,0.4553404748439789,1.713692545890808,3,3,pre_existing_high_normal_score,dataset_2,dataset_1,0
fbaef02f7c8260d8,fbaef02f7c8260d8_inj_latency_v2,0.7319585084915161,0.6899194717407227,-0.04203903675079346,False,fbaef02f7c8260d8_inj_latency_v2,fbaef02f7c8260d8,findByAccountId,1,1,True,train_dataset_2_test_dataset_1_seed_0,Global Weighted Residual STV k=1 clip=5.0,0.4275092936802974,1,['ts-consign-service'],['ts-consign-service'],True,0.6899194057183237,1.079430640088969,0.6391512155532837,1.528875708580017,1,1,very_short_trace_limited_evidence,dataset_2,dataset_1,0
fecbbb74ea23e780,fecbbb74ea23e780_inj_latency_v2,2.276702404022217,2.276702404022217,0.0,False,fecbbb74ea23e780_inj_latency_v2,fecbbb74ea23e780,queryInfo,97,10,True,train_dataset_2_test_dataset_1_seed_0,Global Weighted Residual STV k=1 clip=5.0,0.9330855018587361,3,"['ts-travel-service', 'ts-travel-service', 'ts-ticketinfo-service']","['ts-travel-service', 'ts-travel-service -> ts-travel-service', 'ts-travel-service -> ts-travel-service -> ts-ticketinfo-service']",False,,,,,0,3,pre_existing_high_normal_score,dataset_2,dataset_1,0
0082bc65ca2be88c,0082bc65ca2be88c_inj_latency_v2,1.8295133113861084,1.0336682796478271,-0.7958450317382812,False,0082bc65ca2be88c_inj_latency_v2,0082bc65ca2be88c,updateOrder,2,1,True,train_dataset_2_test_dataset_3_seed_0,Global Weighted Residual STV k=1 clip=5.0,0.90625,2,"['ts-admin-order-service', 'ts-admin-order-service']","['ts-admin-order-service', 'ts-admin-order-service -> ts-admin-order-service']",True,1.0336682379833277,1.9553572633715315,0.5286339521408081,1.1658082008361816,2,2,very_short_trace_limited_evidence,dataset_2,dataset_3,0
03936fa843b81eb0,03936fa843b81eb0_inj_latency_v2,1.1383512020111084,0.7914739847183228,-0.34687721729278564,False,03936fa843b81eb0_inj_latency_v2,03936fa843b81eb0,pay,2,1,True,train_dataset_2_test_dataset_3_seed_0,Global Weighted Residual STV k=1 clip=5.0,0.7875,2,"['ts-inside-payment-service', 'ts-inside-payment-service']","['ts-inside-payment-service', 'ts-inside-payment-service -> ts-inside-payment-service']",True,0.7914739844498087,3.476405143737793,0.22767023742198944,1.0,2,2,very_short_trace_limited_evidence,dataset_2,dataset_3,0
119d3d0c7e20ef98,119d3d0c7e20ef98_inj_latency_v2,0.8621687889099121,0.7687927484512329,-0.0933760404586792,False,119d3d0c7e20ef98_inj_latency_v2,119d3d0c7e20ef98,getAllUsers,3,2,True,train_dataset_2_test_dataset_3_seed_0,Global Weighted Residual STV k=1 clip=5.0,0.6625,3,"['ts-admin-user-service', 'ts-admin-user-service', 'ts-user-service']","['ts-admin-user-service', 'ts-admin-user-service -> ts-admin-user-service', 'ts-admin-user-service -> ts-admin-user-service -> ts-user-service']",True,0.7687927458968227,1.6883909697688249,0.4553404748439789,1.264326572418213,3,3,uncategorized_distribution_or_ranking_effect,dataset_2,dataset_3,0
14eb175f20a1f82b,14eb175f20a1f82b_inj_latency_v2,1.1681252717971802,0.8479064702987671,-0.3202188014984131,False,14eb175f20a1f82b_inj_latency_v2,14eb175f20a1f82b,queryOrdersForRefresh,3,2,True,train_dataset_2_test_dataset_3_seed_0,Global Weighted Residual STV k=1 clip=5.0,0.8,3,"['ts-order-other-service', 'ts-order-other-service', 'ts-station-service']","['ts-order-other-service', 'ts-order-other-service -> ts-order-other-service', 'ts-order-other-service -> ts-order-other-service -> ts-station-service']",True,0.8479064889918979,1.6039576829262145,0.5286339521408081,1.5994620323181152,3,3,pre_existing_high_normal_score,dataset_2,dataset_3,0
15554261fd7babbb,15554261fd7babbb_inj_latency_v2,2.64316987991333,1.5244005918502808,-1.1187692880630493,False,15554261fd7babbb_inj_latency_v2,15554261fd7babbb,getAllConfigs,3,2,True,train_dataset_2_test_dataset_3_seed_0,Global Weighted Residual STV k=1 clip=5.0,0.99375,3,"['ts-admin-basic-info-service', 'ts-admin-basic-info-service', 'ts-config-service']","['ts-admin-basic-info-service', 'ts-admin-basic-info-service -> ts-admin-basic-info-service', 'ts-admin-basic-info-service -> ts-admin-basic-info-service -> ts-config-service']",True,1.524400641492858,1.524400641492858,1.0,1.1265287399291992,3,3,pre_existing_high_normal_score,dataset_2,dataset_3,0
282da289dca8852b,282da289dca8852b_inj_latency_v2,2.046353816986084,0.42303910851478577,-1.6233147084712982,False,282da289dca8852b_inj_latency_v2,282da289dca8852b,addRoute,3,2,True,train_dataset_2_test_dataset_3_seed_0,Global Weighted Residual STV k=1 clip=5.0,0.9125,3,"['ts-admin-route-service', 'ts-admin-route-service', 'ts-route-service']","['ts-admin-route-service', 'ts-admin-route-service -> ts-admin-route-service', 'ts-admin-route-service -> ts-admin-route-service -> ts-route-service']",True,0.4230391137879529,0.9290610810139512,0.4553404748439789,1.22579824924469,3,3,pre_existing_high_normal_score,dataset_2,dataset_3,0
482e0ab928396441,482e0ab928396441_inj_latency_v2,0.8703489303588867,0.8703489303588867,0.0,False,482e0ab928396441_inj_latency_v2,482e0ab928396441,queryInfo,23,5,True,train_dataset_2_test_dataset_3_seed_0,Global Weighted Residual STV k=1 clip=5.0,0.675,3,"['ts-travel-service', 'ts-travel-service', 'ts-travel-service']","['ts-travel-service', 'ts-travel-service -> ts-travel-service', 'ts-travel-service -> ts-travel-service']",True,0.6022102118284222,1.1391818656173187,0.5286339521408081,1.8889844417572021,2,2,score_unchanged_after_injection,dataset_2,dataset_3,0
500a3b190d91100e,500a3b190d91100e_inj_latency_v2,1.804244041442871,1.804244041442871,0.0,False,500a3b190d91100e_inj_latency_v2,500a3b190d91100e,getToken,3,2,True,train_dataset_2_test_dataset_3_seed_0,Global Weighted Residual STV k=1 clip=5.0,0.89375,3,"['ts-auth-service', 'ts-auth-service', 'ts-verification-code-service']","['ts-auth-service', 'ts-auth-service -> ts-auth-service', 'ts-auth-service -> ts-auth-service -> ts-verification-code-service']",True,1.8042440712451935,5.0,0.6830107569694519,1.4422938823699951,3,3,pre_existing_high_normal_score,dataset_2,dataset_3,0
5203cb8b61b2152d,5203cb8b61b2152d_inj_latency_v2,1.804244041442871,1.804244041442871,0.0,False,5203cb8b61b2152d_inj_latency_v2,5203cb8b61b2152d,getAllFood,13,5,True,train_dataset_2_test_dataset_3_seed_0,Global Weighted Residual STV k=1 clip=5.0,0.89375,3,"['ts-food-service', 'ts-food-map-service', 'ts-food-service']","['ts-food-service', 'ts-food-service -> ts-food-service -> ts-food-map-service', 'ts-food-service -> ts-food-service']",True,0.6989831410628664,1.5350779903815293,0.4553404748439789,1.713692545890808,3,3,pre_existing_high_normal_score,dataset_2,dataset_3,0
5fc44ca1454038bc,5fc44ca1454038bc_inj_latency_v2,0.7694095373153687,0.6524679660797119,-0.11694157123565674,False,5fc44ca1454038bc_inj_latency_v2,5fc44ca1454038bc,findByOrderId,1,1,True,train_dataset_2_test_dataset_3_seed_0,Global Weighted Residual STV k=1 clip=5.0,0.625,1,['ts-consign-service'],['ts-consign-service'],True,0.65246799237431,1.0208350958223533,0.6391512155532837,1.528875708580017,1,1,very_short_trace_limited_evidence,dataset_2,dataset_3,0
60e68471a5b569b9,60e68471a5b569b9_inj_latency_v2,2.400627851486206,2.3355231285095215,-0.06510472297668457,False,60e68471a5b569b9_inj_latency_v2,60e68471a5b569b9,deleteStation,3,2,True,train_dataset_2_test_dataset_3_seed_0,Global Weighted Residual STV k=1 clip=5.0,0.98125,3,"['ts-admin-basic-info-service', 'ts-admin-basic-info-service', 'ts-station-service']","['ts-admin-basic-info-service', 'ts-admin-basic-info-service -> ts-admin-basic-info-service', 'ts-admin-basic-info-service -> ts-admin-basic-info-service -> ts-station-service']",True,2.335523121585327,2.335523121585327,1.0,1.1847676038742065,3,3,pre_existing_high_normal_score,dataset_2,dataset_3,0
618e63a8fca0d439,618e63a8fca0d439_inj_latency_v2,0.7875992059707642,0.7185384035110474,-0.0690608024597168,False,618e63a8fca0d439_inj_latency_v2,618e63a8fca0d439,addTravel,3,2,True,train_dataset_2_test_dataset_3_seed_0,Global Weighted Residual STV k=1 clip=5.0,0.64375,3,"['ts-admin-travel-service', 'ts-admin-travel-service', 'ts-travel-service']","['ts-admin-travel-service', 'ts-admin-travel-service -> ts-admin-travel-service', 'ts-admin-travel-service -> ts-admin-travel-service -> ts-travel-service']",True,0.7185383738557078,3.1560487747192383,0.22767023742198944,1.0,3,3,low_reliability_weight,dataset_2,dataset_3,0
6707c0ba4b226577,6707c0ba4b226577_inj_latency_v2,1.804244041442871,1.804244041442871,0.0,False,6707c0ba4b226577_inj_latency_v2,6707c0ba4b226577,getAllFood,13,5,True,train_dataset_2_test_dataset_3_seed_0,Global Weighted Residual STV k=1 clip=5.0,0.89375,3,"['ts-food-service', 'ts-food-service', 'ts-food-service']","['ts-food-service', 'ts-food-service -> ts-food-service', 'ts-food-service -> ts-food-service']",True,0.7279867797627433,1.5987745873287147,0.4553404748439789,1.713692545890808,2,2,pre_existing_high_normal_score,dataset_2,dataset_3,0
6794d22e1ac9a173,6794d22e1ac9a173_inj_latency_v2,2.276702404022217,2.276702404022217,0.0,False,6794d22e1ac9a173_inj_latency_v2,6794d22e1ac9a173,queryInfo,94,9,True,train_dataset_2_test_dataset_3_seed_0,Global Weighted Residual STV k=1 clip=5.0,0.975,3,"['ts-travel-service', 'ts-seat-service', 'ts-travel-service']","['ts-travel-service', 'ts-travel-service -> ts-travel-service -> ts-seat-service', 'ts-travel-service -> ts-travel-service']",True,1.7886054467206756,3.6411586581010646,0.5286339521408081,1.8889844417572021,3,3,pre_existing_high_normal_score,dataset_2,dataset_3,0
6c2a47780bd413ca,6c2a47780bd413ca_inj_latency_v2,1.546770453453064,0.9430810809135437,-0.6036893725395203,False,6c2a47780bd413ca_inj_latency_v2,6c2a47780bd413ca,getAllOrders,4,2,True,train_dataset_2_test_dataset_3_seed_0,Global Weighted Residual STV k=1 clip=5.0,0.86875,3,"['ts-admin-order-service', 'ts-order-other-service', 'ts-admin-order-service']","['ts-admin-order-service', 'ts-admin-order-service -> ts-admin-order-service -> ts-order-other-service', 'ts-admin-order-service -> ts-admin-order-service']",True,0.9430811180369646,3.2194528579711914,0.5286339521408081,1.1658082008361816,3,3,pre_existing_high_normal_score,dataset_2,dataset_3,0
70d74443a791be6e,70d74443a791be6e_inj_latency_v2,1.1383512020111084,0.380959689617157,-0.7573915123939514,False,70d74443a791be6e_inj_latency_v2,70d74443a791be6e,pay,2,1,True,train_dataset_2_test_dataset_3_seed_0,Global Weighted Residual STV k=1 clip=5.0,0.7875,2,"['ts-inside-payment-service', 'ts-inside-payment-service']","['ts-inside-payment-service', 'ts-inside-payment-service -> ts-inside-payment-service']",True,0.3809596918443674,1.6732959747314453,0.22767023742198944,1.0,2,2,very_short_trace_limited_evidence,dataset_2,dataset_3,0
7919c76da0ad158f,7919c76da0ad158f_inj_latency_v2,0.5407450199127197,0.36402252316474915,-0.17672249674797058,False,7919c76da0ad158f_inj_latency_v2,7919c76da0ad158f,findContactsByAccountId,1,1,True,train_dataset_2_test_dataset_3_seed_0,Global Weighted Residual STV k=1 clip=5.0,0.4625,1,['ts-contacts-service'],['ts-contacts-service'],True,0.3640225187150448,0.7994512652093493,0.4553404748439789,1.7117081880569458,1,1,very_short_trace_limited_evidence,dataset_2,dataset_3,0
793927759db53559,793927759db53559_inj_latency_v2,1.8252054452896118,0.673366904258728,-1.1518385410308838,False,793927759db53559_inj_latency_v2,793927759db53559,POST,2,1,True,train_dataset_2_test_dataset_3_seed_0,Global Weighted Residual STV k=1 clip=5.0,0.9,2,"['ts-order-other-service', 'ts-order-other-service']","['ts-order-other-service -> ts-order-other-service', 'ts-order-other-service']",True,0.6733668595718848,1.273786628431549,0.5286339521408081,1.5608932971954346,2,2,very_short_trace_limited_evidence,dataset_2,dataset_3,0
7cd6a0b8869cdb82,7cd6a0b8869cdb82_inj_latency_v2,1.1448742151260376,0.032060686498880386,-1.1128135286271572,False,7cd6a0b8869cdb82_inj_latency_v2,7cd6a0b8869cdb82,getAllAssuranceType,1,1,True,train_dataset_2_test_dataset_3_seed_0,Global Weighted Residual STV k=1 clip=5.0,0.79375,1,['ts-assurance-service'],['ts-assurance-service'],True,0.03206068670706848,0.0704103598918018,0.4553404748439789,1.3158633708953857,1,1,very_short_trace_limited_evidence,dataset_2,dataset_3,0
80896f44057fd953,80896f44057fd953_inj_latency_v2,2.250265121459961,1.3225106000900269,-0.9277545213699341,False,80896f44057fd953_inj_latency_v2,80896f44057fd953,modifyConfig,3,2,True,train_dataset_2_test_dataset_3_seed_0,Global Weighted Residual STV k=1 clip=5.0,0.925,3,"['ts-admin-basic-info-service', 'ts-admin-basic-info-service', 'ts-config-service']","['ts-admin-basic-info-service', 'ts-admin-basic-info-service -> ts-admin-basic-info-service', 'ts-admin-basic-info-service -> ts-admin-basic-info-service -> ts-config-service']",True,1.3225106264460305,2.482851775332804,1.0,1.1265287399291992,3,3,pre_existing_high_normal_score,dataset_2,dataset_3,0
819bf276bdac6fa4,819bf276bdac6fa4_inj_latency_v2,1.804244041442871,1.804244041442871,0.0,False,819bf276bdac6fa4_inj_latency_v2,819bf276bdac6fa4,getToken,3,2,True,train_dataset_2_test_dataset_3_seed_0,Global Weighted Residual STV k=1 clip=5.0,0.89375,3,"['ts-auth-service', 'ts-auth-service', 'ts-verification-code-service']","['ts-auth-service', 'ts-auth-service -> ts-auth-service', 'ts-auth-service -> ts-auth-service -> ts-verification-code-service']",True,1.8042440712451935,5.0,0.6830107569694519,1.4422938823699951,3,3,pre_existing_high_normal_score,dataset_2,dataset_3,0
8468dc3fbe05b7bd,8468dc3fbe05b7bd_inj_latency_v2,2.276702404022217,2.276702404022217,0.0,False,8468dc3fbe05b7bd_inj_latency_v2,8468dc3fbe05b7bd,queryInfo,94,9,True,train_dataset_2_test_dataset_3_seed_0,Global Weighted Residual STV k=1 clip=5.0,0.975,3,"['ts-travel-service', 'ts-ticketinfo-service', 'ts-travel-service']","['ts-travel-service', 'ts-travel-service -> ts-travel-service -> ts-ticketinfo-service', 'ts-travel-service -> ts-travel-service']",True,0.936851872570128,1.7722128304021345,0.5286339521408081,1.8889844417572021,3,3,pre_existing_high_normal_score,dataset_2,dataset_3,0
8d296422e9b0dca8,8d296422e9b0dca8_inj_latency_v2,0.6698653697967529,0.23490044474601746,-0.4349649250507355,False,8d296422e9b0dca8_inj_latency_v2,8d296422e9b0dca8,findContactsByAccountId,1,1,True,train_dataset_2_test_dataset_3_seed_0,Global Weighted Residual STV k=1 clip=5.0,0.53125,1,['ts-contacts-service'],['ts-contacts-service'],True,0.23490044094277232,0.5158786752336486,0.4553404748439789,1.7117081880569458,1,1,very_short_trace_limited_evidence,dataset_2,dataset_3,0
9336eb03ee1b0a99,9336eb03ee1b0a99_inj_latency_v2,2.276702404022217,2.276702404022217,0.0,False,9336eb03ee1b0a99_inj_latency_v2,9336eb03ee1b0a99,queryInfo,94,9,True,train_dataset_2_test_dataset_3_seed_0,Global Weighted Residual STV k=1 clip=5.0,0.975,3,"['ts-travel-service', 'ts-travel-service', 'ts-ticketinfo-service']","['ts-travel-service', 'ts-travel-service -> ts-travel-service', 'ts-travel-service -> ts-travel-service -> ts-ticketinfo-service']",True,1.9953816879035127,3.774599947322374,0.5286339521408081,1.8889844417572021,3,3,pre_existing_high_normal_score,dataset_2,dataset_3,0
a1610e1ad51d3b84,a1610e1ad51d3b84_inj_latency_v2,1.0772640705108643,0.8784757852554321,-0.19878828525543213,False,a1610e1ad51d3b84_inj_latency_v2,a1610e1ad51d3b84,updateConsign,3,2,True,train_dataset_2_test_dataset_3_seed_0,Global Weighted Residual STV k=1 clip=5.0,0.7625,3,"['ts-consign-service', 'ts-consign-service', 'ts-consign-price-service']","['ts-consign-service', 'ts-consign-service -> ts-consign-service', 'ts-consign-service -> ts-consign-service -> ts-consign-price-service']",True,0.8784757917277897,1.3744412438726785,0.6391512155532837,1.7832868099212646,3,3,pre_existing_high_normal_score,dataset_2,dataset_3,0
a44cba0648d44308,a44cba0648d44308_inj_latency_v2,0.9874142408370972,0.7638990879058838,-0.22351515293121338,False,a44cba0648d44308_inj_latency_v2,a44cba0648d44308,updateUser,3,2,True,train_dataset_2_test_dataset_3_seed_0,Global Weighted Residual STV k=1 clip=5.0,0.7,3,"['ts-admin-user-service', 'ts-admin-user-service', 'ts-user-service']","['ts-admin-user-service', 'ts-admin-user-service -> ts-admin-user-service', 'ts-admin-user-service -> ts-admin-user-service -> ts-user-service']",True,0.7638991026220128,1.6776437519281822,0.4553404748439789,1.264326572418213,3,3,uncategorized_distribution_or_ranking_effect,dataset_2,dataset_3,0
a4d954c05b5ffb55,a4d954c05b5ffb55_inj_latency_v2,0.8994945287704468,0.8677617907524109,-0.03173273801803589,False,a4d954c05b5ffb55_inj_latency_v2,a4d954c05b5ffb55,pay,7,3,True,train_dataset_2_test_dataset_3_seed_0,Global Weighted Residual STV k=1 clip=5.0,0.6875,3,"['ts-inside-payment-service', 'ts-inside-payment-service', 'ts-inside-payment-service']","['ts-inside-payment-service', 'ts-inside-payment-service -> ts-inside-payment-service', 'ts-inside-payment-service -> ts-inside-payment-service']",True,0.12514376648272219,0.5496711730957031,0.22767023742198944,1.0,2,2,low_residual_after_injection,dataset_2,dataset_3,0
b33543dcc2421cdd,b33543dcc2421cdd_inj_latency_v2,0.7338986992835999,0.6696949005126953,-0.06420379877090454,False,b33543dcc2421cdd_inj_latency_v2,b33543dcc2421cdd,queryOrdersForRefresh,3,2,True,train_dataset_2_test_dataset_3_seed_0,Global Weighted Residual STV k=1 clip=5.0,0.5875,3,"['ts-order-other-service', 'ts-order-other-service', 'ts-station-service']","['ts-order-other-service', 'ts-order-other-service -> ts-order-other-service', 'ts-order-other-service -> ts-order-other-service -> ts-station-service']",True,0.6696948467389324,1.266840398780423,0.5286339521408081,1.5994620323181152,3,3,high_train_variance_path,dataset_2,dataset_3,0
ba17990206955345,ba17990206955345_inj_latency_v2,2.276702404022217,2.276702404022217,0.0,False,ba17990206955345_inj_latency_v2,ba17990206955345,queryInfo,94,9,True,train_dataset_2_test_dataset_3_seed_0,Global Weighted Residual STV k=1 clip=5.0,0.975,3,"['ts-travel-service', 'ts-travel-service', 'ts-seat-service']","['ts-travel-service', 'ts-travel-service -> ts-travel-service', 'ts-travel-service -> ts-travel-service -> ts-seat-service']",True,0.9246106489793059,1.7490564978562417,0.5286339521408081,1.8889844417572021,2,3,pre_existing_high_normal_score,dataset_2,dataset_3,0
bb48454654d1cfc8,bb48454654d1cfc8_inj_latency_v2,0.7556042075157166,0.666273295879364,-0.08933091163635254,False,bb48454654d1cfc8_inj_latency_v2,bb48454654d1cfc8,findByOrderId,1,1,True,train_dataset_2_test_dataset_3_seed_0,Global Weighted Residual STV k=1 clip=5.0,0.6125,1,['ts-consign-service'],['ts-consign-service'],True,0.6662733096599712,1.0424345498321694,0.6391512155532837,1.528875708580017,1,1,very_short_trace_limited_evidence,dataset_2,dataset_3,0
bf60ce59fd4a5090,bf60ce59fd4a5090_inj_latency_v2,1.5029428005218506,0.8043856620788574,-0.6985571384429932,False,bf60ce59fd4a5090_inj_latency_v2,bf60ce59fd4a5090,deleteRoute,3,2,True,train_dataset_2_test_dataset_3_seed_0,Global Weighted Residual STV k=1 clip=5.0,0.8625,3,"['ts-admin-route-service', 'ts-admin-route-service', 'ts-route-service']","['ts-admin-route-service', 'ts-admin-route-service -> ts-admin-route-service', 'ts-admin-route-service -> ts-admin-route-service -> ts-route-service']",True,0.8043856426644549,1.766558623939757,0.4553404748439789,1.22579824924469,3,3,pre_existing_high_normal_score,dataset_2,dataset_3,0
c3b4179b96dc5829,c3b4179b96dc5829_inj_latency_v2,1.1182805299758911,0.34393104910850525,-0.7743494808673859,False,c3b4179b96dc5829_inj_latency_v2,c3b4179b96dc5829,pay,2,1,True,train_dataset_2_test_dataset_3_seed_0,Global Weighted Residual STV k=1 clip=5.0,0.76875,2,"['ts-inside-payment-service', 'ts-inside-payment-service']","['ts-inside-payment-service', 'ts-inside-payment-service -> ts-inside-payment-service']",True,0.34393105717180106,1.5106544494628906,0.22767023742198944,1.0,2,2,very_short_trace_limited_evidence,dataset_2,dataset_3,0
c79486676a6a1371,c79486676a6a1371_inj_latency_v2,2.276702404022217,2.276702404022217,0.0,False,c79486676a6a1371_inj_latency_v2,c79486676a6a1371,queryInfo,94,9,True,train_dataset_2_test_dataset_3_seed_0,Global Weighted Residual STV k=1 clip=5.0,0.975,3,"['ts-travel-service', 'ts-travel-service', 'ts-ticketinfo-service']","['ts-travel-service', 'ts-travel-service -> ts-travel-service', 'ts-travel-service -> ts-travel-service -> ts-ticketinfo-service']",True,0.83928903221423,1.5876563145733689,0.5286339521408081,1.632073163986206,2,3,pre_existing_high_normal_score,dataset_2,dataset_3,0
c7cb7858026d9ea3,c7cb7858026d9ea3_inj_latency_v2,2.276702404022217,2.276702404022217,0.0,False,c7cb7858026d9ea3_inj_latency_v2,c7cb7858026d9ea3,queryInfo,94,9,True,train_dataset_2_test_dataset_3_seed_0,Global Weighted Residual STV k=1 clip=5.0,0.975,3,"['ts-travel-service', 'ts-travel-service', 'ts-ticketinfo-service']","['ts-travel-service', 'ts-travel-service -> ts-travel-service', 'ts-travel-service -> ts-travel-service -> ts-ticketinfo-service']",True,1.0768299701608741,2.0370049365918277,0.5286339521408081,1.8889844417572021,3,3,pre_existing_high_normal_score,dataset_2,dataset_3,0
e47281530a217b0c,e47281530a217b0c_inj_latency_v2,1.297019600868225,0.12484946846961975,-1.1721701323986053,False,e47281530a217b0c_inj_latency_v2,e47281530a217b0c,findByAccountId,1,1,True,train_dataset_2_test_dataset_3_seed_0,Global Weighted Residual STV k=1 clip=5.0,0.85,1,['ts-consign-service'],['ts-consign-service'],True,0.12484947349292161,0.19533636243630575,0.6391512155532837,1.528875708580017,1,1,very_short_trace_limited_evidence,dataset_2,dataset_3,0
e84fe9819b911796,e84fe9819b911796_inj_latency_v2,1.1383512020111084,0.7207191586494446,-0.4176320433616638,False,e84fe9819b911796_inj_latency_v2,e84fe9819b911796,pay,2,1,True,train_dataset_2_test_dataset_3_seed_0,Global Weighted Residual STV k=1 clip=5.0,0.7875,2,"['ts-inside-payment-service', 'ts-inside-payment-service']","['ts-inside-payment-service', 'ts-inside-payment-service -> ts-inside-payment-service']",True,0.7207191598594562,3.1656274795532227,0.22767023742198944,1.0,2,2,very_short_trace_limited_evidence,dataset_2,dataset_3,0
01ff481fe2f06ccd,01ff481fe2f06ccd_inj_latency_v2,2.8442819118499756,2.5134451389312744,-0.33083677291870117,False,01ff481fe2f06ccd_inj_latency_v2,01ff481fe2f06ccd,getAllTrains,3,2,True,train_dataset_3_test_dataset_1_seed_0,Global Weighted Residual STV k=1 clip=5.0,0.9888475836431226,3,"['ts-admin-basic-info-service', 'ts-admin-basic-info-service', 'ts-train-service']","['ts-admin-basic-info-service', 'ts-admin-basic-info-service -> ts-admin-basic-info-service', 'ts-admin-basic-info-service -> ts-admin-basic-info-service -> ts-train-service']",True,2.513445246046643,2.513445246046643,1.0,0.9930031895637512,3,3,pre_existing_high_normal_score,dataset_3,dataset_1,0
028e50b177ff6b9e,028e50b177ff6b9e_inj_latency_v2,1.1622952222824097,1.1622952222824097,0.0,False,028e50b177ff6b9e_inj_latency_v2,028e50b177ff6b9e,getAllFood,13,5,True,train_dataset_3_test_dataset_1_seed_0,Global Weighted Residual STV k=1 clip=5.0,0.6728624535315985,3,"['ts-food-service', 'ts-food-service', 'ts-food-map-service']","['ts-food-service', 'ts-food-service -> ts-food-service', 'ts-food-service -> ts-food-service -> ts-food-map-service']",True,0.8194675129495175,1.6984152379394295,0.4824894964694977,1.7953664064407349,3,3,score_unchanged_after_injection,dataset_3,dataset_1,0
08ea3dfb37e25b9f,08ea3dfb37e25b9f_inj_latency_v2,2.1669673919677734,2.1669673919677734,0.0,False,08ea3dfb37e25b9f_inj_latency_v2,08ea3dfb37e25b9f,queryInfo,23,5,True,train_dataset_3_test_dataset_1_seed_0,Global Weighted Residual STV k=1 clip=5.0,0.9368029739776952,3,"['ts-travel2-service', 'ts-travel2-service', 'ts-travel2-service']","['ts-travel2-service', 'ts-travel2-service -> ts-travel2-service', 'ts-travel2-service -> ts-travel2-service']",True,0.3736460517064085,0.862140457423102,0.4333934783935547,1.4082084894180298,2,2,pre_existing_high_normal_score,dataset_3,dataset_1,0
129098532f370700,129098532f370700_inj_latency_v2,2.1669673919677734,2.1669673919677734,0.0,False,129098532f370700_inj_latency_v2,129098532f370700,queryInfo,23,5,True,train_dataset_3_test_dataset_1_seed_0,Global Weighted Residual STV k=1 clip=5.0,0.9368029739776952,3,"['ts-travel2-service', 'ts-route-service', 'ts-travel2-service']","['ts-travel2-service', 'ts-travel2-service -> ts-travel2-service -> ts-route-service', 'ts-travel2-service -> ts-travel2-service']",True,2.1669673919677734,5.0,0.4333934783935547,1.4082084894180298,3,3,pre_existing_high_normal_score,dataset_3,dataset_1,0
12a19d5f4469c52e,12a19d5f4469c52e_inj_latency_v2,1.86652410030365,1.86652410030365,0.0,False,12a19d5f4469c52e_inj_latency_v2,12a19d5f4469c52e,getAllFood,13,5,True,train_dataset_3_test_dataset_1_seed_0,Global Weighted Residual STV k=1 clip=5.0,0.8996282527881041,3,"['ts-food-service', 'ts-food-service', 'ts-food-service']","['ts-food-service', 'ts-food-service -> ts-food-service', 'ts-food-service -> ts-food-service']",True,0.7433087050263837,1.540569712844256,0.4824894964694977,1.7953664064407349,2,2,pre_existing_high_normal_score,dataset_3,dataset_1,0
1b7a7713207ec2bc,1b7a7713207ec2bc_inj_latency_v2,1.4791853427886963,1.4791853427886963,0.0,False,1b7a7713207ec2bc_inj_latency_v2,1b7a7713207ec2bc,getAllTravels,45,5,True,train_dataset_3_test_dataset_1_seed_0,Global Weighted Residual STV k=1 clip=5.0,0.7695167286245354,3,"['ts-admin-travel-service', 'ts-admin-travel-service', 'ts-admin-travel-service']","['ts-admin-travel-service', 'ts-admin-travel-service -> ts-admin-travel-service', 'ts-admin-travel-service -> ts-admin-travel-service']",True,1.4791853725910187,5.0,0.29583707451820374,1.61409330368042,2,2,pre_existing_high_normal_score,dataset_3,dataset_1,0
1fa3037f1b9cdff7,1fa3037f1b9cdff7_inj_latency_v2,0.5309667587280273,0.506740152835846,-0.024226605892181396,False,1fa3037f1b9cdff7_inj_latency_v2,1fa3037f1b9cdff7,findContactsByAccountId,1,1,True,train_dataset_3_test_dataset_1_seed_0,Global Weighted Residual STV k=1 clip=5.0,0.3643122676579926,1,['ts-contacts-service'],['ts-contacts-service'],True,0.5067401458989551,1.0502615074668067,0.4824894964694977,1.5814039707183838,1,1,very_short_trace_limited_evidence,dataset_3,dataset_1,0
22de19f916a777b5,22de19f916a777b5_inj_latency_v2,1.4882177114486694,1.4882177114486694,0.0,False,22de19f916a777b5_inj_latency_v2,22de19f916a777b5,queryInfo,23,5,True,train_dataset_3_test_dataset_1_seed_0,Global Weighted Residual STV k=1 clip=5.0,0.7769516728624535,3,"['ts-travel-service', 'ts-ticketinfo-service', 'ts-travel-service']","['ts-travel-service', 'ts-travel-service -> ts-travel-service -> ts-ticketinfo-service', 'ts-travel-service -> ts-travel-service']",True,0.8503906068665305,1.3169826875188069,0.6457113027572632,1.5018562078475952,3,3,pre_existing_high_normal_score,dataset_3,dataset_1,0
23b959132ebaa72b,23b959132ebaa72b_inj_latency_v2,1.56303870677948,0.9621461033821106,-0.6008926033973694,False,23b959132ebaa72b_inj_latency_v2,23b959132ebaa72b,DELETE,2,1,True,train_dataset_3_test_dataset_1_seed_0,Global Weighted Residual STV k=1 clip=5.0,0.7843866171003717,2,"['ts-admin-order-service', 'ts-admin-order-service']","['ts-admin-order-service', 'ts-admin-order-service -> ts-admin-order-service']",True,0.9621461377555466,1.62614192173595,0.5916741490364075,1.3880892992019653,2,2,very_short_trace_limited_evidence,dataset_3,dataset_1,0
25b13a4a84ebf45e,25b13a4a84ebf45e_inj_latency_v2,0.7710856795310974,0.4817381799221039,-0.28934749960899353,False,25b13a4a84ebf45e_inj_latency_v2,25b13a4a84ebf45e,imageCode,1,1,True,train_dataset_3_test_dataset_1_seed_0,Global Weighted Residual STV k=1 clip=5.0,0.5315985130111525,1,['ts-verification-code-service'],['ts-verification-code-service'],True,0.48173819358940445,1.2904687413434077,0.3733048141002655,1.0134540796279907,1,1,very_short_trace_limited_evidence,dataset_3,dataset_1,0
2932ad71ec1db532,2932ad71ec1db532_inj_latency_v2,0.5812456011772156,0.1990273892879486,-0.38221821188926697,False,2932ad71ec1db532_inj_latency_v2,2932ad71ec1db532,getAllAssuranceType,1,1,True,train_dataset_3_test_dataset_1_seed_0,Global Weighted Residual STV k=1 clip=5.0,0.4200743494423792,1,['ts-assurance-service'],['ts-assurance-service'],True,0.19902738563130007,0.412500970669073,0.4824894964694977,2.1031463146209717,1,1,very_short_trace_limited_evidence,dataset_3,dataset_1,0
2d4e802c303a7228,2d4e802c303a7228_inj_latency_v2,1.178632140159607,1.178632140159607,0.0,False,2d4e802c303a7228_inj_latency_v2,2d4e802c303a7228,queryInfo,23,5,True,train_dataset_3_test_dataset_1_seed_0,Global Weighted Residual STV k=1 clip=5.0,0.6802973977695167,3,"['ts-travel2-service', 'ts-travel2-service', 'ts-travel2-service']","['ts-travel2-service', 'ts-travel2-service -> ts-travel2-service', 'ts-travel2-service -> ts-travel2-service']",True,0.3485204708804143,0.8041663944096797,0.4333934783935547,1.4082084894180298,2,2,score_unchanged_after_injection,dataset_3,dataset_1,0
2ff5c4fc800d217c,2ff5c4fc800d217c_inj_latency_v2,1.86652410030365,1.86652410030365,0.0,False,2ff5c4fc800d217c_inj_latency_v2,2ff5c4fc800d217c,getAllFood,13,5,True,train_dataset_3_test_dataset_1_seed_0,Global Weighted Residual STV k=1 clip=5.0,0.8996282527881041,3,"['ts-food-service', 'ts-food-service', 'ts-station-service']","['ts-food-service', 'ts-food-service -> ts-food-service', 'ts-food-service -> ts-food-service -> ts-station-service']",True,1.8665240705013275,5.0,0.4824894964694977,1.7953664064407349,3,3,pre_existing_high_normal_score,dataset_3,dataset_1,0
32c418ec4c49eba5,32c418ec4c49eba5_inj_latency_v2,1.4791853427886963,0.716610312461853,-0.7625750303268433,False,32c418ec4c49eba5_inj_latency_v2,32c418ec4c49eba5,addTravel,2,1,True,train_dataset_3_test_dataset_1_seed_0,Global Weighted Residual STV k=1 clip=5.0,0.7695167286245354,2,"['ts-admin-travel-service', 'ts-admin-travel-service']","['ts-admin-travel-service', 'ts-admin-travel-service -> ts-admin-travel-service']",True,0.716610368745228,2.4223142752215554,0.29583707451820374,1.61409330368042,2,2,very_short_trace_limited_evidence,dataset_3,dataset_1,0
37bc0722864cfd8f,37bc0722864cfd8f_inj_latency_v2,0.6088142991065979,0.17145779728889465,-0.43735650181770325,False,37bc0722864cfd8f_inj_latency_v2,37bc0722864cfd8f,getAllAssuranceType,1,1,True,train_dataset_3_test_dataset_1_seed_0,Global Weighted Residual STV k=1 clip=5.0,0.4423791821561338,1,['ts-assurance-service'],['ts-assurance-service'],True,0.17145779183672852,0.355360672286817,0.4824894964694977,2.1031463146209717,1,1,very_short_trace_limited_evidence,dataset_3,dataset_1,0
38c324989983c3f9,38c324989983c3f9_inj_latency_v2,1.86652410030365,1.86652410030365,0.0,False,38c324989983c3f9_inj_latency_v2,38c324989983c3f9,getAllFood,13,5,True,train_dataset_3_test_dataset_1_seed_0,Global Weighted Residual STV k=1 clip=5.0,0.8996282527881041,3,"['ts-food-service', 'ts-food-service', 'ts-food-map-service']","['ts-food-service', 'ts-food-service -> ts-food-service', 'ts-food-service -> ts-food-service -> ts-food-map-service']",True,0.7135794744179533,1.4789533858030106,0.4824894964694977,1.7953664064407349,3,3,pre_existing_high_normal_score,dataset_3,dataset_1,0
3c0028a52c0282da,3c0028a52c0282da_inj_latency_v2,1.86652410030365,1.86652410030365,0.0,False,3c0028a52c0282da_inj_latency_v2,3c0028a52c0282da,preserve,141,17,True,train_dataset_3_test_dataset_1_seed_0,Global Weighted Residual STV k=1 clip=5.0,0.8996282527881041,3,"['ts-preserve-service', 'ts-preserve-service', 'ts-notification-service']","['ts-preserve-service', 'ts-preserve-service -> ts-preserve-service', 'ts-preserve-service -> ts-preserve-service -> ts-notification-service']",True,1.8665240705013275,5.0,0.3733048141002655,0.4828684628009796,3,3,pre_existing_high_normal_score,dataset_3,dataset_1,0
3c76172e8dd13512,3c76172e8dd13512_inj_latency_v2,1.86652410030365,1.86652410030365,0.0,False,3c76172e8dd13512_inj_latency_v2,3c76172e8dd13512,getAllFood,13,5,True,train_dataset_3_test_dataset_1_seed_0,Global Weighted Residual STV k=1 clip=5.0,0.8996282527881041,3,"['ts-food-service', 'ts-food-service', 'ts-food-service']","['ts-food-service', 'ts-food-service -> ts-food-service', 'ts-food-service -> ts-food-service']",True,0.4244880952313345,0.8797872250845362,0.4824894964694977,1.7953664064407349,2,2,pre_existing_high_normal_score,dataset_3,dataset_1,0
3d6a86efa17d7a6a,3d6a86efa17d7a6a_inj_latency_v2,1.5195472240447998,0.9175668358802795,-0.6019803881645203,False,3d6a86efa17d7a6a_inj_latency_v2,3d6a86efa17d7a6a,queryOrdersForRefresh,3,2,True,train_dataset_3_test_dataset_1_seed_0,Global Weighted Residual STV k=1 clip=5.0,0.7806691449814126,3,"['ts-order-other-service', 'ts-order-other-service', 'ts-station-service']","['ts-order-other-service', 'ts-order-other-service -> ts-order-other-service', 'ts-order-other-service -> ts-order-other-service -> ts-station-service']",True,0.9175668622266984,1.638637299986626,0.5599572658538818,1.7693573236465454,3,3,pre_existing_high_normal_score,dataset_3,dataset_1,0
3da370578de86f4c,3da370578de86f4c_inj_latency_v2,1.1214311122894287,1.0014498233795166,-0.11998128890991211,False,3da370578de86f4c_inj_latency_v2,3da370578de86f4c,updateOrder,3,2,True,train_dataset_3_test_dataset_1_seed_0,Global Weighted Residual STV k=1 clip=5.0,0.6617100371747212,2,"['ts-admin-order-service', 'ts-admin-order-service']","['ts-admin-order-service', 'ts-admin-order-service -> ts-admin-order-service']",True,1.0014498287375075,1.692569855161756,0.5916741490364075,1.3880892992019653,2,2,uncategorized_distribution_or_ranking_effect,dataset_3,dataset_1,0
3fcf32c76789dec4,3fcf32c76789dec4_inj_latency_v2,0.7419103980064392,0.5109138488769531,-0.23099654912948608,False,3fcf32c76789dec4_inj_latency_v2,3fcf32c76789dec4,imageCode,1,1,True,train_dataset_3_test_dataset_1_seed_0,Global Weighted Residual STV k=1 clip=5.0,0.49814126394052044,1,['ts-verification-code-service'],['ts-verification-code-service'],True,0.5109138177365098,1.3686237049149976,0.3733048141002655,1.0134540796279907,1,1,very_short_trace_limited_evidence,dataset_3,dataset_1,0
441798d2776bfbf7,441798d2776bfbf7_inj_latency_v2,0.8263515830039978,0.4264715611934662,-0.3998800218105316,False,441798d2776bfbf7_inj_latency_v2,441798d2776bfbf7,imageCode,1,1,True,train_dataset_3_test_dataset_1_seed_0,Global Weighted Residual STV k=1 clip=5.0,0.5724907063197026,1,['ts-verification-code-service'],['ts-verification-code-service'],True,0.42647157885451337,1.142421856740288,0.3733048141002655,1.0134540796279907,1,1,very_short_trace_limited_evidence,dataset_3,dataset_1,0
45bba1c9db589548,45bba1c9db589548_inj_latency_v2,1.86652410030365,1.86652410030365,0.0,False,45bba1c9db589548_inj_latency_v2,45bba1c9db589548,preserve,143,18,True,train_dataset_3_test_dataset_1_seed_0,Global Weighted Residual STV k=1 clip=5.0,0.8996282527881041,3,"['ts-preserve-service', 'ts-preserve-service', 'ts-travel-service']","['ts-preserve-service', 'ts-preserve-service -> ts-preserve-service', 'ts-preserve-service -> ts-preserve-service -> ts-travel-service']",True,1.8665240705013275,5.0,0.3733048141002655,0.4828684628009796,3,3,pre_existing_high_normal_score,dataset_3,dataset_1,0
466fc557e9bc9423,466fc557e9bc9423_inj_latency_v2,0.5307356715202332,0.249538391828537,-0.28119727969169617,False,466fc557e9bc9423_inj_latency_v2,466fc557e9bc9423,getAllAssuranceType,1,1,True,train_dataset_3_test_dataset_1_seed_0,Global Weighted Residual STV k=1 clip=5.0,0.36059479553903345,1,['ts-assurance-service'],['ts-assurance-service'],True,0.24953838553093446,0.5171892597805182,0.4824894964694977,2.1031463146209717,1,1,very_short_trace_limited_evidence,dataset_3,dataset_1,0
47ca1a9fb49a76f8,47ca1a9fb49a76f8_inj_latency_v2,0.8665940761566162,0.08633777499198914,-0.7802563011646271,False,47ca1a9fb49a76f8_inj_latency_v2,47ca1a9fb49a76f8,getAllAssuranceType,1,1,True,train_dataset_3_test_dataset_1_seed_0,Global Weighted Residual STV k=1 clip=5.0,0.5836431226765799,1,['ts-assurance-service'],['ts-assurance-service'],True,0.08633777586257824,0.17894229096039274,0.4824894964694977,2.1031463146209717,1,1,very_short_trace_limited_evidence,dataset_3,dataset_1,0
4854388ca8b98c38,4854388ca8b98c38_inj_latency_v2,2.1669673919677734,2.1669673919677734,0.0,False,4854388ca8b98c38_inj_latency_v2,4854388ca8b98c38,queryInfo,23,5,True,train_dataset_3_test_dataset_1_seed_0,Global Weighted Residual STV k=1 clip=5.0,0.9368029739776952,3,"['ts-travel2-service', 'ts-travel2-service', 'ts-ticketinfo-service']","['ts-travel2-service', 'ts-travel2-service -> ts-travel2-service', 'ts-travel2-service -> ts-travel2-service -> ts-ticketinfo-service']",True,0.14375474419498213,0.33169567924241294,0.4333934783935547,1.4082084894180298,3,3,pre_existing_high_normal_score,dataset_3,dataset_1,0
49db533975155581,49db533975155581_inj_latency_v2,1.86652410030365,1.86652410030365,0.0,False,49db533975155581_inj_latency_v2,49db533975155581,preserve,44,12,True,train_dataset_3_test_dataset_1_seed_0,Global Weighted Residual STV k=1 clip=5.0,0.8996282527881041,3,"['ts-preserve-service', 'ts-preserve-service', 'ts-travel-service']","['ts-preserve-service', 'ts-preserve-service -> ts-preserve-service', 'ts-preserve-service -> ts-preserve-service -> ts-travel-service']",True,1.8665240705013275,5.0,0.3733048141002655,0.4828684628009796,3,3,pre_existing_high_normal_score,dataset_3,dataset_1,0
4a1d538d25ed9503,4a1d538d25ed9503_inj_latency_v2,2.1669673919677734,2.1669673919677734,0.0,False,4a1d538d25ed9503_inj_latency_v2,4a1d538d25ed9503,queryInfo,23,5,True,train_dataset_3_test_dataset_1_seed_0,Global Weighted Residual STV k=1 clip=5.0,0.9368029739776952,3,"['ts-travel2-service', 'ts-travel2-service', 'ts-travel2-service']","['ts-travel2-service', 'ts-travel2-service -> ts-travel2-service', 'ts-travel2-service -> ts-travel2-service']",True,0.16742026039567906,0.38630082994384274,0.4333934783935547,1.4082084894180298,2,2,pre_existing_high_normal_score,dataset_3,dataset_1,0
5372731089374370,5372731089374370_inj_latency_v2,1.4791853427886963,1.4791853427886963,0.0,False,5372731089374370_inj_latency_v2,5372731089374370,getAllOrders,5,3,True,train_dataset_3_test_dataset_1_seed_0,Global Weighted Residual STV k=1 clip=5.0,0.7695167286245354,3,"['ts-admin-order-service', 'ts-admin-order-service', 'ts-admin-order-service']","['ts-admin-order-service', 'ts-admin-order-service -> ts-admin-order-service', 'ts-admin-order-service -> ts-admin-order-service']",True,1.3198218938518482,2.230656681555705,0.5916741490364075,1.3880892992019653,2,2,pre_existing_high_normal_score,dataset_3,dataset_1,0
56760a818feec5f8,56760a818feec5f8_inj_latency_v2,0.6733248233795166,0.5795000791549683,-0.09382474422454834,False,56760a818feec5f8_inj_latency_v2,56760a818feec5f8,imageCode,1,1,True,train_dataset_3_test_dataset_1_seed_0,Global Weighted Residual STV k=1 clip=5.0,0.4758364312267658,1,['ts-verification-code-service'],['ts-verification-code-service'],True,0.5795001057055111,1.5523510113369818,0.3733048141002655,1.0134540796279907,1,1,very_short_trace_limited_evidence,dataset_3,dataset_1,0
57d6c01c5ee3a12f,57d6c01c5ee3a12f_inj_latency_v2,0.8667626976966858,0.38606011867523193,-0.48070257902145386,False,57d6c01c5ee3a12f_inj_latency_v2,57d6c01c5ee3a12f,imageCode,1,1,True,train_dataset_3_test_dataset_1_seed_0,Global Weighted Residual STV k=1 clip=5.0,0.587360594795539,1,['ts-verification-code-service'],['ts-verification-code-service'],True,0.38606010407594943,1.0341685654561583,0.3733048141002655,1.0134540796279907,1,1,very_short_trace_limited_evidence,dataset_3,dataset_1,0
5891283921f2132c,5891283921f2132c_inj_latency_v2,1.3620439767837524,1.074491024017334,-0.28755295276641846,False,5891283921f2132c_inj_latency_v2,5891283921f2132c,updateUser,3,2,True,train_dataset_3_test_dataset_1_seed_0,Global Weighted Residual STV k=1 clip=5.0,0.7174721189591078,3,"['ts-admin-user-service', 'ts-user-service', 'ts-admin-user-service']","['ts-admin-user-service', 'ts-admin-user-service -> ts-admin-user-service -> ts-user-service', 'ts-admin-user-service -> ts-admin-user-service']",True,1.0744911025138992,2.050557214813021,0.5239995718002319,1.3818546533584595,3,3,uncategorized_distribution_or_ranking_effect,dataset_3,dataset_1,0
58b6e27d10da3ec0,58b6e27d10da3ec0_inj_latency_v2,1.3760167360305786,0.6037659049034119,-0.7722508311271667,False,58b6e27d10da3ec0_inj_latency_v2,58b6e27d10da3ec0,updateUser,3,2,True,train_dataset_3_test_dataset_1_seed_0,Global Weighted Residual STV k=1 clip=5.0,0.7211895910780669,3,"['ts-admin-user-service', 'ts-admin-user-service', 'ts-user-service']","['ts-admin-user-service', 'ts-admin-user-service -> ts-admin-user-service', 'ts-admin-user-service -> ts-admin-user-service -> ts-user-service']",True,0.6037659315590589,1.1522260017976442,0.5239995718002319,1.3818546533584595,3,3,uncategorized_distribution_or_ranking_effect,dataset_3,dataset_1,0
58c96f0d904c8107,58c96f0d904c8107_inj_latency_v2,1.3475897312164307,1.0840041637420654,-0.26358556747436523,False,58c96f0d904c8107_inj_latency_v2,58c96f0d904c8107,getAllUsers,3,2,True,train_dataset_3_test_dataset_1_seed_0,Global Weighted Residual STV k=1 clip=5.0,0.7137546468401487,3,"['ts-admin-user-service', 'ts-user-service', 'ts-admin-user-service']","['ts-admin-user-service', 'ts-admin-user-service -> ts-admin-user-service -> ts-user-service', 'ts-admin-user-service -> ts-admin-user-service']",True,1.0840042054457706,2.068712006236206,0.5239995718002319,1.3818546533584595,3,3,uncategorized_distribution_or_ranking_effect,dataset_3,dataset_1,0
5c2e86cfbb99f31f,5c2e86cfbb99f31f_inj_latency_v2,1.86652410030365,1.86652410030365,0.0,False,5c2e86cfbb99f31f_inj_latency_v2,5c2e86cfbb99f31f,preserve,141,17,True,train_dataset_3_test_dataset_1_seed_0,Global Weighted Residual STV k=1 clip=5.0,0.8996282527881041,3,"['ts-preserve-service', 'ts-preserve-service', 'ts-notification-service']","['ts-preserve-service', 'ts-preserve-service -> ts-preserve-service', 'ts-preserve-service -> ts-preserve-service -> ts-notification-service']",True,1.8665240705013275,5.0,0.3733048141002655,0.4828684628009796,3,3,pre_existing_high_normal_score,dataset_3,dataset_1,0
600b5a617c044804,600b5a617c044804_inj_latency_v2,2.0201737880706787,2.0201737880706787,0.0,False,600b5a617c044804_inj_latency_v2,600b5a617c044804,queryInfo,245,10,True,train_dataset_3_test_dataset_1_seed_0,Global Weighted Residual STV k=1 clip=5.0,0.9033457249070632,3,"['ts-travel-service', 'ts-travel-service', 'ts-ticketinfo-service']","['ts-travel-service', 'ts-travel-service -> ts-travel-service', 'ts-travel-service -> ts-travel-service -> ts-ticketinfo-service']",True,1.4734818723990921,2.281951494587676,0.6457113027572632,1.5018562078475952,3,3,pre_existing_high_normal_score,dataset_3,dataset_1,0
6149cb8597e450e9,6149cb8597e450e9_inj_latency_v2,1.4791853427886963,1.4791853427886963,0.0,False,6149cb8597e450e9_inj_latency_v2,6149cb8597e450e9,updateTravel,3,2,True,train_dataset_3_test_dataset_1_seed_0,Global Weighted Residual STV k=1 clip=5.0,0.7695167286245354,3,"['ts-admin-travel-service', 'ts-admin-travel-service', 'ts-travel-service']","['ts-admin-travel-service', 'ts-admin-travel-service -> ts-admin-travel-service', 'ts-admin-travel-service -> ts-admin-travel-service -> ts-travel-service']",True,1.4791853725910187,5.0,0.29583707451820374,1.61409330368042,3,3,pre_existing_high_normal_score,dataset_3,dataset_1,0
631c05e3c79a55f5,631c05e3c79a55f5_inj_latency_v2,2.336087226867676,1.915026307106018,-0.4210609197616577,False,631c05e3c79a55f5_inj_latency_v2,631c05e3c79a55f5,modifyPrice,3,2,True,train_dataset_3_test_dataset_1_seed_0,Global Weighted Residual STV k=1 clip=5.0,0.9516728624535316,3,"['ts-admin-basic-info-service', 'ts-admin-basic-info-service', 'ts-price-service']","['ts-admin-basic-info-service', 'ts-admin-basic-info-service -> ts-admin-basic-info-service', 'ts-admin-basic-info-service -> ts-admin-basic-info-service -> ts-price-service']",True,1.915026366534457,3.236623350290431,1.0,0.9930031895637512,3,3,pre_existing_high_normal_score,dataset_3,dataset_1,0
660e3433b799552e,660e3433b799552e_inj_latency_v2,1.86652410030365,1.86652410030365,0.0,False,660e3433b799552e_inj_latency_v2,660e3433b799552e,getAllFood,13,5,True,train_dataset_3_test_dataset_1_seed_0,Global Weighted Residual STV k=1 clip=5.0,0.8996282527881041,3,"['ts-food-service', 'ts-food-service', 'ts-station-service']","['ts-food-service', 'ts-food-service -> ts-food-service', 'ts-food-service -> ts-food-service -> ts-station-service']",True,1.8665240705013275,5.0,0.4824894964694977,1.7953664064407349,3,3,pre_existing_high_normal_score,dataset_3,dataset_1,0
662335f7673cfaca,662335f7673cfaca_inj_latency_v2,1.4791853427886963,1.4791853427886963,0.0,False,662335f7673cfaca_inj_latency_v2,662335f7673cfaca,getAllTravels,45,5,True,train_dataset_3_test_dataset_1_seed_0,Global Weighted Residual STV k=1 clip=5.0,0.7695167286245354,3,"['ts-admin-travel-service', 'ts-admin-travel-service', 'ts-travel-service']","['ts-admin-travel-service', 'ts-admin-travel-service -> ts-admin-travel-service', 'ts-admin-travel-service -> ts-admin-travel-service -> ts-travel-service']",True,1.4791853725910187,5.0,0.29583707451820374,1.61409330368042,3,3,pre_existing_high_normal_score,dataset_3,dataset_1,0
6928637dbfd47870,6928637dbfd47870_inj_latency_v2,1.6693696975708008,1.2482002973556519,-0.4211694002151489,False,6928637dbfd47870_inj_latency_v2,6928637dbfd47870,DELETE,2,1,True,train_dataset_3_test_dataset_1_seed_0,Global Weighted Residual STV k=1 clip=5.0,0.79182156133829,2,"['ts-admin-order-service', 'ts-admin-order-service']","['ts-admin-order-service', 'ts-admin-order-service -> ts-admin-order-service']",True,1.2482003442844332,2.1096077060612424,0.5916741490364075,1.3880892992019653,2,2,very_short_trace_limited_evidence,dataset_3,dataset_1,0
6d475f987bfc7f1b,6d475f987bfc7f1b_inj_latency_v2,0.6344089508056641,0.14586208760738373,-0.48854686319828033,False,6d475f987bfc7f1b_inj_latency_v2,6d475f987bfc7f1b,getAllAssuranceType,1,1,True,train_dataset_3_test_dataset_1_seed_0,Global Weighted Residual STV k=1 clip=5.0,0.45724907063197023,1,['ts-assurance-service'],['ts-assurance-service'],True,0.14586208049156354,0.30231141104391845,0.4824894964694977,2.1031463146209717,1,1,very_short_trace_limited_evidence,dataset_3,dataset_1,0
7138aef35d2116b2,7138aef35d2116b2_inj_latency_v2,0.42888888716697693,0.3513871729373932,-0.07750171422958374,False,7138aef35d2116b2_inj_latency_v2,7138aef35d2116b2,getAllAssuranceType,1,1,True,train_dataset_3_test_dataset_1_seed_0,Global Weighted Residual STV k=1 clip=5.0,0.31226765799256506,1,['ts-assurance-service'],['ts-assurance-service'],True,0.35138717559581045,0.7282794302611822,0.4824894964694977,2.1031463146209717,1,1,very_short_trace_limited_evidence,dataset_3,dataset_1,0
719911734c5b50e3,719911734c5b50e3_inj_latency_v2,1.86652410030365,1.86652410030365,0.0,False,719911734c5b50e3_inj_latency_v2,719911734c5b50e3,POST,2,1,True,train_dataset_3_test_dataset_1_seed_0,Global Weighted Residual STV k=1 clip=5.0,0.8996282527881041,2,"['ts-preserve-service', 'ts-preserve-service']","['ts-preserve-service -> ts-preserve-service', 'ts-preserve-service']",True,1.8665240705013275,5.0,0.3733048141002655,0.4828684628009796,2,2,very_short_trace_limited_evidence,dataset_3,dataset_1,0
71f75763df02f8f8,71f75763df02f8f8_inj_latency_v2,2.903510808944702,2.7427544593811035,-0.16075634956359863,False,71f75763df02f8f8_inj_latency_v2,71f75763df02f8f8,modifyTrain,3,2,True,train_dataset_3_test_dataset_1_seed_0,Global Weighted Residual STV k=1 clip=5.0,0.9925650557620818,3,"['ts-admin-basic-info-service', 'ts-admin-basic-info-service', 'ts-train-service']","['ts-admin-basic-info-service', 'ts-admin-basic-info-service -> ts-admin-basic-info-service', 'ts-admin-basic-info-service -> ts-admin-basic-info-service -> ts-train-service']",True,2.7427544548534954,2.7427544548534954,1.0,0.9930031895637512,3,3,pre_existing_high_normal_score,dataset_3,dataset_1,0
75028946369c8e64,75028946369c8e64_inj_latency_v2,1.4791853427886963,0.3722458481788635,-1.1069394946098328,False,75028946369c8e64_inj_latency_v2,75028946369c8e64,addTravel,2,1,True,train_dataset_3_test_dataset_1_seed_0,Global Weighted Residual STV k=1 clip=5.0,0.7695167286245354,2,"['ts-admin-travel-service', 'ts-admin-travel-service']","['ts-admin-travel-service', 'ts-admin-travel-service -> ts-admin-travel-service']",True,0.37224585571232194,1.2582799377615417,0.29583707451820374,1.61409330368042,2,2,very_short_trace_limited_evidence,dataset_3,dataset_1,0
7604967b0de191c2,7604967b0de191c2_inj_latency_v2,0.758538007736206,0.2791633605957031,-0.47937464714050293,False,7604967b0de191c2_inj_latency_v2,7604967b0de191c2,findContactsByAccountId,1,1,True,train_dataset_3_test_dataset_1_seed_0,Global Weighted Residual STV k=1 clip=5.0,0.5241635687732342,1,['ts-contacts-service'],['ts-contacts-service'],True,0.2791633616047126,0.5785895105435958,0.4824894964694977,1.5814039707183838,1,1,very_short_trace_limited_evidence,dataset_3,dataset_1,0
78628ba56ee0ded7,78628ba56ee0ded7_inj_latency_v2,1.0599383115768433,1.0599383115768433,0.0,False,78628ba56ee0ded7_inj_latency_v2,78628ba56ee0ded7,queryInfo,23,5,True,train_dataset_3_test_dataset_1_seed_0,Global Weighted Residual STV k=1 clip=5.0,0.6319702602230484,3,"['ts-travel2-service', 'ts-travel2-service', 'ts-travel2-service']","['ts-travel2-service', 'ts-travel2-service -> ts-travel2-service', 'ts-travel2-service -> ts-travel2-service']",True,0.3801112236668856,0.8770580145225797,0.4333934783935547,1.4082084894180298,2,2,score_unchanged_after_injection,dataset_3,dataset_1,0
7c0a1d34ed04f19b,7c0a1d34ed04f19b_inj_latency_v2,1.853987693786621,1.853987693786621,0.0,False,7c0a1d34ed04f19b_inj_latency_v2,7c0a1d34ed04f19b,queryInfo,23,5,True,train_dataset_3_test_dataset_1_seed_0,Global Weighted Residual STV k=1 clip=5.0,0.8104089219330854,3,"['ts-travel-service', 'ts-travel-service', 'ts-travel-service']","['ts-travel-service', 'ts-travel-service -> ts-travel-service', 'ts-travel-service -> ts-travel-service']",True,0.7956008963835064,1.232130973991313,0.6457113027572632,1.4769132137298584,2,2,pre_existing_high_normal_score,dataset_3,dataset_1,0
82a6b96f4d1faedb,82a6b96f4d1faedb_inj_latency_v2,0.6439481377601624,0.3937564194202423,-0.25019171833992004,False,82a6b96f4d1faedb_inj_latency_v2,82a6b96f4d1faedb,findContactsByAccountId,1,1,True,train_dataset_3_test_dataset_1_seed_0,Global Weighted Residual STV k=1 clip=5.0,0.4684014869888476,1,['ts-contacts-service'],['ts-contacts-service'],True,0.3937564255637616,0.8160932589102576,0.4824894964694977,1.5814039707183838,1,1,very_short_trace_limited_evidence,dataset_3,dataset_1,0
83008a72c1761c41,83008a72c1761c41_inj_latency_v2,2.619997978210449,2.619997978210449,0.0,False,83008a72c1761c41_inj_latency_v2,83008a72c1761c41,queryInfo,245,10,True,train_dataset_3_test_dataset_1_seed_0,Global Weighted Residual STV k=1 clip=5.0,0.9851301115241635,3,"['ts-travel-service', 'ts-travel-service', 'ts-ticketinfo-service']","['ts-travel-service', 'ts-travel-service -> ts-travel-service', 'ts-travel-service -> ts-travel-service -> ts-ticketinfo-service']",True,1.6243358925983689,2.5155760564547403,0.6457113027572632,1.5018562078475952,3,3,pre_existing_high_normal_score,dataset_3,dataset_1,0
83378a8faf0029c0,83378a8faf0029c0_inj_latency_v2,2.619997978210449,2.619997978210449,0.0,False,83378a8faf0029c0_inj_latency_v2,83378a8faf0029c0,queryInfo,97,10,True,train_dataset_3_test_dataset_1_seed_0,Global Weighted Residual STV k=1 clip=5.0,0.9851301115241635,3,"['ts-travel-service', 'ts-travel-service', 'ts-travel-service']","['ts-travel-service', 'ts-travel-service -> ts-travel-service', 'ts-travel-service -> ts-travel-service']",True,1.2058515531780678,1.8674778465684896,0.6457113027572632,1.4769132137298584,2,2,pre_existing_high_normal_score,dataset_3,dataset_1,0
894ecb51e2e30211,894ecb51e2e30211_inj_latency_v2,1.660712718963623,0.407929003238678,-1.252783715724945,False,894ecb51e2e30211_inj_latency_v2,894ecb51e2e30211,imageCode,1,1,True,train_dataset_3_test_dataset_1_seed_0,Global Weighted Residual STV k=1 clip=5.0,0.7881040892193308,1,['ts-verification-code-service'],['ts-verification-code-service'],True,0.4079290002838851,1.0927504411296447,0.3733048141002655,1.0134540796279907,1,1,very_short_trace_limited_evidence,dataset_3,dataset_1,0
8990ad9cb25f4484,8990ad9cb25f4484_inj_latency_v2,0.7648292779922485,0.48799458146095276,-0.2768346965312958,False,8990ad9cb25f4484_inj_latency_v2,8990ad9cb25f4484,imageCode,1,1,True,train_dataset_3_test_dataset_1_seed_0,Global Weighted Residual STV k=1 clip=5.0,0.5278810408921933,1,['ts-verification-code-service'],['ts-verification-code-service'],True,0.4879945793873185,1.3072281978561588,0.3733048141002655,1.0134540796279907,1,1,very_short_trace_limited_evidence,dataset_3,dataset_1,0
9503d78c0bb01d71,9503d78c0bb01d71_inj_latency_v2,1.3882803916931152,0.6983265280723572,-0.6899538636207581,False,9503d78c0bb01d71_inj_latency_v2,9503d78c0bb01d71,updateUser,3,2,True,train_dataset_3_test_dataset_1_seed_0,Global Weighted Residual STV k=1 clip=5.0,0.7286245353159851,3,"['ts-admin-user-service', 'ts-admin-user-service', 'ts-user-service']","['ts-admin-user-service', 'ts-admin-user-service -> ts-admin-user-service', 'ts-admin-user-service -> ts-admin-user-service -> ts-user-service']",True,0.6983265821503108,1.3326854061181157,0.5239995718002319,1.3818546533584595,3,3,uncategorized_distribution_or_ranking_effect,dataset_3,dataset_1,0
96dd564dd03cdfb7,96dd564dd03cdfb7_inj_latency_v2,1.7857948541641235,0.7296560406684875,-1.056138813495636,False,96dd564dd03cdfb7_inj_latency_v2,96dd564dd03cdfb7,DELETE,2,1,True,train_dataset_3_test_dataset_1_seed_0,Global Weighted Residual STV k=1 clip=5.0,0.7992565055762082,2,"['ts-admin-order-service', 'ts-admin-order-service']","['ts-admin-order-service', 'ts-admin-order-service -> ts-admin-order-service']",True,0.7296560929080835,1.2332059700367028,0.5916741490364075,1.3880892992019653,2,2,very_short_trace_limited_evidence,dataset_3,dataset_1,0
9a90f76616c9f378,9a90f76616c9f378_inj_latency_v2,1.7685353755950928,0.35750657320022583,-1.411028802394867,False,9a90f76616c9f378_inj_latency_v2,9a90f76616c9f378,queryOrdersForRefresh,3,2,True,train_dataset_3_test_dataset_1_seed_0,Global Weighted Residual STV k=1 clip=5.0,0.7955390334572491,3,"['ts-order-other-service', 'ts-order-other-service', 'ts-station-service']","['ts-order-other-service', 'ts-order-other-service -> ts-order-other-service', 'ts-order-other-service -> ts-order-other-service -> ts-station-service']",True,0.3575065512583081,0.682264968328262,0.5599572658538818,1.7693573236465454,3,3,pre_existing_high_normal_score,dataset_3,dataset_1,0
9cbb27dd65c9d85c,9cbb27dd65c9d85c_inj_latency_v2,0.3973143994808197,0.38296207785606384,-0.01435232162475586,False,9cbb27dd65c9d85c_inj_latency_v2,9cbb27dd65c9d85c,getAllAssuranceType,1,1,True,train_dataset_3_test_dataset_1_seed_0,Global Weighted Residual STV k=1 clip=5.0,0.2825278810408922,1,['ts-assurance-service'],['ts-assurance-service'],True,0.38296207486602896,0.7937210605997913,0.4824894964694977,2.1031463146209717,1,1,very_short_trace_limited_evidence,dataset_3,dataset_1,0
9de36229baf0c214,9de36229baf0c214_inj_latency_v2,1.86652410030365,1.86652410030365,0.0,False,9de36229baf0c214_inj_latency_v2,9de36229baf0c214,getAllFood,13,5,True,train_dataset_3_test_dataset_1_seed_0,Global Weighted Residual STV k=1 clip=5.0,0.8996282527881041,3,"['ts-food-service', 'ts-food-service', 'ts-food-map-service']","['ts-food-service', 'ts-food-service -> ts-food-service', 'ts-food-service -> ts-food-service -> ts-food-map-service']",True,0.7487744418838207,1.5518979114836693,0.4824894964694977,1.7953664064407349,3,3,pre_existing_high_normal_score,dataset_3,dataset_1,0
9fea5d3996d596f4,9fea5d3996d596f4_inj_latency_v2,1.4791853427886963,1.4791853427886963,0.0,False,9fea5d3996d596f4_inj_latency_v2,9fea5d3996d596f4,addTravel,3,2,True,train_dataset_3_test_dataset_1_seed_0,Global Weighted Residual STV k=1 clip=5.0,0.7695167286245354,3,"['ts-admin-travel-service', 'ts-admin-travel-service', 'ts-travel-service']","['ts-admin-travel-service', 'ts-admin-travel-service -> ts-admin-travel-service', 'ts-admin-travel-service -> ts-admin-travel-service -> ts-travel-service']",True,1.4791853725910187,5.0,0.29583707451820374,1.61409330368042,3,3,pre_existing_high_normal_score,dataset_3,dataset_1,0
a1b02600052d9098,a1b02600052d9098_inj_latency_v2,1.0616103410720825,1.0306192636489868,-0.030991077423095703,False,a1b02600052d9098_inj_latency_v2,a1b02600052d9098,findByOrderId,1,1,True,train_dataset_3_test_dataset_1_seed_0,Global Weighted Residual STV k=1 clip=5.0,0.6356877323420075,1,['ts-consign-service'],['ts-consign-service'],True,1.0306193055588182,1.3508615679947342,0.7629348039627075,1.240246057510376,1,1,very_short_trace_limited_evidence,dataset_3,dataset_1,0
a7b2313d89b8409b,a7b2313d89b8409b_inj_latency_v2,0.5838181376457214,0.45388785004615784,-0.1299302875995636,False,a7b2313d89b8409b_inj_latency_v2,a7b2313d89b8409b,findContactsByAccountId,1,1,True,train_dataset_3_test_dataset_1_seed_0,Global Weighted Residual STV k=1 clip=5.0,0.42379182156133827,1,['ts-contacts-service'],['ts-contacts-service'],True,0.45388785809060556,0.9407207025475626,0.4824894964694977,1.5814039707183838,1,1,very_short_trace_limited_evidence,dataset_3,dataset_1,0
a80f8db9f0088039,a80f8db9f0088039_inj_latency_v2,1.4791853427886963,0.6793069839477539,-0.7998783588409424,False,a80f8db9f0088039_inj_latency_v2,a80f8db9f0088039,addTravel,2,1,True,train_dataset_3_test_dataset_1_seed_0,Global Weighted Residual STV k=1 clip=5.0,0.7695167286245354,2,"['ts-admin-travel-service', 'ts-admin-travel-service']","['ts-admin-travel-service', 'ts-admin-travel-service -> ts-admin-travel-service']",True,0.6793069441789938,2.2962197868042873,0.29583707451820374,1.61409330368042,2,2,very_short_trace_limited_evidence,dataset_3,dataset_1,0
aac1f5c22552b054,aac1f5c22552b054_inj_latency_v2,2.1669673919677734,2.1669673919677734,0.0,False,aac1f5c22552b054_inj_latency_v2,aac1f5c22552b054,queryInfo,23,5,True,train_dataset_3_test_dataset_1_seed_0,Global Weighted Residual STV k=1 clip=5.0,0.9368029739776952,3,"['ts-travel2-service', 'ts-travel2-service', 'ts-ticketinfo-service']","['ts-travel2-service', 'ts-travel2-service -> ts-travel2-service', 'ts-travel2-service -> ts-travel2-service -> ts-ticketinfo-service']",True,0.3566307749432081,0.8228798833455446,0.4333934783935547,1.4082084894180298,3,3,pre_existing_high_normal_score,dataset_3,dataset_1,0
ae0fa6700adafee7,ae0fa6700adafee7_inj_latency_v2,2.0701043605804443,2.0701043605804443,0.0,False,ae0fa6700adafee7_inj_latency_v2,ae0fa6700adafee7,getAllFood,5,3,True,train_dataset_3_test_dataset_1_seed_0,Global Weighted Residual STV k=1 clip=5.0,0.9107806691449815,3,"['ts-food-service', 'ts-food-service', 'ts-food-map-service']","['ts-food-service', 'ts-food-service -> ts-food-service', 'ts-food-service -> ts-food-service -> ts-food-map-service']",True,0.4320588704282224,0.8954782924596506,0.4824894964694977,1.7953664064407349,3,3,pre_existing_high_normal_score,dataset_3,dataset_1,0
aef6b0308b854616,aef6b0308b854616_inj_latency_v2,1.86652410030365,1.86652410030365,0.0,False,aef6b0308b854616_inj_latency_v2,aef6b0308b854616,getAllFood,13,5,True,train_dataset_3_test_dataset_1_seed_0,Global Weighted Residual STV k=1 clip=5.0,0.8996282527881041,3,"['ts-food-service', 'ts-food-service', 'ts-station-service']","['ts-food-service', 'ts-food-service -> ts-food-service', 'ts-food-service -> ts-food-service -> ts-station-service']",True,1.8665240705013275,5.0,0.4824894964694977,1.7953664064407349,3,3,pre_existing_high_normal_score,dataset_3,dataset_1,0
b51267687f5439bb,b51267687f5439bb_inj_latency_v2,1.4791853427886963,1.4791853427886963,0.0,False,b51267687f5439bb_inj_latency_v2,b51267687f5439bb,addTravel,3,2,True,train_dataset_3_test_dataset_1_seed_0,Global Weighted Residual STV k=1 clip=5.0,0.7695167286245354,3,"['ts-admin-travel-service', 'ts-admin-travel-service', 'ts-travel-service']","['ts-admin-travel-service', 'ts-admin-travel-service -> ts-admin-travel-service', 'ts-admin-travel-service -> ts-admin-travel-service -> ts-travel-service']",True,1.4791853725910187,5.0,0.29583707451820374,1.61409330368042,3,3,pre_existing_high_normal_score,dataset_3,dataset_1,0
b619083d8ed1d0ff,b619083d8ed1d0ff_inj_latency_v2,1.86652410030365,1.86652410030365,0.0,False,b619083d8ed1d0ff_inj_latency_v2,b619083d8ed1d0ff,preserve,9,5,True,train_dataset_3_test_dataset_1_seed_0,Global Weighted Residual STV k=1 clip=5.0,0.8996282527881041,3,"['ts-preserve-service', 'ts-preserve-service', 'ts-security-service']","['ts-preserve-service', 'ts-preserve-service -> ts-preserve-service', 'ts-preserve-service -> ts-preserve-service -> ts-security-service']",True,1.8665240705013275,5.0,0.3733048141002655,0.4828684628009796,3,3,pre_existing_high_normal_score,dataset_3,dataset_1,0
b73c17fb8625163e,b73c17fb8625163e_inj_latency_v2,0.7478813529014587,0.03238440304994583,-0.7154969498515129,False,b73c17fb8625163e_inj_latency_v2,b73c17fb8625163e,getAllAssuranceType,1,1,True,train_dataset_3_test_dataset_1_seed_0,Global Weighted Residual STV k=1 clip=5.0,0.5130111524163569,1,['ts-assurance-service'],['ts-assurance-service'],True,0.03238440548422917,0.06711939994796647,0.4824894964694977,2.1031463146209717,1,1,very_short_trace_limited_evidence,dataset_3,dataset_1,0
bd358e28ee4d29ca,bd358e28ee4d29ca_inj_latency_v2,1.86652410030365,1.86652410030365,0.0,False,bd358e28ee4d29ca_inj_latency_v2,bd358e28ee4d29ca,preserve,141,17,True,train_dataset_3_test_dataset_1_seed_0,Global Weighted Residual STV k=1 clip=5.0,0.8996282527881041,3,"['ts-preserve-service', 'ts-preserve-service', 'ts-notification-service']","['ts-preserve-service', 'ts-preserve-service -> ts-preserve-service', 'ts-preserve-service -> ts-preserve-service -> ts-notification-service']",True,1.8665240705013275,5.0,0.3733048141002655,0.4828684628009796,3,3,pre_existing_high_normal_score,dataset_3,dataset_1,0
c2c6050836591363,c2c6050836591363_inj_latency_v2,2.361194610595703,1.8250550031661987,-0.5361396074295044,False,c2c6050836591363_inj_latency_v2,c2c6050836591363,deleteStation,3,2,True,train_dataset_3_test_dataset_1_seed_0,Global Weighted Residual STV k=1 clip=5.0,0.9553903345724907,3,"['ts-admin-basic-info-service', 'ts-admin-basic-info-service', 'ts-station-service']","['ts-admin-basic-info-service', 'ts-admin-basic-info-service -> ts-admin-basic-info-service', 'ts-admin-basic-info-service -> ts-admin-basic-info-service -> ts-station-service']",True,1.8250549870589907,1.8250549870589907,1.0,1.2619209289550781,3,3,pre_existing_high_normal_score,dataset_3,dataset_1,0
c585a0e8da5238a1,c585a0e8da5238a1_inj_latency_v2,1.4558792114257812,0.6923350095748901,-0.7635442018508911,False,c585a0e8da5238a1_inj_latency_v2,c585a0e8da5238a1,getAllUsers,3,2,True,train_dataset_3_test_dataset_1_seed_0,Global Weighted Residual STV k=1 clip=5.0,0.7360594795539034,3,"['ts-admin-user-service', 'ts-admin-user-service', 'ts-user-service']","['ts-admin-user-service', 'ts-admin-user-service -> ts-admin-user-service', 'ts-admin-user-service -> ts-admin-user-service -> ts-user-service']",True,0.6923350383385155,1.3212511528586883,0.5239995718002319,1.3818546533584595,3,3,uncategorized_distribution_or_ranking_effect,dataset_3,dataset_1,0
c5cde63b64110aae,c5cde63b64110aae_inj_latency_v2,0.46873536705970764,0.3115402162075043,-0.15719515085220337,False,c5cde63b64110aae_inj_latency_v2,c5cde63b64110aae,getAllAssuranceType,1,1,True,train_dataset_3_test_dataset_1_seed_0,Global Weighted Residual STV k=1 clip=5.0,0.3345724907063197,1,['ts-assurance-service'],['ts-assurance-service'],True,0.311540216745719,0.6456932617711693,0.4824894964694977,2.1031463146209717,1,1,very_short_trace_limited_evidence,dataset_3,dataset_1,0
c69540c0a0e238ec,c69540c0a0e238ec_inj_latency_v2,0.8951385021209717,0.35768362879753113,-0.5374548733234406,False,c69540c0a0e238ec_inj_latency_v2,c69540c0a0e238ec,imageCode,1,1,True,train_dataset_3_test_dataset_1_seed_0,Global Weighted Residual STV k=1 clip=5.0,0.5985130111524164,1,['ts-verification-code-service'],['ts-verification-code-service'],True,0.3576836532971907,0.9581544083734235,0.3733048141002655,1.0134540796279907,1,1,very_short_trace_limited_evidence,dataset_3,dataset_1,0
cbf9d27f7fc51e53,cbf9d27f7fc51e53_inj_latency_v2,1.4454299211502075,1.4454299211502075,0.0,False,cbf9d27f7fc51e53_inj_latency_v2,cbf9d27f7fc51e53,queryInfo,23,5,True,train_dataset_3_test_dataset_1_seed_0,Global Weighted Residual STV k=1 clip=5.0,0.7323420074349443,3,"['ts-travel2-service', 'ts-travel2-service', 'ts-travel2-service']","['ts-travel2-service', 'ts-travel2-service -> ts-travel2-service', 'ts-travel2-service -> ts-travel2-service']",True,0.09567483058309569,0.22075743026344197,0.4333934783935547,1.4082084894180298,2,2,score_unchanged_after_injection,dataset_3,dataset_1,0
cc3c4fa1c8c8dcd2,cc3c4fa1c8c8dcd2_inj_latency_v2,0.811911940574646,0.811911940574646,0.0,False,cc3c4fa1c8c8dcd2_inj_latency_v2,cc3c4fa1c8c8dcd2,getAllFood,13,5,True,train_dataset_3_test_dataset_1_seed_0,Global Weighted Residual STV k=1 clip=5.0,0.5650557620817844,3,"['ts-food-service', 'ts-food-service', 'ts-food-service']","['ts-food-service', 'ts-food-service -> ts-food-service', 'ts-food-service -> ts-food-service']",True,0.7802488610446681,1.6171312883574749,0.4824894964694977,1.7953664064407349,2,2,score_unchanged_after_injection,dataset_3,dataset_1,0
cefaab51f759c69a,cefaab51f759c69a_inj_latency_v2,1.86652410030365,1.86652410030365,0.0,False,cefaab51f759c69a_inj_latency_v2,cefaab51f759c69a,getAllFood,13,5,True,train_dataset_3_test_dataset_1_seed_0,Global Weighted Residual STV k=1 clip=5.0,0.8996282527881041,3,"['ts-food-service', 'ts-food-map-service', 'ts-food-service']","['ts-food-service', 'ts-food-service -> ts-food-service -> ts-food-map-service', 'ts-food-service -> ts-food-service']",True,0.6394325087143107,1.3252775726584853,0.4824894964694977,1.7953664064407349,3,3,pre_existing_high_normal_score,dataset_3,dataset_1,0
d2110a2c63cc9e7c,d2110a2c63cc9e7c_inj_latency_v2,0.8967041969299316,0.8967041969299316,0.0,False,d2110a2c63cc9e7c_inj_latency_v2,d2110a2c63cc9e7c,queryInfo,23,5,True,train_dataset_3_test_dataset_1_seed_0,Global Weighted Residual STV k=1 clip=5.0,0.6022304832713755,3,"['ts-travel-service', 'ts-travel-service', 'ts-travel-service']","['ts-travel-service', 'ts-travel-service -> ts-travel-service', 'ts-travel-service -> ts-travel-service']",True,0.8070804688581542,1.2499091550849826,0.6457113027572632,1.4769132137298584,2,2,score_unchanged_after_injection,dataset_3,dataset_1,0
d92af8df8dc53763,d92af8df8dc53763_inj_latency_v2,0.6407777667045593,0.13949301838874817,-0.5012847483158112,False,d92af8df8dc53763_inj_latency_v2,d92af8df8dc53763,getAllAssuranceType,1,1,True,train_dataset_3_test_dataset_1_seed_0,Global Weighted Residual STV k=1 clip=5.0,0.46096654275092935,1,['ts-assurance-service'],['ts-assurance-service'],True,0.1394930168710054,0.28911099182824174,0.4824894964694977,2.1031463146209717,1,1,very_short_trace_limited_evidence,dataset_3,dataset_1,0
db380a84928baafb,db380a84928baafb_inj_latency_v2,2.619997978210449,2.619997978210449,0.0,False,db380a84928baafb_inj_latency_v2,db380a84928baafb,queryInfo,97,10,True,train_dataset_3_test_dataset_1_seed_0,Global Weighted Residual STV k=1 clip=5.0,0.9851301115241635,3,"['ts-travel-service', 'ts-travel-service', 'ts-seat-service']","['ts-travel-service', 'ts-travel-service -> ts-travel-service', 'ts-travel-service -> ts-travel-service -> ts-seat-service']",True,1.1037194274951647,1.7093078946924933,0.6457113027572632,1.5566494464874268,3,3,pre_existing_high_normal_score,dataset_3,dataset_1,0
e3841fcaa38d0665,e3841fcaa38d0665_inj_latency_v2,0.5346167087554932,0.24565735459327698,-0.2889593541622162,False,e3841fcaa38d0665_inj_latency_v2,e3841fcaa38d0665,getAllAssuranceType,1,1,True,train_dataset_3_test_dataset_1_seed_0,Global Weighted Residual STV k=1 clip=5.0,0.3680297397769517,1,['ts-assurance-service'],['ts-assurance-service'],True,0.24565735019841134,0.5091454881317639,0.4824894964694977,2.1031463146209717,1,1,very_short_trace_limited_evidence,dataset_3,dataset_1,0
e4f2da2ca09a3673,e4f2da2ca09a3673_inj_latency_v2,1.8318299055099487,1.8318299055099487,0.0,False,e4f2da2ca09a3673_inj_latency_v2,e4f2da2ca09a3673,queryInfo,23,5,True,train_dataset_3_test_dataset_1_seed_0,Global Weighted Residual STV k=1 clip=5.0,0.8066914498141264,3,"['ts-travel-service', 'ts-travel-service', 'ts-route-service']","['ts-travel-service', 'ts-travel-service -> ts-travel-service', 'ts-travel-service -> ts-travel-service -> ts-route-service']",True,1.050376825134145,1.6266972881671924,0.6457113027572632,1.4769132137298584,3,3,pre_existing_high_normal_score,dataset_3,dataset_1,0
e54ba7abab054171,e54ba7abab054171_inj_latency_v2,2.9583706855773926,2.769052505493164,-0.18931818008422852,False,e54ba7abab054171_inj_latency_v2,e54ba7abab054171,getAllTrains,3,2,True,train_dataset_3_test_dataset_1_seed_0,Global Weighted Residual STV k=1 clip=5.0,0.9962825278810409,3,"['ts-admin-basic-info-service', 'ts-admin-basic-info-service', 'ts-train-service']","['ts-admin-basic-info-service', 'ts-admin-basic-info-service -> ts-admin-basic-info-service', 'ts-admin-basic-info-service -> ts-admin-basic-info-service -> ts-train-service']",True,2.7690526021290967,2.7690526021290967,1.0,0.9930031895637512,3,3,pre_existing_high_normal_score,dataset_3,dataset_1,0
e626a7c52a2ba305,e626a7c52a2ba305_inj_latency_v2,1.86652410030365,1.86652410030365,0.0,False,e626a7c52a2ba305_inj_latency_v2,e626a7c52a2ba305,getAllFood,13,5,True,train_dataset_3_test_dataset_1_seed_0,Global Weighted Residual STV k=1 clip=5.0,0.8996282527881041,3,"['ts-food-service', 'ts-food-map-service', 'ts-food-service']","['ts-food-service', 'ts-food-service -> ts-food-service -> ts-food-map-service', 'ts-food-service -> ts-food-service']",True,0.6177154911521159,1.2802672300062536,0.4824894964694977,1.7953664064407349,3,3,pre_existing_high_normal_score,dataset_3,dataset_1,0
e70e448729f24dfb,e70e448729f24dfb_inj_latency_v2,2.062251567840576,2.062251567840576,0.0,False,e70e448729f24dfb_inj_latency_v2,e70e448729f24dfb,queryInfo,103,10,True,train_dataset_3_test_dataset_1_seed_0,Global Weighted Residual STV k=1 clip=5.0,0.9070631970260223,3,"['ts-travel2-service', 'ts-travel2-service', 'ts-seat-service']","['ts-travel2-service', 'ts-travel2-service -> ts-travel2-service', 'ts-travel2-service -> ts-travel2-service -> ts-seat-service']",True,0.7146494371351311,1.6489621389414961,0.4333934783935547,1.1402493715286255,1,3,pre_existing_high_normal_score,dataset_3,dataset_1,0
e737ecef7579e257,e737ecef7579e257_inj_latency_v2,1.86652410030365,1.86652410030365,0.0,False,e737ecef7579e257_inj_latency_v2,e737ecef7579e257,getAllFood,13,5,True,train_dataset_3_test_dataset_1_seed_0,Global Weighted Residual STV k=1 clip=5.0,0.8996282527881041,3,"['ts-food-service', 'ts-food-map-service', 'ts-food-map-service']","['ts-food-service', 'ts-food-service -> ts-food-service -> ts-food-map-service', 'ts-food-service -> ts-food-service -> ts-food-map-service']",True,0.8236543735131269,1.7070928580622422,0.4824894964694977,1.6561945676803589,2,2,pre_existing_high_normal_score,dataset_3,dataset_1,0
e750ce963c7813fc,e750ce963c7813fc_inj_latency_v2,1.0685993432998657,0.8882381319999695,-0.18036121129989624,False,e750ce963c7813fc_inj_latency_v2,e750ce963c7813fc,queryInfo,23,5,True,train_dataset_3_test_dataset_1_seed_0,Global Weighted Residual STV k=1 clip=5.0,0.6431226765799256,3,"['ts-travel-service', 'ts-travel-service', 'ts-ticketinfo-service']","['ts-travel-service', 'ts-travel-service -> ts-travel-service', 'ts-travel-service -> ts-travel-service -> ts-ticketinfo-service']",True,0.8067918502576369,1.2494621773113477,0.6457113027572632,1.5018562078475952,3,3,high_train_variance_path,dataset_3,dataset_1,0
e96f63173dd4c697,e96f63173dd4c697_inj_latency_v2,1.86652410030365,1.86652410030365,0.0,False,e96f63173dd4c697_inj_latency_v2,e96f63173dd4c697,preserve,141,17,True,train_dataset_3_test_dataset_1_seed_0,Global Weighted Residual STV k=1 clip=5.0,0.8996282527881041,3,"['ts-preserve-service', 'ts-preserve-service', 'ts-notification-service']","['ts-preserve-service', 'ts-preserve-service -> ts-preserve-service', 'ts-preserve-service -> ts-preserve-service -> ts-notification-service']",True,1.8665240705013275,5.0,0.3733048141002655,0.4828684628009796,3,3,pre_existing_high_normal_score,dataset_3,dataset_1,0
f01f17547ea077bc,f01f17547ea077bc_inj_latency_v2,0.39735445380210876,0.3829220235347748,-0.014432430267333984,False,f01f17547ea077bc_inj_latency_v2,f01f17547ea077bc,getAllAssuranceType,1,1,True,train_dataset_3_test_dataset_1_seed_0,Global Weighted Residual STV k=1 clip=5.0,0.2862453531598513,1,['ts-assurance-service'],['ts-assurance-service'],True,0.3829220371262549,0.7936380790218149,0.4824894964694977,2.1031463146209717,1,1,very_short_trace_limited_evidence,dataset_3,dataset_1,0
f2b14a336dd8f964,f2b14a336dd8f964_inj_latency_v2,0.7248421907424927,0.5279820561408997,-0.19686013460159302,False,f2b14a336dd8f964_inj_latency_v2,f2b14a336dd8f964,imageCode,1,1,True,train_dataset_3_test_dataset_1_seed_0,Global Weighted Residual STV k=1 clip=5.0,0.4944237918215613,1,['ts-verification-code-service'],['ts-verification-code-service'],True,0.5279820531744124,1.4143456854338938,0.3733048141002655,1.0134540796279907,1,1,very_short_trace_limited_evidence,dataset_3,dataset_1,0
f6e85be8f2770567,f6e85be8f2770567_inj_latency_v2,0.42158931493759155,0.35868674516677856,-0.06290256977081299,False,f6e85be8f2770567_inj_latency_v2,f6e85be8f2770567,getAllAssuranceType,1,1,True,train_dataset_3_test_dataset_1_seed_0,Global Weighted Residual STV k=1 clip=5.0,0.30855018587360594,1,['ts-assurance-service'],['ts-assurance-service'],True,0.3586867337915544,0.7434083776251285,0.4824894964694977,2.1031463146209717,1,1,very_short_trace_limited_evidence,dataset_3,dataset_1,0
fb5ef3c8b7578bb8,fb5ef3c8b7578bb8_inj_latency_v2,1.86652410030365,1.86652410030365,0.0,False,fb5ef3c8b7578bb8_inj_latency_v2,fb5ef3c8b7578bb8,getAllFood,13,5,True,train_dataset_3_test_dataset_1_seed_0,Global Weighted Residual STV k=1 clip=5.0,0.8996282527881041,3,"['ts-food-service', 'ts-food-service', 'ts-food-map-service']","['ts-food-service', 'ts-food-service -> ts-food-service', 'ts-food-service -> ts-food-service -> ts-food-map-service']",True,0.7262773628477975,1.5052708259188223,0.4824894964694977,1.7953664064407349,3,3,pre_existing_high_normal_score,dataset_3,dataset_1,0
fe99d73ec3c23775,fe99d73ec3c23775_inj_latency_v2,1.86652410030365,1.86652410030365,0.0,False,fe99d73ec3c23775_inj_latency_v2,fe99d73ec3c23775,getAllFood,13,5,True,train_dataset_3_test_dataset_1_seed_0,Global Weighted Residual STV k=1 clip=5.0,0.8996282527881041,3,"['ts-food-service', 'ts-food-service', 'ts-food-map-service']","['ts-food-service', 'ts-food-service -> ts-food-service', 'ts-food-service -> ts-food-service -> ts-food-map-service']",True,1.8217052201744894,3.775637052214369,0.4824894964694977,1.7953664064407349,3,3,pre_existing_high_normal_score,dataset_3,dataset_1,0
fecbbb74ea23e780,fecbbb74ea23e780_inj_latency_v2,2.619997978210449,2.619997978210449,0.0,False,fecbbb74ea23e780_inj_latency_v2,fecbbb74ea23e780,queryInfo,97,10,True,train_dataset_3_test_dataset_1_seed_0,Global Weighted Residual STV k=1 clip=5.0,0.9851301115241635,3,"['ts-travel-service', 'ts-travel-service', 'ts-ticketinfo-service']","['ts-travel-service', 'ts-travel-service -> ts-travel-service', 'ts-travel-service -> ts-travel-service -> ts-ticketinfo-service']",True,1.373264053118273,2.1267461902157727,0.6457113027572632,1.5018562078475952,3,3,pre_existing_high_normal_score,dataset_3,dataset_1,0
0b4cade05161e76c,0b4cade05161e76c_inj_latency_v2,1.9987787008285522,1.9987787008285522,0.0,False,0b4cade05161e76c_inj_latency_v2,0b4cade05161e76c,queryInfo,103,10,True,train_dataset_3_test_dataset_2_seed_0,Global Weighted Residual STV k=1 clip=5.0,0.9186046511627907,3,"['ts-travel2-service', 'ts-travel2-service', 'ts-seat-service']","['ts-travel2-service', 'ts-travel2-service -> ts-travel2-service', 'ts-travel2-service -> ts-travel2-service -> ts-seat-service']",True,1.101566562838904,2.5417239016194806,0.4333934783935547,1.5454957485198975,3,3,pre_existing_high_normal_score,dataset_3,dataset_2,0
5cc48d4250aa639c,5cc48d4250aa639c_inj_latency_v2,1.5384258031845093,1.5384258031845093,0.0,False,5cc48d4250aa639c_inj_latency_v2,5cc48d4250aa639c,queryInfo,23,5,True,train_dataset_3_test_dataset_2_seed_0,Global Weighted Residual STV k=1 clip=5.0,0.813953488372093,3,"['ts-travel-service', 'ts-travel-service', 'ts-travel-service']","['ts-travel-service', 'ts-travel-service -> ts-travel-service', 'ts-travel-service -> ts-travel-service']",True,0.7088084813796955,1.0977173209652673,0.6457113027572632,1.4769132137298584,2,2,pre_existing_high_normal_score,dataset_3,dataset_2,0
80a44ca087960a4c,80a44ca087960a4c_inj_latency_v2,0.8029356002807617,0.44988754391670227,-0.35304805636405945,False,80a44ca087960a4c_inj_latency_v2,80a44ca087960a4c,imageCode,1,1,True,train_dataset_3_test_dataset_2_seed_0,Global Weighted Residual STV k=1 clip=5.0,0.5930232558139535,1,['ts-verification-code-service'],['ts-verification-code-service'],True,0.44988753418956945,1.2051479573706614,0.3733048141002655,1.0134540796279907,1,1,very_short_trace_limited_evidence,dataset_3,dataset_2,0
82db15b7b3b1143f,82db15b7b3b1143f_inj_latency_v2,0.8823355436325073,0.3704865872859955,-0.5118489563465118,False,82db15b7b3b1143f_inj_latency_v2,82db15b7b3b1143f,imageCode,1,1,True,train_dataset_3_test_dataset_2_seed_0,Global Weighted Residual STV k=1 clip=5.0,0.627906976744186,1,['ts-verification-code-service'],['ts-verification-code-service'],True,0.370486586300603,0.9924505988318019,0.3733048141002655,1.0134540796279907,1,1,very_short_trace_limited_evidence,dataset_3,dataset_2,0
920554c20d7b1f41,920554c20d7b1f41_inj_latency_v2,0.6473630666732788,0.605461835861206,-0.041901230812072754,False,920554c20d7b1f41_inj_latency_v2,920554c20d7b1f41,imageCode,1,1,True,train_dataset_3_test_dataset_2_seed_0,Global Weighted Residual STV k=1 clip=5.0,0.5,1,['ts-verification-code-service'],['ts-verification-code-service'],True,0.6054618234143732,1.62189663927493,0.3733048141002655,1.0134540796279907,1,1,very_short_trace_limited_evidence,dataset_3,dataset_2,0
a009bc261fe13464,a009bc261fe13464_inj_latency_v2,1.86652410030365,1.86652410030365,0.0,False,a009bc261fe13464_inj_latency_v2,a009bc261fe13464,preserve,99,14,True,train_dataset_3_test_dataset_2_seed_0,Global Weighted Residual STV k=1 clip=5.0,0.9069767441860465,3,"['ts-preserve-service', 'ts-preserve-service', 'ts-travel-service']","['ts-preserve-service', 'ts-preserve-service -> ts-preserve-service', 'ts-preserve-service -> ts-preserve-service -> ts-travel-service']",True,1.8665240705013275,5.0,0.3733048141002655,0.4828684628009796,3,3,pre_existing_high_normal_score,dataset_3,dataset_2,0
be97183803c57d86,be97183803c57d86_inj_latency_v2,1.86652410030365,1.86652410030365,0.0,False,be97183803c57d86_inj_latency_v2,be97183803c57d86,preserve,9,5,True,train_dataset_3_test_dataset_2_seed_0,Global Weighted Residual STV k=1 clip=5.0,0.9069767441860465,3,"['ts-preserve-service', 'ts-preserve-service', 'ts-security-service']","['ts-preserve-service', 'ts-preserve-service -> ts-preserve-service', 'ts-preserve-service -> ts-preserve-service -> ts-security-service']",True,1.8665240705013275,5.0,0.3733048141002655,0.4828684628009796,3,3,pre_existing_high_normal_score,dataset_3,dataset_2,0
cae66fa51aff79d3,cae66fa51aff79d3_inj_latency_v2,1.86652410030365,1.86652410030365,0.0,False,cae66fa51aff79d3_inj_latency_v2,cae66fa51aff79d3,preserve,141,17,True,train_dataset_3_test_dataset_2_seed_0,Global Weighted Residual STV k=1 clip=5.0,0.9069767441860465,3,"['ts-preserve-service', 'ts-preserve-service', 'ts-notification-service']","['ts-preserve-service', 'ts-preserve-service -> ts-preserve-service', 'ts-preserve-service -> ts-preserve-service -> ts-notification-service']",True,1.8665240705013275,5.0,0.3733048141002655,0.4828684628009796,3,3,pre_existing_high_normal_score,dataset_3,dataset_2,0
d8b910dea0064d3a,d8b910dea0064d3a_inj_latency_v2,1.86652410030365,1.86652410030365,0.0,False,d8b910dea0064d3a_inj_latency_v2,d8b910dea0064d3a,preserve,141,17,True,train_dataset_3_test_dataset_2_seed_0,Global Weighted Residual STV k=1 clip=5.0,0.9069767441860465,3,"['ts-preserve-service', 'ts-preserve-service', 'ts-travel-service']","['ts-preserve-service', 'ts-preserve-service -> ts-preserve-service', 'ts-preserve-service -> ts-preserve-service -> ts-travel-service']",True,1.8665240705013275,5.0,0.3733048141002655,0.4828684628009796,3,3,pre_existing_high_normal_score,dataset_3,dataset_2,0
e67d3e28c0654d2e,e67d3e28c0654d2e_inj_latency_v2,1.86652410030365,1.86652410030365,0.0,False,e67d3e28c0654d2e_inj_latency_v2,e67d3e28c0654d2e,preserve,141,17,True,train_dataset_3_test_dataset_2_seed_0,Global Weighted Residual STV k=1 clip=5.0,0.9069767441860465,3,"['ts-preserve-service', 'ts-preserve-service', 'ts-travel-service']","['ts-preserve-service', 'ts-preserve-service -> ts-preserve-service', 'ts-preserve-service -> ts-preserve-service -> ts-travel-service']",True,1.8665240705013275,5.0,0.3733048141002655,0.4828684628009796,3,3,pre_existing_high_normal_score,dataset_3,dataset_2,0
f0e900d89fb9eb10,f0e900d89fb9eb10_inj_latency_v2,2.9583706855773926,1.8184758424758911,-1.1398948431015015,False,f0e900d89fb9eb10_inj_latency_v2,f0e900d89fb9eb10,modifyTrain,3,2,True,train_dataset_3_test_dataset_2_seed_0,Global Weighted Residual STV k=1 clip=5.0,0.9883720930232558,3,"['ts-admin-basic-info-service', 'ts-admin-basic-info-service', 'ts-train-service']","['ts-admin-basic-info-service', 'ts-admin-basic-info-service -> ts-admin-basic-info-service', 'ts-admin-basic-info-service -> ts-admin-basic-info-service -> ts-train-service']",True,1.818475899982226,1.818475899982226,1.0,0.9930031895637512,3,3,pre_existing_high_normal_score,dataset_3,dataset_2,0
f82e97d360466cc8,f82e97d360466cc8_inj_latency_v2,0.8014780879020691,0.8014780879020691,0.0,False,f82e97d360466cc8_inj_latency_v2,f82e97d360466cc8,preserve,149,18,True,train_dataset_3_test_dataset_2_seed_0,Global Weighted Residual STV k=1 clip=5.0,0.5813953488372093,3,"['ts-preserve-other-service', 'ts-preserve-other-service', 'ts-travel2-service']","['ts-preserve-other-service', 'ts-preserve-other-service -> ts-preserve-other-service', 'ts-preserve-other-service -> ts-preserve-other-service -> ts-travel2-service']",True,0.6345869617870363,3.3998327255249023,0.18665240705013275,1.0,3,3,score_unchanged_after_injection,dataset_3,dataset_2,0
fdc58f05e72ad139,fdc58f05e72ad139_inj_latency_v2,0.999715268611908,0.2531050741672516,-0.7466101944446564,False,fdc58f05e72ad139_inj_latency_v2,fdc58f05e72ad139,imageCode,1,1,True,train_dataset_3_test_dataset_2_seed_0,Global Weighted Residual STV k=1 clip=5.0,0.7093023255813954,1,['ts-verification-code-service'],['ts-verification-code-service'],True,0.25310505581283466,0.6780117647902968,0.3733048141002655,1.0134540796279907,1,1,very_short_trace_limited_evidence,dataset_3,dataset_2,0
