dataset,seed,missing_policy,method,complexity_measure,n,pearson_r,pearson_p,spearman_rho,spearman_p
dataset_1,0,sentinel,Raw STV + IF,num_services,95,0.9545284084348967,1.1341411323154398e-50,0.8776773976753046,1.8377272113102963e-31
dataset_1,0,sentinel,Raw STV + IF,num_spans,95,0.8353503531018549,6.694439867554797e-26,0.8925559300586517,6.273154392140901e-34
dataset_1,0,sentinel,Raw STV + IF,num_observed_stv_features,95,0.9545449269148817,1.1155600817173436e-50,0.8856340476463047,9.718454865646266e-33
dataset_1,0,sentinel,Raw STV + IF,total_duration,95,0.7960645018804854,5.374832644845197e-22,0.7307812106244436,4.236442225842193e-17
dataset_1,0,sentinel,Raw STV + IF,max_span_duration,95,0.6326246740500849,6.1039283157912515e-12,0.6158691723519398,3.083343567021554e-11
dataset_1,0,sentinel,Raw STV + IF,mean_span_duration,95,-0.041086967387795346,0.6925980622201882,0.23812506798069935,0.02013815634977846
dataset_1,0,sentinel,Raw STV + LOF,num_services,95,0.9077448998455587,7.478992316667709e-37,0.6824498928962565,2.6178346465655558e-14
dataset_1,0,sentinel,Raw STV + LOF,num_spans,95,0.7299482421707648,4.7878751556215026e-17,0.7104757398663174,7.394214614581388e-16
dataset_1,0,sentinel,Raw STV + LOF,num_observed_stv_features,95,0.9154248118927751,1.5709228440114955e-38,0.6959283605599045,4.955123086965815e-15
dataset_1,0,sentinel,Raw STV + LOF,total_duration,95,0.7277299332889121,6.617769064127047e-17,0.7838493275850332,5.940333919745815e-21
dataset_1,0,sentinel,Raw STV + LOF,max_span_duration,95,0.6397727719671119,2.9674684567797104e-12,0.7536420550230041,1.2219518872305657e-18
dataset_1,0,sentinel,Raw STV + LOF,mean_span_duration,95,0.040230605056800664,0.6986931076733539,0.41726069870320825,2.5916348424404187e-05
dataset_1,0,sentinel,Raw STV + OCSVM,num_services,95,0.496821148909967,3.0396843218589506e-07,0.8187429588861714,3.901592569061943e-24
dataset_1,0,sentinel,Raw STV + OCSVM,num_spans,95,0.30242244122385076,0.002894653425161585,0.8316398631061711,1.7249260082231795e-25
dataset_1,0,sentinel,Raw STV + OCSVM,num_observed_stv_features,95,0.4354096624456503,1.0348170159421885e-05,0.8257344833653184,7.426164635612168e-25
dataset_1,0,sentinel,Raw STV + OCSVM,total_duration,95,0.3586386576341463,0.00035862876153793676,0.7399916013437849,1.0615976965786737e-17
dataset_1,0,sentinel,Raw STV + OCSVM,max_span_duration,95,0.43711163078672055,9.468618480361902e-06,0.6074048152295632,6.742431691069629e-11
dataset_1,0,sentinel,Raw STV + OCSVM,mean_span_duration,95,0.180703865821101,0.0797008638944492,0.36058230683090703,0.0003312577414629427
dataset_1,0,sentinel,Residual STV + IF,num_services,95,0.8696114135202527,2.9568030368095335e-30,0.6656787115480083,1.8421123165027227e-13
dataset_1,0,sentinel,Residual STV + IF,num_spans,95,0.6676229273426464,1.4787020456361667e-13,0.6969759234106393,4.3371571596881816e-15
dataset_1,0,sentinel,Residual STV + IF,num_observed_stv_features,95,0.938098143858644,1.3208565374445146e-44,0.6797089123329254,3.6328986248784226e-14
dataset_1,0,sentinel,Residual STV + IF,total_duration,95,0.6388470362289647,3.261457267710949e-12,0.508061070986408,1.4746208492873286e-07
dataset_1,0,sentinel,Residual STV + IF,max_span_duration,95,0.5007736117410677,2.363965190804491e-07,0.41175736658929973,3.388565127894104e-05
dataset_1,0,sentinel,Residual STV + IF,mean_span_duration,95,-0.06737175476026344,0.5165301898258989,0.04271965988251758,0.6810319540841312
dataset_1,0,sentinel,Residual STV + LOF,num_services,95,0.6637798278200946,2.279520843006874e-13,0.6237645565294271,1.4547886348020812e-11
dataset_1,0,sentinel,Residual STV + LOF,num_spans,95,0.46375636470244874,2.2107072364875507e-06,0.6499764110205676,1.0252494984064279e-12
dataset_1,0,sentinel,Residual STV + LOF,num_observed_stv_features,95,0.7282967931716552,6.094278484269103e-17,0.6278589504390035,9.77201366361741e-12
dataset_1,0,sentinel,Residual STV + LOF,total_duration,95,0.5565078295246983,4.749305889444154e-09,0.5715365557188674,1.4574601989666338e-09
dataset_1,0,sentinel,Residual STV + LOF,max_span_duration,95,0.6266809369321187,1.096390293947481e-11,0.5080138300305936,1.4791916541131698e-07
dataset_1,0,sentinel,Residual STV + LOF,mean_span_duration,95,0.248420666277924,0.01520607578400202,0.20420218650077976,0.04715152550515713
dataset_1,0,sentinel,Residual STV + OCSVM,num_services,95,0.513000215444688,1.0642096614034393e-07,0.5926262479294492,2.5040579632831806e-10
dataset_1,0,sentinel,Residual STV + OCSVM,num_spans,95,0.42330602297993936,1.9199975662628983e-05,0.6192059509483541,2.250429335991949e-11
dataset_1,0,sentinel,Residual STV + OCSVM,num_observed_stv_features,95,0.47970909886932855,8.710517489615e-07,0.5975284001401044,1.6324443565372645e-10
dataset_1,0,sentinel,Residual STV + OCSVM,total_duration,95,0.48812677830335816,5.226790341301129e-07,0.5506858902575588,7.389552720888111e-09
dataset_1,0,sentinel,Residual STV + OCSVM,max_span_duration,95,0.5773809657341793,9.058118502596594e-10,0.48877379619260913,5.022727517564099e-07
dataset_1,0,sentinel,Residual STV + OCSVM,mean_span_duration,95,0.2997334374319673,0.0031681912523585896,0.2140257558790594,0.03728338867337581
dataset_1,0,sentinel,Max-Z Residual STV,num_services,95,0.30575032450475814,0.0025855873058389972,0.47143973046388016,1.419915833418456e-06
dataset_1,0,sentinel,Max-Z Residual STV,num_spans,95,0.20684562288588754,0.04430446839315403,0.49453731911507226,3.5099121402438804e-07
dataset_1,0,sentinel,Max-Z Residual STV,num_observed_stv_features,95,0.3211090047493281,0.001509664042854012,0.4729473612780019,1.3001234055395548e-06
dataset_1,0,sentinel,Max-Z Residual STV,total_duration,95,0.32325701562001286,0.0013970707508509745,0.43428291560149324,1.0972071139655782e-05
dataset_1,0,sentinel,Max-Z Residual STV,max_span_duration,95,0.5272566187331972,4.030263633941481e-08,0.3830895228814255,0.00012725007949452818
dataset_1,0,sentinel,Max-Z Residual STV,mean_span_duration,95,0.41878324578866066,2.4043546538469877e-05,0.18993490632372953,0.06524596049383238
dataset_1,0,sentinel,WR-STV k=1,num_services,95,0.2722737433325457,0.0076010751985130885,0.4331810392999959,1.1616226582803237e-05
dataset_1,0,sentinel,WR-STV k=1,num_spans,95,0.16989830267378214,0.09975712878295608,0.45064263330502563,4.5930687257815455e-06
dataset_1,0,sentinel,WR-STV k=1,num_observed_stv_features,95,0.2767294886091733,0.006632570566336913,0.43542113136983246,1.0341994426885094e-05
dataset_1,0,sentinel,WR-STV k=1,total_duration,95,0.24003456682975438,0.01913143778123708,0.3432052883744712,0.0006618675970560281
dataset_1,0,sentinel,WR-STV k=1,max_span_duration,95,0.385918659819656,0.0001122696342718271,0.2861292207787004,0.004939603527998756
dataset_1,0,sentinel,WR-STV k=1,mean_span_duration,95,0.31959554861961476,0.0015938665812755565,0.09777469826032104,0.3458676180467095
dataset_2,0,sentinel,Raw STV + IF,num_services,31,0.8571595971020484,7.458686575142293e-10,0.7100508432864671,7.675813375511987e-06
dataset_2,0,sentinel,Raw STV + IF,num_spans,31,0.8159641680970655,2.2216818044904765e-08,0.6940650083901811,1.4883164928583824e-05
dataset_2,0,sentinel,Raw STV + IF,num_observed_stv_features,31,0.9657536948340737,1.5459543091145458e-18,0.9430142968072742,2.1491113245680494e-15
dataset_2,0,sentinel,Raw STV + IF,total_duration,31,0.7862411296597321,1.5855837945461426e-07,0.555892029322809,0.0011669222845859199
dataset_2,0,sentinel,Raw STV + IF,max_span_duration,31,0.5618206757691487,0.0010057380152009156,0.4761906312892303,0.006769951272242477
dataset_2,0,sentinel,Raw STV + IF,mean_span_duration,31,0.007925645574729578,0.9662473574868858,0.33212278775511567,0.0679408725587421
dataset_2,0,sentinel,Raw STV + LOF,num_services,31,0.90687172270527,2.102899886400538e-12,0.5512896692227235,0.0013071932906577489
dataset_2,0,sentinel,Raw STV + LOF,num_spans,31,0.8471428462329684,1.8624471249212795e-09,0.5365315349810414,0.0018610982646336159
dataset_2,0,sentinel,Raw STV + LOF,num_observed_stv_features,31,0.9751898841986838,1.5333291456480108e-20,0.6614388457791088,5.090245435230271e-05
dataset_2,0,sentinel,Raw STV + LOF,total_duration,31,0.8315519329753494,6.850003893311964e-09,0.5619315768943017,0.0010029188582680371
dataset_2,0,sentinel,Raw STV + LOF,max_span_duration,31,0.6146441047159705,0.0002342901346718627,0.5208996983331989,0.002660154261161193
dataset_2,0,sentinel,Raw STV + LOF,mean_span_duration,31,0.08276194319089976,0.6580380664514148,0.4492990702440748,0.011224779684775974
dataset_2,0,sentinel,Raw STV + OCSVM,num_services,31,0.5132115911014596,0.0031518161493094723,0.6906684099016982,1.7039934814556253e-05
dataset_2,0,sentinel,Raw STV + OCSVM,num_spans,31,0.31617922848237895,0.08312453644356205,0.6725531141425257,3.405526968162251e-05
dataset_2,0,sentinel,Raw STV + OCSVM,num_observed_stv_features,31,0.4978491451212433,0.004372836071809736,0.9295268505767516,4.284862317668029e-14
dataset_2,0,sentinel,Raw STV + OCSVM,total_duration,31,0.5000187187297239,0.004178998204139348,0.6054861323610589,0.00030721508995995925
dataset_2,0,sentinel,Raw STV + OCSVM,max_span_duration,31,0.44198646414061216,0.012793776030396723,0.5377168650481623,0.001810096479028814
dataset_2,0,sentinel,Raw STV + OCSVM,mean_span_duration,31,0.2766505683921348,0.13191119443612517,0.44493751098883944,0.012139815417560672
dataset_2,0,sentinel,Residual STV + IF,num_services,31,0.8441729249449585,2.4128184680790694e-09,0.32820518570818286,0.07145427735524118
dataset_2,0,sentinel,Residual STV + IF,num_spans,31,0.8144663996744368,2.4731717586330214e-08,0.30109501207420764,0.09976672876118557
dataset_2,0,sentinel,Residual STV + IF,num_observed_stv_features,31,0.9854719571641158,6.9817779346523e-24,0.5651035808492246,0.00092516091005411
dataset_2,0,sentinel,Residual STV + IF,total_duration,31,0.6742792364885372,3.194614817193431e-05,0.1006103820666229,0.5902149302491217
dataset_2,0,sentinel,Residual STV + IF,max_span_duration,31,0.42188061241421887,0.01808082445758612,0.027181030638966677,0.8845963535497052
dataset_2,0,sentinel,Residual STV + IF,mean_span_duration,31,-0.05755882456822335,0.7584176230185995,-0.08884545835721942,0.634584379617827
dataset_2,0,sentinel,Residual STV + LOF,num_services,31,0.8324584426754509,6.37374283071639e-09,0.4960781605594798,0.004536732203992332
dataset_2,0,sentinel,Residual STV + LOF,num_spans,31,0.7241955666528895,4.115571627199862e-06,0.4796174224078243,0.0063292088268350356
dataset_2,0,sentinel,Residual STV + LOF,num_observed_stv_features,31,0.9052818952743704,2.659903576778614e-12,0.6112838459436416,0.0002590341118691384
dataset_2,0,sentinel,Residual STV + LOF,total_duration,31,0.7089470360582808,8.046103237948166e-06,0.32436954085056097,0.07502919942739154
dataset_2,0,sentinel,Residual STV + LOF,max_span_duration,31,0.5320994553879035,0.0020630331508598855,0.28169998154914677,0.12471822520878986
dataset_2,0,sentinel,Residual STV + LOF,mean_span_duration,31,0.12182857730190105,0.5138356785129725,0.11911076032480077,0.5233395657069955
dataset_2,0,sentinel,Residual STV + OCSVM,num_services,31,0.3744918765569204,0.03793001657835732,0.40234045926926937,0.024841129364912156
dataset_2,0,sentinel,Residual STV + OCSVM,num_spans,31,0.27574119476638853,0.1332383045242376,0.38156655541195444,0.034170980139199225
dataset_2,0,sentinel,Residual STV + OCSVM,num_observed_stv_features,31,0.4474368251987326,0.011608113651795033,0.6695721117661699,3.7993875680751266e-05
dataset_2,0,sentinel,Residual STV + OCSVM,total_duration,31,0.436558439037657,0.014073769455010996,0.16439739861406538,0.3768333987079403
dataset_2,0,sentinel,Residual STV + OCSVM,max_span_duration,31,0.32385252955574423,0.07552145763670115,0.10711045234855057,0.5662976747788516
dataset_2,0,sentinel,Residual STV + OCSVM,mean_span_duration,31,0.022514303447860942,0.904310449089216,-0.04377206809724195,0.8151330679715438
dataset_2,0,sentinel,Max-Z Residual STV,num_services,31,0.507189024654682,0.0035899235653395487,0.3605027269862971,0.046341209813980995
dataset_2,0,sentinel,Max-Z Residual STV,num_spans,31,0.40251628664100936,0.024772163160632524,0.3390851394271339,0.06203037943168591
dataset_2,0,sentinel,Max-Z Residual STV,num_observed_stv_features,31,0.5849006329636804,0.0005486735833940005,0.6333602210461203,0.00013108379321589804
dataset_2,0,sentinel,Max-Z Residual STV,total_duration,31,0.577724037031179,0.0006656280477467188,0.1516254290359611,0.41550404613717895
dataset_2,0,sentinel,Max-Z Residual STV,max_span_duration,31,0.45900163427249746,0.009395363762795102,0.09630536571258783,0.6062936365096012
dataset_2,0,sentinel,Max-Z Residual STV,mean_span_duration,31,0.1415877376141623,0.4473913096922862,-0.03896632197595272,0.8351364457140966
dataset_2,0,sentinel,WR-STV k=1,num_services,31,0.38885901481168844,0.030617694794161213,0.35062299779870715,0.05313069444448729
dataset_2,0,sentinel,WR-STV k=1,num_spans,31,0.3109890042316362,0.08859114000670319,0.32856587900805856,0.07112502375551893
dataset_2,0,sentinel,WR-STV k=1,num_observed_stv_features,31,0.49855528138039246,0.004308917712404507,0.625953736670372,0.0001656894775743232
dataset_2,0,sentinel,WR-STV k=1,total_duration,31,0.4337302373470925,0.014782002215558972,0.09388258921667365,0.6154231521136138
dataset_2,0,sentinel,WR-STV k=1,max_span_duration,31,0.3186587606462051,0.08060612745889548,0.03937011805860509,0.8334516148071592
dataset_2,0,sentinel,WR-STV k=1,mean_span_duration,31,0.09360355130539104,0.6164782892455349,-0.09024842447280243,0.6292234561070134
dataset_3,0,sentinel,Raw STV + IF,num_services,56,0.9872078414323492,9.531789182091102e-45,0.7808342219173225,1.2706825024938926e-12
dataset_3,0,sentinel,Raw STV + IF,num_spans,56,0.9762895825550837,1.4292152926501017e-37,0.8111598400705472,3.4678625380188975e-14
dataset_3,0,sentinel,Raw STV + IF,num_observed_stv_features,56,0.9770432941427258,6.031788850185684e-38,0.8111598400705472,3.4678625380188975e-14
dataset_3,0,sentinel,Raw STV + IF,total_duration,56,0.6560713097462331,4.044144659981254e-08,0.4999060135045253,8.752391344923973e-05
dataset_3,0,sentinel,Raw STV + IF,max_span_duration,56,0.6387613108981339,1.1752719638405555e-07,0.4015789744088447,0.0021577263152353704
dataset_3,0,sentinel,Raw STV + IF,mean_span_duration,56,0.18630807630241228,0.16918478174392726,0.17009860047938896,0.21007870301213397
dataset_3,0,sentinel,Raw STV + LOF,num_services,56,0.9720359457377201,1.1654746797338159e-35,0.5321025351341248,2.4362654755621342e-05
dataset_3,0,sentinel,Raw STV + LOF,num_spans,56,0.9538875721114654,6.773995358710755e-30,0.5635493826317888,6.119454696529346e-06
dataset_3,0,sentinel,Raw STV + LOF,num_observed_stv_features,56,0.9656666388777121,2.7381232704118908e-33,0.5635493826317888,6.119454696529346e-06
dataset_3,0,sentinel,Raw STV + LOF,total_duration,56,0.569236159083813,4.694070432125199e-06,0.5732960519767512,3.872675435502388e-06
dataset_3,0,sentinel,Raw STV + LOF,max_span_duration,56,0.5601699517102442,7.147359239657397e-06,0.5245747832959864,3.323923158815689e-05
dataset_3,0,sentinel,Raw STV + LOF,mean_span_duration,56,0.20092649038607024,0.13757740308499153,0.353639770424427,0.0075017500838117646
dataset_3,0,sentinel,Raw STV + OCSVM,num_services,56,0.5528194125669962,9.96075331678994e-06,0.8301779850985788,2.560275912172475e-15
dataset_3,0,sentinel,Raw STV + OCSVM,num_spans,56,0.46035153667044004,0.0003570602245896154,0.8347148503489624,1.3108258862377397e-15
dataset_3,0,sentinel,Raw STV + OCSVM,num_observed_stv_features,56,0.48050451987342635,0.00017820381939346927,0.8347148503489624,1.3108258862377397e-15
dataset_3,0,sentinel,Raw STV + OCSVM,total_duration,56,0.48039792313060864,0.00017888052809728137,0.6866028708133971,5.159728151958234e-09
dataset_3,0,sentinel,Raw STV + OCSVM,max_span_duration,56,0.5110772930067222,5.697996154682846e-05,0.5204374572795626,3.930573156424459e-05
dataset_3,0,sentinel,Raw STV + OCSVM,mean_span_duration,56,0.3059833503700761,0.021822961116224605,0.37539302802460695,0.004359644760543602
dataset_3,0,sentinel,Residual STV + IF,num_services,56,0.9661918162510242,1.8180562698280083e-33,0.4564473135186054,0.00040652887236490733
dataset_3,0,sentinel,Residual STV + IF,num_spans,56,0.9780389404073117,1.8450343863816108e-38,0.461578078040558,0.00034268846856428417
dataset_3,0,sentinel,Residual STV + IF,num_observed_stv_features,56,0.9497507189758282,6.534705241253256e-29,0.461578078040558,0.00034268846856428417
dataset_3,0,sentinel,Residual STV + IF,total_duration,56,0.617050545874387,4.091987875136176e-07,0.2554406592811375,0.05742213410159565
dataset_3,0,sentinel,Residual STV + IF,max_span_duration,56,0.6004898720638692,9.964872784469667e-07,0.21608686476466185,0.10970157027335177
dataset_3,0,sentinel,Residual STV + IF,mean_span_duration,56,0.1968965004376197,0.14581130112361568,0.10288059748051699,0.4505316367253488
dataset_3,0,sentinel,Residual STV + LOF,num_services,56,0.8596400206341752,2.2226234090971346e-17,0.5805576235954604,2.727588897428466e-06
dataset_3,0,sentinel,Residual STV + LOF,num_spans,56,0.8506603786459973,1.0510159402346995e-16,0.5654222288913792,5.610757373990235e-06
dataset_3,0,sentinel,Residual STV + LOF,num_observed_stv_features,56,0.8308619251265205,2.3174361865659693e-15,0.5654222288913792,5.610757373990235e-06
dataset_3,0,sentinel,Residual STV + LOF,total_duration,56,0.7728274631801667,2.9934083005599682e-12,0.28113465481886535,0.03582528510832677
dataset_3,0,sentinel,Residual STV + LOF,max_span_duration,56,0.7845663989680854,8.418381901406571e-13,0.24053315105946685,0.07414687577717136
dataset_3,0,sentinel,Residual STV + LOF,mean_span_duration,56,0.4483149829006392,0.0005300675606158333,0.0697881066302119,0.6092871305911839
dataset_3,0,sentinel,Residual STV + OCSVM,num_services,56,0.4455823258667969,0.0005786517859775967,0.5618783870287626,6.609189643304075e-06
dataset_3,0,sentinel,Residual STV + OCSVM,num_spans,56,0.38671831929487227,0.003238491791178108,0.5464660710345857,1.3187455478704782e-05
dataset_3,0,sentinel,Residual STV + OCSVM,num_observed_stv_features,56,0.3999645398492783,0.002257066014679641,0.5464660710345857,1.3187455478704782e-05
dataset_3,0,sentinel,Residual STV + OCSVM,total_duration,56,0.31623496374522003,0.017577583202012595,0.2559300026486671,0.05692973968872864
dataset_3,0,sentinel,Residual STV + OCSVM,max_span_duration,56,0.3576645584908988,0.006803576969542205,0.22195638851501662,0.10015841699116412
dataset_3,0,sentinel,Residual STV + OCSVM,mean_span_duration,56,0.43382828577779753,0.000836892218752154,0.051541458866745465,0.7059858710814748
dataset_3,0,sentinel,Max-Z Residual STV,num_services,56,0.4799351117590142,0.00018184590271515507,0.4720948087886339,0.00023940713329023702
dataset_3,0,sentinel,Max-Z Residual STV,num_spans,56,0.43391732235141073,0.0008345974667158322,0.4510324845607742,0.00048544533591630886
dataset_3,0,sentinel,Max-Z Residual STV,num_observed_stv_features,56,0.4427664946117929,0.0006328956639496027,0.4510324845607742,0.00048544533591630886
dataset_3,0,sentinel,Max-Z Residual STV,total_duration,56,0.4214917038484232,0.0012156451657870763,0.2016567214521392,0.13612348047761583
dataset_3,0,sentinel,Max-Z Residual STV,max_span_duration,56,0.47689393661950513,0.0002024753936166817,0.19337414735312058,0.15330351062479414
dataset_3,0,sentinel,Max-Z Residual STV,mean_span_duration,56,0.5933371173033354,1.4413880549909148e-06,0.047025854595254456,0.7307239511083343
dataset_3,0,sentinel,WR-STV k=1,num_services,56,0.3203438836236854,0.016085418193786533,0.45704456165907337,0.0003985793110901759
dataset_3,0,sentinel,WR-STV k=1,num_spans,56,0.30556758789706207,0.022012000571548205,0.4341549915971008,0.0008284997307589557
dataset_3,0,sentinel,WR-STV k=1,num_observed_stv_features,56,0.28107629254467653,0.0358653496618222,0.4341549915971008,0.0008284997307589557
dataset_3,0,sentinel,WR-STV k=1,total_duration,56,0.4221471494310382,0.0011921880654725445,0.14357975332217776,0.2911049598569146
dataset_3,0,sentinel,WR-STV k=1,max_span_duration,56,0.45757592054323754,0.00039162565508602453,0.06387778123283748,0.6399889030032608
dataset_3,0,sentinel,WR-STV k=1,mean_span_duration,56,0.4767569505629837,0.00020345302111944455,-0.025325540874014223,0.853014000151648
dataset_1,1,sentinel,Raw STV + IF,num_services,95,0.9537901716135561,2.3582867168264996e-50,0.9043033267612702,3.789980572325492e-36
dataset_1,1,sentinel,Raw STV + IF,num_spans,95,0.7578569837150712,6.091134996792574e-19,0.9274229640639043,1.686975652034466e-41
dataset_1,1,sentinel,Raw STV + IF,num_observed_stv_features,95,0.9415520791578628,9.903659405270804e-46,0.9291228888245969,5.82775506300961e-42
dataset_1,1,sentinel,Raw STV + IF,total_duration,95,0.7565834848297514,7.52832773437386e-19,0.694731907566391,5.765332761966599e-15
dataset_1,1,sentinel,Raw STV + IF,max_span_duration,95,0.5319854908031225,2.8914883338804103e-08,0.6079464142771622,6.417628174395575e-11
dataset_1,1,sentinel,Raw STV + IF,mean_span_duration,95,0.07237933344221431,0.4857762870174018,0.331120358983268,0.0010468805558492243
dataset_1,1,sentinel,Raw STV + LOF,num_services,95,0.8135446444166962,1.2797902384006344e-23,0.7120866434377839,5.946771521233977e-16
dataset_1,1,sentinel,Raw STV + LOF,num_spans,95,0.6354275451722684,4.610608969226497e-12,0.7726306752121282,4.7239537186891723e-20
dataset_1,1,sentinel,Raw STV + LOF,num_observed_stv_features,95,0.8015078663278307,1.746864208972476e-22,0.7622218541264559,2.917586583595072e-19
dataset_1,1,sentinel,Raw STV + LOF,total_duration,95,0.7587785780363131,5.22115157979625e-19,0.7694327496519345,8.349054201768394e-20
dataset_1,1,sentinel,Raw STV + LOF,max_span_duration,95,0.6261513559197875,1.1544251863055628e-11,0.7234999142898824,1.216123931625705e-16
dataset_1,1,sentinel,Raw STV + LOF,mean_span_duration,95,0.24049916716416708,0.01889314394781267,0.49082535503705454,4.42449616771008e-07
dataset_1,1,sentinel,Raw STV + OCSVM,num_services,95,0.56838204068471,1.876801984379465e-09,0.862170891273621,3.2706605490973866e-29
dataset_1,1,sentinel,Raw STV + OCSVM,num_spans,95,0.3036106628325116,0.002780687219888689,0.879229800296538,1.0526681510589842e-31
dataset_1,1,sentinel,Raw STV + OCSVM,num_observed_stv_features,95,0.5225990094550665,5.5620562992895685e-08,0.8882877592879171,3.472316891577142e-33
dataset_1,1,sentinel,Raw STV + OCSVM,total_duration,95,0.4639162665921079,2.190671286100033e-06,0.8049552071668532,8.418719739622696e-23
dataset_1,1,sentinel,Raw STV + OCSVM,max_span_duration,95,0.4629513003620956,2.314239868668604e-06,0.6847844344904815,1.974742308096645e-14
dataset_1,1,sentinel,Raw STV + OCSVM,mean_span_duration,95,0.27966563227997454,0.0060556262589199685,0.5380039193729004,1.880867303895929e-08
dataset_1,1,sentinel,Residual STV + IF,num_services,95,0.8814592626935948,4.6653024969093364e-32,0.7003769238821541,2.803323127734526e-15
dataset_1,1,sentinel,Residual STV + IF,num_spans,95,0.6999669296411984,2.9557113558255676e-15,0.7424593034699798,7.254498947150122e-18
dataset_1,1,sentinel,Residual STV + IF,num_observed_stv_features,95,0.8746739938449453,5.287560298550893e-31,0.73823629441055,1.388180603093814e-17
dataset_1,1,sentinel,Residual STV + IF,total_duration,95,0.612371810513711,4.2721255631735796e-11,0.5345597519000457,2.408149644298763e-08
dataset_1,1,sentinel,Residual STV + IF,max_span_duration,95,0.42672916033697955,1.615923440219292e-05,0.4719127406900568,1.3812514159067637e-06
dataset_1,1,sentinel,Residual STV + IF,mean_span_duration,95,0.019304197483243038,0.8526953223784064,0.17057535231528717,0.09839409657873996
dataset_1,1,sentinel,Residual STV + LOF,num_services,95,0.55420830607679,5.661097277411441e-09,0.5755530532170394,1.052150215325271e-09
dataset_1,1,sentinel,Residual STV + LOF,num_spans,95,0.3799606892463522,0.00014596304765661342,0.616068106126327,3.026312576406614e-11
dataset_1,1,sentinel,Residual STV + LOF,num_observed_stv_features,95,0.5186978075068451,7.257921004159433e-08,0.6089003695520918,5.881778241743664e-11
dataset_1,1,sentinel,Residual STV + LOF,total_duration,95,0.6159840114749057,3.0502961300385497e-11,0.4624935698057051,2.375129426237181e-06
dataset_1,1,sentinel,Residual STV + LOF,max_span_duration,95,0.6890019350408337,1.178753442009144e-14,0.4237885433824004,1.874108669041753e-05
dataset_1,1,sentinel,Residual STV + LOF,mean_span_duration,95,0.4706666514498926,1.485320090244277e-06,0.12288320956852802,0.2354785656235195
dataset_1,1,sentinel,Residual STV + OCSVM,num_services,95,0.5365538062203581,2.0878159881657137e-08,0.570660782435498,1.5638753680450525e-09
dataset_1,1,sentinel,Residual STV + OCSVM,num_spans,95,0.36510282198152866,0.0002748690194768985,0.6039161624711852,9.246311135359617e-11
dataset_1,1,sentinel,Residual STV + OCSVM,num_observed_stv_features,95,0.49935008045333495,2.5889569187766294e-07,0.5993133868947474,1.3944430364691867e-10
dataset_1,1,sentinel,Residual STV + OCSVM,total_duration,95,0.49376699352057335,3.683530030989918e-07,0.4296612541993281,1.3919843278637891e-05
dataset_1,1,sentinel,Residual STV + OCSVM,max_span_duration,95,0.5172109862852562,8.025656970774637e-08,0.3931830907054871,8.096696090177858e-05
dataset_1,1,sentinel,Residual STV + OCSVM,mean_span_duration,95,0.35355293002598354,0.00044038629480042124,0.08401455767077268,0.41824791384900484
dataset_1,1,sentinel,Max-Z Residual STV,num_services,95,0.33350088527732247,0.0009578619981575997,0.4501695337932994,4.713201415678543e-06
dataset_1,1,sentinel,Max-Z Residual STV,num_spans,95,0.19791815386781153,0.05453100803534852,0.4782150891086385,9.523513927412467e-07
dataset_1,1,sentinel,Max-Z Residual STV,num_observed_stv_features,95,0.2939949477287751,0.0038307853448142277,0.48002685133764683,8.546298891882315e-07
dataset_1,1,sentinel,Max-Z Residual STV,total_duration,95,0.36573325598925194,0.00026774965621418446,0.31786114221724526,0.0016955751437853109
dataset_1,1,sentinel,Max-Z Residual STV,max_span_duration,95,0.4962133395952778,3.158622695008549e-07,0.29953807390817466,0.003188939608635351
dataset_1,1,sentinel,Max-Z Residual STV,mean_span_duration,95,0.4432629271348189,6.840991093767725e-06,0.0280515117581187,0.7872787965866926
dataset_1,1,sentinel,WR-STV k=1,num_services,95,0.3159840082653126,0.0018122399792947178,0.3999370955245638,5.93384491459321e-05
dataset_1,1,sentinel,WR-STV k=1,num_spans,95,0.21650727843283535,0.03508460883238432,0.40401285563577555,4.903073890230837e-05
dataset_1,1,sentinel,WR-STV k=1,num_observed_stv_features,95,0.27979014084168274,0.006032175269872608,0.4183100654341904,2.4611562346024613e-05
dataset_1,1,sentinel,WR-STV k=1,total_duration,95,0.2387718509995434,0.01979218491913709,0.26630739081746924,0.009092192575414427
dataset_1,1,sentinel,WR-STV k=1,max_span_duration,95,0.3271130769990439,0.0012138796083882542,0.24419092945128779,0.0170887569219174
dataset_1,1,sentinel,WR-STV k=1,mean_span_duration,95,0.28634189604039034,0.0049062176154660245,-0.001791713325867861,0.9862513049611045
dataset_2,1,sentinel,Raw STV + IF,num_services,31,0.9151922233466478,5.717470012647543e-13,0.7756755369946522,2.9644775370229475e-07
dataset_2,1,sentinel,Raw STV + IF,num_spans,31,0.9521794217859386,1.7939013575524083e-16,0.7873471656927361,1.4820644524171533e-07
dataset_2,1,sentinel,Raw STV + IF,num_observed_stv_features,31,0.9364742077731002,9.954130897914595e-15,0.9348440381576275,1.4222010515998887e-14
dataset_2,1,sentinel,Raw STV + IF,total_duration,31,0.8339637255094237,5.649571576063409e-09,0.42460923200319955,0.017271694905390805
dataset_2,1,sentinel,Raw STV + IF,max_span_duration,31,0.6442337823261658,9.19021384086332e-05,0.30821990807643174,0.09161774280280563
dataset_2,1,sentinel,Raw STV + IF,mean_span_duration,31,-0.15929087595110603,0.3920352942789782,-0.034694911118551226,0.8530013262168151
dataset_2,1,sentinel,Raw STV + LOF,num_services,31,0.9834723681543251,4.471934944172383e-23,0.7168139926161426,5.723959158466023e-06
dataset_2,1,sentinel,Raw STV + LOF,num_spans,31,0.9734976463668061,3.948647007940085e-20,0.7128221927733149,6.813026645555899e-06
dataset_2,1,sentinel,Raw STV + LOF,num_observed_stv_features,31,0.9739245267636676,3.128781226969996e-20,0.8707241610423185,1.9226219349742212e-10
dataset_2,1,sentinel,Raw STV + LOF,total_duration,31,0.8607337762869887,5.290987541153055e-10,0.5549952371522199,0.0011931728386142455
dataset_2,1,sentinel,Raw STV + LOF,max_span_duration,31,0.6764847864616814,2.9422278930268304e-05,0.4746722901025532,0.006973426577540375
dataset_2,1,sentinel,Raw STV + LOF,mean_span_duration,31,-0.0960201824875239,0.6073652817109679,0.1610495269990805,0.38676056289399086
dataset_2,1,sentinel,Raw STV + OCSVM,num_services,31,0.5614344173009884,0.0010156111416667508,0.7247174113787437,4.019118253649335e-06
dataset_2,1,sentinel,Raw STV + OCSVM,num_spans,31,0.4277305452902043,0.016383216755760984,0.7056220151659701,9.261159260519247e-06
dataset_2,1,sentinel,Raw STV + OCSVM,num_observed_stv_features,31,0.47760661968669055,0.006584765748863566,0.8874953888413937,2.8671039390811502e-11
dataset_2,1,sentinel,Raw STV + OCSVM,total_duration,31,0.28623129766091554,0.11851366025503864,0.5046390083835341,0.0037906515205187352
dataset_2,1,sentinel,Raw STV + OCSVM,max_span_duration,31,0.20427714966369825,0.27033036781131997,0.39693427997553765,0.027039718218820966
dataset_2,1,sentinel,Raw STV + OCSVM,mean_span_duration,31,-0.00168167936753158,0.9928363633059507,0.14400969303990543,0.4395791674495979
dataset_2,1,sentinel,Residual STV + IF,num_services,31,0.7379334765039106,2.1645638036694306e-06,0.12919120709917825,0.48852407598795755
dataset_2,1,sentinel,Residual STV + IF,num_spans,31,0.6682537830430298,3.986250678138582e-05,0.07678049563891783,0.6814134883596046
dataset_2,1,sentinel,Residual STV + IF,num_observed_stv_features,31,0.8030964681798002,5.4170708801571956e-08,0.29854249732034166,0.10281552546192227
dataset_2,1,sentinel,Residual STV + IF,total_duration,31,0.6715280387031618,3.5366181762876736e-05,0.03176074725212458,0.865315331414123
dataset_2,1,sentinel,Residual STV + IF,max_span_duration,31,0.5341057396946263,0.001969381804537206,-0.010311930926014474,0.9560935729867999
dataset_2,1,sentinel,Residual STV + IF,mean_span_duration,31,-0.04791657495699299,0.7979727399263794,0.06599635792649264,0.7242856705002354
dataset_2,1,sentinel,Residual STV + LOF,num_services,31,0.8516630838430205,1.2425971648872813e-09,0.6778304962671065,2.7971839431203422e-05
dataset_2,1,sentinel,Residual STV + LOF,num_spans,31,0.7893417820918072,1.3108456118163598e-07,0.6804347367980306,2.534613922456116e-05
dataset_2,1,sentinel,Residual STV + LOF,num_observed_stv_features,31,0.8583673449465861,6.64851257928445e-10,0.8135094643015359,2.647236857791163e-08
dataset_2,1,sentinel,Residual STV + LOF,total_duration,31,0.7146654727626297,6.288784572804958e-06,0.5397491687180456,0.00172547670240634
dataset_2,1,sentinel,Residual STV + LOF,max_span_duration,31,0.5939370626099499,0.00042740473468636235,0.4493178654692671,0.011220965708405462
dataset_2,1,sentinel,Residual STV + LOF,mean_span_duration,31,0.022995584897314004,0.9022745402281341,0.15734235722208992,0.39792747864073696
dataset_2,1,sentinel,Residual STV + OCSVM,num_services,31,0.4653024908805369,0.008347654168016248,0.6360412643576924,0.0001202453183581339
dataset_2,1,sentinel,Residual STV + OCSVM,num_spans,31,0.4112416546333715,0.021541758517230884,0.6398868685584305,0.000106093443862572
dataset_2,1,sentinel,Residual STV + OCSVM,num_observed_stv_features,31,0.4502005298570539,0.011043075925052546,0.8108234203099008,3.197553069081447e-08
dataset_2,1,sentinel,Residual STV + OCSVM,total_duration,31,0.34011783991980465,0.06118913027970406,0.47901549096636964,0.006404807833495226
dataset_2,1,sentinel,Residual STV + OCSVM,max_span_duration,31,0.29364685764606135,0.10885864949337161,0.4023407283011547,0.02484102372021233
dataset_2,1,sentinel,Residual STV + OCSVM,mean_span_duration,31,0.10253040906663008,0.583104398867936,0.10855532187864655,0.5610417390345988
dataset_2,1,sentinel,Max-Z Residual STV,num_services,31,0.49038017440840104,0.00510027743895068,0.5133817211383974,0.003140142128427708
dataset_2,1,sentinel,Max-Z Residual STV,num_spans,31,0.4200478546748708,0.018641749645141717,0.5116792577244952,0.003258660422747392
dataset_2,1,sentinel,Max-Z Residual STV,num_observed_stv_features,31,0.47905700980985433,0.006399568735755713,0.7047928494357473,9.588891124761329e-06
dataset_2,1,sentinel,Max-Z Residual STV,total_duration,31,0.36780044407606205,0.04178517972730845,0.43044848667046065,0.015640835329621124
dataset_2,1,sentinel,Max-Z Residual STV,max_span_duration,31,0.3428824186669423,0.05898106887480882,0.37104822291442346,0.03987657588349211
dataset_2,1,sentinel,Max-Z Residual STV,mean_span_duration,31,0.19937136535030472,0.2822506959074633,0.17718366346406955,0.34031129954014827
dataset_2,1,sentinel,WR-STV k=1,num_services,31,0.21771550175509113,0.23937385030706113,0.4050779461948673,0.023785064036948543
dataset_2,1,sentinel,WR-STV k=1,num_spans,31,0.16069577840334542,0.3878182537152913,0.38658855054709296,0.031690204902440545
dataset_2,1,sentinel,WR-STV k=1,num_observed_stv_features,31,0.23844024542122538,0.19644402573768446,0.6089966797595764,0.00027717561162634647
dataset_2,1,sentinel,WR-STV k=1,total_duration,31,0.17775406552659068,0.33873386644372194,0.2829434351678347,0.12299223515303626
dataset_2,1,sentinel,WR-STV k=1,max_span_duration,31,0.2081872139947072,0.26106718944968227,0.23403464137453758,0.20508812229098394
dataset_2,1,sentinel,WR-STV k=1,mean_span_duration,31,0.2050823145106501,0.2684056589468212,0.11519839860404699,0.5371689266806948
dataset_3,1,sentinel,Raw STV + IF,num_services,56,0.9842994300054394,2.3198896611258516e-42,0.8219034225596568,8.263147609254107e-15
dataset_3,1,sentinel,Raw STV + IF,num_spans,56,0.9698034286248495,9.012264860837745e-35,0.8691161255303045,3.821929270089538e-18
dataset_3,1,sentinel,Raw STV + IF,num_observed_stv_features,56,0.978023482889398,1.88005245994905e-38,0.8708419275146124,2.732994182552216e-18
dataset_3,1,sentinel,Raw STV + IF,total_duration,56,0.6701319143852875,1.614257502034069e-08,0.6988651965785965,2.100819800929196e-09
dataset_3,1,sentinel,Raw STV + IF,max_span_duration,56,0.6505448870290015,5.727282722237339e-08,0.573113212903909,3.906585162587943e-06
dataset_3,1,sentinel,Raw STV + IF,mean_span_duration,56,0.1840558655491241,0.174490285364247,0.27618266596669566,0.03935929679905199
dataset_3,1,sentinel,Raw STV + LOF,num_services,56,0.968396691196868,3.026817796591872e-34,0.7439376293058507,5.0444389958775015e-11
dataset_3,1,sentinel,Raw STV + LOF,num_spans,56,0.9559885834953994,1.9756375147288388e-30,0.8126295810320167,2.865551420126826e-14
dataset_3,1,sentinel,Raw STV + LOF,num_observed_stv_features,56,0.9641452051615639,8.658986796814772e-33,0.7964160449523786,2.1542160566476711e-13
dataset_3,1,sentinel,Raw STV + LOF,total_duration,56,0.7050209180197137,1.3154163449641628e-09,0.7534695760820717,2.0734789516373024e-11
dataset_3,1,sentinel,Raw STV + LOF,max_span_duration,56,0.6931988118738528,3.1996546053225776e-09,0.6526028138855309,5.0354006314096384e-08
dataset_3,1,sentinel,Raw STV + LOF,mean_span_duration,56,0.24310890402064772,0.07100894060565763,0.3683263703434974,0.005221131508276463
dataset_3,1,sentinel,Raw STV + OCSVM,num_services,56,0.42979492532629654,0.0009470016237775946,0.7991926538847265,1.5450485252771895e-13
dataset_3,1,sentinel,Raw STV + OCSVM,num_spans,56,0.35007873109965465,0.008170720168918991,0.8660439986138178,6.862991388703621e-18
dataset_3,1,sentinel,Raw STV + OCSVM,num_observed_stv_features,56,0.4119485029571443,0.0016073810298686789,0.844226222717933,3.0097523459890124e-16
dataset_3,1,sentinel,Raw STV + OCSVM,total_duration,56,0.272204286627536,0.04240259377796244,0.7334746069498393,1.2812405204036244e-10
dataset_3,1,sentinel,Raw STV + OCSVM,max_span_duration,56,0.2987638898256923,0.025307692926904296,0.5806275220346631,2.7182895712271906e-06
dataset_3,1,sentinel,Raw STV + OCSVM,mean_span_duration,56,0.2533264824426442,0.05958919083896103,0.3582609892846326,0.006705099050174726
dataset_3,1,sentinel,Residual STV + IF,num_services,56,0.9275105859986076,9.716046648955932e-25,0.5205002231362534,3.920653348382105e-05
dataset_3,1,sentinel,Residual STV + IF,num_spans,56,0.9362793754346683,3.3491867679630394e-26,0.5537009444988257,9.576022115425742e-06
dataset_3,1,sentinel,Residual STV + IF,num_observed_stv_features,56,0.9133058701160347,1.0127161699559286e-22,0.5765116194128123,3.3193252288630056e-06
dataset_3,1,sentinel,Residual STV + IF,total_duration,56,0.8390004667288509,6.835017509786582e-16,0.3502609948057221,0.008135261570377191
dataset_3,1,sentinel,Residual STV + IF,max_span_duration,56,0.8181535208697098,1.3778511029833128e-14,0.284785895278605,0.03339151444890043
dataset_3,1,sentinel,Residual STV + IF,mean_span_duration,56,0.23627373342624927,0.07957660646955939,0.06704869126078868,0.623438474214323
dataset_3,1,sentinel,Residual STV + LOF,num_services,56,0.7791095433636037,1.5328366740595963e-12,0.3838975830155214,0.0034907578068979375
dataset_3,1,sentinel,Residual STV + LOF,num_spans,56,0.7264285812651191,2.3429823590829576e-10,0.44844876264170963,0.0005277868042516266
dataset_3,1,sentinel,Residual STV + LOF,num_observed_stv_features,56,0.8142006990296035,2.3325677673342745e-14,0.4424934335380911,0.0006383929699989204
dataset_3,1,sentinel,Residual STV + LOF,total_duration,56,0.534840805258891,2.171910654412924e-05,0.3176650260423224,0.01704540439361731
dataset_3,1,sentinel,Residual STV + LOF,max_span_duration,56,0.5449032241611949,1.4117588237342407e-05,0.2925295115476398,0.028682719627562137
dataset_3,1,sentinel,Residual STV + LOF,mean_span_duration,56,0.30442897829953686,0.022536805721414987,0.1065267042869883,0.4345552761170819
dataset_3,1,sentinel,Residual STV + OCSVM,num_services,56,0.41651815437303996,0.0014075696320138382,0.3838713833475852,0.003493180140052839
dataset_3,1,sentinel,Residual STV + OCSVM,num_spans,56,0.4107489144929085,0.0016638717219105616,0.4513921842427187,0.00047980134691862157
dataset_3,1,sentinel,Residual STV + OCSVM,num_observed_stv_features,56,0.41643700660733435,0.001410914289251458,0.45394337413368135,0.00044144731174729733
dataset_3,1,sentinel,Residual STV + OCSVM,total_duration,56,0.3413821232643052,0.01002650915332532,0.28238430580706303,0.034976284674238044
dataset_3,1,sentinel,Residual STV + OCSVM,max_span_duration,56,0.3645144225208816,0.005745218846385128,0.2511449865735051,0.06189388388511101
dataset_3,1,sentinel,Residual STV + OCSVM,mean_span_duration,56,0.24861056287889507,0.06466088747650565,0.05687333392192603,0.6771618344075678
dataset_3,1,sentinel,Max-Z Residual STV,num_services,56,0.42032317271742037,0.0012584941076300663,0.32362090286469875,0.01497421863685077
dataset_3,1,sentinel,Max-Z Residual STV,num_spans,56,0.39481395953462906,0.0026017665459628493,0.383338485569361,0.00354277371074033
dataset_3,1,sentinel,Max-Z Residual STV,num_observed_stv_features,56,0.4408452289788422,0.0006725011532764989,0.39740404275874763,0.002422983100066189
dataset_3,1,sentinel,Max-Z Residual STV,total_duration,56,0.29576394380980037,0.02688752526301219,0.20542794832423772,0.12879774794945056
dataset_3,1,sentinel,Max-Z Residual STV,max_span_duration,56,0.32961953407175176,0.013109811464850542,0.18245830085770068,0.17832615157298665
dataset_3,1,sentinel,Max-Z Residual STV,mean_span_duration,56,0.2881293437224275,0.03128503371980842,0.012852064653895738,0.9251006655615905
dataset_3,1,sentinel,WR-STV k=1,num_services,56,0.2677546427317656,0.04603284553789944,0.3828308657698984,0.0035905926204081425
dataset_3,1,sentinel,WR-STV k=1,num_spans,56,0.23327798469991412,0.08358015920512885,0.4238441506141703,0.0011333321131863357
dataset_3,1,sentinel,WR-STV k=1,num_observed_stv_features,56,0.27449871395461123,0.040624695836084954,0.44810124672942137,0.0005337299837355568
dataset_3,1,sentinel,WR-STV k=1,total_duration,56,0.23625312216246325,0.07960362432672895,0.2127659582235522,0.11540201102489889
dataset_3,1,sentinel,WR-STV k=1,max_span_duration,56,0.2706540279945521,0.043639681944468024,0.15131163004910292,0.2656233558752361
dataset_3,1,sentinel,WR-STV k=1,mean_span_duration,56,0.2553598708394746,0.05750375626595804,0.024574895415700248,0.8573245173759599
dataset_1,2,sentinel,Raw STV + IF,num_services,95,0.9630689275667691,8.664518386440271e-55,0.9322759334735297,7.552087726612575e-43
dataset_1,2,sentinel,Raw STV + IF,num_spans,95,0.9453623478340654,4.702119670946644e-47,0.9351282914142306,1.0903933141319948e-43
dataset_1,2,sentinel,Raw STV + IF,num_observed_stv_features,95,0.9835798723451834,5.888261113491899e-71,0.9356453735463979,7.605550204350019e-44
dataset_1,2,sentinel,Raw STV + IF,total_duration,95,0.8239394236300019,1.144910994159907e-24,0.7067102938913201,1.2233579273524282e-15
dataset_1,2,sentinel,Raw STV + IF,max_span_duration,95,0.7522155957336105,1.5417280508007634e-18,0.5740022047737013,1.1938421858015018e-09
dataset_1,2,sentinel,Raw STV + IF,mean_span_duration,95,0.02416624788033049,0.8161813705352471,0.25569456356383985,0.012386676248853727
dataset_1,2,sentinel,Raw STV + LOF,num_services,95,0.9170948867190748,6.459757237160123e-39,0.741729776402488,8.122427501829363e-18
dataset_1,2,sentinel,Raw STV + LOF,num_spans,95,0.874071781658945,6.5142508994470484e-31,0.7599663308865975,4.2762380776303863e-19
dataset_1,2,sentinel,Raw STV + LOF,num_observed_stv_features,95,0.933227546323027,3.997633691365203e-43,0.7608512931709663,3.6824276202931103e-19
dataset_1,2,sentinel,Raw STV + LOF,total_duration,95,0.8546126535191477,3.2685252630486333e-28,0.8007727208925082,2.037315517960359e-22
dataset_1,2,sentinel,Raw STV + LOF,max_span_duration,95,0.8034086619732722,1.1701451883082653e-22,0.7595470083019824,4.589116093729114e-19
dataset_1,2,sentinel,Raw STV + LOF,mean_span_duration,95,0.14129058886387938,0.17201374908690875,0.4623229191412563,2.398214927422367e-06
dataset_1,2,sentinel,Raw STV + OCSVM,num_services,95,0.47778676902806233,9.76953049342109e-07,0.7956672695524113,5.826468831871734e-22
dataset_1,2,sentinel,Raw STV + OCSVM,num_spans,95,0.32283115876406626,0.0014187682567030067,0.8141479768936906,1.11710018808855e-23
dataset_1,2,sentinel,Raw STV + OCSVM,num_observed_stv_features,95,0.3776707777170911,0.0001612400053039534,0.8159811902717796,7.368110085891473e-24
dataset_1,2,sentinel,Raw STV + OCSVM,total_duration,95,0.33603613845641683,0.000870687277750195,0.7837486002239642,6.055264344963812e-21
dataset_1,2,sentinel,Raw STV + OCSVM,max_span_duration,95,0.3616996518740321,0.0003164069020370079,0.6632978723404255,2.4055892852146657e-13
dataset_1,2,sentinel,Raw STV + OCSVM,mean_span_duration,95,0.27880404143645754,0.006220131147362656,0.4754619260918253,1.1213302177670283e-06
dataset_1,2,sentinel,Residual STV + IF,num_services,95,0.9001517179652238,2.47824409482936e-35,0.7663143608055463,1.442175403966014e-19
dataset_1,2,sentinel,Residual STV + IF,num_spans,95,0.8934465708506124,4.3497782784074685e-34,0.7879298457988088,2.7095072082317923e-21
dataset_1,2,sentinel,Residual STV + IF,num_observed_stv_features,95,0.9614045414305602,6.479755352309673e-54,0.7889670412759778,2.213292038796095e-21
dataset_1,2,sentinel,Residual STV + IF,total_duration,95,0.8771490176991822,2.217666750761936e-31,0.48913717998771256,4.911457656574499e-07
dataset_1,2,sentinel,Residual STV + IF,max_span_duration,95,0.8055832509403091,7.358882787975663e-23,0.3811774016789165,0.0001384023077581352
dataset_1,2,sentinel,Residual STV + IF,mean_span_duration,95,0.05961627135210705,0.5660449289934621,0.025579369079259538,0.8056384309442384
dataset_1,2,sentinel,Residual STV + LOF,num_services,95,0.7056459297829277,1.408441242025652e-15,0.5678343907721978,1.9605002751089356e-09
dataset_1,2,sentinel,Residual STV + LOF,num_spans,95,0.6751556834850927,6.212891023322349e-14,0.5982074802088881,1.5376290678862232e-10
dataset_1,2,sentinel,Residual STV + LOF,num_observed_stv_features,95,0.7397063032624988,1.1090638156251821e-17,0.60052872912144,1.2518782436789188e-10
dataset_1,2,sentinel,Residual STV + LOF,total_duration,95,0.8306985071601524,2.1850766676949538e-25,0.4466327916561818,5.709694722712701e-06
dataset_1,2,sentinel,Residual STV + LOF,max_span_duration,95,0.8274263607598553,4.915721772267876e-25,0.34682736323895125,0.000574804872025637
dataset_1,2,sentinel,Residual STV + LOF,mean_span_duration,95,0.3112844280415401,0.0021367983940135606,0.11276753595080079,0.2765746076401492
dataset_1,2,sentinel,Residual STV + OCSVM,num_services,95,0.4305840703431563,1.3277599275408631e-05,0.5231554351602534,5.353430289690106e-08
dataset_1,2,sentinel,Residual STV + OCSVM,num_spans,95,0.3841230646710827,0.00012157476782182078,0.5522544292398877,6.565296978323652e-09
dataset_1,2,sentinel,Residual STV + OCSVM,num_observed_stv_features,95,0.3990281390335879,6.189714464602594e-05,0.5547247045004442,5.442808180428992e-09
dataset_1,2,sentinel,Residual STV + OCSVM,total_duration,95,0.333203521011883,0.0009685916368788151,0.36790313549832027,0.00024452510647879013
dataset_1,2,sentinel,Residual STV + OCSVM,max_span_duration,95,0.3553107481980352,0.00041036891046306436,0.2679591265397536,0.008655641355849179
dataset_1,2,sentinel,Residual STV + OCSVM,mean_span_duration,95,0.23165566281341926,0.02389396815008216,0.0557390817469205,0.591611170706279
dataset_1,2,sentinel,Max-Z Residual STV,num_services,95,0.3529522650569601,0.0004510970830638224,0.4136814928756655,3.0869902541759704e-05
dataset_1,2,sentinel,Max-Z Residual STV,num_spans,95,0.3238399392989199,0.0013678585784945413,0.4394435362035415,8.377098467509284e-06
dataset_1,2,sentinel,Max-Z Residual STV,num_observed_stv_features,95,0.3703464166904283,0.00022060727754564597,0.4422397527784282,7.2242142604905946e-06
dataset_1,2,sentinel,Max-Z Residual STV,total_duration,95,0.40506771683096215,4.664932442436592e-05,0.28320965949705856,0.005418788427311495
dataset_1,2,sentinel,Max-Z Residual STV,max_span_duration,95,0.43689126768098685,9.578402452658463e-06,0.19354433860308776,0.06020697881404573
dataset_1,2,sentinel,Max-Z Residual STV,mean_span_duration,95,0.3292384801702665,0.001122511034752138,0.03841199050635046,0.7117000012803767
dataset_1,2,sentinel,WR-STV k=1,num_services,95,0.2889795036986145,0.004508539372593082,0.4052712973645917,4.6202332179065087e-05
dataset_1,2,sentinel,WR-STV k=1,num_spans,95,0.27267729754654546,0.007508491737644821,0.4302042067482263,1.3538526975998884e-05
dataset_1,2,sentinel,WR-STV k=1,num_observed_stv_features,95,0.2939538768290629,0.003835943533558988,0.4327464563044375,1.1879913521463e-05
dataset_1,2,sentinel,WR-STV k=1,total_duration,95,0.3214623186994258,0.0014905968194073044,0.25384637123834186,0.013056044537750913
dataset_1,2,sentinel,WR-STV k=1,max_span_duration,95,0.3714372903244561,0.00021064254860884028,0.14905993314547059,0.14938957371555045
dataset_1,2,sentinel,WR-STV k=1,mean_span_duration,95,0.36009121711998854,0.00033798567450837945,-0.010870630484851646,0.9167295335214537
dataset_2,2,sentinel,Raw STV + IF,num_services,31,0.7910521570266379,1.1786365254877226e-07,0.42994075397036324,0.015777348481123984
dataset_2,2,sentinel,Raw STV + IF,num_spans,31,0.8572318565610798,7.407768015416784e-10,0.43272965890330406,0.01503957933156936
dataset_2,2,sentinel,Raw STV + IF,num_observed_stv_features,31,0.9533797299936188,1.2504890789842458e-16,0.9013753877952922,4.6578328875894104e-12
dataset_2,2,sentinel,Raw STV + IF,total_duration,31,0.4319159087877026,0.015251811276459986,0.25942072720449577,0.15874683718202745
dataset_2,2,sentinel,Raw STV + IF,max_span_duration,31,0.16033254022477172,0.3889060533469252,0.20305127012501423,0.2732779444198295
dataset_2,2,sentinel,Raw STV + IF,mean_span_duration,31,-0.01808481892952437,0.9230743492413763,0.05495516962587449,0.7690441510182
dataset_2,2,sentinel,Raw STV + LOF,num_services,31,0.8986387903138772,6.802783797077707e-12,0.4000252081924155,0.02576403648639958
dataset_2,2,sentinel,Raw STV + LOF,num_spans,31,0.9196487323522617,2.691318674140908e-13,0.4236459480680885,0.017553836751946002
dataset_2,2,sentinel,Raw STV + LOF,num_observed_stv_features,31,0.9570561208804697,3.8913450661417346e-17,0.7877413133600429,1.4466928702264383e-07
dataset_2,2,sentinel,Raw STV + LOF,total_duration,31,0.6785811914399559,2.7190957254953522e-05,0.4834693384385113,0.005863197760823299
dataset_2,2,sentinel,Raw STV + LOF,max_span_duration,31,0.39157514712182734,0.029373630114477512,0.48225153154068134,0.006007256343376367
dataset_2,2,sentinel,Raw STV + LOF,mean_span_duration,31,0.1381929186796314,0.4584661576364312,0.35844116359463096,0.04769753092104322
dataset_2,2,sentinel,Raw STV + OCSVM,num_services,31,0.6888332276346991,1.8318853217193664e-05,0.4712671833124187,0.0074487273239670125
dataset_2,2,sentinel,Raw STV + OCSVM,num_spans,31,0.6781070139287437,2.7681887805133068e-05,0.4925230936369581,0.004881686738572154
dataset_2,2,sentinel,Raw STV + OCSVM,num_observed_stv_features,31,0.8601194684341487,5.61640148532479e-10,0.9321084161258774,2.536456949524359e-14
dataset_2,2,sentinel,Raw STV + OCSVM,total_duration,31,0.5652739979341287,0.0009211372621587139,0.39353615658924224,0.0285012802006367
dataset_2,2,sentinel,Raw STV + OCSVM,max_span_duration,31,0.37773199335022933,0.03616909055305042,0.3078794161406597,0.09199526410097246
dataset_2,2,sentinel,Raw STV + OCSVM,mean_span_duration,31,0.19849253589463026,0.284421215681129,0.20727315023642842,0.26321380044565285
dataset_2,2,sentinel,Residual STV + IF,num_services,31,0.8599378791774746,5.716064275852511e-10,0.38280501179467047,0.03354507605626586
dataset_2,2,sentinel,Residual STV + IF,num_spans,31,0.9057485502576311,2.483701479486071e-12,0.33415340230571194,0.06617350318844034
dataset_2,2,sentinel,Residual STV + IF,num_observed_stv_features,31,0.953050343654301,1.38195276631137e-16,0.7561724267132985,8.656535017984621e-07
dataset_2,2,sentinel,Residual STV + IF,total_duration,31,0.5167223045163095,0.0029183560604251375,0.009637462782788653,0.9589628583312538
dataset_2,2,sentinel,Residual STV + IF,max_span_duration,31,0.21367532359128213,0.24842027424694477,-0.04982773311101367,0.7900901227461142
dataset_2,2,sentinel,Residual STV + IF,mean_span_duration,31,0.020343594016685628,0.9135001717308902,-0.16650254850264648,0.3706681669988183
dataset_2,2,sentinel,Residual STV + LOF,num_services,31,0.6331336659391399,0.00013203838115992715,0.48754308264693796,0.005402519160712397
dataset_2,2,sentinel,Residual STV + LOF,num_spans,31,0.5917036054453876,0.00045493335486277814,0.4926433293354094,0.0048696634001199335
dataset_2,2,sentinel,Residual STV + LOF,num_observed_stv_features,31,0.7300560667003135,3.1435865607671804e-06,0.867201437519843,2.772959960819154e-10
dataset_2,2,sentinel,Residual STV + LOF,total_duration,31,0.5372363793236307,0.0018306221637498057,0.3339810411944219,0.06632211202378635
dataset_2,2,sentinel,Residual STV + LOF,max_span_duration,31,0.3986766505904379,0.02631441303090929,0.2557074031245695,0.16500889725946605
dataset_2,2,sentinel,Residual STV + LOF,mean_span_duration,31,0.2624629811508649,0.1537448810038835,0.08780436602136289,0.6385743216586457
dataset_2,2,sentinel,Residual STV + OCSVM,num_services,31,0.3295786265065075,0.07020684581094527,0.45660164625624966,0.009822621125550119
dataset_2,2,sentinel,Residual STV + OCSVM,num_spans,31,0.29822609337385264,0.10319828176380079,0.4622804475364431,0.008837099738692853
dataset_2,2,sentinel,Residual STV + OCSVM,num_observed_stv_features,31,0.4965308255219549,0.004494347175005618,0.8780574157496912,8.658330186108933e-11
dataset_2,2,sentinel,Residual STV + OCSVM,total_duration,31,0.2954770272841362,0.10656913746736957,0.28969756085676246,0.11392442276072905
dataset_2,2,sentinel,Residual STV + OCSVM,max_span_duration,31,0.2764921565155474,0.13214167502730978,0.22181863446354616,0.23041443412683882
dataset_2,2,sentinel,Residual STV + OCSVM,mean_span_duration,31,0.2624834188392055,0.15371166653578294,0.07878803956355465,0.6735343593805143
dataset_2,2,sentinel,Max-Z Residual STV,num_services,31,0.4151456565644623,0.02021330727294732,0.3958961681017395,0.027479569470729416
dataset_2,2,sentinel,Max-Z Residual STV,num_spans,31,0.38309186906770065,0.03340143374402214,0.3997970361650464,0.02585649032745415
dataset_2,2,sentinel,Max-Z Residual STV,num_observed_stv_features,31,0.5723489880303049,0.0007670630684549876,0.8667894924598738,2.8923288717107016e-10
dataset_2,2,sentinel,Max-Z Residual STV,total_duration,31,0.36849973247505036,0.04136816961633015,0.2688281141242745,0.1436485595641695
dataset_2,2,sentinel,Max-Z Residual STV,max_span_duration,31,0.3044490656733326,0.0958649860736657,0.20890859471103257,0.25938119849994645
dataset_2,2,sentinel,Max-Z Residual STV,mean_span_duration,31,0.26606998235842144,0.14796263046931732,0.08664038617860653,0.6430469855161793
dataset_2,2,sentinel,WR-STV k=1,num_services,31,0.46390351939046626,0.008571297470309587,0.42113598182603174,0.018307010814502426
dataset_2,2,sentinel,WR-STV k=1,num_spans,31,0.42470585972047825,0.017243602053116577,0.40761798338252925,0.022838423764636948
dataset_2,2,sentinel,WR-STV k=1,num_observed_stv_features,31,0.6138892851019483,0.0002396578333000791,0.8871894035345158,2.976214661685205e-11
dataset_2,2,sentinel,WR-STV k=1,total_duration,31,0.3947664486398123,0.027964857151381355,0.18453823426207863,0.3203145099579968
dataset_2,2,sentinel,WR-STV k=1,max_span_duration,31,0.2879893417269303,0.11616920447794186,0.1067209065612021,0.5677185269532099
dataset_2,2,sentinel,WR-STV k=1,mean_span_duration,31,0.2259950033686834,0.22152983982200727,-0.02263776805843681,0.903788113786578
dataset_3,2,sentinel,Raw STV + IF,num_services,56,0.9766917120944602,9.051756991441316e-38,0.846133314392423,2.2144928841372907e-16
dataset_3,2,sentinel,Raw STV + IF,num_spans,56,0.9478125671436984,1.7708856645594818e-28,0.8453164057255922,2.526820462686393e-16
dataset_3,2,sentinel,Raw STV + IF,num_observed_stv_features,56,0.9786294867559406,8.90465732608279e-39,0.9165608932105613,3.7600894466573945e-23
dataset_3,2,sentinel,Raw STV + IF,total_duration,56,0.7892989724728144,4.93573928528138e-13,0.5339007768389284,2.259514567831057e-05
dataset_3,2,sentinel,Raw STV + IF,max_span_duration,56,0.7850002391778704,8.020742090946124e-13,0.36336290785567643,0.005912345307595517
dataset_3,2,sentinel,Raw STV + IF,mean_span_duration,56,0.22299927933476957,0.0985322502207815,-0.004067750332532972,0.9762634035301571
dataset_3,2,sentinel,Raw STV + LOF,num_services,56,0.9662197376344899,1.7785807009684215e-33,0.6978742659114152,2.2627918108189595e-09
dataset_3,2,sentinel,Raw STV + LOF,num_spans,56,0.9389790875033828,1.0775592439001082e-26,0.7188644223210556,4.3888876935924917e-10
dataset_3,2,sentinel,Raw STV + LOF,num_observed_stv_features,56,0.962825830290902,2.2589088142712577e-32,0.785758765026211,7.368131042545679e-13
dataset_3,2,sentinel,Raw STV + LOF,total_duration,56,0.7628459677626552,8.308031469763923e-12,0.6277666794703196,2.2372320620102488e-07
dataset_3,2,sentinel,Raw STV + LOF,max_span_duration,56,0.7635178722917841,7.768501706690759e-12,0.5415577186413436,1.631651966778512e-05
dataset_3,2,sentinel,Raw STV + LOF,mean_span_duration,56,0.24728965757036336,0.06614184590313098,0.18475790375916568,0.17282371413448602
dataset_3,2,sentinel,Raw STV + OCSVM,num_services,56,0.533743232918878,2.2745122373360885e-05,0.8020786607084651,1.0876912435275051e-13
dataset_3,2,sentinel,Raw STV + OCSVM,num_spans,56,0.38395170880402746,0.003485758222005395,0.7498525793710333,2.919047330504009e-11
dataset_3,2,sentinel,Raw STV + OCSVM,num_observed_stv_features,56,0.5247158487227855,3.304851032014265e-05,0.8470528500072693,1.9071187811183133e-16
dataset_3,2,sentinel,Raw STV + OCSVM,total_duration,56,0.2663800382973432,0.04720441397015895,0.679835953520164,8.317259897696955e-09
dataset_3,2,sentinel,Raw STV + OCSVM,max_span_duration,56,0.26754970184929305,0.046205990646399166,0.5157894736842106,4.7328929423973004e-05
dataset_3,2,sentinel,Raw STV + OCSVM,mean_span_duration,56,0.11074823263831962,0.41646140862271225,0.2654818865345181,0.047982985625045264
dataset_3,2,sentinel,Residual STV + IF,num_services,56,0.8756198460980165,1.0526327894369706e-18,0.5846973836770077,2.2250494297939802e-06
dataset_3,2,sentinel,Residual STV + IF,num_spans,56,0.8704077113075548,2.9749442326408887e-18,0.5974651165927037,1.1661034754006552e-06
dataset_3,2,sentinel,Residual STV + IF,num_observed_stv_features,56,0.8809010843335173,3.4993339534245895e-19,0.6558300872113336,4.106650127224123e-08
dataset_3,2,sentinel,Residual STV + IF,total_duration,56,0.9060295487451618,8.112956237997152e-22,0.3270651259962552,0.013877807843705483
dataset_3,2,sentinel,Residual STV + IF,max_span_duration,56,0.8957450648338567,1.1703741243076028e-20,0.25988103937879325,0.053077922702402344
dataset_3,2,sentinel,Residual STV + IF,mean_span_duration,56,0.2798250694145051,0.036733261064458955,-0.09186953727283481,0.500687105260874
dataset_3,2,sentinel,Residual STV + LOF,num_services,56,0.6872255841259985,4.934766015192072e-09,0.6247323978547438,2.660504318852954e-07
dataset_3,2,sentinel,Residual STV + LOF,num_spans,56,0.6505037470710034,5.741985571360266e-08,0.6303838763924936,1.9237579867791941e-07
dataset_3,2,sentinel,Residual STV + LOF,num_observed_stv_features,56,0.6943208697824039,2.946136671483757e-09,0.689427122618402,4.211492312322575e-09
dataset_3,2,sentinel,Residual STV + LOF,total_duration,56,0.7275293867056695,2.1347580103060658e-10,0.3205199108187042,0.016023988242591214
dataset_3,2,sentinel,Residual STV + LOF,max_span_duration,56,0.7235271665297413,2.9880039384148226e-10,0.21467173284347052,0.11210365164920558
dataset_3,2,sentinel,Residual STV + LOF,mean_span_duration,56,0.2485974897241285,0.06467541328443452,-0.09589605526415347,0.48201978821857294
dataset_3,2,sentinel,Residual STV + OCSVM,num_services,56,0.47163215814941617,0.00024327382869258953,0.5192826147183288,4.11727003977599e-05
dataset_3,2,sentinel,Residual STV + OCSVM,num_spans,56,0.39285455312445683,0.0027447058084057578,0.5349372780676048,2.1631000828794644e-05
dataset_3,2,sentinel,Residual STV + OCSVM,num_observed_stv_features,56,0.4744033650163753,0.0002209369122906731,0.6094706226764781,6.188556323448659e-07
dataset_3,2,sentinel,Residual STV + OCSVM,total_duration,56,0.3151318259943069,0.0179977117737606,0.2659603554340396,0.0475669251645832
dataset_3,2,sentinel,Residual STV + OCSVM,max_span_duration,56,0.3133727987888835,0.018685308976250866,0.1830485304169515,0.17690192826980228
dataset_3,2,sentinel,Residual STV + OCSVM,mean_span_duration,56,0.10602959363947446,0.4367145805496474,-0.07573479152426521,0.5790571830196691
dataset_3,2,sentinel,Max-Z Residual STV,num_services,56,0.3655425329591867,0.00559951573187252,0.4441921872735416,0.0006048821518771371
dataset_3,2,sentinel,Max-Z Residual STV,num_spans,56,0.3217493699224344,0.015600494503084438,0.45670405748205856,0.0004030940616675549
dataset_3,2,sentinel,Max-Z Residual STV,num_observed_stv_features,56,0.38392061846341424,0.003488629254089057,0.530567567848659,2.5971570693421816e-05
dataset_3,2,sentinel,Max-Z Residual STV,total_duration,56,0.2918286804406248,0.0290846401107096,0.21483253588516749,0.11182868751400962
dataset_3,2,sentinel,Max-Z Residual STV,max_span_duration,56,0.29038524679325395,0.02992729027397262,0.14572795625427204,0.28387026760724193
dataset_3,2,sentinel,Max-Z Residual STV,mean_span_duration,56,0.10831499426669466,0.42683721187666757,-0.08038277511961722,0.5559171302030288
dataset_3,2,sentinel,WR-STV k=1,num_services,56,0.3052664534915117,0.02214978362399358,0.4975947761289343,9.547528899437489e-05
dataset_3,2,sentinel,WR-STV k=1,num_spans,56,0.24179123277704423,0.07260071892443459,0.5135614882543558,5.1687001705129895e-05
dataset_3,2,sentinel,WR-STV k=1,num_observed_stv_features,56,0.32558401986690205,0.014340548488772004,0.5918638552552404,1.553538132341501e-06
dataset_3,2,sentinel,WR-STV k=1,total_duration,56,0.22411335631736617,0.09681779687058231,0.12652084757347917,0.3527946580217445
dataset_3,2,sentinel,WR-STV k=1,max_span_duration,56,0.2154194057453598,0.11082955857906622,0.012030075187969926,0.9298786440958671
dataset_3,2,sentinel,WR-STV k=1,mean_span_duration,56,-0.013237982264163534,0.9228583372670711,-0.19138755980861247,0.15765260968164244
dataset_1,3,sentinel,Raw STV + IF,num_services,95,0.9722425845530837,1.8250394820736038e-60,0.9199262844319431,1.370778783054295e-39
dataset_1,3,sentinel,Raw STV + IF,num_spans,95,0.9240443531409858,1.2945045629386873e-40,0.9349826948477389,1.206155841694483e-43
dataset_1,3,sentinel,Raw STV + IF,num_observed_stv_features,95,0.9515737090735357,1.9805670635581552e-49,0.9356819427776556,7.413388965816108e-44
dataset_1,3,sentinel,Raw STV + IF,total_duration,95,0.8770560865782904,2.2919854056836817e-31,0.7270983885909469,7.252362586339873e-17
dataset_1,3,sentinel,Raw STV + IF,max_span_duration,95,0.7627932631029771,2.6464774502461105e-19,0.6431033578699648,2.1068359494942772e-12
dataset_1,3,sentinel,Raw STV + IF,mean_span_duration,95,-0.09040937865636728,0.3835781986779214,0.18851113719181184,0.06732544770636692
dataset_1,3,sentinel,Raw STV + LOF,num_services,95,0.9441711540477135,1.2474030928914017e-46,0.8281622676478801,4.102448057600795e-25
dataset_1,3,sentinel,Raw STV + LOF,num_spans,95,0.8989794753538255,4.148992626748071e-35,0.8510321612533314,9.29849711810603e-28
dataset_1,3,sentinel,Raw STV + LOF,num_observed_stv_features,95,0.9361980872057303,5.157669153201553e-44,0.8468792102427403,3.022757980017496e-27
dataset_1,3,sentinel,Raw STV + LOF,total_duration,95,0.8926252873919138,6.0975151197516325e-34,0.7950811354140779,6.56097370696445e-22
dataset_1,3,sentinel,Raw STV + LOF,max_span_duration,95,0.7894669079661341,2.0068891207485958e-21,0.7577907103305725,6.158854130685089e-19
dataset_1,3,sentinel,Raw STV + LOF,mean_span_duration,95,-0.05400738580015577,0.6031960731116317,0.344201541888459,0.0006367911253990612
dataset_1,3,sentinel,Raw STV + OCSVM,num_services,95,0.6228630041003205,1.5867713730433817e-11,0.8422694085618794,1.0745800144206674e-26
dataset_1,3,sentinel,Raw STV + OCSVM,num_spans,95,0.5091535599936831,1.3725895000898999e-07,0.8653625993288648,1.1871635614523498e-29
dataset_1,3,sentinel,Raw STV + OCSVM,num_observed_stv_features,95,0.5267677749824621,4.169806822434991e-08,0.8694079619835062,3.163804978322988e-30
dataset_1,3,sentinel,Raw STV + OCSVM,total_duration,95,0.4589293692982411,2.903735450599254e-06,0.8076007838745802,4.7604703641974646e-23
dataset_1,3,sentinel,Raw STV + OCSVM,max_span_duration,95,0.5027621749267812,2.080580553808699e-07,0.7160554311310191,3.454682935371158e-16
dataset_1,3,sentinel,Raw STV + OCSVM,mean_span_duration,95,0.0359220895009328,0.7296420301054222,0.40684490481522956,4.287963790107542e-05
dataset_1,3,sentinel,Residual STV + IF,num_services,95,0.9417921365551499,8.223749503398892e-46,0.7919582755427987,1.2271413032529875e-21
dataset_1,3,sentinel,Residual STV + IF,num_spans,95,0.9197408067107963,1.5199362602880437e-39,0.8039215423083954,1.0494451773765809e-22
dataset_1,3,sentinel,Residual STV + IF,num_observed_stv_features,95,0.9739817548119216,9.367334022952913e-62,0.8054971959408279,7.496026887444546e-23
dataset_1,3,sentinel,Residual STV + IF,total_duration,95,0.9229668527159235,2.4308187480386924e-40,0.6035479135803146,9.55760317225803e-11
dataset_1,3,sentinel,Residual STV + IF,max_span_duration,95,0.7895418503805869,1.9776040911427427e-21,0.5417481150319247,1.4332152655791618e-08
dataset_1,3,sentinel,Residual STV + IF,mean_span_duration,95,-0.05014932829401657,0.6293597086036984,0.04474409079985435,0.66679280745582
dataset_1,3,sentinel,Residual STV + LOF,num_services,95,0.8852910529483246,1.1080580031613167e-32,0.7192909357684927,2.2035859174810095e-16
dataset_1,3,sentinel,Residual STV + LOF,num_spans,95,0.8604457165479306,5.597148133740228e-29,0.7404026098457239,9.966653522309918e-18
dataset_1,3,sentinel,Residual STV + LOF,num_observed_stv_features,95,0.8925859623166125,6.196503368534332e-34,0.744138289456335,5.585031915534241e-18
dataset_1,3,sentinel,Residual STV + LOF,total_duration,95,0.8525074546171759,6.064251344102445e-28,0.6748903796597163,6.408330105201972e-14
dataset_1,3,sentinel,Residual STV + LOF,max_span_duration,95,0.7894649839728438,2.007646478652144e-21,0.6302863601884904,7.697052753765258e-12
dataset_1,3,sentinel,Residual STV + LOF,mean_span_duration,95,0.03271021570314518,0.7530020831638533,0.16602101771174485,0.10785029443570708
dataset_1,3,sentinel,Residual STV + OCSVM,num_services,95,0.5752959681239593,1.0744673027906202e-09,0.7102391638440345,7.633652072925882e-16
dataset_1,3,sentinel,Residual STV + OCSVM,num_spans,95,0.4870166171413666,5.595362535020377e-07,0.7272336742838165,7.11164372002085e-17
dataset_1,3,sentinel,Residual STV + OCSVM,num_observed_stv_features,95,0.4651083453443383,2.0466177930729766e-06,0.7326403029974773,3.218705709455302e-17
dataset_1,3,sentinel,Residual STV + OCSVM,total_duration,95,0.41890689437178935,2.3897151006155834e-05,0.6544604488385973,6.344692757978499e-13
dataset_1,3,sentinel,Residual STV + OCSVM,max_span_duration,95,0.5032151673594372,2.0207023158028e-07,0.6091070704274013,5.771481591425742e-11
dataset_1,3,sentinel,Residual STV + OCSVM,mean_span_duration,95,0.16758717359444325,0.10452173542622505,0.1414213524963928,0.1716131957467569
dataset_1,3,sentinel,Max-Z Residual STV,num_services,95,0.6021560928710723,1.0827682654409956e-10,0.6384133465379822,3.4086607082146415e-12
dataset_1,3,sentinel,Max-Z Residual STV,num_spans,95,0.5474163972907513,9.437035411457686e-09,0.6570057804577616,4.814347008011223e-13
dataset_1,3,sentinel,Max-Z Residual STV,num_observed_stv_features,95,0.5155490189712376,8.975256866958814e-08,0.6626056431886015,2.5985078165201174e-13
dataset_1,3,sentinel,Max-Z Residual STV,total_duration,95,0.5144550642944579,9.657696517776429e-08,0.6018904917048516,1.1087823173976087e-10
dataset_1,3,sentinel,Max-Z Residual STV,max_span_duration,95,0.6004725285175547,1.2581498554945858e-10,0.5630568131090793,2.8589871930602295e-09
dataset_1,3,sentinel,Max-Z Residual STV,mean_span_duration,95,0.18858577475211363,0.06721511912337244,0.13285279581663914,0.1993364551598956
dataset_1,3,sentinel,WR-STV k=1,num_services,95,0.450984472408647,4.508068424042868e-06,0.5622016771548439,3.0567884040487208e-09
dataset_1,3,sentinel,WR-STV k=1,num_spans,95,0.3954765181667272,7.291252967006059e-05,0.5684652594530952,1.8643871053364555e-09
dataset_1,3,sentinel,WR-STV k=1,num_observed_stv_features,95,0.3923557698989597,8.407011369575326e-05,0.5775218063325062,8.953855464792637e-10
dataset_1,3,sentinel,WR-STV k=1,total_duration,95,0.3918674357270724,8.59532989059126e-05,0.5201725762881447,6.565854194788069e-08
dataset_1,3,sentinel,WR-STV k=1,max_span_duration,95,0.5038321276425995,1.9417803950777774e-07,0.4768867118836043,1.030624676911782e-06
dataset_1,3,sentinel,WR-STV k=1,mean_span_duration,95,0.30484548653403026,0.002666538335762548,0.07627890760644836,0.4625198463060156
dataset_2,3,sentinel,Raw STV + IF,num_services,31,0.7490368620364133,1.250384741969421e-06,0.5416875335495787,0.0016479971129908292
dataset_2,3,sentinel,Raw STV + IF,num_spans,31,0.7485865753923979,1.2792193939016171e-06,0.5355673307221824,0.0019035024668446856
dataset_2,3,sentinel,Raw STV + IF,num_observed_stv_features,31,0.9967402248455648,2.91210975603051e-33,0.90545813145637,2.592044201881789e-12
dataset_2,3,sentinel,Raw STV + IF,total_duration,31,0.7467151960596775,1.4056461668829045e-06,0.48859326000935543,0.005288904254888758
dataset_2,3,sentinel,Raw STV + IF,max_span_duration,31,0.6159838298217614,0.00022502531198875916,0.4187365377104971,0.019051868078026616
dataset_2,3,sentinel,Raw STV + IF,mean_span_duration,31,-0.05136774824036444,0.7837530229040126,0.2939635481709179,0.1084598615510322
dataset_2,3,sentinel,Raw STV + LOF,num_services,31,0.766924695104558,4.855821792420997e-07,0.4738971063628623,0.007079299422494169
dataset_2,3,sentinel,Raw STV + LOF,num_spans,31,0.7688680396287619,4.359828592043791e-07,0.46834800039780317,0.007877827367040314
dataset_2,3,sentinel,Raw STV + LOF,num_observed_stv_features,31,0.9953413606838959,5.115648777631059e-31,0.826412806210585,1.0225882769843846e-08
dataset_2,3,sentinel,Raw STV + LOF,total_duration,31,0.781262855827394,2.1383746387407717e-07,0.5939458119778119,0.00042729985375854635
dataset_2,3,sentinel,Raw STV + LOF,max_span_duration,31,0.6598477521659573,5.3845008983318704e-05,0.5529770726534845,0.0012541434303309758
dataset_2,3,sentinel,Raw STV + LOF,mean_span_duration,31,-0.008203713188883029,0.9650638665908059,0.48516674549597694,0.005667329379266985
dataset_2,3,sentinel,Raw STV + OCSVM,num_services,31,0.060001386749336534,0.7484876837396668,0.44998004496381233,0.011087288085823058
dataset_2,3,sentinel,Raw STV + OCSVM,num_spans,31,0.022863390183036944,0.9028336880386383,0.4470127101297818,0.011696935898245768
dataset_2,3,sentinel,Raw STV + OCSVM,num_observed_stv_features,31,0.36978837494399225,0.040608451900446374,0.819331873851792,1.739479290617051e-08
dataset_2,3,sentinel,Raw STV + OCSVM,total_duration,31,0.07404520573833367,0.69220190235438,0.46107305082524347,0.009039320867953235
dataset_2,3,sentinel,Raw STV + OCSVM,max_span_duration,31,0.06074916368386844,0.7454554890150958,0.38967328704915594,0.030240320473365778
dataset_2,3,sentinel,Raw STV + OCSVM,mean_span_duration,31,0.14359517287135556,0.4409109370031212,0.35175476843360654,0.05231520231721269
dataset_2,3,sentinel,Residual STV + IF,num_services,31,0.747864662540736,1.3267113660671598e-06,0.2635232067759955,0.15202865734485604
dataset_2,3,sentinel,Residual STV + IF,num_spans,31,0.748232003535514,1.3023487474190028e-06,0.25837413319482855,0.1604942743891125
dataset_2,3,sentinel,Residual STV + IF,num_observed_stv_features,31,0.976500761032374,7.037716162394892e-21,0.5072927732895189,0.0035819544115456743
dataset_2,3,sentinel,Residual STV + IF,total_duration,31,0.7668983848367193,4.862876053161213e-07,0.21153903825117215,0.25329400997731466
dataset_2,3,sentinel,Residual STV + IF,max_span_duration,31,0.6434656820678235,9.427903227039112e-05,0.17132567652421668,0.35676843442843653
dataset_2,3,sentinel,Residual STV + IF,mean_span_duration,31,-0.053441288962404354,0.7752419709540802,0.07623783160735313,0.6835490206180512
dataset_2,3,sentinel,Residual STV + LOF,num_services,31,0.683570520321363,2.2479942969806686e-05,0.2901205032805511,0.11337366105829187
dataset_2,3,sentinel,Residual STV + LOF,num_spans,31,0.6796988872697014,2.6064601419769207e-05,0.28459423947617707,0.1207281968571644
dataset_2,3,sentinel,Residual STV + LOF,num_observed_stv_features,31,0.9237900218194369,1.2838249671260003e-13,0.6221811471470643,0.0001862647055144336
dataset_2,3,sentinel,Residual STV + LOF,total_duration,31,0.7206347601045188,4.831695425191753e-06,0.4337035507782256,0.014788824003811658
dataset_2,3,sentinel,Residual STV + LOF,max_span_duration,31,0.643341694928152,9.466781560724887e-05,0.4082746780941603,0.02259879038924811
dataset_2,3,sentinel,Residual STV + LOF,mean_span_duration,31,0.1585759416093216,0.3941913581753978,0.33138261069234365,0.06859415791051679
dataset_2,3,sentinel,Residual STV + OCSVM,num_services,31,0.1323238533969777,0.4779511489445352,0.16419544766771407,0.3774279719998389
dataset_2,3,sentinel,Residual STV + OCSVM,num_spans,31,0.11771482823302776,0.528253954646954,0.1583516409162554,0.3948691910856825
dataset_2,3,sentinel,Residual STV + OCSVM,num_observed_stv_features,31,0.36750870503420685,0.041960146839324565,0.5436736321673369,0.00157176923935849
dataset_2,3,sentinel,Residual STV + OCSVM,total_duration,31,0.14889528924293824,0.424048545587048,0.3655068543419466,0.043176626640268216
dataset_2,3,sentinel,Residual STV + OCSVM,max_span_duration,31,0.1465677390576013,0.43140925517320716,0.363489708346682,0.044430780897657944
dataset_2,3,sentinel,Residual STV + OCSVM,mean_span_duration,31,0.189729627372868,0.3066472589792609,0.32718108043191907,0.07239556552042888
dataset_2,3,sentinel,Max-Z Residual STV,num_services,31,0.3078182792101056,0.09206317496748355,0.1617803782318321,0.3845806411761433
dataset_2,3,sentinel,Max-Z Residual STV,num_spans,31,0.29687668264506134,0.10484272780512303,0.15548701857968672,0.4035845759173251
dataset_2,3,sentinel,Max-Z Residual STV,num_observed_stv_features,31,0.5635050797008848,0.0009636589864004307,0.5416067010706991,0.001651166523865024
dataset_2,3,sentinel,Max-Z Residual STV,total_duration,31,0.34528345721865566,0.05711462473179138,0.34947549720040116,0.0539677542105349
dataset_2,3,sentinel,Max-Z Residual STV,max_span_duration,31,0.33511999031589634,0.06534492378609834,0.3442293292285707,0.05792823650408289
dataset_2,3,sentinel,Max-Z Residual STV,mean_span_duration,31,0.28596909417992616,0.11886631301578275,0.31275232139758763,0.08670400081497955
dataset_2,3,sentinel,WR-STV k=1,num_services,31,0.3946843225984237,0.028000406571352228,0.16760626442854626,0.36745962684048816
dataset_2,3,sentinel,WR-STV k=1,num_spans,31,0.37810047218973936,0.035973081363138225,0.161312180659041,0.38597632099123114
dataset_2,3,sentinel,WR-STV k=1,num_observed_stv_features,31,0.6836689632109266,2.2394887718924793e-05,0.5471856740936771,0.0014444724535376948
dataset_2,3,sentinel,WR-STV k=1,total_duration,31,0.4064970708199531,0.02325228059516731,0.30145288268902964,0.09934479566601805
dataset_2,3,sentinel,WR-STV k=1,max_span_duration,31,0.3547602342311102,0.050197667840031705,0.26472970688621617,0.15009250734608542
dataset_2,3,sentinel,WR-STV k=1,mean_span_duration,31,0.13832398032365642,0.45803591508061164,0.2352704559674756,0.2026373924990774
dataset_3,3,sentinel,Raw STV + IF,num_services,56,0.9597053590105005,1.913199194727724e-31,0.8064761724066529,6.300354492778395e-14
dataset_3,3,sentinel,Raw STV + IF,num_spans,56,0.9269900254363476,1.1707430682046386e-24,0.8051122112275614,7.474109749633392e-14
dataset_3,3,sentinel,Raw STV + IF,num_observed_stv_features,56,0.9691546578495773,1.5867692359142282e-34,0.9243414548381813,2.9605440036414568e-24
dataset_3,3,sentinel,Raw STV + IF,total_duration,56,0.7402268013669858,7.056458396302434e-11,0.5282239366609375,2.8618346175563797e-05
dataset_3,3,sentinel,Raw STV + IF,max_span_duration,56,0.4031961051920562,0.002062144142031866,0.3652252133118907,0.005644136478454745
dataset_3,3,sentinel,Raw STV + IF,mean_span_duration,56,0.004252153616694268,0.9751876825298118,-0.0027702258899019705,0.9838336218392614
dataset_3,3,sentinel,Raw STV + LOF,num_services,56,0.9447664763623664,7.877262667145039e-28,0.697100601618307,2.3973869957996807e-09
dataset_3,3,sentinel,Raw STV + LOF,num_spans,56,0.9069248552509311,6.338991507586977e-22,0.7377440890481587,8.805442556393068e-11
dataset_3,3,sentinel,Raw STV + LOF,num_observed_stv_features,56,0.9426846683247913,2.0824471613968016e-27,0.7969529819782046,2.0209213335463588e-13
dataset_3,3,sentinel,Raw STV + LOF,total_duration,56,0.7725230300742021,3.0904163469751697e-12,0.6294005073150648,2.0363626490094349e-07
dataset_3,3,sentinel,Raw STV + LOF,max_span_duration,56,0.46364627519189383,0.00031964089953907696,0.52177182431017,3.724588429468999e-05
dataset_3,3,sentinel,Raw STV + LOF,mean_span_duration,56,0.07083703734551784,0.6039055523317035,0.1620069728304864,0.2329065461491445
dataset_3,3,sentinel,Raw STV + OCSVM,num_services,56,0.40436973922078673,0.0019951578119377753,0.6832973107528512,6.525361080978406e-09
dataset_3,3,sentinel,Raw STV + OCSVM,num_spans,56,0.29061700156642206,0.029790637676538133,0.6775121509340372,9.770826343169866e-09
dataset_3,3,sentinel,Raw STV + OCSVM,num_observed_stv_features,56,0.4304605602792417,0.0009279764402007536,0.7742042306387046,2.589755031349302e-12
dataset_3,3,sentinel,Raw STV + OCSVM,total_duration,56,0.5219805601351458,3.693281791271109e-05,0.6550239234449761,4.322207113626519e-08
dataset_3,3,sentinel,Raw STV + OCSVM,max_span_duration,56,0.512194017407472,5.4541774570763315e-05,0.48790157211209845,0.00013657238256334033
dataset_3,3,sentinel,Raw STV + OCSVM,mean_span_duration,56,0.39533022672398677,0.0025652230187453127,0.3265892002734109,0.01402508356980769
dataset_3,3,sentinel,Residual STV + IF,num_services,56,0.9364568306019022,3.113392654544415e-26,0.6813895188191381,7.462093519053373e-09
dataset_3,3,sentinel,Residual STV + IF,num_spans,56,0.9074290849592668,5.510510295474176e-22,0.7212100083032559,3.620576016598592e-10
dataset_3,3,sentinel,Residual STV + IF,num_observed_stv_features,56,0.9378475373118862,1.7440108740154497e-26,0.8137226139166439,2.4838153032302995e-14
dataset_3,3,sentinel,Residual STV + IF,total_duration,56,0.6716635400471581,1.4562277640826729e-08,0.4753793633430042,0.00021352670719999492
dataset_3,3,sentinel,Residual STV + IF,max_span_duration,56,0.3438726522561924,0.009461051332603426,0.3441812292329352,0.009392953396760752
dataset_3,3,sentinel,Residual STV + IF,mean_span_duration,56,-0.04984255331470659,0.7152592928854618,-0.012935027306626518,0.9246185715503477
dataset_3,3,sentinel,Residual STV + LOF,num_services,56,0.7229290961732079,3.1404090261219854e-10,0.44726062698158836,0.0005483575043095344
dataset_3,3,sentinel,Residual STV + LOF,num_spans,56,0.7630502044748456,8.140373414285543e-12,0.5350175306612917,2.1557960489019473e-05
dataset_3,3,sentinel,Residual STV + LOF,num_observed_stv_features,56,0.7649520152320539,6.726248827392399e-12,0.6550717687579345,4.309122203413517e-08
dataset_3,3,sentinel,Residual STV + LOF,total_duration,56,0.7007934056434991,1.8165593093600294e-09,0.28952409439016197,0.030439659243201855
dataset_3,3,sentinel,Residual STV + LOF,max_span_duration,56,0.49599655462537884,0.00010135548281201784,0.1593271468892483,0.24083019773231712
dataset_3,3,sentinel,Residual STV + LOF,mean_span_duration,56,0.16696457053548208,0.21872590248763668,-0.13101751649776813,0.33580392926478775
dataset_3,3,sentinel,Residual STV + OCSVM,num_services,56,0.37402275243071365,0.004516167272510303,0.41098033793607286,0.0016528373934675278
dataset_3,3,sentinel,Residual STV + OCSVM,num_spans,56,0.3376923528772487,0.010917938539073522,0.49607192988488735,0.00010107086504713369
dataset_3,3,sentinel,Residual STV + OCSVM,num_observed_stv_features,56,0.42611377728076016,0.0010586980698497968,0.616855593020299,4.136322413576508e-07
dataset_3,3,sentinel,Residual STV + OCSVM,total_duration,56,0.4158130293968003,0.0014368714613492337,0.25328525781650624,0.05963209290900999
dataset_3,3,sentinel,Residual STV + OCSVM,max_span_duration,56,0.3650611920682129,0.005667322718949975,0.11698764505544472,0.39052598279357775
dataset_3,3,sentinel,Residual STV + OCSVM,mean_span_duration,56,0.1443880486465866,0.2883687808029896,-0.1360583742231158,0.31737693441178805
dataset_3,3,sentinel,Max-Z Residual STV,num_services,56,0.33516956161091815,0.011566114375978452,0.29995820132722584,0.024700848997513306
dataset_3,3,sentinel,Max-Z Residual STV,num_spans,56,0.35168784924753266,0.007862268459731498,0.39758410775330294,0.0024109701476109214
dataset_3,3,sentinel,Max-Z Residual STV,num_observed_stv_features,56,0.39968240162106633,0.0022748385086290776,0.5092604064878281,6.116205288334803e-05
dataset_3,3,sentinel,Max-Z Residual STV,total_duration,56,0.5111193168632885,5.6886422449743255e-05,0.2063093470228383,0.12712934571803272
dataset_3,3,sentinel,Max-Z Residual STV,max_span_duration,56,0.5073227709660767,6.593177784846537e-05,0.08538943138008076,0.5314931693872387
dataset_3,3,sentinel,Max-Z Residual STV,mean_span_duration,56,0.28772433456381363,0.031534150476438615,-0.11965463372002506,0.37973784066385763
dataset_3,3,sentinel,WR-STV k=1,num_services,56,0.15771739249608574,0.245677600661185,0.28034199786638614,0.03637260882649186
dataset_3,3,sentinel,WR-STV k=1,num_spans,56,0.14696917173817864,0.27974451970613196,0.3694200408816499,0.005078735513863085
dataset_3,3,sentinel,WR-STV k=1,num_observed_stv_features,56,0.2100348727080307,0.1202573816604854,0.49575875230122485,0.00010225825094351271
dataset_3,3,sentinel,WR-STV k=1,total_duration,56,0.3780787120492073,0.004066669709711766,0.19809289460969826,0.14332953177117772
dataset_3,3,sentinel,WR-STV k=1,max_span_duration,56,0.48808122480058164,0.000135682402334955,0.06514234940063578,0.6333670633856993
dataset_3,3,sentinel,WR-STV k=1,mean_span_duration,56,0.3537895941229074,0.0074746828265802884,-0.10007177284630721,0.46305640693350003
dataset_1,4,sentinel,Raw STV + IF,num_services,95,0.9495601011018711,1.2576661298631085e-48,0.9175563753788802,5.0365913345862205e-39
dataset_1,4,sentinel,Raw STV + IF,num_spans,95,0.7681359049329672,1.0490754598154294e-19,0.9324751204190485,6.615686071945576e-43
dataset_1,4,sentinel,Raw STV + IF,num_observed_stv_features,95,0.9512364040612236,2.714090421347806e-49,0.927659768465838,1.4570773934585723e-41
dataset_1,4,sentinel,Raw STV + IF,total_duration,95,0.8572759507894063,1.4745134002481007e-28,0.7752305297681983,2.952887313694138e-20
dataset_1,4,sentinel,Raw STV + IF,max_span_duration,95,0.6611260937607832,3.062220197298412e-13,0.6506692797272584,9.524717169518374e-13
dataset_1,4,sentinel,Raw STV + IF,mean_span_duration,95,0.012266260221808213,0.9060847592882474,0.18485065880942086,0.07291879249430294
dataset_1,4,sentinel,Raw STV + LOF,num_services,95,0.9165119116928149,8.827796124005743e-39,0.6336057099145413,5.534784878123529e-12
dataset_1,4,sentinel,Raw STV + LOF,num_spans,95,0.6720285566600884,8.932292308256548e-14,0.6724792325590265,8.479257582525006e-14
dataset_1,4,sentinel,Raw STV + LOF,num_observed_stv_features,95,0.9174165021922267,5.4320190030766434e-39,0.6525329006889298,7.806045698571985e-13
dataset_1,4,sentinel,Raw STV + LOF,total_duration,95,0.8603456399638453,5.773063198896679e-29,0.7303675917641533,4.502086765340323e-17
dataset_1,4,sentinel,Raw STV + LOF,max_span_duration,95,0.6932962394350282,6.907535446304711e-15,0.7143117111341036,4.390685497134408e-16
dataset_1,4,sentinel,Raw STV + LOF,mean_span_duration,95,0.10103302742980982,0.3299535584662688,0.279473109659064,0.006092046640956285
dataset_1,4,sentinel,Raw STV + OCSVM,num_services,95,0.5401006174312852,1.6159614610940718e-08,0.7586986127581318,5.291584334567319e-19
dataset_1,4,sentinel,Raw STV + OCSVM,num_spans,95,0.3004921371978654,0.003088757383123967,0.7955970134004301,5.910099436134029e-22
dataset_1,4,sentinel,Raw STV + OCSVM,num_observed_stv_features,95,0.40964706046866733,3.7508516599960964e-05,0.7815125828338583,9.241459506405657e-21
dataset_1,4,sentinel,Raw STV + OCSVM,total_duration,95,0.40937184620589734,3.800679314582228e-05,0.7803751399776035,1.1437069187316944e-20
dataset_1,4,sentinel,Raw STV + OCSVM,max_span_duration,95,0.43077523108078725,1.314808322392627e-05,0.6590145576707727,3.8647319120124913e-13
dataset_1,4,sentinel,Raw STV + OCSVM,mean_span_duration,95,0.25283514564762266,0.013435437696184082,0.3736422172452407,0.0001917587423174657
dataset_1,4,sentinel,Residual STV + IF,num_services,95,0.9124234526339179,7.415017275598398e-38,0.8038147654746127,1.073530751853e-22
dataset_1,4,sentinel,Residual STV + IF,num_spans,95,0.6771951907001632,4.891280065528173e-14,0.8250638445661518,8.734840190139697e-25
dataset_1,4,sentinel,Residual STV + IF,num_observed_stv_features,95,0.969331931924771,1.7640611958794647e-58,0.8205985396911062,2.529750067499593e-24
dataset_1,4,sentinel,Residual STV + IF,total_duration,95,0.8159624943008116,7.399621044484974e-24,0.6085901071538811,6.051149852175524e-11
dataset_1,4,sentinel,Residual STV + IF,max_span_duration,95,0.5929562752897026,2.433510242885479e-10,0.5103576706091415,1.2679235661874672e-07
dataset_1,4,sentinel,Residual STV + IF,mean_span_duration,95,-0.037876562481638384,0.7155454121565945,-0.006617926323146698,0.9492486476758161
dataset_1,4,sentinel,Residual STV + LOF,num_services,95,0.6665397090338561,1.6716300540292125e-13,0.683101250920252,2.4204525866756874e-14
dataset_1,4,sentinel,Residual STV + LOF,num_spans,95,0.43363561562242975,1.1346294727631748e-05,0.7359627440233677,1.958611583839345e-17
dataset_1,4,sentinel,Residual STV + LOF,num_observed_stv_features,95,0.6692560563050044,1.2279003861649468e-13,0.7155138356585652,3.722476861093188e-16
dataset_1,4,sentinel,Residual STV + LOF,total_duration,95,0.6622630999454974,2.699416210553239e-13,0.5332176154837499,2.6496137709546945e-08
dataset_1,4,sentinel,Residual STV + LOF,max_span_duration,95,0.6463212175446812,1.5071993939654766e-12,0.45404406636120215,3.810569132433121e-06
dataset_1,4,sentinel,Residual STV + LOF,mean_span_duration,95,0.19297086884068884,0.06098567788296057,0.05849827825019927,0.5733632553293109
dataset_1,4,sentinel,Residual STV + OCSVM,num_services,95,0.4805590052172788,8.277824335743421e-07,0.6482673012143139,1.2284509319106873e-12
dataset_1,4,sentinel,Residual STV + OCSVM,num_spans,95,0.33387629249342504,0.0009444710572168643,0.6973350014777743,4.143037416257919e-15
dataset_1,4,sentinel,Residual STV + OCSVM,num_observed_stv_features,95,0.40809291142060194,4.040446639962782e-05,0.6780769849047401,4.408145686964615e-14
dataset_1,4,sentinel,Residual STV + OCSVM,total_duration,95,0.37431694461304316,0.0001863007421373026,0.44883818589025753,5.0673501596153865e-06
dataset_1,4,sentinel,Residual STV + OCSVM,max_span_duration,95,0.3961800932508259,7.059517420787946e-05,0.3696248600223964,0.00022743572052937838
dataset_1,4,sentinel,Residual STV + OCSVM,mean_span_duration,95,0.15098716905988535,0.1441399815822386,0.006326987681970885,0.951477018858075
dataset_1,4,sentinel,Max-Z Residual STV,num_services,95,0.3575385457021036,0.00037502800587871935,0.5650592721673252,2.4426166292242957e-09
dataset_1,4,sentinel,Max-Z Residual STV,num_spans,95,0.19680651561842616,0.05593022945776454,0.6134938140678093,3.84945434457607e-11
dataset_1,4,sentinel,Max-Z Residual STV,num_observed_stv_features,95,0.33727257431834656,0.0008308536711047604,0.5966664828061542,1.7608996606228557e-10
dataset_1,4,sentinel,Max-Z Residual STV,total_duration,95,0.3287322650245304,0.001143686279722195,0.3858352458920694,0.00011268683589520176
dataset_1,4,sentinel,Max-Z Residual STV,max_span_duration,95,0.38043793568210305,0.0001429529291318134,0.31509177150895057,0.0018701972930461948
dataset_1,4,sentinel,Max-Z Residual STV,mean_span_duration,95,0.17172203737162625,0.09611901882348221,0.0024824732287494103,0.9809516183980953
dataset_1,4,sentinel,WR-STV k=1,num_services,95,0.3212441608827379,0.0015023441495841893,0.552261318588895,6.561878597095687e-09
dataset_1,4,sentinel,WR-STV k=1,num_spans,95,0.18621287537121095,0.07079510133476621,0.5829168152436295,5.722732183633424e-10
dataset_1,4,sentinel,WR-STV k=1,num_observed_stv_features,95,0.2851927325669102,0.005089030981274592,0.5812723500674816,6.565027554317526e-10
dataset_1,4,sentinel,WR-STV k=1,total_duration,95,0.21972223900664503,0.032398820011556945,0.3337475789528045,0.0009490429862406177
dataset_1,4,sentinel,WR-STV k=1,max_span_duration,95,0.26066426042986135,0.010732950035933225,0.25234624270048633,0.013622277070379414
dataset_1,4,sentinel,WR-STV k=1,mean_span_duration,95,0.10464383628689611,0.31287214826731224,-0.06555793520828306,0.5279095658405865
dataset_2,4,sentinel,Raw STV + IF,num_services,31,0.0290834032905756,0.876578690141949,0.3425116429444076,0.05927351525883499
dataset_2,4,sentinel,Raw STV + IF,num_spans,31,-0.08863396175388805,0.6353941224860652,0.3810779437671214,0.034420504790594414
dataset_2,4,sentinel,Raw STV + IF,num_observed_stv_features,31,0.8886216858866253,2.4965032349539014e-11,0.9247005160157853,1.0849295460552791e-13
dataset_2,4,sentinel,Raw STV + IF,total_duration,31,-0.04385738646879113,0.8147789301688972,0.0673234399979041,0.7189623518393692
dataset_2,4,sentinel,Raw STV + IF,max_span_duration,31,-0.0704980406627421,0.7062807866131665,-0.046234169637114866,0.8049280725487649
dataset_2,4,sentinel,Raw STV + IF,mean_span_duration,31,-0.05225027658976303,0.7801275406062457,-0.0527231759019731,0.7781866970979974
dataset_2,4,sentinel,Raw STV + LOF,num_services,31,0.20919130203714414,0.2587224152877761,0.3888193003016254,0.0306361979577697
dataset_2,4,sentinel,Raw STV + LOF,num_spans,31,0.04230823535893248,0.821214633220133,0.41241355678898933,0.021135637286241186
dataset_2,4,sentinel,Raw STV + LOF,num_observed_stv_features,31,0.8265480972143853,1.0120280636318057e-08,0.6099053743339053,0.00026983737427536557
dataset_2,4,sentinel,Raw STV + LOF,total_duration,31,0.31364186493576307,0.08576373351351335,0.46987829647038676,0.0076503424375685795
dataset_2,4,sentinel,Raw STV + LOF,max_span_duration,31,0.29019584951472344,0.11327575292442826,0.3821811833791465,0.03385918218298739
dataset_2,4,sentinel,Raw STV + LOF,mean_span_duration,31,0.17333182866147034,0.35107980529779553,0.34106683243798763,0.06042398383828296
dataset_2,4,sentinel,Raw STV + OCSVM,num_services,31,0.029372998962859803,0.8753592033469475,0.4152589014106612,0.02017580643804639
dataset_2,4,sentinel,Raw STV + OCSVM,num_spans,31,-0.12333349830665394,0.5086100012590427,0.42487989660934733,0.017193099522167646
dataset_2,4,sentinel,Raw STV + OCSVM,num_observed_stv_features,31,0.9395161963121498,4.983922259338874e-15,0.9344532441750134,1.5470862252915886e-14
dataset_2,4,sentinel,Raw STV + OCSVM,total_duration,31,0.10306927793087375,0.5811156023017162,0.15012739527651253,0.42018044492937856
dataset_2,4,sentinel,Raw STV + OCSVM,max_span_duration,31,0.12363647326917727,0.5075611542690662,0.056247191222197415,0.7637656393111105
dataset_2,4,sentinel,Raw STV + OCSVM,mean_span_duration,31,0.15669128179603573,0.39990749128533587,0.06434031226136251,0.7309462869517778
dataset_2,4,sentinel,Residual STV + IF,num_services,31,0.16028269081632662,0.38905547592066686,0.38084712869387655,0.034538889156685675
dataset_2,4,sentinel,Residual STV + IF,num_spans,31,0.03638166872729923,0.8459375363561606,0.33260894156604676,0.06751443321136578
dataset_2,4,sentinel,Residual STV + IF,num_observed_stv_features,31,0.8466389950336276,1.9468185021460056e-09,0.7599149841747673,7.102572989854865e-07
dataset_2,4,sentinel,Residual STV + IF,total_duration,31,0.059095278869079906,0.7521668409148234,0.09223732369202849,0.6216552666212296
dataset_2,4,sentinel,Residual STV + IF,max_span_duration,31,0.028615174570950454,0.8785509863928276,0.03652350401227973,0.8453440861167001
dataset_2,4,sentinel,Residual STV + IF,mean_span_duration,31,-0.042259138156722865,0.8214187885729826,0.029094994721646564,0.8765298732979713
dataset_2,4,sentinel,Residual STV + LOF,num_services,31,0.08854791707745412,0.6357236742613576,0.11080168734560003,0.5529149497736321
dataset_2,4,sentinel,Residual STV + LOF,num_spans,31,-0.0211211367983605,0.9102071146799303,0.1456962188396374,0.4341833148103049
dataset_2,4,sentinel,Residual STV + LOF,num_observed_stv_features,31,0.607052811287296,0.0002934703122939427,0.3384863261619787,0.06252231380950385
dataset_2,4,sentinel,Residual STV + LOF,total_duration,31,0.2329785097323753,0.20719863453361778,0.2657891290094987,0.14840712229715972
dataset_2,4,sentinel,Residual STV + LOF,max_span_duration,31,0.3516207457306838,0.05241125122362303,0.3566310356218082,0.048914309722476054
dataset_2,4,sentinel,Residual STV + LOF,mean_span_duration,31,0.3929405233586691,0.02876398223308116,0.3100873171777485,0.08956817736252529
dataset_2,4,sentinel,Residual STV + OCSVM,num_services,31,-0.0561705712129138,0.7640783804745321,0.07433255849919973,0.691065708778897
dataset_2,4,sentinel,Residual STV + OCSVM,num_spans,31,-0.11289232046846619,0.5454010527443531,0.10812447665644864,0.5626066627373887
dataset_2,4,sentinel,Residual STV + OCSVM,num_observed_stv_features,31,0.39919100743577357,0.026103368711286944,0.5936232225993345,0.00043118188443097945
dataset_2,4,sentinel,Residual STV + OCSVM,total_duration,31,0.11617997210721231,0.5336829975848191,0.10727742705548546,0.5656891366955077
dataset_2,4,sentinel,Residual STV + OCSVM,max_span_duration,31,0.2864009381169479,0.11828591521018027,0.12023168239803463,0.519409507209217
dataset_2,4,sentinel,Residual STV + OCSVM,mean_span_duration,31,0.4657735736939062,0.0082734665192551,0.1441160906858597,0.4392376864179941
dataset_2,4,sentinel,Max-Z Residual STV,num_services,31,-0.04631750375426433,0.8045832068744763,0.017086096975996518,0.9273110383893353
dataset_2,4,sentinel,Max-Z Residual STV,num_spans,31,-0.11378523577227186,0.5422065440642655,0.045482423129938054,0.808040679747392
dataset_2,4,sentinel,Max-Z Residual STV,num_observed_stv_features,31,0.4314289386866069,0.015380006282442916,0.5382379339972063,0.0017880636310682184
dataset_2,4,sentinel,Max-Z Residual STV,total_duration,31,0.14432733210409657,0.4385601393052904,0.1013223555660334,0.5875738329273301
dataset_2,4,sentinel,Max-Z Residual STV,max_span_duration,31,0.3256145971797325,0.07385393492125236,0.13462268885827686,0.470268496855756
dataset_2,4,sentinel,Max-Z Residual STV,mean_span_duration,31,0.48560758206155324,0.005617383676854516,0.17320234328221742,0.3514453202736053
dataset_2,4,sentinel,WR-STV k=1,num_services,31,0.008190020636772988,0.9651221421362629,0.07753813042299468,0.6784360302877306
dataset_2,4,sentinel,WR-STV k=1,num_spans,31,-0.09728879989928081,0.6026043051151557,0.0898436651079815,0.6307682133534738
dataset_2,4,sentinel,WR-STV k=1,num_observed_stv_features,31,0.596064049931407,0.0004025670946455602,0.5915114027270097,0.00045737392408993024
dataset_2,4,sentinel,WR-STV k=1,total_duration,31,0.18938722259920054,0.3075372523933915,0.06683613699794294,0.7209155833070984
dataset_2,4,sentinel,WR-STV k=1,max_span_duration,31,0.3230411380884182,0.076299029999944,0.10106434049082888,0.588530352834272
dataset_2,4,sentinel,WR-STV k=1,mean_span_duration,31,0.38306125212730247,0.033416741228284384,0.1296215990263136,0.48706443150572376
dataset_3,4,sentinel,Raw STV + IF,num_services,56,0.973996932516054,1.677934341343552e-36,0.7047714266191369,1.3409245490791738e-09
dataset_3,4,sentinel,Raw STV + IF,num_spans,56,0.965455120789457,3.223304214923397e-33,0.683039240762375,6.645236491669302e-09
dataset_3,4,sentinel,Raw STV + IF,num_observed_stv_features,56,0.9721528321223207,1.0423937515699144e-35,0.8812966407473503,3.2155506621550965e-19
dataset_3,4,sentinel,Raw STV + IF,total_duration,56,0.7839965931731893,8.96923522716552e-13,0.3117233912217897,0.019350219377143728
dataset_3,4,sentinel,Raw STV + IF,max_span_duration,56,0.8176459874622309,1.4752505184894005e-14,0.19375459825036784,0.152480833244356
dataset_3,4,sentinel,Raw STV + IF,mean_span_duration,56,0.11864539081830092,0.38379917303114547,-0.0283384901110718,0.835756512453049
dataset_3,4,sentinel,Raw STV + LOF,num_services,56,0.9583248691033911,4.667663653132395e-31,0.57838034886232,3.0325469730345185e-06
dataset_3,4,sentinel,Raw STV + LOF,num_spans,56,0.9574160627699047,8.260596583748582e-31,0.5924942996842482,1.5045844887514597e-06
dataset_3,4,sentinel,Raw STV + LOF,num_observed_stv_features,56,0.9524026171305473,1.56400200993836e-29,0.7650098450309203,6.687146754907066e-12
dataset_3,4,sentinel,Raw STV + LOF,total_duration,56,0.818688480719862,1.2818467349012618e-14,0.481371900272379,0.0001727837488801436
dataset_3,4,sentinel,Raw STV + LOF,max_span_duration,56,0.8582372500521728,2.853000317461412e-17,0.41792253849753225,0.0013507995492357545
dataset_3,4,sentinel,Raw STV + LOF,mean_span_duration,56,0.1821959547725485,0.17896184747027227,0.18493209442209532,0.1724119993211792
dataset_3,4,sentinel,Raw STV + OCSVM,num_services,56,0.47771828947079903,0.00019668221687502532,0.7383789478353151,8.322685904996049e-11
dataset_3,4,sentinel,Raw STV + OCSVM,num_spans,56,0.4266219647919948,0.0010426048169673986,0.6902271660740263,3.974415621403898e-09
dataset_3,4,sentinel,Raw STV + OCSVM,num_observed_stv_features,56,0.48592005481442846,0.00014674931817610588,0.8878840919602483,7.510465729928457e-20
dataset_3,4,sentinel,Raw STV + OCSVM,total_duration,56,0.41780662239209465,0.0013554063410711364,0.4787750370062138,0.00018947724613160865
dataset_3,4,sentinel,Raw STV + OCSVM,max_span_duration,56,0.4336694479754476,0.0008410000924175339,0.31840864111578304,0.016774149610786705
dataset_3,4,sentinel,Raw STV + OCSVM,mean_span_duration,56,0.2790281095376238,0.037295083018966446,0.15811060259785448,0.24448744791620594
dataset_3,4,sentinel,Residual STV + IF,num_services,56,0.9710434520633539,2.951116692602628e-35,0.403528678796685,0.002042961552974075
dataset_3,4,sentinel,Residual STV + IF,num_spans,56,0.9674986726197973,6.376374080127641e-34,0.38192677721473806,0.0036771740503054825
dataset_3,4,sentinel,Residual STV + IF,num_observed_stv_features,56,0.9693631743343026,1.3247324196341443e-34,0.5644614162798024,5.86660277852434e-06
dataset_3,4,sentinel,Residual STV + IF,total_duration,56,0.7732118496446204,2.8750587511398393e-12,0.2894613827487722,0.03047725575730134
dataset_3,4,sentinel,Residual STV + IF,max_span_duration,56,0.812754921425688,2.819089509810412e-14,0.23619637519500172,0.079678047383047
dataset_3,4,sentinel,Residual STV + IF,mean_span_duration,56,0.14099453882807653,0.29996979465651613,0.11057459097069737,0.41719702211865106
dataset_3,4,sentinel,Residual STV + LOF,num_services,56,0.8665644470997913,6.221397653845342e-18,0.44233850708076033,0.0006415311250424199
dataset_3,4,sentinel,Residual STV + LOF,num_spans,56,0.866577901697381,6.2055980236183805e-18,0.3806035974814625,0.003807215503106228
dataset_3,4,sentinel,Residual STV + LOF,num_observed_stv_features,56,0.8519544985437163,8.455163340896507e-17,0.5805797646840983,2.7246400310261557e-06
dataset_3,4,sentinel,Residual STV + LOF,total_duration,56,0.8688265534452451,4.041272882895758e-18,0.14958963827582283,0.2711648868032536
dataset_3,4,sentinel,Residual STV + LOF,max_span_duration,56,0.9059144333278595,8.372968243092372e-22,0.15205201915279112,0.26326418197262447
dataset_3,4,sentinel,Residual STV + LOF,mean_span_duration,56,0.30845103162854337,0.020728983804048747,-0.03132695671254086,0.8187148149537494
dataset_3,4,sentinel,Residual STV + OCSVM,num_services,56,0.4250033964196401,0.0010946410241319765,0.4095797101439221,0.0017206328277886524
dataset_3,4,sentinel,Residual STV + OCSVM,num_spans,56,0.40068701101281523,0.0022121182561712165,0.3615380907851576,0.0061859163593479104
dataset_3,4,sentinel,Residual STV + OCSVM,num_observed_stv_features,56,0.421782480438384,0.0012051882052295927,0.5773647071812865,3.1854111937465163e-06
dataset_3,4,sentinel,Residual STV + OCSVM,total_duration,56,0.36549570736299136,0.005606080723955722,0.15101175968327493,0.2665828753287938
dataset_3,4,sentinel,Residual STV + OCSVM,max_span_duration,56,0.40607845059237124,0.0019010995473950805,0.16058244612766534,0.23709588286193548
dataset_3,4,sentinel,Residual STV + OCSVM,mean_span_duration,56,0.31674592401646956,0.017385833516295923,-0.01524473626499335,0.9112083230574408
dataset_3,4,sentinel,Max-Z Residual STV,num_services,56,0.5127921569870224,5.327568262836404e-05,0.385190899818869,0.003373013168333193
dataset_3,4,sentinel,Max-Z Residual STV,num_spans,56,0.4906924076111064,0.00012333214916889507,0.3271251862649816,0.013859316758215712
dataset_3,4,sentinel,Max-Z Residual STV,num_observed_stv_features,56,0.5152984651334459,4.82592151558145e-05,0.5453080323968985,1.3871002826324366e-05
dataset_3,4,sentinel,Max-Z Residual STV,total_duration,56,0.5141023310446609,5.059638896741357e-05,0.11200766807063894,0.4111482573929246
dataset_3,4,sentinel,Max-Z Residual STV,max_span_duration,56,0.56528109702644,5.647676431694286e-06,0.12349563402660192,0.3645174752766459
dataset_3,4,sentinel,Max-Z Residual STV,mean_span_duration,56,0.4228287992305991,0.001168224936700454,-0.032344094626014785,0.8129331163764207
dataset_3,4,sentinel,WR-STV k=1,num_services,56,0.2702072646042386,0.04400164209542854,0.40709928797802397,0.0018468135353427667
dataset_3,4,sentinel,WR-STV k=1,num_spans,56,0.22739984111049805,0.09189511610660184,0.3496719926868468,0.008250334338543346
dataset_3,4,sentinel,WR-STV k=1,num_observed_stv_features,56,0.27118716339754523,0.043210946635722135,0.5682267210803668,4.922075723859789e-06
dataset_3,4,sentinel,WR-STV k=1,total_duration,56,0.24374295796164477,0.07025296256267786,0.06350834076313372,0.6419287593463835
dataset_3,4,sentinel,WR-STV k=1,max_span_duration,56,0.29151629502129117,0.02926530221881142,0.02037188971734537,0.8815329054182841
dataset_3,4,sentinel,WR-STV k=1,mean_span_duration,56,0.4062636526700989,0.0018911464076612247,-0.10978944592636466,0.42053248131706034
dataset_1,0,zero,Raw STV + IF,num_services,95,0.9552483910187427,5.488707027733387e-51,0.8772480011093374,2.141093530271337e-31
dataset_1,0,zero,Raw STV + IF,num_spans,95,0.8358938109749979,5.816373469381714e-26,0.8918083561297397,8.509141350052788e-34
dataset_1,0,zero,Raw STV + IF,num_observed_stv_features,95,0.9553098461641346,5.1561561099958464e-51,0.8848893685469327,1.2913525815046665e-32
dataset_1,0,zero,Raw STV + IF,total_duration,95,0.7973671859966648,4.1200992517860193e-22,0.7393636952572613,1.1687897334426297e-17
dataset_1,0,zero,Raw STV + IF,max_span_duration,95,0.6332715056297344,5.722672465374308e-12,0.6228114085557833,1.594663600587068e-11
dataset_1,0,zero,Raw STV + IF,mean_span_duration,95,-0.04090062267423363,0.6939226965840193,0.2509177832068989,0.014181171567855318
dataset_1,0,zero,Raw STV + LOF,num_services,95,0.9050859051263792,2.634772875159078e-36,0.6760761810793995,5.578476853398586e-14
dataset_1,0,zero,Raw STV + LOF,num_spans,95,0.7289771894666974,5.5188180306211556e-17,0.7038961010130853,1.773126924960819e-15
dataset_1,0,zero,Raw STV + LOF,num_observed_stv_features,95,0.9126584807347755,6.579845439554881e-38,0.6891926377434926,1.1513324881207464e-14
dataset_1,0,zero,Raw STV + LOF,total_duration,95,0.7296387985660084,5.009963433357838e-17,0.7858510143210713,4.050433937282074e-21
dataset_1,0,zero,Raw STV + LOF,max_span_duration,95,0.6454152017000092,1.656917389524721e-12,0.7565815949850182,7.53068746993519e-19
dataset_1,0,zero,Raw STV + LOF,mean_span_duration,95,0.04883039371171112,0.6384123988454175,0.421893973595716,2.0604076940457912e-05
dataset_1,0,zero,Raw STV + OCSVM,num_services,95,0.4971892899754839,2.9697265761254765e-07,0.8171831215230677,5.594517044634357e-24
dataset_1,0,zero,Raw STV + OCSVM,num_spans,95,0.30365032083715826,0.002776953999293384,0.8283095312424318,3.956222848146268e-25
dataset_1,0,zero,Raw STV + OCSVM,num_observed_stv_features,95,0.4369805427141462,9.533782668962235e-06,0.8228890394597924,1.4716348015584588e-24
dataset_1,0,zero,Raw STV + OCSVM,total_duration,95,0.3649926522154902,0.00027613091220337683,0.7530935050391937,1.336464133316058e-18
dataset_1,0,zero,Raw STV + OCSVM,max_span_duration,95,0.4527815030948825,4.085070371384791e-06,0.6217665173572229,1.7628714268085474e-11
dataset_1,0,zero,Raw STV + OCSVM,mean_span_duration,95,0.203155583427328,0.04831981433654839,0.3800111982082867,0.00014564171887187718
dataset_1,0,zero,Residual STV + IF,num_services,95,0.8696114135202527,2.9568030368095335e-30,0.6656787115480083,1.8421123165027227e-13
dataset_1,0,zero,Residual STV + IF,num_spans,95,0.6676229273426464,1.4787020456361667e-13,0.6969759234106393,4.3371571596881816e-15
dataset_1,0,zero,Residual STV + IF,num_observed_stv_features,95,0.938098143858644,1.3208565374445146e-44,0.6797089123329254,3.6328986248784226e-14
dataset_1,0,zero,Residual STV + IF,total_duration,95,0.6388470362289647,3.261457267710949e-12,0.508061070986408,1.4746208492873286e-07
dataset_1,0,zero,Residual STV + IF,max_span_duration,95,0.5007736117410677,2.363965190804491e-07,0.41175736658929973,3.388565127894104e-05
dataset_1,0,zero,Residual STV + IF,mean_span_duration,95,-0.06737175476026344,0.5165301898258989,0.04271965988251758,0.6810319540841312
dataset_1,0,zero,Residual STV + LOF,num_services,95,0.6637798278200946,2.279520843006874e-13,0.6237645565294271,1.4547886348020812e-11
dataset_1,0,zero,Residual STV + LOF,num_spans,95,0.46375636470244874,2.2107072364875507e-06,0.6499764110205676,1.0252494984064279e-12
dataset_1,0,zero,Residual STV + LOF,num_observed_stv_features,95,0.7282967931716552,6.094278484269103e-17,0.6278589504390035,9.77201366361741e-12
dataset_1,0,zero,Residual STV + LOF,total_duration,95,0.5565078295246983,4.749305889444154e-09,0.5715365557188674,1.4574601989666338e-09
dataset_1,0,zero,Residual STV + LOF,max_span_duration,95,0.6266809369321187,1.096390293947481e-11,0.5080138300305936,1.4791916541131698e-07
dataset_1,0,zero,Residual STV + LOF,mean_span_duration,95,0.248420666277924,0.01520607578400202,0.20420218650077976,0.04715152550515713
dataset_1,0,zero,Residual STV + OCSVM,num_services,95,0.513000215444688,1.0642096614034393e-07,0.5926262479294492,2.5040579632831806e-10
dataset_1,0,zero,Residual STV + OCSVM,num_spans,95,0.42330602297993936,1.9199975662628983e-05,0.6192059509483541,2.250429335991949e-11
dataset_1,0,zero,Residual STV + OCSVM,num_observed_stv_features,95,0.47970909886932855,8.710517489615e-07,0.5975284001401044,1.6324443565372645e-10
dataset_1,0,zero,Residual STV + OCSVM,total_duration,95,0.48812677830335816,5.226790341301129e-07,0.5506858902575588,7.389552720888111e-09
dataset_1,0,zero,Residual STV + OCSVM,max_span_duration,95,0.5773809657341793,9.058118502596594e-10,0.48877379619260913,5.022727517564099e-07
dataset_1,0,zero,Residual STV + OCSVM,mean_span_duration,95,0.2997334374319673,0.0031681912523585896,0.2140257558790594,0.03728338867337581
dataset_1,0,zero,Max-Z Residual STV,num_services,95,0.30575032450475814,0.0025855873058389972,0.47143973046388016,1.419915833418456e-06
dataset_1,0,zero,Max-Z Residual STV,num_spans,95,0.20684562288588754,0.04430446839315403,0.49453731911507226,3.5099121402438804e-07
dataset_1,0,zero,Max-Z Residual STV,num_observed_stv_features,95,0.3211090047493281,0.001509664042854012,0.4729473612780019,1.3001234055395548e-06
dataset_1,0,zero,Max-Z Residual STV,total_duration,95,0.32325701562001286,0.0013970707508509745,0.43428291560149324,1.0972071139655782e-05
dataset_1,0,zero,Max-Z Residual STV,max_span_duration,95,0.5272566187331972,4.030263633941481e-08,0.3830895228814255,0.00012725007949452818
dataset_1,0,zero,Max-Z Residual STV,mean_span_duration,95,0.41878324578866066,2.4043546538469877e-05,0.18993490632372953,0.06524596049383238
dataset_1,0,zero,WR-STV k=1,num_services,95,0.2722737433325457,0.0076010751985130885,0.4331810392999959,1.1616226582803237e-05
dataset_1,0,zero,WR-STV k=1,num_spans,95,0.16989830267378214,0.09975712878295608,0.45064263330502563,4.5930687257815455e-06
dataset_1,0,zero,WR-STV k=1,num_observed_stv_features,95,0.2767294886091733,0.006632570566336913,0.43542113136983246,1.0341994426885094e-05
dataset_1,0,zero,WR-STV k=1,total_duration,95,0.24003456682975438,0.01913143778123708,0.3432052883744712,0.0006618675970560281
dataset_1,0,zero,WR-STV k=1,max_span_duration,95,0.385918659819656,0.0001122696342718271,0.2861292207787004,0.004939603527998756
dataset_1,0,zero,WR-STV k=1,mean_span_duration,95,0.31959554861961476,0.0015938665812755565,0.09777469826032104,0.3458676180467095
dataset_2,0,zero,Raw STV + IF,num_services,31,0.8578877510377871,6.960001384597445e-10,0.704899325681003,9.546227857197233e-06
dataset_2,0,zero,Raw STV + IF,num_spans,31,0.8160561071058936,2.207036091899702e-08,0.6889158398580747,1.8259473910455457e-05
dataset_2,0,zero,Raw STV + IF,num_observed_stv_features,31,0.9652227891524743,1.9257194291126654e-18,0.9383616135756618,6.507190833658626e-15
dataset_2,0,zero,Raw STV + IF,total_duration,31,0.7870043635928801,1.513468675554842e-07,0.557506234852603,0.001120942423278004
dataset_2,0,zero,Raw STV + IF,max_span_duration,31,0.5627653480965937,0.0009819447299948376,0.4794190423488182,0.006354039753695264
dataset_2,0,zero,Raw STV + IF,mean_span_duration,31,0.008023106020231194,0.9658325453750245,0.3381760584918432,0.0627784023001948
dataset_2,0,zero,Raw STV + LOF,num_services,31,0.9064538936664612,2.2377607125436293e-12,0.5512896692227235,0.0013071932906577489
dataset_2,0,zero,Raw STV + LOF,num_spans,31,0.8458954764514938,2.077757879067047e-09,0.5365315349810414,0.0018610982646336159
dataset_2,0,zero,Raw STV + LOF,num_observed_stv_features,31,0.9737709454721033,3.4035365818266183e-20,0.6614388457791088,5.090245435230271e-05
dataset_2,0,zero,Raw STV + LOF,total_duration,31,0.8351216621495302,5.144807733480592e-09,0.5619315768943017,0.0010029188582680371
dataset_2,0,zero,Raw STV + LOF,max_span_duration,31,0.6201994415158022,0.0001979576727429256,0.5208996983331989,0.002660154261161193
dataset_2,0,zero,Raw STV + LOF,mean_span_duration,31,0.08853943346622314,0.6357561702597516,0.4492990702440748,0.011224779684775974
dataset_2,0,zero,Raw STV + OCSVM,num_services,31,0.5151721325691203,0.0030195315872743314,0.6960324081146657,1.3749613540037738e-05
dataset_2,0,zero,Raw STV + OCSVM,num_spans,31,0.31768095760228365,0.0815921581721704,0.6779146663917487,2.788329239629664e-05
dataset_2,0,zero,Raw STV + OCSVM,num_observed_stv_features,31,0.49754811544444033,0.0044003311117151705,0.9341776558332193,1.6411838685279158e-14
dataset_2,0,zero,Raw STV + OCSVM,total_duration,31,0.5055351658160182,0.0037190363912601356,0.6155708447588115,0.00022784598508384597
dataset_2,0,zero,Raw STV + OCSVM,max_span_duration,31,0.4506333791810484,0.01095671110676877,0.5473981889500047,0.00143706690595169
dataset_2,0,zero,Raw STV + OCSVM,mean_span_duration,31,0.28489676250120455,0.12031666507862636,0.45421544639477174,0.01026355622680576
dataset_2,0,zero,Residual STV + IF,num_services,31,0.8441729249449585,2.4128184680790694e-09,0.32820518570818286,0.07145427735524118
dataset_2,0,zero,Residual STV + IF,num_spans,31,0.8144663996744368,2.4731717586330214e-08,0.30109501207420764,0.09976672876118557
dataset_2,0,zero,Residual STV + IF,num_observed_stv_features,31,0.9854719571641158,6.9817779346523e-24,0.5651035808492246,0.00092516091005411
dataset_2,0,zero,Residual STV + IF,total_duration,31,0.6742792364885372,3.194614817193431e-05,0.1006103820666229,0.5902149302491217
dataset_2,0,zero,Residual STV + IF,max_span_duration,31,0.42188061241421887,0.01808082445758612,0.027181030638966677,0.8845963535497052
dataset_2,0,zero,Residual STV + IF,mean_span_duration,31,-0.05755882456822335,0.7584176230185995,-0.08884545835721942,0.634584379617827
dataset_2,0,zero,Residual STV + LOF,num_services,31,0.8324584426754509,6.37374283071639e-09,0.4960781605594798,0.004536732203992332
dataset_2,0,zero,Residual STV + LOF,num_spans,31,0.7241955666528895,4.115571627199862e-06,0.4796174224078243,0.0063292088268350356
dataset_2,0,zero,Residual STV + LOF,num_observed_stv_features,31,0.9052818952743704,2.659903576778614e-12,0.6112838459436416,0.0002590341118691384
dataset_2,0,zero,Residual STV + LOF,total_duration,31,0.7089470360582808,8.046103237948166e-06,0.32436954085056097,0.07502919942739154
dataset_2,0,zero,Residual STV + LOF,max_span_duration,31,0.5320994553879035,0.0020630331508598855,0.28169998154914677,0.12471822520878986
dataset_2,0,zero,Residual STV + LOF,mean_span_duration,31,0.12182857730190105,0.5138356785129725,0.11911076032480077,0.5233395657069955
dataset_2,0,zero,Residual STV + OCSVM,num_services,31,0.3744918765569204,0.03793001657835732,0.40234045926926937,0.024841129364912156
dataset_2,0,zero,Residual STV + OCSVM,num_spans,31,0.27574119476638853,0.1332383045242376,0.38156655541195444,0.034170980139199225
dataset_2,0,zero,Residual STV + OCSVM,num_observed_stv_features,31,0.4474368251987326,0.011608113651795033,0.6695721117661699,3.7993875680751266e-05
dataset_2,0,zero,Residual STV + OCSVM,total_duration,31,0.436558439037657,0.014073769455010996,0.16439739861406538,0.3768333987079403
dataset_2,0,zero,Residual STV + OCSVM,max_span_duration,31,0.32385252955574423,0.07552145763670115,0.10711045234855057,0.5662976747788516
dataset_2,0,zero,Residual STV + OCSVM,mean_span_duration,31,0.022514303447860942,0.904310449089216,-0.04377206809724195,0.8151330679715438
dataset_2,0,zero,Max-Z Residual STV,num_services,31,0.507189024654682,0.0035899235653395487,0.3605027269862971,0.046341209813980995
dataset_2,0,zero,Max-Z Residual STV,num_spans,31,0.40251628664100936,0.024772163160632524,0.3390851394271339,0.06203037943168591
dataset_2,0,zero,Max-Z Residual STV,num_observed_stv_features,31,0.5849006329636804,0.0005486735833940005,0.6333602210461203,0.00013108379321589804
dataset_2,0,zero,Max-Z Residual STV,total_duration,31,0.577724037031179,0.0006656280477467188,0.1516254290359611,0.41550404613717895
dataset_2,0,zero,Max-Z Residual STV,max_span_duration,31,0.45900163427249746,0.009395363762795102,0.09630536571258783,0.6062936365096012
dataset_2,0,zero,Max-Z Residual STV,mean_span_duration,31,0.1415877376141623,0.4473913096922862,-0.03896632197595272,0.8351364457140966
dataset_2,0,zero,WR-STV k=1,num_services,31,0.38885901481168844,0.030617694794161213,0.35062299779870715,0.05313069444448729
dataset_2,0,zero,WR-STV k=1,num_spans,31,0.3109890042316362,0.08859114000670319,0.32856587900805856,0.07112502375551893
dataset_2,0,zero,WR-STV k=1,num_observed_stv_features,31,0.49855528138039246,0.004308917712404507,0.625953736670372,0.0001656894775743232
dataset_2,0,zero,WR-STV k=1,total_duration,31,0.4337302373470925,0.014782002215558972,0.09388258921667365,0.6154231521136138
dataset_2,0,zero,WR-STV k=1,max_span_duration,31,0.3186587606462051,0.08060612745889548,0.03937011805860509,0.8334516148071592
dataset_2,0,zero,WR-STV k=1,mean_span_duration,31,0.09360355130539104,0.6164782892455349,-0.09024842447280243,0.6292234561070134
dataset_3,0,zero,Raw STV + IF,num_services,56,0.9871483828908835,1.079506499904513e-44,0.7907503920895618,4.1788003422053715e-13
dataset_3,0,zero,Raw STV + IF,num_spans,56,0.9751137729183796,5.201865840350248e-37,0.8193634920899986,1.1697992623286748e-14
dataset_3,0,zero,Raw STV + IF,num_observed_stv_features,56,0.9780420286043456,1.8381138805631445e-38,0.8193634920899986,1.1697992623286748e-14
dataset_3,0,zero,Raw STV + IF,total_duration,56,0.6563997051765743,3.960489854265885e-08,0.505519669456875,7.06751693882402e-05
dataset_3,0,zero,Raw STV + IF,max_span_duration,56,0.6392401422759956,1.1421173805281193e-07,0.4025769850944852,0.0020982826041416784
dataset_3,0,zero,Raw STV + IF,mean_span_duration,56,0.18778884035097645,0.1657612463432947,0.17731296363614815,0.19109436805601843
dataset_3,0,zero,Raw STV + LOF,num_services,56,0.9721721374549329,1.0233079067073944e-35,0.531874858714847,2.4595332711511967e-05
dataset_3,0,zero,Raw STV + LOF,num_spans,56,0.9549614355211,3.63508835955223e-30,0.5633082507125593,6.187979146635785e-06
dataset_3,0,zero,Raw STV + LOF,num_observed_stv_features,56,0.9649577560279514,4.711629338702e-33,0.5633082507125593,6.187979146635785e-06
dataset_3,0,zero,Raw STV + LOF,total_duration,56,0.5757246579746329,3.4474916554971545e-06,0.5588920596029944,7.576216359147214e-06
dataset_3,0,zero,Raw STV + LOF,max_span_duration,56,0.5670955438145838,5.18979880521246e-06,0.511183430111734,5.674398771514268e-05
dataset_3,0,zero,Raw STV + LOF,mean_span_duration,56,0.2070286989341108,0.12577983777427004,0.33926136527118483,0.010530840718648949
dataset_3,0,zero,Raw STV + OCSVM,num_services,56,0.5593632053335311,7.415393954696187e-06,0.8179066667670627,1.4244312390221672e-14
dataset_3,0,zero,Raw STV + OCSVM,num_spans,56,0.47191426238370304,0.00024090937095277106,0.8210272185330145,9.321647426433885e-15
dataset_3,0,zero,Raw STV + OCSVM,num_observed_stv_features,56,0.4866114598884664,0.00014312207080877597,0.8210272185330145,9.321647426433885e-15
dataset_3,0,zero,Raw STV + OCSVM,total_duration,56,0.5001454708365729,8.673585039121878e-05,0.6982911825017089,2.1932561706834733e-09
dataset_3,0,zero,Raw STV + OCSVM,max_span_duration,56,0.532572802906259,2.3888483016716395e-05,0.5356117566643883,2.1024192130205365e-05
dataset_3,0,zero,Raw STV + OCSVM,mean_span_duration,56,0.3319941752295807,0.012428909781995769,0.3948735475051265,0.0025975251853233117
dataset_3,0,zero,Residual STV + IF,num_services,56,0.9661918162510242,1.8180562698280083e-33,0.4564473135186054,0.00040652887236490733
dataset_3,0,zero,Residual STV + IF,num_spans,56,0.9780389404073117,1.8450343863816108e-38,0.461578078040558,0.00034268846856428417
dataset_3,0,zero,Residual STV + IF,num_observed_stv_features,56,0.9497507189758282,6.534705241253256e-29,0.461578078040558,0.00034268846856428417
dataset_3,0,zero,Residual STV + IF,total_duration,56,0.617050545874387,4.091987875136176e-07,0.2554406592811375,0.05742213410159565
dataset_3,0,zero,Residual STV + IF,max_span_duration,56,0.6004898720638692,9.964872784469667e-07,0.21608686476466185,0.10970157027335177
dataset_3,0,zero,Residual STV + IF,mean_span_duration,56,0.1968965004376197,0.14581130112361568,0.10288059748051699,0.4505316367253488
dataset_3,0,zero,Residual STV + LOF,num_services,56,0.8596400206341752,2.2226234090971346e-17,0.5805576235954604,2.727588897428466e-06
dataset_3,0,zero,Residual STV + LOF,num_spans,56,0.8506603786459973,1.0510159402346995e-16,0.5654222288913792,5.610757373990235e-06
dataset_3,0,zero,Residual STV + LOF,num_observed_stv_features,56,0.8308619251265205,2.3174361865659693e-15,0.5654222288913792,5.610757373990235e-06
dataset_3,0,zero,Residual STV + LOF,total_duration,56,0.7728274631801667,2.9934083005599682e-12,0.28113465481886535,0.03582528510832677
dataset_3,0,zero,Residual STV + LOF,max_span_duration,56,0.7845663989680854,8.418381901406571e-13,0.24053315105946685,0.07414687577717136
dataset_3,0,zero,Residual STV + LOF,mean_span_duration,56,0.4483149829006392,0.0005300675606158333,0.0697881066302119,0.6092871305911839
dataset_3,0,zero,Residual STV + OCSVM,num_services,56,0.4455823258667969,0.0005786517859775967,0.5618783870287626,6.609189643304075e-06
dataset_3,0,zero,Residual STV + OCSVM,num_spans,56,0.38671831929487227,0.003238491791178108,0.5464660710345857,1.3187455478704782e-05
dataset_3,0,zero,Residual STV + OCSVM,num_observed_stv_features,56,0.3999645398492783,0.002257066014679641,0.5464660710345857,1.3187455478704782e-05
dataset_3,0,zero,Residual STV + OCSVM,total_duration,56,0.31623496374522003,0.017577583202012595,0.2559300026486671,0.05692973968872864
dataset_3,0,zero,Residual STV + OCSVM,max_span_duration,56,0.3576645584908988,0.006803576969542205,0.22195638851501662,0.10015841699116412
dataset_3,0,zero,Residual STV + OCSVM,mean_span_duration,56,0.43382828577779753,0.000836892218752154,0.051541458866745465,0.7059858710814748
dataset_3,0,zero,Max-Z Residual STV,num_services,56,0.4799351117590142,0.00018184590271515507,0.4720948087886339,0.00023940713329023702
dataset_3,0,zero,Max-Z Residual STV,num_spans,56,0.43391732235141073,0.0008345974667158322,0.4510324845607742,0.00048544533591630886
dataset_3,0,zero,Max-Z Residual STV,num_observed_stv_features,56,0.4427664946117929,0.0006328956639496027,0.4510324845607742,0.00048544533591630886
dataset_3,0,zero,Max-Z Residual STV,total_duration,56,0.4214917038484232,0.0012156451657870763,0.2016567214521392,0.13612348047761583
dataset_3,0,zero,Max-Z Residual STV,max_span_duration,56,0.47689393661950513,0.0002024753936166817,0.19337414735312058,0.15330351062479414
dataset_3,0,zero,Max-Z Residual STV,mean_span_duration,56,0.5933371173033354,1.4413880549909148e-06,0.047025854595254456,0.7307239511083343
dataset_3,0,zero,WR-STV k=1,num_services,56,0.3203438836236854,0.016085418193786533,0.45704456165907337,0.0003985793110901759
dataset_3,0,zero,WR-STV k=1,num_spans,56,0.30556758789706207,0.022012000571548205,0.4341549915971008,0.0008284997307589557
dataset_3,0,zero,WR-STV k=1,num_observed_stv_features,56,0.28107629254467653,0.0358653496618222,0.4341549915971008,0.0008284997307589557
dataset_3,0,zero,WR-STV k=1,total_duration,56,0.4221471494310382,0.0011921880654725445,0.14357975332217776,0.2911049598569146
dataset_3,0,zero,WR-STV k=1,max_span_duration,56,0.45757592054323754,0.00039162565508602453,0.06387778123283748,0.6399889030032608
dataset_3,0,zero,WR-STV k=1,mean_span_duration,56,0.4767569505629837,0.00020345302111944455,-0.025325540874014223,0.853014000151648
dataset_1,1,zero,Raw STV + IF,num_services,95,0.9540361042448484,1.8503937765869237e-50,0.9075580406339222,8.181149584050593e-37
dataset_1,1,zero,Raw STV + IF,num_spans,95,0.760477864823225,3.922527231747124e-19,0.9294709871954706,4.67261264835492e-42
dataset_1,1,zero,Raw STV + IF,num_observed_stv_features,95,0.9427644318153421,3.84205410057159e-46,0.9311447175824811,1.5895988301316924e-42
dataset_1,1,zero,Raw STV + IF,total_duration,95,0.7637543629076444,2.2446984354141233e-19,0.6956068318878001,5.161318017411824e-15
dataset_1,1,zero,Raw STV + IF,max_span_duration,95,0.5390727248132594,1.7410353055611e-08,0.604670697617806,8.63864617002461e-11
dataset_1,1,zero,Raw STV + IF,mean_span_duration,95,0.0763326207861131,0.46220383516561453,0.3321562693798166,0.0010072566467255529
dataset_1,1,zero,Raw STV + LOF,num_services,95,0.8105148815736721,2.5145142552157854e-23,0.7139092621540494,4.639319193792396e-16
dataset_1,1,zero,Raw STV + LOF,num_spans,95,0.6335339930676303,5.574595727450168e-12,0.7730272297465631,4.399013938830385e-20
dataset_1,1,zero,Raw STV + LOF,num_observed_stv_features,95,0.7987947447242787,3.0719409918652775e-22,0.7623254995385416,2.8664863477114407e-19
dataset_1,1,zero,Raw STV + LOF,total_duration,95,0.7622248755616202,2.916084485161661e-19,0.7742445980697968,3.531428864400228e-20
dataset_1,1,zero,Raw STV + LOF,max_span_duration,95,0.63057526445289,7.48043397300447e-12,0.7285397918203826,5.882376581838087e-17
dataset_1,1,zero,Raw STV + LOF,mean_span_duration,95,0.2513496688476438,0.014010131187657265,0.49668362888779793,3.0662164891524866e-07
dataset_1,1,zero,Raw STV + OCSVM,num_services,95,0.5703379508291678,1.6049498830719672e-09,0.8584850094841266,1.0218611834415176e-28
dataset_1,1,zero,Raw STV + OCSVM,num_spans,95,0.30796825223237323,0.0023964309012790065,0.873226144952511,8.716007672886223e-31
dataset_1,1,zero,Raw STV + OCSVM,num_observed_stv_features,95,0.5245977295646466,4.846816412842054e-08,0.882748503725668,2.89238521577368e-32
dataset_1,1,zero,Raw STV + OCSVM,total_duration,95,0.47579618981850974,1.0993956576376312e-06,0.8215985442329227,1.998810822385653e-24
dataset_1,1,zero,Raw STV + OCSVM,max_span_duration,95,0.4779251268530442,9.689410697304475e-07,0.7043673012318029,1.6667972042702123e-15
dataset_1,1,zero,Raw STV + OCSVM,mean_span_duration,95,0.2960374791500018,0.0035819503839595833,0.5597424412094065,3.7013511008462093e-09
dataset_1,1,zero,Residual STV + IF,num_services,95,0.8814592626935948,4.6653024969093364e-32,0.7003769238821541,2.803323127734526e-15
dataset_1,1,zero,Residual STV + IF,num_spans,95,0.6999669296411984,2.9557113558255676e-15,0.7424593034699798,7.254498947150122e-18
dataset_1,1,zero,Residual STV + IF,num_observed_stv_features,95,0.8746739938449453,5.287560298550893e-31,0.73823629441055,1.388180603093814e-17
dataset_1,1,zero,Residual STV + IF,total_duration,95,0.612371810513711,4.2721255631735796e-11,0.5345597519000457,2.408149644298763e-08
dataset_1,1,zero,Residual STV + IF,max_span_duration,95,0.42672916033697955,1.615923440219292e-05,0.4719127406900568,1.3812514159067637e-06
dataset_1,1,zero,Residual STV + IF,mean_span_duration,95,0.019304197483243038,0.8526953223784064,0.17057535231528717,0.09839409657873996
dataset_1,1,zero,Residual STV + LOF,num_services,95,0.55420830607679,5.661097277411441e-09,0.5755530532170394,1.052150215325271e-09
dataset_1,1,zero,Residual STV + LOF,num_spans,95,0.3799606892463522,0.00014596304765661342,0.616068106126327,3.026312576406614e-11
dataset_1,1,zero,Residual STV + LOF,num_observed_stv_features,95,0.5186978075068451,7.257921004159433e-08,0.6089003695520918,5.881778241743664e-11
dataset_1,1,zero,Residual STV + LOF,total_duration,95,0.6159840114749057,3.0502961300385497e-11,0.4624935698057051,2.375129426237181e-06
dataset_1,1,zero,Residual STV + LOF,max_span_duration,95,0.6890019350408337,1.178753442009144e-14,0.4237885433824004,1.874108669041753e-05
dataset_1,1,zero,Residual STV + LOF,mean_span_duration,95,0.4706666514498926,1.485320090244277e-06,0.12288320956852802,0.2354785656235195
dataset_1,1,zero,Residual STV + OCSVM,num_services,95,0.5365538062203581,2.0878159881657137e-08,0.570660782435498,1.5638753680450525e-09
dataset_1,1,zero,Residual STV + OCSVM,num_spans,95,0.36510282198152866,0.0002748690194768985,0.6039161624711852,9.246311135359617e-11
dataset_1,1,zero,Residual STV + OCSVM,num_observed_stv_features,95,0.49935008045333495,2.5889569187766294e-07,0.5993133868947474,1.3944430364691867e-10
dataset_1,1,zero,Residual STV + OCSVM,total_duration,95,0.49376699352057335,3.683530030989918e-07,0.4296612541993281,1.3919843278637891e-05
dataset_1,1,zero,Residual STV + OCSVM,max_span_duration,95,0.5172109862852562,8.025656970774637e-08,0.3931830907054871,8.096696090177858e-05
dataset_1,1,zero,Residual STV + OCSVM,mean_span_duration,95,0.35355293002598354,0.00044038629480042124,0.08401455767077268,0.41824791384900484
dataset_1,1,zero,Max-Z Residual STV,num_services,95,0.33350088527732247,0.0009578619981575997,0.4501695337932994,4.713201415678543e-06
dataset_1,1,zero,Max-Z Residual STV,num_spans,95,0.19791815386781153,0.05453100803534852,0.4782150891086385,9.523513927412467e-07
dataset_1,1,zero,Max-Z Residual STV,num_observed_stv_features,95,0.2939949477287751,0.0038307853448142277,0.48002685133764683,8.546298891882315e-07
dataset_1,1,zero,Max-Z Residual STV,total_duration,95,0.36573325598925194,0.00026774965621418446,0.31786114221724526,0.0016955751437853109
dataset_1,1,zero,Max-Z Residual STV,max_span_duration,95,0.4962133395952778,3.158622695008549e-07,0.29953807390817466,0.003188939608635351
dataset_1,1,zero,Max-Z Residual STV,mean_span_duration,95,0.4432629271348189,6.840991093767725e-06,0.0280515117581187,0.7872787965866926
dataset_1,1,zero,WR-STV k=1,num_services,95,0.3159840082653126,0.0018122399792947178,0.3999370955245638,5.93384491459321e-05
dataset_1,1,zero,WR-STV k=1,num_spans,95,0.21650727843283535,0.03508460883238432,0.40401285563577555,4.903073890230837e-05
dataset_1,1,zero,WR-STV k=1,num_observed_stv_features,95,0.27979014084168274,0.006032175269872608,0.4183100654341904,2.4611562346024613e-05
dataset_1,1,zero,WR-STV k=1,total_duration,95,0.2387718509995434,0.01979218491913709,0.26630739081746924,0.009092192575414427
dataset_1,1,zero,WR-STV k=1,max_span_duration,95,0.3271130769990439,0.0012138796083882542,0.24419092945128779,0.0170887569219174
dataset_1,1,zero,WR-STV k=1,mean_span_duration,95,0.28634189604039034,0.0049062176154660245,-0.001791713325867861,0.9862513049611045
dataset_2,1,zero,Raw STV + IF,num_services,31,0.9152028449852563,5.707493352385336e-13,0.7756755369946522,2.9644775370229475e-07
dataset_2,1,zero,Raw STV + IF,num_spans,31,0.9521321928312841,1.8192087320948315e-16,0.7873471656927361,1.4820644524171533e-07
dataset_2,1,zero,Raw STV + IF,num_observed_stv_features,31,0.9364298358276871,1.0052525258151412e-14,0.9348440381576275,1.4222010515998887e-14
dataset_2,1,zero,Raw STV + IF,total_duration,31,0.8340954957561925,5.589921127660244e-09,0.42783666559562294,0.016353691022882477
dataset_2,1,zero,Raw STV + IF,max_span_duration,31,0.6445733233624105,9.086859592765847e-05,0.31104391246980223,0.08853190713618808
dataset_2,1,zero,Raw STV + IF,mean_span_duration,31,-0.1586041000479847,0.39410631099491994,-0.030257189928969086,0.8716376227186287
dataset_2,1,zero,Raw STV + LOF,num_services,31,0.9826123760774502,9.280011922351938e-23,0.7168139926161426,5.723959158466023e-06
dataset_2,1,zero,Raw STV + LOF,num_spans,31,0.9721603454747111,7.993510487176686e-20,0.7128221927733149,6.813026645555899e-06
dataset_2,1,zero,Raw STV + LOF,num_observed_stv_features,31,0.9728901180548676,5.463719214250079e-20,0.8707241610423185,1.9226219349742212e-10
dataset_2,1,zero,Raw STV + LOF,total_duration,31,0.8625639473308515,4.421575239164473e-10,0.5638751609466554,0.0009546232929994653
dataset_2,1,zero,Raw STV + LOF,max_span_duration,31,0.6798866644108407,2.5879541856078643e-05,0.48355221389698866,0.005853502188451345
dataset_2,1,zero,Raw STV + LOF,mean_span_duration,31,-0.091279742924777,0.6252943992141439,0.1735621468912397,0.35043022069640384
dataset_2,1,zero,Raw STV + OCSVM,num_services,31,0.5655891191378226,0.0009137374633492853,0.7200142305379376,4.967446526955547e-06
dataset_2,1,zero,Raw STV + OCSVM,num_spans,31,0.4330858909180175,0.014947449499533775,0.7011801499625872,1.1142539783869186e-05
dataset_2,1,zero,Raw STV + OCSVM,num_observed_stv_features,31,0.48192078959573587,0.006046898172596083,0.8832762522174745,4.7544059406233067e-11
dataset_2,1,zero,Raw STV + OCSVM,total_duration,31,0.2949637043141816,0.10720761617498516,0.5070593393589947,0.003599906428473366
dataset_2,1,zero,Raw STV + OCSVM,max_span_duration,31,0.21578532215559154,0.24366789627383723,0.4017749419264589,0.02506401508295699
dataset_2,1,zero,Raw STV + OCSVM,mean_span_duration,31,0.010884145803636256,0.9536597089584252,0.14965713198264682,0.42165447738302253
dataset_2,1,zero,Residual STV + IF,num_services,31,0.7379334765039106,2.1645638036694306e-06,0.12919120709917825,0.48852407598795755
dataset_2,1,zero,Residual STV + IF,num_spans,31,0.6682537830430298,3.986250678138582e-05,0.07678049563891783,0.6814134883596046
dataset_2,1,zero,Residual STV + IF,num_observed_stv_features,31,0.8030964681798002,5.4170708801571956e-08,0.29854249732034166,0.10281552546192227
dataset_2,1,zero,Residual STV + IF,total_duration,31,0.6715280387031618,3.5366181762876736e-05,0.03176074725212458,0.865315331414123
dataset_2,1,zero,Residual STV + IF,max_span_duration,31,0.5341057396946263,0.001969381804537206,-0.010311930926014474,0.9560935729867999
dataset_2,1,zero,Residual STV + IF,mean_span_duration,31,-0.04791657495699299,0.7979727399263794,0.06599635792649264,0.7242856705002354
dataset_2,1,zero,Residual STV + LOF,num_services,31,0.8516630838430205,1.2425971648872813e-09,0.6778304962671065,2.7971839431203422e-05
dataset_2,1,zero,Residual STV + LOF,num_spans,31,0.7893417820918072,1.3108456118163598e-07,0.6804347367980306,2.534613922456116e-05
dataset_2,1,zero,Residual STV + LOF,num_observed_stv_features,31,0.8583673449465861,6.64851257928445e-10,0.8135094643015359,2.647236857791163e-08
dataset_2,1,zero,Residual STV + LOF,total_duration,31,0.7146654727626297,6.288784572804958e-06,0.5397491687180456,0.00172547670240634
dataset_2,1,zero,Residual STV + LOF,max_span_duration,31,0.5939370626099499,0.00042740473468636235,0.4493178654692671,0.011220965708405462
dataset_2,1,zero,Residual STV + LOF,mean_span_duration,31,0.022995584897314004,0.9022745402281341,0.15734235722208992,0.39792747864073696
dataset_2,1,zero,Residual STV + OCSVM,num_services,31,0.4653024908805369,0.008347654168016248,0.6360412643576924,0.0001202453183581339
dataset_2,1,zero,Residual STV + OCSVM,num_spans,31,0.4112416546333715,0.021541758517230884,0.6398868685584305,0.000106093443862572
dataset_2,1,zero,Residual STV + OCSVM,num_observed_stv_features,31,0.4502005298570539,0.011043075925052546,0.8108234203099008,3.197553069081447e-08
dataset_2,1,zero,Residual STV + OCSVM,total_duration,31,0.34011783991980465,0.06118913027970406,0.47901549096636964,0.006404807833495226
dataset_2,1,zero,Residual STV + OCSVM,max_span_duration,31,0.29364685764606135,0.10885864949337161,0.4023407283011547,0.02484102372021233
dataset_2,1,zero,Residual STV + OCSVM,mean_span_duration,31,0.10253040906663008,0.583104398867936,0.10855532187864655,0.5610417390345988
dataset_2,1,zero,Max-Z Residual STV,num_services,31,0.49038017440840104,0.00510027743895068,0.5133817211383974,0.003140142128427708
dataset_2,1,zero,Max-Z Residual STV,num_spans,31,0.4200478546748708,0.018641749645141717,0.5116792577244952,0.003258660422747392
dataset_2,1,zero,Max-Z Residual STV,num_observed_stv_features,31,0.47905700980985433,0.006399568735755713,0.7047928494357473,9.588891124761329e-06
dataset_2,1,zero,Max-Z Residual STV,total_duration,31,0.36780044407606205,0.04178517972730845,0.43044848667046065,0.015640835329621124
dataset_2,1,zero,Max-Z Residual STV,max_span_duration,31,0.3428824186669423,0.05898106887480882,0.37104822291442346,0.03987657588349211
dataset_2,1,zero,Max-Z Residual STV,mean_span_duration,31,0.19937136535030472,0.2822506959074633,0.17718366346406955,0.34031129954014827
dataset_2,1,zero,WR-STV k=1,num_services,31,0.21771550175509113,0.23937385030706113,0.4050779461948673,0.023785064036948543
dataset_2,1,zero,WR-STV k=1,num_spans,31,0.16069577840334542,0.3878182537152913,0.38658855054709296,0.031690204902440545
dataset_2,1,zero,WR-STV k=1,num_observed_stv_features,31,0.23844024542122538,0.19644402573768446,0.6089966797595764,0.00027717561162634647
dataset_2,1,zero,WR-STV k=1,total_duration,31,0.17775406552659068,0.33873386644372194,0.2829434351678347,0.12299223515303626
dataset_2,1,zero,WR-STV k=1,max_span_duration,31,0.2081872139947072,0.26106718944968227,0.23403464137453758,0.20508812229098394
dataset_2,1,zero,WR-STV k=1,mean_span_duration,31,0.2050823145106501,0.2684056589468212,0.11519839860404699,0.5371689266806948
dataset_3,1,zero,Raw STV + IF,num_services,56,0.9831209987821153,1.6130520215775557e-41,0.823859458667152,6.298677050805273e-15
dataset_3,1,zero,Raw STV + IF,num_spans,56,0.970044197624529,7.282711217661531e-35,0.8683593678748527,4.4207716059092385e-18
dataset_3,1,zero,Raw STV + IF,num_observed_stv_features,56,0.9756619609354189,2.870743555464526e-37,0.8712654044469639,2.515252386482135e-18
dataset_3,1,zero,Raw STV + IF,total_duration,56,0.6789235385381877,8.861782896880716e-09,0.7009280389186077,1.7981355843173128e-09
dataset_3,1,zero,Raw STV + IF,max_span_duration,56,0.659439447433213,3.259815212261478e-08,0.5740800942962069,3.730348935393427e-06
dataset_3,1,zero,Raw STV + IF,mean_span_duration,56,0.18994847493021172,0.1608593722308206,0.27721283505461364,0.03860134082285358
dataset_3,1,zero,Raw STV + LOF,num_services,56,0.9667170773743248,1.1992286494403689e-33,0.7395890612767005,7.471229273142304e-11
dataset_3,1,zero,Raw STV + LOF,num_spans,56,0.9550648612333176,3.420833078558029e-30,0.8092212103075849,4.4489103394160686e-14
dataset_3,1,zero,Raw STV + LOF,num_observed_stv_features,56,0.961770353377269,4.746165089570104e-32,0.793990244134443,2.868087047427925e-13
dataset_3,1,zero,Raw STV + LOF,total_duration,56,0.7110147047842681,8.242513222404596e-10,0.761561745450972,9.439921999097403e-12
dataset_3,1,zero,Raw STV + LOF,max_span_duration,56,0.6997917891784494,1.9593384132603722e-09,0.664248605879885,2.3847202979892702e-08
dataset_3,1,zero,Raw STV + LOF,mean_span_duration,56,0.2507361623484979,0.062333668683008846,0.3793945969067632,0.003929568363513455
dataset_3,1,zero,Raw STV + OCSVM,num_services,56,0.4300818367258921,0.0009387584876338693,0.7933671905191065,3.0849776112792847e-13
dataset_3,1,zero,Raw STV + OCSVM,num_spans,56,0.35334448615423764,0.007555346488679815,0.8612677505305072,1.6579199000087558e-17
dataset_3,1,zero,Raw STV + OCSVM,num_observed_stv_features,56,0.41274565917297495,0.0015707965214566849,0.8392864036408769,6.540004264868281e-16
dataset_3,1,zero,Raw STV + OCSVM,total_duration,56,0.27708135512440996,0.038697402036325934,0.7438649275701912,5.0779999161991094e-11
dataset_3,1,zero,Raw STV + OCSVM,max_span_duration,56,0.3058603094699778,0.021878761956655026,0.5935470654376007,1.4260360078422676e-06
dataset_3,1,zero,Raw STV + OCSVM,mean_span_duration,56,0.27556362155952724,0.0398206413271401,0.3733679686076442,0.004592692614626819
dataset_3,1,zero,Residual STV + IF,num_services,56,0.9275105859986076,9.716046648955932e-25,0.5205002231362534,3.920653348382105e-05
dataset_3,1,zero,Residual STV + IF,num_spans,56,0.9362793754346683,3.3491867679630394e-26,0.5537009444988257,9.576022115425742e-06
dataset_3,1,zero,Residual STV + IF,num_observed_stv_features,56,0.9133058701160347,1.0127161699559286e-22,0.5765116194128123,3.3193252288630056e-06
dataset_3,1,zero,Residual STV + IF,total_duration,56,0.8390004667288509,6.835017509786582e-16,0.3502609948057221,0.008135261570377191
dataset_3,1,zero,Residual STV + IF,max_span_duration,56,0.8181535208697098,1.3778511029833128e-14,0.284785895278605,0.03339151444890043
dataset_3,1,zero,Residual STV + IF,mean_span_duration,56,0.23627373342624927,0.07957660646955939,0.06704869126078868,0.623438474214323
dataset_3,1,zero,Residual STV + LOF,num_services,56,0.7791095433636037,1.5328366740595963e-12,0.3838975830155214,0.0034907578068979375
dataset_3,1,zero,Residual STV + LOF,num_spans,56,0.7264285812651191,2.3429823590829576e-10,0.44844876264170963,0.0005277868042516266
dataset_3,1,zero,Residual STV + LOF,num_observed_stv_features,56,0.8142006990296035,2.3325677673342745e-14,0.4424934335380911,0.0006383929699989204
dataset_3,1,zero,Residual STV + LOF,total_duration,56,0.534840805258891,2.171910654412924e-05,0.3176650260423224,0.01704540439361731
dataset_3,1,zero,Residual STV + LOF,max_span_duration,56,0.5449032241611949,1.4117588237342407e-05,0.2925295115476398,0.028682719627562137
dataset_3,1,zero,Residual STV + LOF,mean_span_duration,56,0.30442897829953686,0.022536805721414987,0.1065267042869883,0.4345552761170819
dataset_3,1,zero,Residual STV + OCSVM,num_services,56,0.41651815437303996,0.0014075696320138382,0.3838713833475852,0.003493180140052839
dataset_3,1,zero,Residual STV + OCSVM,num_spans,56,0.4107489144929085,0.0016638717219105616,0.4513921842427187,0.00047980134691862157
dataset_3,1,zero,Residual STV + OCSVM,num_observed_stv_features,56,0.41643700660733435,0.001410914289251458,0.45394337413368135,0.00044144731174729733
dataset_3,1,zero,Residual STV + OCSVM,total_duration,56,0.3413821232643052,0.01002650915332532,0.28238430580706303,0.034976284674238044
dataset_3,1,zero,Residual STV + OCSVM,max_span_duration,56,0.3645144225208816,0.005745218846385128,0.2511449865735051,0.06189388388511101
dataset_3,1,zero,Residual STV + OCSVM,mean_span_duration,56,0.24861056287889507,0.06466088747650565,0.05687333392192603,0.6771618344075678
dataset_3,1,zero,Max-Z Residual STV,num_services,56,0.42032317271742037,0.0012584941076300663,0.32362090286469875,0.01497421863685077
dataset_3,1,zero,Max-Z Residual STV,num_spans,56,0.39481395953462906,0.0026017665459628493,0.383338485569361,0.00354277371074033
dataset_3,1,zero,Max-Z Residual STV,num_observed_stv_features,56,0.4408452289788422,0.0006725011532764989,0.39740404275874763,0.002422983100066189
dataset_3,1,zero,Max-Z Residual STV,total_duration,56,0.29576394380980037,0.02688752526301219,0.20542794832423772,0.12879774794945056
dataset_3,1,zero,Max-Z Residual STV,max_span_duration,56,0.32961953407175176,0.013109811464850542,0.18245830085770068,0.17832615157298665
dataset_3,1,zero,Max-Z Residual STV,mean_span_duration,56,0.2881293437224275,0.03128503371980842,0.012852064653895738,0.9251006655615905
dataset_3,1,zero,WR-STV k=1,num_services,56,0.2677546427317656,0.04603284553789944,0.3828308657698984,0.0035905926204081425
dataset_3,1,zero,WR-STV k=1,num_spans,56,0.23327798469991412,0.08358015920512885,0.4238441506141703,0.0011333321131863357
dataset_3,1,zero,WR-STV k=1,num_observed_stv_features,56,0.27449871395461123,0.040624695836084954,0.44810124672942137,0.0005337299837355568
dataset_3,1,zero,WR-STV k=1,total_duration,56,0.23625312216246325,0.07960362432672895,0.2127659582235522,0.11540201102489889
dataset_3,1,zero,WR-STV k=1,max_span_duration,56,0.2706540279945521,0.043639681944468024,0.15131163004910292,0.2656233558752361
dataset_3,1,zero,WR-STV k=1,mean_span_duration,56,0.2553598708394746,0.05750375626595804,0.024574895415700248,0.8573245173759599
dataset_1,2,zero,Raw STV + IF,num_services,95,0.9618428952259824,3.847699585588403e-54,0.930185782720935,2.958020220008572e-42
dataset_1,2,zero,Raw STV + IF,num_spans,95,0.9456731795262098,3.6321667104997387e-47,0.9336948369308103,2.9150575718697493e-43
dataset_1,2,zero,Raw STV + IF,num_observed_stv_features,95,0.9836346741326847,5.046720822484763e-71,0.9342709730147303,1.968611309627122e-43
dataset_1,2,zero,Raw STV + IF,total_duration,95,0.8258035611859552,7.302755481821642e-25,0.7119900335423096,6.025228152621455e-16
dataset_1,2,zero,Raw STV + IF,max_span_duration,95,0.7542971918632725,1.0976356543911704e-18,0.5777976862489981,8.752949770467386e-10
dataset_1,2,zero,Raw STV + IF,mean_span_duration,95,0.026546413810376628,0.7984434123113159,0.26246351762891473,0.01018372791572782
dataset_1,2,zero,Raw STV + LOF,num_services,95,0.9149899286723353,1.9739901755064323e-38,0.7361689022192708,1.8986955091063207e-17
dataset_1,2,zero,Raw STV + LOF,num_spans,95,0.8720197646851647,1.315697339860408e-30,0.7533316195833026,1.2855314187973293e-18
dataset_1,2,zero,Raw STV + LOF,num_observed_stv_features,95,0.9311836136633072,1.549763577862602e-42,0.7542378447920285,1.1083711388676134e-18
dataset_1,2,zero,Raw STV + LOF,total_duration,95,0.856119447895915,2.087464798497636e-28,0.8075394051150384,4.824335840650359e-23
dataset_1,2,zero,Raw STV + LOF,max_span_duration,95,0.8062095417446927,6.431744213454008e-23,0.7677706545745225,1.1184620696046633e-19
dataset_1,2,zero,Raw STV + LOF,mean_span_duration,95,0.14834955457640578,0.15136035023853756,0.4753562531608978,1.128350260789232e-06
dataset_1,2,zero,Raw STV + OCSVM,num_services,95,0.4796912677002204,8.71982086745355e-07,0.7898656458627455,1.8557811704625126e-21
dataset_1,2,zero,Raw STV + OCSVM,num_spans,95,0.3267540652597714,0.0012299637764536435,0.808104963238971,4.266089196642001e-23
dataset_1,2,zero,Raw STV + OCSVM,num_observed_stv_features,95,0.38031288912554956,0.00014373602113534924,0.8099151039778233,2.8700918972961795e-23
dataset_1,2,zero,Raw STV + OCSVM,total_duration,95,0.3423817131394127,0.0006832760487453509,0.8010078387458005,1.9396554663630508e-22
dataset_1,2,zero,Raw STV + OCSVM,max_span_duration,95,0.37092072360433553,0.0002153081893630041,0.68251679731243,2.5968642626522586e-14
dataset_1,2,zero,Raw STV + OCSVM,mean_span_duration,95,0.2965005186595222,0.0035275918428696864,0.4930991041433371,3.8406293316295756e-07
dataset_1,2,zero,Residual STV + IF,num_services,95,0.9001517179652238,2.47824409482936e-35,0.7663143608055463,1.442175403966014e-19
dataset_1,2,zero,Residual STV + IF,num_spans,95,0.8934465708506124,4.3497782784074685e-34,0.7879298457988088,2.7095072082317923e-21
dataset_1,2,zero,Residual STV + IF,num_observed_stv_features,95,0.9614045414305602,6.479755352309673e-54,0.7889670412759778,2.213292038796095e-21
dataset_1,2,zero,Residual STV + IF,total_duration,95,0.8771490176991822,2.217666750761936e-31,0.48913717998771256,4.911457656574499e-07
dataset_1,2,zero,Residual STV + IF,max_span_duration,95,0.8055832509403091,7.358882787975663e-23,0.3811774016789165,0.0001384023077581352
dataset_1,2,zero,Residual STV + IF,mean_span_duration,95,0.05961627135210705,0.5660449289934621,0.025579369079259538,0.8056384309442384
dataset_1,2,zero,Residual STV + LOF,num_services,95,0.7056459297829277,1.408441242025652e-15,0.5678343907721978,1.9605002751089356e-09
dataset_1,2,zero,Residual STV + LOF,num_spans,95,0.6751556834850927,6.212891023322349e-14,0.5982074802088881,1.5376290678862232e-10
dataset_1,2,zero,Residual STV + LOF,num_observed_stv_features,95,0.7397063032624988,1.1090638156251821e-17,0.60052872912144,1.2518782436789188e-10
dataset_1,2,zero,Residual STV + LOF,total_duration,95,0.8306985071601524,2.1850766676949538e-25,0.4466327916561818,5.709694722712701e-06
dataset_1,2,zero,Residual STV + LOF,max_span_duration,95,0.8274263607598553,4.915721772267876e-25,0.34682736323895125,0.000574804872025637
dataset_1,2,zero,Residual STV + LOF,mean_span_duration,95,0.3112844280415401,0.0021367983940135606,0.11276753595080079,0.2765746076401492
dataset_1,2,zero,Residual STV + OCSVM,num_services,95,0.4305840703431563,1.3277599275408631e-05,0.5231554351602534,5.353430289690106e-08
dataset_1,2,zero,Residual STV + OCSVM,num_spans,95,0.3841230646710827,0.00012157476782182078,0.5522544292398877,6.565296978323652e-09
dataset_1,2,zero,Residual STV + OCSVM,num_observed_stv_features,95,0.3990281390335879,6.189714464602594e-05,0.5547247045004442,5.442808180428992e-09
dataset_1,2,zero,Residual STV + OCSVM,total_duration,95,0.333203521011883,0.0009685916368788151,0.36790313549832027,0.00024452510647879013
dataset_1,2,zero,Residual STV + OCSVM,max_span_duration,95,0.3553107481980352,0.00041036891046306436,0.2679591265397536,0.008655641355849179
dataset_1,2,zero,Residual STV + OCSVM,mean_span_duration,95,0.23165566281341926,0.02389396815008216,0.0557390817469205,0.591611170706279
dataset_1,2,zero,Max-Z Residual STV,num_services,95,0.3529522650569601,0.0004510970830638224,0.4136814928756655,3.0869902541759704e-05
dataset_1,2,zero,Max-Z Residual STV,num_spans,95,0.3238399392989199,0.0013678585784945413,0.4394435362035415,8.377098467509284e-06
dataset_1,2,zero,Max-Z Residual STV,num_observed_stv_features,95,0.3703464166904283,0.00022060727754564597,0.4422397527784282,7.2242142604905946e-06
dataset_1,2,zero,Max-Z Residual STV,total_duration,95,0.40506771683096215,4.664932442436592e-05,0.28320965949705856,0.005418788427311495
dataset_1,2,zero,Max-Z Residual STV,max_span_duration,95,0.43689126768098685,9.578402452658463e-06,0.19354433860308776,0.06020697881404573
dataset_1,2,zero,Max-Z Residual STV,mean_span_duration,95,0.3292384801702665,0.001122511034752138,0.03841199050635046,0.7117000012803767
dataset_1,2,zero,WR-STV k=1,num_services,95,0.2889795036986145,0.004508539372593082,0.4052712973645917,4.6202332179065087e-05
dataset_1,2,zero,WR-STV k=1,num_spans,95,0.27267729754654546,0.007508491737644821,0.4302042067482263,1.3538526975998884e-05
dataset_1,2,zero,WR-STV k=1,num_observed_stv_features,95,0.2939538768290629,0.003835943533558988,0.4327464563044375,1.1879913521463e-05
dataset_1,2,zero,WR-STV k=1,total_duration,95,0.3214623186994258,0.0014905968194073044,0.25384637123834186,0.013056044537750913
dataset_1,2,zero,WR-STV k=1,max_span_duration,95,0.3714372903244561,0.00021064254860884028,0.14905993314547059,0.14938957371555045
dataset_1,2,zero,WR-STV k=1,mean_span_duration,95,0.36009121711998854,0.00033798567450837945,-0.010870630484851646,0.9167295335214537
dataset_2,2,zero,Raw STV + IF,num_services,31,0.7951430486910803,9.103412631140338e-08,0.42994075397036324,0.015777348481123984
dataset_2,2,zero,Raw STV + IF,num_spans,31,0.8613877568271276,4.963706058886105e-10,0.43272965890330406,0.01503957933156936
dataset_2,2,zero,Raw STV + IF,num_observed_stv_features,31,0.9558367551567574,5.794364356292973e-17,0.9013753877952922,4.6578328875894104e-12
dataset_2,2,zero,Raw STV + IF,total_duration,31,0.43521799434334757,0.01440582321040217,0.2735636017405664,0.13645594479461026
dataset_2,2,zero,Raw STV + IF,max_span_duration,31,0.16247188084266034,0.3825246537456744,0.21476965188347272,0.24594789637099662
dataset_2,2,zero,Raw STV + IF,mean_span_duration,31,-0.01684578922780339,0.9283307462532323,0.0751592761059754,0.68780054648742
dataset_2,2,zero,Raw STV + LOF,num_services,31,0.8964204816389925,9.175837250592924e-12,0.3897457022297539,0.030206943717160588
dataset_2,2,zero,Raw STV + LOF,num_spans,31,0.9158542442934898,5.12553893494478e-13,0.4133078705189887,0.020829980288418943
dataset_2,2,zero,Raw STV + LOF,num_observed_stv_features,31,0.9551283813773696,7.264909093913798e-17,0.7974860011004079,7.83110385323989e-08
dataset_2,2,zero,Raw STV + LOF,total_duration,31,0.6840607423228764,2.2059250348683017e-05,0.46221107082979734,0.008848614805872249
dataset_2,2,zero,Raw STV + LOF,max_span_duration,31,0.40000983661241307,0.02577025643665166,0.4553305207386358,0.010055474491956063
dataset_2,2,zero,Raw STV + LOF,mean_span_duration,31,0.14761630982921586,0.42808457963664515,0.32945692789444403,0.07031669089953546
dataset_2,2,zero,Raw STV + OCSVM,num_services,31,0.6873138241297806,1.944243204676703e-05,0.4712671833124187,0.0074487273239670125
dataset_2,2,zero,Raw STV + OCSVM,num_spans,31,0.6757336435136129,3.0260948506383765e-05,0.4925230936369581,0.004881686738572154
dataset_2,2,zero,Raw STV + OCSVM,num_observed_stv_features,31,0.8571526732124829,7.463582459486244e-10,0.9321084161258774,2.536456949524359e-14
dataset_2,2,zero,Raw STV + OCSVM,total_duration,31,0.5709664153937208,0.0007952540249936693,0.39353615658924224,0.0285012802006367
dataset_2,2,zero,Raw STV + OCSVM,max_span_duration,31,0.3861822111489086,0.03188532888782449,0.3078794161406597,0.09199526410097246
dataset_2,2,zero,Raw STV + OCSVM,mean_span_duration,31,0.20895479640130032,0.25927346113562766,0.20727315023642842,0.26321380044565285
dataset_2,2,zero,Residual STV + IF,num_services,31,0.8599378791774746,5.716064275852511e-10,0.38280501179467047,0.03354507605626586
dataset_2,2,zero,Residual STV + IF,num_spans,31,0.9057485502576311,2.483701479486071e-12,0.33415340230571194,0.06617350318844034
dataset_2,2,zero,Residual STV + IF,num_observed_stv_features,31,0.953050343654301,1.38195276631137e-16,0.7561724267132985,8.656535017984621e-07
dataset_2,2,zero,Residual STV + IF,total_duration,31,0.5167223045163095,0.0029183560604251375,0.009637462782788653,0.9589628583312538
dataset_2,2,zero,Residual STV + IF,max_span_duration,31,0.21367532359128213,0.24842027424694477,-0.04982773311101367,0.7900901227461142
dataset_2,2,zero,Residual STV + IF,mean_span_duration,31,0.020343594016685628,0.9135001717308902,-0.16650254850264648,0.3706681669988183
dataset_2,2,zero,Residual STV + LOF,num_services,31,0.6331336659391399,0.00013203838115992715,0.48754308264693796,0.005402519160712397
dataset_2,2,zero,Residual STV + LOF,num_spans,31,0.5917036054453876,0.00045493335486277814,0.4926433293354094,0.0048696634001199335
dataset_2,2,zero,Residual STV + LOF,num_observed_stv_features,31,0.7300560667003135,3.1435865607671804e-06,0.867201437519843,2.772959960819154e-10
dataset_2,2,zero,Residual STV + LOF,total_duration,31,0.5372363793236307,0.0018306221637498057,0.3339810411944219,0.06632211202378635
dataset_2,2,zero,Residual STV + LOF,max_span_duration,31,0.3986766505904379,0.02631441303090929,0.2557074031245695,0.16500889725946605
dataset_2,2,zero,Residual STV + LOF,mean_span_duration,31,0.2624629811508649,0.1537448810038835,0.08780436602136289,0.6385743216586457
dataset_2,2,zero,Residual STV + OCSVM,num_services,31,0.3295786265065075,0.07020684581094527,0.45660164625624966,0.009822621125550119
dataset_2,2,zero,Residual STV + OCSVM,num_spans,31,0.29822609337385264,0.10319828176380079,0.4622804475364431,0.008837099738692853
dataset_2,2,zero,Residual STV + OCSVM,num_observed_stv_features,31,0.4965308255219549,0.004494347175005618,0.8780574157496912,8.658330186108933e-11
dataset_2,2,zero,Residual STV + OCSVM,total_duration,31,0.2954770272841362,0.10656913746736957,0.28969756085676246,0.11392442276072905
dataset_2,2,zero,Residual STV + OCSVM,max_span_duration,31,0.2764921565155474,0.13214167502730978,0.22181863446354616,0.23041443412683882
dataset_2,2,zero,Residual STV + OCSVM,mean_span_duration,31,0.2624834188392055,0.15371166653578294,0.07878803956355465,0.6735343593805143
dataset_2,2,zero,Max-Z Residual STV,num_services,31,0.4151456565644623,0.02021330727294732,0.3958961681017395,0.027479569470729416
dataset_2,2,zero,Max-Z Residual STV,num_spans,31,0.38309186906770065,0.03340143374402214,0.3997970361650464,0.02585649032745415
dataset_2,2,zero,Max-Z Residual STV,num_observed_stv_features,31,0.5723489880303049,0.0007670630684549876,0.8667894924598738,2.8923288717107016e-10
dataset_2,2,zero,Max-Z Residual STV,total_duration,31,0.36849973247505036,0.04136816961633015,0.2688281141242745,0.1436485595641695
dataset_2,2,zero,Max-Z Residual STV,max_span_duration,31,0.3044490656733326,0.0958649860736657,0.20890859471103257,0.25938119849994645
dataset_2,2,zero,Max-Z Residual STV,mean_span_duration,31,0.26606998235842144,0.14796263046931732,0.08664038617860653,0.6430469855161793
dataset_2,2,zero,WR-STV k=1,num_services,31,0.46390351939046626,0.008571297470309587,0.42113598182603174,0.018307010814502426
dataset_2,2,zero,WR-STV k=1,num_spans,31,0.42470585972047825,0.017243602053116577,0.40761798338252925,0.022838423764636948
dataset_2,2,zero,WR-STV k=1,num_observed_stv_features,31,0.6138892851019483,0.0002396578333000791,0.8871894035345158,2.976214661685205e-11
dataset_2,2,zero,WR-STV k=1,total_duration,31,0.3947664486398123,0.027964857151381355,0.18453823426207863,0.3203145099579968
dataset_2,2,zero,WR-STV k=1,max_span_duration,31,0.2879893417269303,0.11616920447794186,0.1067209065612021,0.5677185269532099
dataset_2,2,zero,WR-STV k=1,mean_span_duration,31,0.2259950033686834,0.22152983982200727,-0.02263776805843681,0.903788113786578
dataset_3,2,zero,Raw STV + IF,num_services,56,0.9747581235737656,7.596081064022705e-37,0.8531600829931131,6.891102305578766e-17
dataset_3,2,zero,Raw STV + IF,num_spans,56,0.9452324526118396,6.304252079408755e-28,0.8494116406657182,1.2940277064920954e-16
dataset_3,2,zero,Raw STV + IF,num_observed_stv_features,56,0.9765294903409241,1.0893512426662144e-37,0.9208287152034298,9.631510830648402e-24
dataset_3,2,zero,Raw STV + IF,total_duration,56,0.7956507876683155,2.358753013055899e-13,0.5329368080656939,2.3527328520952297e-05
dataset_3,2,zero,Raw STV + IF,max_span_duration,56,0.7913573031994215,3.896282047455728e-13,0.3629713295729017,0.0059701396371011
dataset_3,2,zero,Raw STV + IF,mean_span_duration,56,0.22723006282912325,0.09214453565492073,-0.006358322405402121,0.962904875647743
dataset_3,2,zero,Raw STV + LOF,num_services,56,0.9655247027875872,3.0552271271598842e-33,0.6934387613378845,3.1437658636985193e-09
dataset_3,2,zero,Raw STV + LOF,num_spans,56,0.9399177994704809,7.176498944801343e-27,0.7138894036168157,6.559597091097636e-10
dataset_3,2,zero,Raw STV + LOF,num_observed_stv_features,56,0.9626974929678224,2.475139840040129e-32,0.7823675378528708,1.07398788003167e-12
dataset_3,2,zero,Raw STV + LOF,total_duration,56,0.7695911944757087,4.191093838827111e-12,0.6244894494301241,2.697457287728734e-07
dataset_3,2,zero,Raw STV + LOF,max_span_duration,56,0.7705181991105017,3.80805479775234e-12,0.5408185954973922,1.684327011172468e-05
dataset_3,2,zero,Raw STV + LOF,mean_span_duration,56,0.25386449105895764,0.05903156875209149,0.1851491077424871,0.17190006748600506
dataset_3,2,zero,Raw STV + OCSVM,num_services,56,0.5350221372272711,2.155377484162491e-05,0.7950969592447559,2.518188179725296e-13
dataset_3,2,zero,Raw STV + OCSVM,num_spans,56,0.38852456265137536,0.0030855604638502935,0.7351680266397659,1.1050953015446803e-10
dataset_3,2,zero,Raw STV + OCSVM,num_observed_stv_features,56,0.5253370655197104,3.222057694500918e-05,0.8321380263653119,1.9219406154138294e-15
dataset_3,2,zero,Raw STV + OCSVM,total_duration,56,0.2721535222898859,0.042442641583108495,0.6994531784005468,2.009962156628139e-09
dataset_3,2,zero,Raw STV + OCSVM,max_span_duration,56,0.2752514682912436,0.04005496013649822,0.5396445659603555,1.7712421739816626e-05
dataset_3,2,zero,Raw STV + OCSVM,mean_span_duration,56,0.13241323793022097,0.3306361083316011,0.29856459330143537,0.02541016860661171
dataset_3,2,zero,Residual STV + IF,num_services,56,0.8756198460980165,1.0526327894369706e-18,0.5846973836770077,2.2250494297939802e-06
dataset_3,2,zero,Residual STV + IF,num_spans,56,0.8704077113075548,2.9749442326408887e-18,0.5974651165927037,1.1661034754006552e-06
dataset_3,2,zero,Residual STV + IF,num_observed_stv_features,56,0.8809010843335173,3.4993339534245895e-19,0.6558300872113336,4.106650127224123e-08
dataset_3,2,zero,Residual STV + IF,total_duration,56,0.9060295487451618,8.112956237997152e-22,0.3270651259962552,0.013877807843705483
dataset_3,2,zero,Residual STV + IF,max_span_duration,56,0.8957450648338567,1.1703741243076028e-20,0.25988103937879325,0.053077922702402344
dataset_3,2,zero,Residual STV + IF,mean_span_duration,56,0.2798250694145051,0.036733261064458955,-0.09186953727283481,0.500687105260874
dataset_3,2,zero,Residual STV + LOF,num_services,56,0.6872255841259985,4.934766015192072e-09,0.6247323978547438,2.660504318852954e-07
dataset_3,2,zero,Residual STV + LOF,num_spans,56,0.6505037470710034,5.741985571360266e-08,0.6303838763924936,1.9237579867791941e-07
dataset_3,2,zero,Residual STV + LOF,num_observed_stv_features,56,0.6943208697824039,2.946136671483757e-09,0.689427122618402,4.211492312322575e-09
dataset_3,2,zero,Residual STV + LOF,total_duration,56,0.7275293867056695,2.1347580103060658e-10,0.3205199108187042,0.016023988242591214
dataset_3,2,zero,Residual STV + LOF,max_span_duration,56,0.7235271665297413,2.9880039384148226e-10,0.21467173284347052,0.11210365164920558
dataset_3,2,zero,Residual STV + LOF,mean_span_duration,56,0.2485974897241285,0.06467541328443452,-0.09589605526415347,0.48201978821857294
dataset_3,2,zero,Residual STV + OCSVM,num_services,56,0.47163215814941617,0.00024327382869258953,0.5192826147183288,4.11727003977599e-05
dataset_3,2,zero,Residual STV + OCSVM,num_spans,56,0.39285455312445683,0.0027447058084057578,0.5349372780676048,2.1631000828794644e-05
dataset_3,2,zero,Residual STV + OCSVM,num_observed_stv_features,56,0.4744033650163753,0.0002209369122906731,0.6094706226764781,6.188556323448659e-07
dataset_3,2,zero,Residual STV + OCSVM,total_duration,56,0.3151318259943069,0.0179977117737606,0.2659603554340396,0.0475669251645832
dataset_3,2,zero,Residual STV + OCSVM,max_span_duration,56,0.3133727987888835,0.018685308976250866,0.1830485304169515,0.17690192826980228
dataset_3,2,zero,Residual STV + OCSVM,mean_span_duration,56,0.10602959363947446,0.4367145805496474,-0.07573479152426521,0.5790571830196691
dataset_3,2,zero,Max-Z Residual STV,num_services,56,0.3655425329591867,0.00559951573187252,0.4441921872735416,0.0006048821518771371
dataset_3,2,zero,Max-Z Residual STV,num_spans,56,0.3217493699224344,0.015600494503084438,0.45670405748205856,0.0004030940616675549
dataset_3,2,zero,Max-Z Residual STV,num_observed_stv_features,56,0.38392061846341424,0.003488629254089057,0.530567567848659,2.5971570693421816e-05
dataset_3,2,zero,Max-Z Residual STV,total_duration,56,0.2918286804406248,0.0290846401107096,0.21483253588516749,0.11182868751400962
dataset_3,2,zero,Max-Z Residual STV,max_span_duration,56,0.29038524679325395,0.02992729027397262,0.14572795625427204,0.28387026760724193
dataset_3,2,zero,Max-Z Residual STV,mean_span_duration,56,0.10831499426669466,0.42683721187666757,-0.08038277511961722,0.5559171302030288
dataset_3,2,zero,WR-STV k=1,num_services,56,0.3052664534915117,0.02214978362399358,0.4975947761289343,9.547528899437489e-05
dataset_3,2,zero,WR-STV k=1,num_spans,56,0.24179123277704423,0.07260071892443459,0.5135614882543558,5.1687001705129895e-05
dataset_3,2,zero,WR-STV k=1,num_observed_stv_features,56,0.32558401986690205,0.014340548488772004,0.5918638552552404,1.553538132341501e-06
dataset_3,2,zero,WR-STV k=1,total_duration,56,0.22411335631736617,0.09681779687058231,0.12652084757347917,0.3527946580217445
dataset_3,2,zero,WR-STV k=1,max_span_duration,56,0.2154194057453598,0.11082955857906622,0.012030075187969926,0.9298786440958671
dataset_3,2,zero,WR-STV k=1,mean_span_duration,56,-0.013237982264163534,0.9228583372670711,-0.19138755980861247,0.15765260968164244
dataset_1,3,zero,Raw STV + IF,num_services,95,0.9726411530972043,9.39942819134031e-61,0.9244121846997349,1.0417430822614825e-40
dataset_1,3,zero,Raw STV + IF,num_spans,95,0.9269718964272282,2.2269491489402807e-41,0.9362585738191256,4.941997837991397e-44
dataset_1,3,zero,Raw STV + IF,num_observed_stv_features,95,0.9538386735668979,2.24837534248448e-50,0.9378428369399497,1.5901202269027285e-44
dataset_1,3,zero,Raw STV + IF,total_duration,95,0.8806945644288847,6.178645633348105e-32,0.7282786713853385,6.110374415705075e-17
dataset_1,3,zero,Raw STV + IF,max_span_duration,95,0.7656719106198956,1.6123759272418683e-19,0.6426601716779066,2.2056158573564614e-12
dataset_1,3,zero,Raw STV + IF,mean_span_duration,95,-0.08970559443780625,0.38730671628397184,0.19268186846608398,0.06138120277425956
dataset_1,3,zero,Raw STV + LOF,num_services,95,0.9431320633649656,2.8713604069480206e-46,0.8234299118327493,1.293445981666239e-24
dataset_1,3,zero,Raw STV + LOF,num_spans,95,0.8984431892573733,5.241008943039158e-35,0.8456611994943647,4.2431888006034846e-27
dataset_1,3,zero,Raw STV + LOF,num_observed_stv_features,95,0.9351406484988977,1.0810838575375725e-43,0.8414214438261255,1.3509603612713668e-26
dataset_1,3,zero,Raw STV + LOF,total_duration,95,0.8935578176894646,4.154375028584851e-34,0.7987485871302485,3.101352953997925e-22
dataset_1,3,zero,Raw STV + LOF,max_span_duration,95,0.7925561439268121,1.0894197977998533e-21,0.7623120343928745,2.8730755983403905e-19
dataset_1,3,zero,Raw STV + LOF,mean_span_duration,95,-0.04924262565089757,0.6355772043826217,0.35086454576974596,0.0004902115534507608
dataset_1,3,zero,Raw STV + OCSVM,num_services,95,0.623756705871261,1.4558909208481018e-11,0.836962149347207,4.4051835784917645e-26
dataset_1,3,zero,Raw STV + OCSVM,num_spans,95,0.5120839675609725,1.1310307438078021e-07,0.8587634354881133,9.386608678290646e-29
dataset_1,3,zero,Raw STV + OCSVM,num_observed_stv_features,95,0.5275534734246594,3.947710243103291e-08,0.8629738402852166,2.5407173469276145e-29
dataset_1,3,zero,Raw STV + OCSVM,total_duration,95,0.46397494208871065,2.1833622683771385e-06,0.8192469204927213,3.470171846568354e-24
dataset_1,3,zero,Raw STV + OCSVM,max_span_duration,95,0.5159007064158422,8.765797135816777e-08,0.729703247480403,4.962899934615402e-17
dataset_1,3,zero,Raw STV + OCSVM,mean_span_duration,95,0.05901682743831598,0.5699633727064715,0.4230123180291154,1.9484427905168007e-05
dataset_1,3,zero,Residual STV + IF,num_services,95,0.9417921365551499,8.223749503398892e-46,0.7919582755427987,1.2271413032529875e-21
dataset_1,3,zero,Residual STV + IF,num_spans,95,0.9197408067107963,1.5199362602880437e-39,0.8039215423083954,1.0494451773765809e-22
dataset_1,3,zero,Residual STV + IF,num_observed_stv_features,95,0.9739817548119216,9.367334022952913e-62,0.8054971959408279,7.496026887444546e-23
dataset_1,3,zero,Residual STV + IF,total_duration,95,0.9229668527159235,2.4308187480386924e-40,0.6035479135803146,9.55760317225803e-11
dataset_1,3,zero,Residual STV + IF,max_span_duration,95,0.7895418503805869,1.9776040911427427e-21,0.5417481150319247,1.4332152655791618e-08
dataset_1,3,zero,Residual STV + IF,mean_span_duration,95,-0.05014932829401657,0.6293597086036984,0.04474409079985435,0.66679280745582
dataset_1,3,zero,Residual STV + LOF,num_services,95,0.8852910529483246,1.1080580031613167e-32,0.7192909357684927,2.2035859174810095e-16
dataset_1,3,zero,Residual STV + LOF,num_spans,95,0.8604457165479306,5.597148133740228e-29,0.7404026098457239,9.966653522309918e-18
dataset_1,3,zero,Residual STV + LOF,num_observed_stv_features,95,0.8925859623166125,6.196503368534332e-34,0.744138289456335,5.585031915534241e-18
dataset_1,3,zero,Residual STV + LOF,total_duration,95,0.8525074546171759,6.064251344102445e-28,0.6748903796597163,6.408330105201972e-14
dataset_1,3,zero,Residual STV + LOF,max_span_duration,95,0.7894649839728438,2.007646478652144e-21,0.6302863601884904,7.697052753765258e-12
dataset_1,3,zero,Residual STV + LOF,mean_span_duration,95,0.03271021570314518,0.7530020831638533,0.16602101771174485,0.10785029443570708
dataset_1,3,zero,Residual STV + OCSVM,num_services,95,0.5752959681239593,1.0744673027906202e-09,0.7102391638440345,7.633652072925882e-16
dataset_1,3,zero,Residual STV + OCSVM,num_spans,95,0.4870166171413666,5.595362535020377e-07,0.7272336742838165,7.11164372002085e-17
dataset_1,3,zero,Residual STV + OCSVM,num_observed_stv_features,95,0.4651083453443383,2.0466177930729766e-06,0.7326403029974773,3.218705709455302e-17
dataset_1,3,zero,Residual STV + OCSVM,total_duration,95,0.41890689437178935,2.3897151006155834e-05,0.6544604488385973,6.344692757978499e-13
dataset_1,3,zero,Residual STV + OCSVM,max_span_duration,95,0.5032151673594372,2.0207023158028e-07,0.6091070704274013,5.771481591425742e-11
dataset_1,3,zero,Residual STV + OCSVM,mean_span_duration,95,0.16758717359444325,0.10452173542622505,0.1414213524963928,0.1716131957467569
dataset_1,3,zero,Max-Z Residual STV,num_services,95,0.6021560928710723,1.0827682654409956e-10,0.6384133465379822,3.4086607082146415e-12
dataset_1,3,zero,Max-Z Residual STV,num_spans,95,0.5474163972907513,9.437035411457686e-09,0.6570057804577616,4.814347008011223e-13
dataset_1,3,zero,Max-Z Residual STV,num_observed_stv_features,95,0.5155490189712376,8.975256866958814e-08,0.6626056431886015,2.5985078165201174e-13
dataset_1,3,zero,Max-Z Residual STV,total_duration,95,0.5144550642944579,9.657696517776429e-08,0.6018904917048516,1.1087823173976087e-10
dataset_1,3,zero,Max-Z Residual STV,max_span_duration,95,0.6004725285175547,1.2581498554945858e-10,0.5630568131090793,2.8589871930602295e-09
dataset_1,3,zero,Max-Z Residual STV,mean_span_duration,95,0.18858577475211363,0.06721511912337244,0.13285279581663914,0.1993364551598956
dataset_1,3,zero,WR-STV k=1,num_services,95,0.450984472408647,4.508068424042868e-06,0.5622016771548439,3.0567884040487208e-09
dataset_1,3,zero,WR-STV k=1,num_spans,95,0.3954765181667272,7.291252967006059e-05,0.5684652594530952,1.8643871053364555e-09
dataset_1,3,zero,WR-STV k=1,num_observed_stv_features,95,0.3923557698989597,8.407011369575326e-05,0.5775218063325062,8.953855464792637e-10
dataset_1,3,zero,WR-STV k=1,total_duration,95,0.3918674357270724,8.59532989059126e-05,0.5201725762881447,6.565854194788069e-08
dataset_1,3,zero,WR-STV k=1,max_span_duration,95,0.5038321276425995,1.9417803950777774e-07,0.4768867118836043,1.030624676911782e-06
dataset_1,3,zero,WR-STV k=1,mean_span_duration,95,0.30484548653403026,0.002666538335762548,0.07627890760644836,0.4625198463060156
dataset_2,3,zero,Raw STV + IF,num_services,31,0.7495302753896952,1.2194678462127725e-06,0.5417423020177989,0.0016458526738065626
dataset_2,3,zero,Raw STV + IF,num_spans,31,0.7490485105996217,1.2496467156741563e-06,0.5356214803943011,0.0019010989883120448
dataset_2,3,zero,Raw STV + IF,num_observed_stv_features,31,0.996777663793335,2.46358211556006e-33,0.9055496797232695,2.5574288652433894e-12
dataset_2,3,zero,Raw STV + IF,total_duration,31,0.7452287534345109,1.5140446233744582e-06,0.4763256345342806,0.006752106348321337
dataset_2,3,zero,Raw STV + IF,max_span_duration,31,0.6140359927186866,0.0002386060971762752,0.4092887075883794,0.022232829118446817
dataset_2,3,zero,Raw STV + IF,mean_span_duration,31,-0.05275333500919212,0.7780629643060153,0.27602252751520207,0.13282669565059604
dataset_2,3,zero,Raw STV + LOF,num_services,31,0.7661750256611459,5.060517744049172e-07,0.4738971063628623,0.007079299422494169
dataset_2,3,zero,Raw STV + LOF,num_spans,31,0.7679619107947089,4.585043961693794e-07,0.46834800039780317,0.007877827367040314
dataset_2,3,zero,Raw STV + LOF,num_observed_stv_features,31,0.994904427262744,1.8717235454062074e-30,0.826412806210585,1.0225882769843846e-08
dataset_2,3,zero,Raw STV + LOF,total_duration,31,0.7817565842258444,2.0765914992655018e-07,0.6032293686719946,0.00032801621419407923
dataset_2,3,zero,Raw STV + LOF,max_span_duration,31,0.6611654250779825,5.1397622929297564e-05,0.5622606293476671,0.0009945948907253697
dataset_2,3,zero,Raw STV + LOF,mean_span_duration,31,-0.00472309141488647,0.9798822855297172,0.4960648337891478,0.004537985223904446
dataset_2,3,zero,Raw STV + OCSVM,num_services,31,0.07056062168371413,0.7060315561987732,0.44415651028533587,0.01231009617212934
dataset_2,3,zero,Raw STV + OCSVM,num_spans,31,0.034186722937221456,0.8551317289405435,0.44118989927638785,0.012975270113599056
dataset_2,3,zero,Raw STV + OCSVM,num_observed_stv_features,31,0.3788050371480228,0.03560068172520901,0.813755152684818,2.6015066757754983e-08
dataset_2,3,zero,Raw STV + OCSVM,total_duration,31,0.08896357438786491,0.6341323367972811,0.46752726675980505,0.008002177892443372
dataset_2,3,zero,Raw STV + OCSVM,max_span_duration,31,0.07771804450903319,0.6777296750675363,0.39653089147962756,0.02720994662374147
dataset_2,3,zero,Raw STV + OCSVM,mean_span_duration,31,0.15882664284612025,0.39343453316373717,0.36143609233544893,0.04573733896768208
dataset_2,3,zero,Residual STV + IF,num_services,31,0.747864662540736,1.3267113660671598e-06,0.2635232067759955,0.15202865734485604
dataset_2,3,zero,Residual STV + IF,num_spans,31,0.748232003535514,1.3023487474190028e-06,0.25837413319482855,0.1604942743891125
dataset_2,3,zero,Residual STV + IF,num_observed_stv_features,31,0.976500761032374,7.037716162394892e-21,0.5072927732895189,0.0035819544115456743
dataset_2,3,zero,Residual STV + IF,total_duration,31,0.7668983848367193,4.862876053161213e-07,0.21153903825117215,0.25329400997731466
dataset_2,3,zero,Residual STV + IF,max_span_duration,31,0.6434656820678235,9.427903227039112e-05,0.17132567652421668,0.35676843442843653
dataset_2,3,zero,Residual STV + IF,mean_span_duration,31,-0.053441288962404354,0.7752419709540802,0.07623783160735313,0.6835490206180512
dataset_2,3,zero,Residual STV + LOF,num_services,31,0.683570520321363,2.2479942969806686e-05,0.2901205032805511,0.11337366105829187
dataset_2,3,zero,Residual STV + LOF,num_spans,31,0.6796988872697014,2.6064601419769207e-05,0.28459423947617707,0.1207281968571644
dataset_2,3,zero,Residual STV + LOF,num_observed_stv_features,31,0.9237900218194369,1.2838249671260003e-13,0.6221811471470643,0.0001862647055144336
dataset_2,3,zero,Residual STV + LOF,total_duration,31,0.7206347601045188,4.831695425191753e-06,0.4337035507782256,0.014788824003811658
dataset_2,3,zero,Residual STV + LOF,max_span_duration,31,0.643341694928152,9.466781560724887e-05,0.4082746780941603,0.02259879038924811
dataset_2,3,zero,Residual STV + LOF,mean_span_duration,31,0.1585759416093216,0.3941913581753978,0.33138261069234365,0.06859415791051679
dataset_2,3,zero,Residual STV + OCSVM,num_services,31,0.1323238533969777,0.4779511489445352,0.16419544766771407,0.3774279719998389
dataset_2,3,zero,Residual STV + OCSVM,num_spans,31,0.11771482823302776,0.528253954646954,0.1583516409162554,0.3948691910856825
dataset_2,3,zero,Residual STV + OCSVM,num_observed_stv_features,31,0.36750870503420685,0.041960146839324565,0.5436736321673369,0.00157176923935849
dataset_2,3,zero,Residual STV + OCSVM,total_duration,31,0.14889528924293824,0.424048545587048,0.3655068543419466,0.043176626640268216
dataset_2,3,zero,Residual STV + OCSVM,max_span_duration,31,0.1465677390576013,0.43140925517320716,0.363489708346682,0.044430780897657944
dataset_2,3,zero,Residual STV + OCSVM,mean_span_duration,31,0.189729627372868,0.3066472589792609,0.32718108043191907,0.07239556552042888
dataset_2,3,zero,Max-Z Residual STV,num_services,31,0.3078182792101056,0.09206317496748355,0.1617803782318321,0.3845806411761433
dataset_2,3,zero,Max-Z Residual STV,num_spans,31,0.29687668264506134,0.10484272780512303,0.15548701857968672,0.4035845759173251
dataset_2,3,zero,Max-Z Residual STV,num_observed_stv_features,31,0.5635050797008848,0.0009636589864004307,0.5416067010706991,0.001651166523865024
dataset_2,3,zero,Max-Z Residual STV,total_duration,31,0.34528345721865566,0.05711462473179138,0.34947549720040116,0.0539677542105349
dataset_2,3,zero,Max-Z Residual STV,max_span_duration,31,0.33511999031589634,0.06534492378609834,0.3442293292285707,0.05792823650408289
dataset_2,3,zero,Max-Z Residual STV,mean_span_duration,31,0.28596909417992616,0.11886631301578275,0.31275232139758763,0.08670400081497955
dataset_2,3,zero,WR-STV k=1,num_services,31,0.3946843225984237,0.028000406571352228,0.16760626442854626,0.36745962684048816
dataset_2,3,zero,WR-STV k=1,num_spans,31,0.37810047218973936,0.035973081363138225,0.161312180659041,0.38597632099123114
dataset_2,3,zero,WR-STV k=1,num_observed_stv_features,31,0.6836689632109266,2.2394887718924793e-05,0.5471856740936771,0.0014444724535376948
dataset_2,3,zero,WR-STV k=1,total_duration,31,0.4064970708199531,0.02325228059516731,0.30145288268902964,0.09934479566601805
dataset_2,3,zero,WR-STV k=1,max_span_duration,31,0.3547602342311102,0.050197667840031705,0.26472970688621617,0.15009250734608542
dataset_2,3,zero,WR-STV k=1,mean_span_duration,31,0.13832398032365642,0.45803591508061164,0.2352704559674756,0.2026373924990774
dataset_3,3,zero,Raw STV + IF,num_services,56,0.9582456083247908,4.908395698245735e-31,0.7990844012737435,1.5653515091918733e-13
dataset_3,3,zero,Raw STV + IF,num_spans,56,0.927334351653126,1.0350701814858836e-24,0.8016739580947203,1.1429621884793052e-13
dataset_3,3,zero,Raw STV + IF,num_observed_stv_features,56,0.9685427516439424,2.675925929179528e-34,0.9200924511226581,1.2248278158449032e-23
dataset_3,3,zero,Raw STV + IF,total_duration,56,0.7421950576093069,5.909828641174886e-11,0.5355428050614192,2.1085495511312617e-05
dataset_3,3,zero,Raw STV + IF,max_span_duration,56,0.40555209975274814,0.0019296424265292092,0.375690511118187,0.004326302425139359
dataset_3,3,zero,Raw STV + IF,mean_span_duration,56,0.00662807767616548,0.9613322685929266,0.009336687258558492,0.9455508349784403
dataset_3,3,zero,Raw STV + LOF,num_services,56,0.9436811529620838,1.31366944173555e-27,0.7035763347415673,1.4697397467388196e-09
dataset_3,3,zero,Raw STV + LOF,num_spans,56,0.9060214247112098,8.131049078145963e-22,0.7419704868470951,6.031101496661673e-11
dataset_3,3,zero,Raw STV + LOF,num_observed_stv_features,56,0.9414970641207978,3.5679120049254784e-27,0.8013594184401237,1.1877587245238488e-13
dataset_3,3,zero,Raw STV + LOF,total_duration,56,0.7782436162001867,1.6831430396808152e-12,0.6476629947595327,6.847679172486881e-08
dataset_3,3,zero,Raw STV + LOF,max_span_duration,56,0.47168582501125517,0.00024282239713526317,0.5395539624926899,1.7781193124271435e-05
dataset_3,3,zero,Raw STV + LOF,mean_span_duration,56,0.07990234670765067,0.5582884857246753,0.18156028435076454,0.18050894227440012
dataset_3,3,zero,Raw STV + OCSVM,num_services,56,0.4069911267064563,0.0018524990376892429,0.6825812637116342,6.86310651926276e-09
dataset_3,3,zero,Raw STV + OCSVM,num_spans,56,0.29877215405655555,0.025303451083124366,0.6761016468030157,1.0766728799942391e-08
dataset_3,3,zero,Raw STV + OCSVM,num_observed_stv_features,56,0.43317208768151827,0.0008539806549490253,0.7686404727522176,4.621857897198014e-12
dataset_3,3,zero,Raw STV + OCSVM,total_duration,56,0.5387478249498081,1.8404053986906022e-05,0.6654818865345181,2.1990040892266674e-08
dataset_3,3,zero,Raw STV + OCSVM,max_span_duration,56,0.5322575841215295,2.4205365927941488e-05,0.4993164730006836,8.949220258805804e-05
dataset_3,3,zero,Raw STV + OCSVM,mean_span_duration,56,0.41492020304566407,0.0014747565669848267,0.33957621326042386,0.010454609014054608
dataset_3,3,zero,Residual STV + IF,num_services,56,0.9364568306019022,3.113392654544415e-26,0.6813895188191381,7.462093519053373e-09
dataset_3,3,zero,Residual STV + IF,num_spans,56,0.9074290849592668,5.510510295474176e-22,0.7212100083032559,3.620576016598592e-10
dataset_3,3,zero,Residual STV + IF,num_observed_stv_features,56,0.9378475373118862,1.7440108740154497e-26,0.8137226139166439,2.4838153032302995e-14
dataset_3,3,zero,Residual STV + IF,total_duration,56,0.6716635400471581,1.4562277640826729e-08,0.4753793633430042,0.00021352670719999492
dataset_3,3,zero,Residual STV + IF,max_span_duration,56,0.3438726522561924,0.009461051332603426,0.3441812292329352,0.009392953396760752
dataset_3,3,zero,Residual STV + IF,mean_span_duration,56,-0.04984255331470659,0.7152592928854618,-0.012935027306626518,0.9246185715503477
dataset_3,3,zero,Residual STV + LOF,num_services,56,0.7229290961732079,3.1404090261219854e-10,0.44726062698158836,0.0005483575043095344
dataset_3,3,zero,Residual STV + LOF,num_spans,56,0.7630502044748456,8.140373414285543e-12,0.5350175306612917,2.1557960489019473e-05
dataset_3,3,zero,Residual STV + LOF,num_observed_stv_features,56,0.7649520152320539,6.726248827392399e-12,0.6550717687579345,4.309122203413517e-08
dataset_3,3,zero,Residual STV + LOF,total_duration,56,0.7007934056434991,1.8165593093600294e-09,0.28952409439016197,0.030439659243201855
dataset_3,3,zero,Residual STV + LOF,max_span_duration,56,0.49599655462537884,0.00010135548281201784,0.1593271468892483,0.24083019773231712
dataset_3,3,zero,Residual STV + LOF,mean_span_duration,56,0.16696457053548208,0.21872590248763668,-0.13101751649776813,0.33580392926478775
dataset_3,3,zero,Residual STV + OCSVM,num_services,56,0.37402275243071365,0.004516167272510303,0.41098033793607286,0.0016528373934675278
dataset_3,3,zero,Residual STV + OCSVM,num_spans,56,0.3376923528772487,0.010917938539073522,0.49607192988488735,0.00010107086504713369
dataset_3,3,zero,Residual STV + OCSVM,num_observed_stv_features,56,0.42611377728076016,0.0010586980698497968,0.616855593020299,4.136322413576508e-07
dataset_3,3,zero,Residual STV + OCSVM,total_duration,56,0.4158130293968003,0.0014368714613492337,0.25328525781650624,0.05963209290900999
dataset_3,3,zero,Residual STV + OCSVM,max_span_duration,56,0.3650611920682129,0.005667322718949975,0.11698764505544472,0.39052598279357775
dataset_3,3,zero,Residual STV + OCSVM,mean_span_duration,56,0.1443880486465866,0.2883687808029896,-0.1360583742231158,0.31737693441178805
dataset_3,3,zero,Max-Z Residual STV,num_services,56,0.33516956161091815,0.011566114375978452,0.29995820132722584,0.024700848997513306
dataset_3,3,zero,Max-Z Residual STV,num_spans,56,0.35168784924753266,0.007862268459731498,0.39758410775330294,0.0024109701476109214
dataset_3,3,zero,Max-Z Residual STV,num_observed_stv_features,56,0.39968240162106633,0.0022748385086290776,0.5092604064878281,6.116205288334803e-05
dataset_3,3,zero,Max-Z Residual STV,total_duration,56,0.5111193168632885,5.6886422449743255e-05,0.2063093470228383,0.12712934571803272
dataset_3,3,zero,Max-Z Residual STV,max_span_duration,56,0.5073227709660767,6.593177784846537e-05,0.08538943138008076,0.5314931693872387
dataset_3,3,zero,Max-Z Residual STV,mean_span_duration,56,0.28772433456381363,0.031534150476438615,-0.11965463372002506,0.37973784066385763
dataset_3,3,zero,WR-STV k=1,num_services,56,0.15771739249608574,0.245677600661185,0.28034199786638614,0.03637260882649186
dataset_3,3,zero,WR-STV k=1,num_spans,56,0.14696917173817864,0.27974451970613196,0.3694200408816499,0.005078735513863085
dataset_3,3,zero,WR-STV k=1,num_observed_stv_features,56,0.2100348727080307,0.1202573816604854,0.49575875230122485,0.00010225825094351271
dataset_3,3,zero,WR-STV k=1,total_duration,56,0.3780787120492073,0.004066669709711766,0.19809289460969826,0.14332953177117772
dataset_3,3,zero,WR-STV k=1,max_span_duration,56,0.48808122480058164,0.000135682402334955,0.06514234940063578,0.6333670633856993
dataset_3,3,zero,WR-STV k=1,mean_span_duration,56,0.3537895941229074,0.0074746828265802884,-0.10007177284630721,0.46305640693350003
dataset_1,4,zero,Raw STV + IF,num_services,95,0.9488792557518976,2.3098483523034803e-48,0.9196598808657137,1.5898769303033494e-39
dataset_1,4,zero,Raw STV + IF,num_spans,95,0.7712394001080374,6.058990952103943e-20,0.9336853420739226,2.933890808775607e-43
dataset_1,4,zero,Raw STV + IF,num_observed_stv_features,95,0.9497710764170643,1.0399459782262158e-48,0.9294645758137926,4.6917114860027754e-42
dataset_1,4,zero,Raw STV + IF,total_duration,95,0.8562654977672954,1.9981429346988068e-28,0.7759891376809441,2.57152689408731e-20
dataset_1,4,zero,Raw STV + IF,max_span_duration,95,0.6601459397329424,3.412389647465302e-13,0.6531072182406547,7.339679698318635e-13
dataset_1,4,zero,Raw STV + IF,mean_span_duration,95,0.008224616391230094,0.9369501053665914,0.18717498271866848,0.06932546271172962
dataset_1,4,zero,Raw STV + LOF,num_services,95,0.9148942639658694,2.075359766142998e-38,0.6318849152077421,6.5699788098097776e-12
dataset_1,4,zero,Raw STV + LOF,num_spans,95,0.6708668564207823,1.021057458920937e-13,0.6702486425419795,1.0961143850672637e-13
dataset_1,4,zero,Raw STV + LOF,num_observed_stv_features,95,0.9154546080043985,1.5464621881019825e-38,0.6502556649748088,9.952937337684437e-13
dataset_1,4,zero,Raw STV + LOF,total_duration,95,0.8615537673044676,3.9670091329550584e-29,0.7387889953083385,1.2760510325161848e-17
dataset_1,4,zero,Raw STV + LOF,max_span_duration,95,0.6970938148500008,4.2724733837377744e-15,0.7247345553343052,1.0194149544545993e-16
dataset_1,4,zero,Raw STV + LOF,mean_span_duration,95,0.10750786146299969,0.2997385111122832,0.294324330352628,0.0037896411381360857
dataset_1,4,zero,Raw STV + OCSVM,num_services,95,0.541753316976872,1.4326708183974713e-08,0.7521885841723676,1.5485058315263975e-18
dataset_1,4,zero,Raw STV + OCSVM,num_spans,95,0.3036385640448587,0.002778060259293987,0.7903939545006909,1.6725127773242557e-21
dataset_1,4,zero,Raw STV + OCSVM,num_observed_stv_features,95,0.4113540126903511,3.455178267723962e-05,0.7757373297671449,2.692474599216044e-20
dataset_1,4,zero,Raw STV + OCSVM,total_duration,95,0.41675755628155153,2.6564653354957357e-05,0.7881998880179172,2.57077893145976e-21
dataset_1,4,zero,Raw STV + OCSVM,max_span_duration,95,0.44411418245667056,6.53681960790227e-06,0.6685050391937291,1.3376583315410675e-13
dataset_1,4,zero,Raw STV + OCSVM,mean_span_duration,95,0.26960694977679656,0.008238596213959322,0.38752799552071665,0.00010449572702597957
dataset_1,4,zero,Residual STV + IF,num_services,95,0.9124234526339179,7.415017275598398e-38,0.8038147654746127,1.073530751853e-22
dataset_1,4,zero,Residual STV + IF,num_spans,95,0.6771951907001632,4.891280065528173e-14,0.8250638445661518,8.734840190139697e-25
dataset_1,4,zero,Residual STV + IF,num_observed_stv_features,95,0.969331931924771,1.7640611958794647e-58,0.8205985396911062,2.529750067499593e-24
dataset_1,4,zero,Residual STV + IF,total_duration,95,0.8159624943008116,7.399621044484974e-24,0.6085901071538811,6.051149852175524e-11
dataset_1,4,zero,Residual STV + IF,max_span_duration,95,0.5929562752897026,2.433510242885479e-10,0.5103576706091415,1.2679235661874672e-07
dataset_1,4,zero,Residual STV + IF,mean_span_duration,95,-0.037876562481638384,0.7155454121565945,-0.006617926323146698,0.9492486476758161
dataset_1,4,zero,Residual STV + LOF,num_services,95,0.6665397090338561,1.6716300540292125e-13,0.683101250920252,2.4204525866756874e-14
dataset_1,4,zero,Residual STV + LOF,num_spans,95,0.43363561562242975,1.1346294727631748e-05,0.7359627440233677,1.958611583839345e-17
dataset_1,4,zero,Residual STV + LOF,num_observed_stv_features,95,0.6692560563050044,1.2279003861649468e-13,0.7155138356585652,3.722476861093188e-16
dataset_1,4,zero,Residual STV + LOF,total_duration,95,0.6622630999454974,2.699416210553239e-13,0.5332176154837499,2.6496137709546945e-08
dataset_1,4,zero,Residual STV + LOF,max_span_duration,95,0.6463212175446812,1.5071993939654766e-12,0.45404406636120215,3.810569132433121e-06
dataset_1,4,zero,Residual STV + LOF,mean_span_duration,95,0.19297086884068884,0.06098567788296057,0.05849827825019927,0.5733632553293109
dataset_1,4,zero,Residual STV + OCSVM,num_services,95,0.4805590052172788,8.277824335743421e-07,0.6482673012143139,1.2284509319106873e-12
dataset_1,4,zero,Residual STV + OCSVM,num_spans,95,0.33387629249342504,0.0009444710572168643,0.6973350014777743,4.143037416257919e-15
dataset_1,4,zero,Residual STV + OCSVM,num_observed_stv_features,95,0.40809291142060194,4.040446639962782e-05,0.6780769849047401,4.408145686964615e-14
dataset_1,4,zero,Residual STV + OCSVM,total_duration,95,0.37431694461304316,0.0001863007421373026,0.44883818589025753,5.0673501596153865e-06
dataset_1,4,zero,Residual STV + OCSVM,max_span_duration,95,0.3961800932508259,7.059517420787946e-05,0.3696248600223964,0.00022743572052937838
dataset_1,4,zero,Residual STV + OCSVM,mean_span_duration,95,0.15098716905988535,0.1441399815822386,0.006326987681970885,0.951477018858075
dataset_1,4,zero,Max-Z Residual STV,num_services,95,0.3575385457021036,0.00037502800587871935,0.5650592721673252,2.4426166292242957e-09
dataset_1,4,zero,Max-Z Residual STV,num_spans,95,0.19680651561842616,0.05593022945776454,0.6134938140678093,3.84945434457607e-11
dataset_1,4,zero,Max-Z Residual STV,num_observed_stv_features,95,0.33727257431834656,0.0008308536711047604,0.5966664828061542,1.7608996606228557e-10
dataset_1,4,zero,Max-Z Residual STV,total_duration,95,0.3287322650245304,0.001143686279722195,0.3858352458920694,0.00011268683589520176
dataset_1,4,zero,Max-Z Residual STV,max_span_duration,95,0.38043793568210305,0.0001429529291318134,0.31509177150895057,0.0018701972930461948
dataset_1,4,zero,Max-Z Residual STV,mean_span_duration,95,0.17172203737162625,0.09611901882348221,0.0024824732287494103,0.9809516183980953
dataset_1,4,zero,WR-STV k=1,num_services,95,0.3212441608827379,0.0015023441495841893,0.552261318588895,6.561878597095687e-09
dataset_1,4,zero,WR-STV k=1,num_spans,95,0.18621287537121095,0.07079510133476621,0.5829168152436295,5.722732183633424e-10
dataset_1,4,zero,WR-STV k=1,num_observed_stv_features,95,0.2851927325669102,0.005089030981274592,0.5812723500674816,6.565027554317526e-10
dataset_1,4,zero,WR-STV k=1,total_duration,95,0.21972223900664503,0.032398820011556945,0.3337475789528045,0.0009490429862406177
dataset_1,4,zero,WR-STV k=1,max_span_duration,95,0.26066426042986135,0.010732950035933225,0.25234624270048633,0.013622277070379414
dataset_1,4,zero,WR-STV k=1,mean_span_duration,95,0.10464383628689611,0.31287214826731224,-0.06555793520828306,0.5279095658405865
dataset_2,4,zero,Raw STV + IF,num_services,31,0.027778919375590128,0.8820752714365236,0.3425465770709653,0.059245912720852806
dataset_2,4,zero,Raw STV + IF,num_spans,31,-0.09141923918092228,0.6247637247285757,0.381116811424295,0.034400602014046086
dataset_2,4,zero,Raw STV + IF,num_observed_stv_features,31,0.8938744539365753,1.2830473757751651e-11,0.9247948299041447,1.0660478332234655e-13
dataset_2,4,zero,Raw STV + IF,total_duration,31,-0.039140650504060764,0.8344089751182473,0.06753310871193727,0.7181224814451923
dataset_2,4,zero,Raw STV + IF,max_span_duration,31,-0.06430790167871876,0.7310768360280568,-0.046036083115945224,0.80574796793243
dataset_2,4,zero,Raw STV + IF,mean_span_duration,31,-0.0435930683174606,0.8158761729017561,-0.052525751220395656,0.7789967963845053
dataset_2,4,zero,Raw STV + LOF,num_services,31,0.2076125903368944,0.2624153079958128,0.40444795649966675,0.02402477380189936
dataset_2,4,zero,Raw STV + LOF,num_spans,31,0.03995993767341899,0.8309919078865596,0.42674193393902193,0.01666041342156948
dataset_2,4,zero,Raw STV + LOF,num_observed_stv_features,31,0.8231062474429843,1.3143202616439542e-08,0.7021945890602271,1.0684831240582791e-05
dataset_2,4,zero,Raw STV + LOF,total_duration,31,0.3187393739607348,0.08052524657629197,0.42840549783207177,0.01619617887314024
dataset_2,4,zero,Raw STV + LOF,max_span_duration,31,0.2966646043534994,0.10510295598704475,0.34929652806194483,0.05409923995614037
dataset_2,4,zero,Raw STV + LOF,mean_span_duration,31,0.1806653410873258,0.3307522206856811,0.3095391996646504,0.09016610104630075
dataset_2,4,zero,Raw STV + OCSVM,num_services,31,0.029581491543161892,0.8744814148890387,0.4152589014106612,0.02017580643804639
dataset_2,4,zero,Raw STV + OCSVM,num_spans,31,-0.12346928765396992,0.5081397889530578,0.42487989660934733,0.017193099522167646
dataset_2,4,zero,Raw STV + OCSVM,num_observed_stv_features,31,0.9333878630951887,1.9410483269661587e-14,0.9344532441750134,1.5470862252915886e-14
dataset_2,4,zero,Raw STV + OCSVM,total_duration,31,0.11113596778927418,0.5517102981849185,0.15457861184805333,0.40637093644403877
dataset_2,4,zero,Raw STV + OCSVM,max_span_duration,31,0.13649378235473358,0.46406337944273374,0.059484439637863464,0.7505860351386455
dataset_2,4,zero,Raw STV + OCSVM,mean_span_duration,31,0.17262993529572265,0.35306386384461996,0.0671729046250703,0.7195655500852198
dataset_2,4,zero,Residual STV + IF,num_services,31,0.16028269081632662,0.38905547592066686,0.38084712869387655,0.034538889156685675
dataset_2,4,zero,Residual STV + IF,num_spans,31,0.03638166872729923,0.8459375363561606,0.33260894156604676,0.06751443321136578
dataset_2,4,zero,Residual STV + IF,num_observed_stv_features,31,0.8466389950336276,1.9468185021460056e-09,0.7599149841747673,7.102572989854865e-07
dataset_2,4,zero,Residual STV + IF,total_duration,31,0.059095278869079906,0.7521668409148234,0.09223732369202849,0.6216552666212296
dataset_2,4,zero,Residual STV + IF,max_span_duration,31,0.028615174570950454,0.8785509863928276,0.03652350401227973,0.8453440861167001
dataset_2,4,zero,Residual STV + IF,mean_span_duration,31,-0.042259138156722865,0.8214187885729826,0.029094994721646564,0.8765298732979713
dataset_2,4,zero,Residual STV + LOF,num_services,31,0.08854791707745412,0.6357236742613576,0.11080168734560003,0.5529149497736321
dataset_2,4,zero,Residual STV + LOF,num_spans,31,-0.0211211367983605,0.9102071146799303,0.1456962188396374,0.4341833148103049
dataset_2,4,zero,Residual STV + LOF,num_observed_stv_features,31,0.607052811287296,0.0002934703122939427,0.3384863261619787,0.06252231380950385
dataset_2,4,zero,Residual STV + LOF,total_duration,31,0.2329785097323753,0.20719863453361778,0.2657891290094987,0.14840712229715972
dataset_2,4,zero,Residual STV + LOF,max_span_duration,31,0.3516207457306838,0.05241125122362303,0.3566310356218082,0.048914309722476054
dataset_2,4,zero,Residual STV + LOF,mean_span_duration,31,0.3929405233586691,0.02876398223308116,0.3100873171777485,0.08956817736252529
dataset_2,4,zero,Residual STV + OCSVM,num_services,31,-0.0561705712129138,0.7640783804745321,0.07433255849919973,0.691065708778897
dataset_2,4,zero,Residual STV + OCSVM,num_spans,31,-0.11289232046846619,0.5454010527443531,0.10812447665644864,0.5626066627373887
dataset_2,4,zero,Residual STV + OCSVM,num_observed_stv_features,31,0.39919100743577357,0.026103368711286944,0.5936232225993345,0.00043118188443097945
dataset_2,4,zero,Residual STV + OCSVM,total_duration,31,0.11617997210721231,0.5336829975848191,0.10727742705548546,0.5656891366955077
dataset_2,4,zero,Residual STV + OCSVM,max_span_duration,31,0.2864009381169479,0.11828591521018027,0.12023168239803463,0.519409507209217
dataset_2,4,zero,Residual STV + OCSVM,mean_span_duration,31,0.4657735736939062,0.0082734665192551,0.1441160906858597,0.4392376864179941
dataset_2,4,zero,Max-Z Residual STV,num_services,31,-0.04631750375426433,0.8045832068744763,0.017086096975996518,0.9273110383893353
dataset_2,4,zero,Max-Z Residual STV,num_spans,31,-0.11378523577227186,0.5422065440642655,0.045482423129938054,0.808040679747392
dataset_2,4,zero,Max-Z Residual STV,num_observed_stv_features,31,0.4314289386866069,0.015380006282442916,0.5382379339972063,0.0017880636310682184
dataset_2,4,zero,Max-Z Residual STV,total_duration,31,0.14432733210409657,0.4385601393052904,0.1013223555660334,0.5875738329273301
dataset_2,4,zero,Max-Z Residual STV,max_span_duration,31,0.3256145971797325,0.07385393492125236,0.13462268885827686,0.470268496855756
dataset_2,4,zero,Max-Z Residual STV,mean_span_duration,31,0.48560758206155324,0.005617383676854516,0.17320234328221742,0.3514453202736053
dataset_2,4,zero,WR-STV k=1,num_services,31,0.008190020636772988,0.9651221421362629,0.07753813042299468,0.6784360302877306
dataset_2,4,zero,WR-STV k=1,num_spans,31,-0.09728879989928081,0.6026043051151557,0.0898436651079815,0.6307682133534738
dataset_2,4,zero,WR-STV k=1,num_observed_stv_features,31,0.596064049931407,0.0004025670946455602,0.5915114027270097,0.00045737392408993024
dataset_2,4,zero,WR-STV k=1,total_duration,31,0.18938722259920054,0.3075372523933915,0.06683613699794294,0.7209155833070984
dataset_2,4,zero,WR-STV k=1,max_span_duration,31,0.3230411380884182,0.076299029999944,0.10106434049082888,0.588530352834272
dataset_2,4,zero,WR-STV k=1,mean_span_duration,31,0.38306125212730247,0.033416741228284384,0.1296215990263136,0.48706443150572376
dataset_3,4,zero,Raw STV + IF,num_services,56,0.9737035512529211,2.263164064991431e-36,0.708790339949,9.817212644367086e-10
dataset_3,4,zero,Raw STV + IF,num_spans,56,0.9651541362622517,4.058445644785559e-33,0.6871847615693539,4.949225097774004e-09
dataset_3,4,zero,Raw STV + IF,num_observed_stv_features,56,0.9720067874835341,1.1982911079875156e-35,0.8852193501350659,1.3670686793611628e-19
dataset_3,4,zero,Raw STV + IF,total_duration,56,0.785256371484836,7.79445053668217e-13,0.31329049677882653,0.018718020018678613
dataset_3,4,zero,Raw STV + IF,max_span_duration,56,0.8187650687564945,1.2686362659419035e-14,0.1920763012984426,0.15613462618178764
dataset_3,4,zero,Raw STV + IF,mean_span_duration,56,0.11888302339011729,0.3828405885903437,-0.02891912277958399,0.8324393322615516
dataset_3,4,zero,Raw STV + LOF,num_services,56,0.9572383421116742,9.222734687057229e-31,0.5851985274676936,2.170454235056697e-06
dataset_3,4,zero,Raw STV + LOF,num_spans,56,0.9571973436745669,9.459518499780089e-31,0.6030515206613601,8.711779046172329e-07
dataset_3,4,zero,Raw STV + LOF,num_observed_stv_features,56,0.9506255710732731,4.112939902393857e-29,0.7468167949170197,3.872452026701489e-11
dataset_3,4,zero,Raw STV + LOF,total_duration,56,0.8230920281409699,7.009332414612603e-15,0.5096116096633585,6.0332283966895745e-05
dataset_3,4,zero,Raw STV + LOF,max_span_duration,56,0.8624683865254354,1.3323745125999813e-17,0.44876195172718053,0.0005224820807310602
dataset_3,4,zero,Raw STV + LOF,mean_span_duration,56,0.18739459133885203,0.16666776395029928,0.2142564684160868,0.11281612741406803
dataset_3,4,zero,Raw STV + OCSVM,num_services,56,0.4910873171539088,0.00012155666456446298,0.735588663667775,1.0650489141143207e-10
dataset_3,4,zero,Raw STV + OCSVM,num_spans,56,0.44359026073602165,0.0006165697312399217,0.6849369107772805,5.810162124415092e-09
dataset_3,4,zero,Raw STV + OCSVM,num_observed_stv_features,56,0.49731699704901605,9.647427953691668e-05,0.8826839675930114,2.384483926902472e-19
dataset_3,4,zero,Raw STV + OCSVM,total_duration,56,0.440506587934871,0.0006797096187111323,0.4912844361741374,0.00012067921915111673
dataset_3,4,zero,Raw STV + OCSVM,max_span_duration,56,0.4585582395531961,0.0003790597991972536,0.33098639765620896,0.012714067751761654
dataset_3,4,zero,Raw STV + OCSVM,mean_span_duration,56,0.30371246168692434,0.022872448613079778,0.1716453623533128,0.20590081118295173
dataset_3,4,zero,Residual STV + IF,num_services,56,0.9710434520633539,2.951116692602628e-35,0.403528678796685,0.002042961552974075
dataset_3,4,zero,Residual STV + IF,num_spans,56,0.9674986726197973,6.376374080127641e-34,0.38192677721473806,0.0036771740503054825
dataset_3,4,zero,Residual STV + IF,num_observed_stv_features,56,0.9693631743343026,1.3247324196341443e-34,0.5644614162798024,5.86660277852434e-06
dataset_3,4,zero,Residual STV + IF,total_duration,56,0.7732118496446204,2.8750587511398393e-12,0.2894613827487722,0.03047725575730134
dataset_3,4,zero,Residual STV + IF,max_span_duration,56,0.812754921425688,2.819089509810412e-14,0.23619637519500172,0.079678047383047
dataset_3,4,zero,Residual STV + IF,mean_span_duration,56,0.14099453882807653,0.29996979465651613,0.11057459097069737,0.41719702211865106
dataset_3,4,zero,Residual STV + LOF,num_services,56,0.8665644470997913,6.221397653845342e-18,0.44233850708076033,0.0006415311250424199
dataset_3,4,zero,Residual STV + LOF,num_spans,56,0.866577901697381,6.2055980236183805e-18,0.3806035974814625,0.003807215503106228
dataset_3,4,zero,Residual STV + LOF,num_observed_stv_features,56,0.8519544985437163,8.455163340896507e-17,0.5805797646840983,2.7246400310261557e-06
dataset_3,4,zero,Residual STV + LOF,total_duration,56,0.8688265534452451,4.041272882895758e-18,0.14958963827582283,0.2711648868032536
dataset_3,4,zero,Residual STV + LOF,max_span_duration,56,0.9059144333278595,8.372968243092372e-22,0.15205201915279112,0.26326418197262447
dataset_3,4,zero,Residual STV + LOF,mean_span_duration,56,0.30845103162854337,0.020728983804048747,-0.03132695671254086,0.8187148149537494
dataset_3,4,zero,Residual STV + OCSVM,num_services,56,0.4250033964196401,0.0010946410241319765,0.4095797101439221,0.0017206328277886524
dataset_3,4,zero,Residual STV + OCSVM,num_spans,56,0.40068701101281523,0.0022121182561712165,0.3615380907851576,0.0061859163593479104
dataset_3,4,zero,Residual STV + OCSVM,num_observed_stv_features,56,0.421782480438384,0.0012051882052295927,0.5773647071812865,3.1854111937465163e-06
dataset_3,4,zero,Residual STV + OCSVM,total_duration,56,0.36549570736299136,0.005606080723955722,0.15101175968327493,0.2665828753287938
dataset_3,4,zero,Residual STV + OCSVM,max_span_duration,56,0.40607845059237124,0.0019010995473950805,0.16058244612766534,0.23709588286193548
dataset_3,4,zero,Residual STV + OCSVM,mean_span_duration,56,0.31674592401646956,0.017385833516295923,-0.01524473626499335,0.9112083230574408
dataset_3,4,zero,Max-Z Residual STV,num_services,56,0.5127921569870224,5.327568262836404e-05,0.385190899818869,0.003373013168333193
dataset_3,4,zero,Max-Z Residual STV,num_spans,56,0.4906924076111064,0.00012333214916889507,0.3271251862649816,0.013859316758215712
dataset_3,4,zero,Max-Z Residual STV,num_observed_stv_features,56,0.5152984651334459,4.82592151558145e-05,0.5453080323968985,1.3871002826324366e-05
dataset_3,4,zero,Max-Z Residual STV,total_duration,56,0.5141023310446609,5.059638896741357e-05,0.11200766807063894,0.4111482573929246
dataset_3,4,zero,Max-Z Residual STV,max_span_duration,56,0.56528109702644,5.647676431694286e-06,0.12349563402660192,0.3645174752766459
dataset_3,4,zero,Max-Z Residual STV,mean_span_duration,56,0.4228287992305991,0.001168224936700454,-0.032344094626014785,0.8129331163764207
dataset_3,4,zero,WR-STV k=1,num_services,56,0.2702072646042386,0.04400164209542854,0.40709928797802397,0.0018468135353427667
dataset_3,4,zero,WR-STV k=1,num_spans,56,0.22739984111049805,0.09189511610660184,0.3496719926868468,0.008250334338543346
dataset_3,4,zero,WR-STV k=1,num_observed_stv_features,56,0.27118716339754523,0.043210946635722135,0.5682267210803668,4.922075723859789e-06
dataset_3,4,zero,WR-STV k=1,total_duration,56,0.24374295796164477,0.07025296256267786,0.06350834076313372,0.6419287593463835
dataset_3,4,zero,WR-STV k=1,max_span_duration,56,0.29151629502129117,0.02926530221881142,0.02037188971734537,0.8815329054182841
dataset_3,4,zero,WR-STV k=1,mean_span_duration,56,0.4062636526700989,0.0018911464076612247,-0.10978944592636466,0.42053248131706034
