method,roc_auc,average_precision,precision_at_k,precision,recall,f1,dataset,seed,strategy,mode,magnitude,modified_spans,pairwise_win_rate
Raw STV + IF,0.5043213296398892,0.5030827578629796,0.5052631578947369,0.5052631578947369,0.5052631578947369,0.5052631578947369,dataset_1,0,random_visible,multiplicative,1.1,1,0.2947368421052631
WR-STV k=1,0.4975069252077562,0.5031361877282864,0.5052631578947369,0.5052631578947369,0.5052631578947369,0.5052631578947369,dataset_1,0,random_visible,multiplicative,1.1,1,0.231578947368421
Max-Z Residual STV,0.4975623268698061,0.5017341946038754,0.4947368421052631,0.4947368421052631,0.4947368421052631,0.4947368421052631,dataset_1,0,random_visible,multiplicative,1.1,1,0.231578947368421
Raw STV + IF,0.5057617728531856,0.5048663348216027,0.5052631578947369,0.5052631578947369,0.5052631578947369,0.5052631578947369,dataset_1,0,random_visible,multiplicative,1.1,3,0.3789473684210526
WR-STV k=1,0.5000554016620499,0.5064208570691275,0.5052631578947369,0.5052631578947369,0.5052631578947369,0.5052631578947369,dataset_1,0,random_visible,multiplicative,1.1,3,0.4
Max-Z Residual STV,0.4971745152354571,0.5038481018273543,0.4947368421052631,0.4947368421052631,0.4947368421052631,0.4947368421052631,dataset_1,0,random_visible,multiplicative,1.1,3,0.4
Raw STV + IF,0.5090858725761772,0.5060681633730924,0.5052631578947369,0.5052631578947369,0.5052631578947369,0.5052631578947369,dataset_1,0,random_visible,multiplicative,1.25,1,0.4631578947368421
WR-STV k=1,0.4942936288088643,0.5047266120839645,0.5157894736842106,0.5157894736842106,0.5157894736842106,0.5157894736842106,dataset_1,0,random_visible,multiplicative,1.25,1,0.2947368421052631
Max-Z Residual STV,0.5002216066481995,0.5048747710664071,0.5157894736842106,0.5157894736842106,0.5157894736842106,0.5157894736842106,dataset_1,0,random_visible,multiplicative,1.25,1,0.231578947368421
Raw STV + IF,0.5126869806094183,0.5101012962163756,0.5052631578947369,0.5052631578947369,0.5052631578947369,0.5052631578947369,dataset_1,0,random_visible,multiplicative,1.25,3,0.6
WR-STV k=1,0.4993351800554017,0.5086302667803235,0.5263157894736842,0.5263157894736842,0.5263157894736842,0.5263157894736842,dataset_1,0,random_visible,multiplicative,1.25,3,0.4105263157894737
Max-Z Residual STV,0.5008864265927978,0.5081352596881199,0.5157894736842106,0.5157894736842106,0.5157894736842106,0.5157894736842106,dataset_1,0,random_visible,multiplicative,1.25,3,0.4105263157894737
Raw STV + IF,0.5124653739612188,0.5084146391729885,0.5052631578947369,0.5052631578947369,0.5052631578947369,0.5052631578947369,dataset_1,0,random_visible,multiplicative,1.5,1,0.5368421052631579
WR-STV k=1,0.5098060941828255,0.5166651848349637,0.5263157894736842,0.5263157894736842,0.5263157894736842,0.5263157894736842,dataset_1,0,random_visible,multiplicative,1.5,1,0.3578947368421052
Max-Z Residual STV,0.5129085872576178,0.5128752837202019,0.5263157894736842,0.5263157894736842,0.5263157894736842,0.5263157894736842,dataset_1,0,random_visible,multiplicative,1.5,1,0.3052631578947368
Raw STV + IF,0.5187811634349031,0.5149617224749964,0.5157894736842106,0.5157894736842106,0.5157894736842106,0.5157894736842106,dataset_1,0,random_visible,multiplicative,1.5,3,0.6842105263157895
WR-STV k=1,0.5159002770083102,0.5228178561293513,0.5473684210526316,0.5473684210526316,0.5473684210526316,0.5473684210526316,dataset_1,0,random_visible,multiplicative,1.5,3,0.4526315789473684
Max-Z Residual STV,0.5190027700831025,0.5200186740475109,0.5157894736842106,0.5157894736842106,0.5157894736842106,0.5157894736842106,dataset_1,0,random_visible,multiplicative,1.5,3,0.4526315789473684
Raw STV + IF,0.5184487534626039,0.5109122487334239,0.5157894736842106,0.5157894736842106,0.5157894736842106,0.5157894736842106,dataset_1,0,random_visible,multiplicative,2.0,1,0.6105263157894737
WR-STV k=1,0.5562326869806095,0.546379206423679,0.5368421052631579,0.5368421052631579,0.5368421052631579,0.5368421052631579,dataset_1,0,random_visible,multiplicative,2.0,1,0.4947368421052631
Max-Z Residual STV,0.5527423822714681,0.5314846337284808,0.5263157894736842,0.5263157894736842,0.5263157894736842,0.5263157894736842,dataset_1,0,random_visible,multiplicative,2.0,1,0.431578947368421
Raw STV + IF,0.5280886426592798,0.5203787835276423,0.5263157894736842,0.5263157894736842,0.5263157894736842,0.5263157894736842,dataset_1,0,random_visible,multiplicative,2.0,3,0.7368421052631579
WR-STV k=1,0.5674238227146815,0.5589170467856883,0.5684210526315789,0.5684210526315789,0.5684210526315789,0.5684210526315789,dataset_1,0,random_visible,multiplicative,2.0,3,0.5789473684210527
Max-Z Residual STV,0.5669252077562327,0.5483530009996052,0.5473684210526316,0.5473684210526316,0.5473684210526316,0.5473684210526316,dataset_1,0,random_visible,multiplicative,2.0,3,0.5684210526315789
Raw STV + IF,0.525983379501385,0.515793769286542,0.5157894736842106,0.5157894736842106,0.5157894736842106,0.5157894736842106,dataset_1,0,random_visible,multiplicative,3.0,1,0.6631578947368421
WR-STV k=1,0.6137950138504156,0.5873770300058648,0.5789473684210527,0.5789473684210527,0.5789473684210527,0.5789473684210527,dataset_1,0,random_visible,multiplicative,3.0,1,0.6
Max-Z Residual STV,0.6096952908587256,0.5659926435586258,0.5684210526315789,0.5684210526315789,0.5684210526315789,0.5684210526315789,dataset_1,0,random_visible,multiplicative,3.0,1,0.5894736842105263
Raw STV + IF,0.5406094182825485,0.5305018311603926,0.5263157894736842,0.5263157894736842,0.5263157894736842,0.5263157894736842,dataset_1,0,random_visible,multiplicative,3.0,3,0.8105263157894737
WR-STV k=1,0.6278116343490305,0.6108263805734615,0.5894736842105263,0.5894736842105263,0.5894736842105263,0.5894736842105263,dataset_1,0,random_visible,multiplicative,3.0,3,0.6631578947368421
Max-Z Residual STV,0.6332963988919668,0.5929689092569228,0.5894736842105263,0.5894736842105263,0.5894736842105263,0.5894736842105263,dataset_1,0,random_visible,multiplicative,3.0,3,0.6631578947368421
Raw STV + IF,0.5339058171745152,0.5203470302564488,0.5157894736842106,0.5157894736842106,0.5157894736842106,0.5157894736842106,dataset_1,0,random_visible,multiplicative,5.0,1,0.6947368421052632
WR-STV k=1,0.6804986149584488,0.6495021193963697,0.6,0.6,0.6,0.6,dataset_1,0,random_visible,multiplicative,5.0,1,0.6842105263157895
Max-Z Residual STV,0.6862603878116342,0.6218170783083221,0.6421052631578947,0.6421052631578947,0.6421052631578947,0.6421052631578947,dataset_1,0,random_visible,multiplicative,5.0,1,0.6736842105263158
Raw STV + IF,0.5540720221606649,0.5404999293048682,0.5368421052631579,0.5368421052631579,0.5368421052631579,0.5368421052631579,dataset_1,0,random_visible,multiplicative,5.0,3,0.8526315789473684
WR-STV k=1,0.69606648199446,0.6796609145706192,0.6105263157894737,0.6105263157894737,0.6105263157894737,0.6105263157894737,dataset_1,0,random_visible,multiplicative,5.0,3,0.7684210526315789
Max-Z Residual STV,0.7152908587257618,0.6638265586921182,0.6526315789473685,0.6526315789473685,0.6526315789473685,0.6526315789473685,dataset_1,0,random_visible,multiplicative,5.0,3,0.7473684210526316
Raw STV + IF,0.5413296398891966,0.5247022939464521,0.5157894736842106,0.5157894736842106,0.5157894736842106,0.5157894736842106,dataset_1,0,random_visible,multiplicative,10.0,1,0.7157894736842105
WR-STV k=1,0.7590027700831024,0.7415571862059797,0.7052631578947368,0.7052631578947368,0.7052631578947368,0.7052631578947368,dataset_1,0,random_visible,multiplicative,10.0,1,0.7684210526315789
Max-Z Residual STV,0.7747368421052632,0.7099759938206613,0.7368421052631579,0.7368421052631579,0.7368421052631579,0.7368421052631579,dataset_1,0,random_visible,multiplicative,10.0,1,0.7684210526315789
Raw STV + IF,0.5669806094182824,0.549150173605363,0.5473684210526316,0.5473684210526316,0.5473684210526316,0.5473684210526316,dataset_1,0,random_visible,multiplicative,10.0,3,0.8526315789473684
WR-STV k=1,0.7749584487534625,0.7766540394213319,0.7052631578947368,0.7052631578947368,0.7052631578947368,0.7052631578947368,dataset_1,0,random_visible,multiplicative,10.0,3,0.8105263157894737
Max-Z Residual STV,0.8002216066481993,0.7489512457673089,0.7578947368421053,0.7578947368421053,0.7578947368421053,0.7578947368421053,dataset_1,0,random_visible,multiplicative,10.0,3,0.8105263157894737
Raw STV + IF,0.5440443213296399,0.5269328829997932,0.5157894736842106,0.5157894736842106,0.5157894736842106,0.5157894736842106,dataset_1,0,random_visible,multiplicative,20.0,1,0.7473684210526316
WR-STV k=1,0.8164542936288088,0.8059434183337694,0.7368421052631579,0.7368421052631579,0.7368421052631579,0.7368421052631579,dataset_1,0,random_visible,multiplicative,20.0,1,0.8105263157894737
Max-Z Residual STV,0.8388919667590028,0.7726925780123397,0.7894736842105263,0.7894736842105263,0.7894736842105263,0.7894736842105263,dataset_1,0,random_visible,multiplicative,20.0,1,0.8105263157894737
Raw STV + IF,0.5755124653739613,0.5610878086788359,0.5684210526315789,0.5684210526315789,0.5684210526315789,0.5684210526315789,dataset_1,0,random_visible,multiplicative,20.0,3,0.8736842105263158
WR-STV k=1,0.8382271468144044,0.8448174846483576,0.7684210526315789,0.7684210526315789,0.7684210526315789,0.7684210526315789,dataset_1,0,random_visible,multiplicative,20.0,3,0.8631578947368421
Max-Z Residual STV,0.8638227146814405,0.814762164274303,0.8105263157894737,0.8105263157894737,0.8105263157894737,0.8105263157894737,dataset_1,0,random_visible,multiplicative,20.0,3,0.8631578947368421
Raw STV + IF,0.5463711911357341,0.5333853513612798,0.5157894736842106,0.5157894736842106,0.5157894736842106,0.5157894736842106,dataset_1,0,random_visible,multiplicative,30.0,1,0.7684210526315789
WR-STV k=1,0.8429916897506925,0.8374286307815278,0.7684210526315789,0.7684210526315789,0.7684210526315789,0.7684210526315789,dataset_1,0,random_visible,multiplicative,30.0,1,0.8315789473684211
Max-Z Residual STV,0.8688642659279778,0.8025555756144953,0.8210526315789474,0.8210526315789474,0.8210526315789474,0.8210526315789474,dataset_1,0,random_visible,multiplicative,30.0,1,0.8210526315789474
Raw STV + IF,0.5789473684210528,0.5648576047572968,0.5684210526315789,0.5684210526315789,0.5684210526315789,0.5684210526315789,dataset_1,0,random_visible,multiplicative,30.0,3,0.8842105263157894
WR-STV k=1,0.8646537396121884,0.8711019924274028,0.7894736842105263,0.7894736842105263,0.7894736842105263,0.7894736842105263,dataset_1,0,random_visible,multiplicative,30.0,3,0.8736842105263158
Max-Z Residual STV,0.8907479224376731,0.8433064410502956,0.8315789473684211,0.8315789473684211,0.8315789473684211,0.8315789473684211,dataset_1,0,random_visible,multiplicative,30.0,3,0.8842105263157894
Raw STV + IF,0.5053739612188365,0.5062187784362072,0.5052631578947369,0.5052631578947369,0.5052631578947369,0.5052631578947369,dataset_1,0,largest_visible,multiplicative,1.1,1,0.3894736842105263
WR-STV k=1,0.4976731301939058,0.5046702212301444,0.5052631578947369,0.5052631578947369,0.5052631578947369,0.5052631578947369,dataset_1,0,largest_visible,multiplicative,1.1,1,0.2421052631578947
Max-Z Residual STV,0.4937950138504155,0.5002099587726816,0.4947368421052631,0.4947368421052631,0.4947368421052631,0.4947368421052631,dataset_1,0,largest_visible,multiplicative,1.1,1,0.1894736842105263
Raw STV + IF,0.5069806094182825,0.5145318498516247,0.5052631578947369,0.5052631578947369,0.5052631578947369,0.5052631578947369,dataset_1,0,largest_visible,multiplicative,1.1,3,0.4842105263157895
WR-STV k=1,0.5021052631578947,0.5078695826455993,0.5157894736842106,0.5157894736842106,0.5157894736842106,0.5157894736842106,dataset_1,0,largest_visible,multiplicative,1.1,3,0.431578947368421
Max-Z Residual STV,0.4983379501385041,0.5046136713382112,0.4947368421052631,0.4947368421052631,0.4947368421052631,0.4947368421052631,dataset_1,0,largest_visible,multiplicative,1.1,3,0.4105263157894737
Raw STV + IF,0.5098060941828254,0.5100131770641076,0.5052631578947369,0.5052631578947369,0.5052631578947369,0.5052631578947369,dataset_1,0,largest_visible,multiplicative,1.25,1,0.5473684210526316
WR-STV k=1,0.4946260387811634,0.5060725558390502,0.5052631578947369,0.5052631578947369,0.5052631578947369,0.5052631578947369,dataset_1,0,largest_visible,multiplicative,1.25,1,0.2736842105263158
Max-Z Residual STV,0.493185595567867,0.499354828133028,0.4947368421052631,0.4947368421052631,0.4947368421052631,0.4947368421052631,dataset_1,0,largest_visible,multiplicative,1.25,1,0.2105263157894736
Raw STV + IF,0.5142382271468144,0.5220517683501416,0.5052631578947369,0.5052631578947369,0.5052631578947369,0.5052631578947369,dataset_1,0,largest_visible,multiplicative,1.25,3,0.7263157894736842
WR-STV k=1,0.5018836565096954,0.5111228435764867,0.5263157894736842,0.5263157894736842,0.5263157894736842,0.5263157894736842,dataset_1,0,largest_visible,multiplicative,1.25,3,0.431578947368421
Max-Z Residual STV,0.5026592797783933,0.5097220101500035,0.5157894736842106,0.5157894736842106,0.5157894736842106,0.5157894736842106,dataset_1,0,largest_visible,multiplicative,1.25,3,0.4105263157894737
Raw STV + IF,0.5131301939058172,0.5128971208856177,0.5052631578947369,0.5052631578947369,0.5052631578947369,0.5052631578947369,dataset_1,0,largest_visible,multiplicative,1.5,1,0.6631578947368421
WR-STV k=1,0.5060941828254848,0.517042702274283,0.5263157894736842,0.5263157894736842,0.5263157894736842,0.5263157894736842,dataset_1,0,largest_visible,multiplicative,1.5,1,0.3684210526315789
Max-Z Residual STV,0.4977839335180056,0.500731063393666,0.5052631578947369,0.5052631578947369,0.5052631578947369,0.5052631578947369,dataset_1,0,largest_visible,multiplicative,1.5,1,0.2842105263157894
Raw STV + IF,0.5204432132963989,0.5276676976551871,0.5157894736842106,0.5157894736842106,0.5157894736842106,0.5157894736842106,dataset_1,0,largest_visible,multiplicative,1.5,3,0.8
WR-STV k=1,0.5195567867036011,0.526822384317219,0.5473684210526316,0.5473684210526316,0.5473684210526316,0.5473684210526316,dataset_1,0,largest_visible,multiplicative,1.5,3,0.4736842105263157
Max-Z Residual STV,0.5203324099722991,0.5214988405383902,0.5157894736842106,0.5157894736842106,0.5157894736842106,0.5157894736842106,dataset_1,0,largest_visible,multiplicative,1.5,3,0.4526315789473684
Raw STV + IF,0.5211080332409972,0.524776157922906,0.5157894736842106,0.5157894736842106,0.5157894736842106,0.5157894736842106,dataset_1,0,largest_visible,multiplicative,2.0,1,0.7578947368421053
WR-STV k=1,0.5532963988919667,0.5483383106190033,0.5473684210526316,0.5473684210526316,0.5473684210526316,0.5473684210526316,dataset_1,0,largest_visible,multiplicative,2.0,1,0.5052631578947369
Max-Z Residual STV,0.5354570637119113,0.5200286822502178,0.5157894736842106,0.5157894736842106,0.5157894736842106,0.5157894736842106,dataset_1,0,largest_visible,multiplicative,2.0,1,0.4105263157894737
Raw STV + IF,0.5300277008310249,0.5327811208374033,0.5263157894736842,0.5263157894736842,0.5263157894736842,0.5263157894736842,dataset_1,0,largest_visible,multiplicative,2.0,3,0.8315789473684211
WR-STV k=1,0.5728531855955679,0.5644868123682778,0.5684210526315789,0.5684210526315789,0.5684210526315789,0.5684210526315789,dataset_1,0,largest_visible,multiplicative,2.0,3,0.6421052631578947
Max-Z Residual STV,0.5685318559556787,0.5496075285200687,0.5473684210526316,0.5473684210526316,0.5473684210526316,0.5473684210526316,dataset_1,0,largest_visible,multiplicative,2.0,3,0.6
Raw STV + IF,0.5317451523545705,0.5311770742839401,0.5157894736842106,0.5157894736842106,0.5157894736842106,0.5157894736842106,dataset_1,0,largest_visible,multiplicative,3.0,1,0.8210526315789474
WR-STV k=1,0.6229916897506926,0.603131945047243,0.5894736842105263,0.5894736842105263,0.5894736842105263,0.5894736842105263,dataset_1,0,largest_visible,multiplicative,3.0,1,0.6631578947368421
Max-Z Residual STV,0.6031578947368421,0.5641098924218471,0.5684210526315789,0.5684210526315789,0.5684210526315789,0.5684210526315789,dataset_1,0,largest_visible,multiplicative,3.0,1,0.6105263157894737
Raw STV + IF,0.5431024930747922,0.5439206470704809,0.5263157894736842,0.5263157894736842,0.5263157894736842,0.5263157894736842,dataset_1,0,largest_visible,multiplicative,3.0,3,0.8631578947368421
WR-STV k=1,0.6402216066481995,0.6228417491840677,0.6,0.6,0.6,0.6,dataset_1,0,largest_visible,multiplicative,3.0,3,0.7473684210526316
Max-Z Residual STV,0.6412742382271468,0.5987738588842756,0.5894736842105263,0.5894736842105263,0.5894736842105263,0.5894736842105263,dataset_1,0,largest_visible,multiplicative,3.0,3,0.7263157894736842
Raw STV + IF,0.5445983379501385,0.5379256658954938,0.5263157894736842,0.5263157894736842,0.5263157894736842,0.5263157894736842,dataset_1,0,largest_visible,multiplicative,5.0,1,0.8526315789473684
WR-STV k=1,0.7037673130193907,0.6783477711328183,0.631578947368421,0.631578947368421,0.631578947368421,0.631578947368421,dataset_1,0,largest_visible,multiplicative,5.0,1,0.8105263157894737
Max-Z Residual STV,0.6933518005540165,0.6285568032472256,0.6526315789473685,0.6526315789473685,0.6526315789473685,0.6526315789473685,dataset_1,0,largest_visible,multiplicative,5.0,1,0.7789473684210526
Raw STV + IF,0.5569529085872575,0.5526589128260644,0.5368421052631579,0.5368421052631579,0.5368421052631579,0.5368421052631579,dataset_1,0,largest_visible,multiplicative,5.0,3,0.8842105263157894
WR-STV k=1,0.7163434903047091,0.699049244800225,0.631578947368421,0.631578947368421,0.631578947368421,0.631578947368421,dataset_1,0,largest_visible,multiplicative,5.0,3,0.8210526315789474
Max-Z Residual STV,0.7273130193905817,0.6723370018596477,0.6842105263157895,0.6842105263157895,0.6842105263157895,0.6842105263157895,dataset_1,0,largest_visible,multiplicative,5.0,3,0.7894736842105263
Raw STV + IF,0.5541828254847645,0.5465985437952041,0.5263157894736842,0.5263157894736842,0.5263157894736842,0.5263157894736842,dataset_1,0,largest_visible,multiplicative,10.0,1,0.8631578947368421
WR-STV k=1,0.787590027700831,0.7805087654317915,0.7473684210526316,0.7473684210526316,0.7473684210526316,0.7473684210526316,dataset_1,0,largest_visible,multiplicative,10.0,1,0.8526315789473684
Max-Z Residual STV,0.7937950138504155,0.722914972040663,0.7578947368421053,0.7578947368421053,0.7578947368421053,0.7578947368421053,dataset_1,0,largest_visible,multiplicative,10.0,1,0.8315789473684211
Raw STV + IF,0.5702493074792244,0.5643477605189946,0.5578947368421052,0.5578947368421052,0.5578947368421052,0.5578947368421052,dataset_1,0,largest_visible,multiplicative,10.0,3,0.8842105263157894
WR-STV k=1,0.7935734072022159,0.7953010512847679,0.7473684210526316,0.7473684210526316,0.7473684210526316,0.7473684210526316,dataset_1,0,largest_visible,multiplicative,10.0,3,0.8631578947368421
Max-Z Residual STV,0.8108587257617729,0.7570016450253597,0.7578947368421053,0.7578947368421053,0.7578947368421053,0.7578947368421053,dataset_1,0,largest_visible,multiplicative,10.0,3,0.8421052631578947
Raw STV + IF,0.5570637119113574,0.5484871794891163,0.5263157894736842,0.5263157894736842,0.5263157894736842,0.5263157894736842,dataset_1,0,largest_visible,multiplicative,20.0,1,0.8631578947368421
WR-STV k=1,0.8430470914127423,0.8441812496322575,0.7894736842105263,0.7894736842105263,0.7894736842105263,0.7894736842105263,dataset_1,0,largest_visible,multiplicative,20.0,1,0.8736842105263158
Max-Z Residual STV,0.8579501385041551,0.787302212381458,0.8315789473684211,0.8315789473684211,0.8315789473684211,0.8315789473684211,dataset_1,0,largest_visible,multiplicative,20.0,1,0.8631578947368421
Raw STV + IF,0.5797229916897507,0.5716015042285512,0.5789473684210527,0.5789473684210527,0.5789473684210527,0.5789473684210527,dataset_1,0,largest_visible,multiplicative,20.0,3,0.8947368421052632
WR-STV k=1,0.8470914127423823,0.8565921287109572,0.7789473684210526,0.7789473684210526,0.7789473684210526,0.7789473684210526,dataset_1,0,largest_visible,multiplicative,20.0,3,0.8842105263157894
Max-Z Residual STV,0.8646537396121883,0.8167736935614575,0.8315789473684211,0.8315789473684211,0.8315789473684211,0.8315789473684211,dataset_1,0,largest_visible,multiplicative,20.0,3,0.8842105263157894
Raw STV + IF,0.5590581717451524,0.549731702740836,0.5263157894736842,0.5263157894736842,0.5263157894736842,0.5263157894736842,dataset_1,0,largest_visible,multiplicative,30.0,1,0.8631578947368421
WR-STV k=1,0.8640443213296399,0.8668743061055937,0.8,0.8,0.8,0.8,dataset_1,0,largest_visible,multiplicative,30.0,1,0.8947368421052632
Max-Z Residual STV,0.884764542936288,0.8184284225129593,0.8421052631578947,0.8421052631578947,0.8421052631578947,0.8421052631578947,dataset_1,0,largest_visible,multiplicative,30.0,1,0.8947368421052632
Raw STV + IF,0.5834349030470913,0.5761748012760388,0.5789473684210527,0.5789473684210527,0.5789473684210527,0.5789473684210527,dataset_1,0,largest_visible,multiplicative,30.0,3,0.8947368421052632
WR-STV k=1,0.8718559556786704,0.8814264158583209,0.8,0.8,0.8,0.8,dataset_1,0,largest_visible,multiplicative,30.0,3,0.8947368421052632
Max-Z Residual STV,0.8918005540166205,0.846141593267379,0.8421052631578947,0.8421052631578947,0.8421052631578947,0.8421052631578947,dataset_1,0,largest_visible,multiplicative,30.0,3,0.8947368421052632
Raw STV + IF,0.503601108033241,0.502141666708645,0.5052631578947369,0.5052631578947369,0.5052631578947369,0.5052631578947369,dataset_1,0,random_visible,additive_ms,10.0,1,0.231578947368421
WR-STV k=1,0.4901385041551247,0.4955838339816567,0.4947368421052631,0.4947368421052631,0.4947368421052631,0.4947368421052631,dataset_1,0,random_visible,additive_ms,10.0,1,0.2210526315789473
Max-Z Residual STV,0.4901385041551246,0.4965768453142709,0.4842105263157895,0.4842105263157895,0.4842105263157895,0.4842105263157895,dataset_1,0,random_visible,additive_ms,10.0,1,0.2105263157894736
Raw STV + IF,0.504819944598338,0.5041728184805676,0.5052631578947369,0.5052631578947369,0.5052631578947369,0.5052631578947369,dataset_1,0,random_visible,additive_ms,10.0,3,0.3368421052631579
WR-STV k=1,0.4786703601108033,0.4878891109445016,0.4842105263157895,0.4842105263157895,0.4842105263157895,0.4842105263157895,dataset_1,0,random_visible,additive_ms,10.0,3,0.4
Max-Z Residual STV,0.4801108033240997,0.492401948372915,0.4736842105263157,0.4736842105263157,0.4736842105263157,0.4736842105263157,dataset_1,0,random_visible,additive_ms,10.0,3,0.4
Raw STV + IF,0.5045983379501384,0.5029494917783531,0.5052631578947369,0.5052631578947369,0.5052631578947369,0.5052631578947369,dataset_1,0,random_visible,additive_ms,25.0,1,0.3578947368421052
WR-STV k=1,0.4875346260387811,0.4949201906576774,0.4947368421052631,0.4947368421052631,0.4947368421052631,0.4947368421052631,dataset_1,0,random_visible,additive_ms,25.0,1,0.2526315789473684
Max-Z Residual STV,0.4873684210526316,0.49500566390532,0.4842105263157895,0.4842105263157895,0.4842105263157895,0.4842105263157895,dataset_1,0,random_visible,additive_ms,25.0,1,0.231578947368421
Raw STV + IF,0.5075346260387811,0.5059811212272602,0.5052631578947369,0.5052631578947369,0.5052631578947369,0.5052631578947369,dataset_1,0,random_visible,additive_ms,25.0,3,0.5157894736842106
WR-STV k=1,0.4664819944598338,0.4805295537184312,0.4842105263157895,0.4842105263157895,0.4842105263157895,0.4842105263157895,dataset_1,0,random_visible,additive_ms,25.0,3,0.4
Max-Z Residual STV,0.4674792243767313,0.4859882886635447,0.4736842105263157,0.4736842105263157,0.4736842105263157,0.4736842105263157,dataset_1,0,random_visible,additive_ms,25.0,3,0.4
Raw STV + IF,0.5091966759002771,0.5057859208002202,0.5052631578947369,0.5052631578947369,0.5052631578947369,0.5052631578947369,dataset_1,0,random_visible,additive_ms,50.0,1,0.4526315789473684
WR-STV k=1,0.4963988919667589,0.4972931783292552,0.5157894736842106,0.5157894736842106,0.5157894736842106,0.5157894736842106,dataset_1,0,random_visible,additive_ms,50.0,1,0.3052631578947368
Max-Z Residual STV,0.4941828254847645,0.496902812431449,0.4947368421052631,0.4947368421052631,0.4947368421052631,0.4947368421052631,dataset_1,0,random_visible,additive_ms,50.0,1,0.2736842105263158
Raw STV + IF,0.5153462603878116,0.512322210173602,0.5052631578947369,0.5052631578947369,0.5052631578947369,0.5052631578947369,dataset_1,0,random_visible,additive_ms,50.0,3,0.631578947368421
WR-STV k=1,0.4730193905817174,0.4818339400368013,0.4947368421052631,0.4947368421052631,0.4947368421052631,0.4947368421052631,dataset_1,0,random_visible,additive_ms,50.0,3,0.4631578947368421
Max-Z Residual STV,0.4744598337950138,0.489281344336489,0.4736842105263157,0.4736842105263157,0.4736842105263157,0.4736842105263157,dataset_1,0,random_visible,additive_ms,50.0,3,0.4736842105263157
Raw STV + IF,0.5157894736842106,0.5086577095931573,0.5157894736842106,0.5157894736842106,0.5157894736842106,0.5157894736842106,dataset_1,0,random_visible,additive_ms,100.0,1,0.5684210526315789
WR-STV k=1,0.5253185595567866,0.5140799448935166,0.5368421052631579,0.5368421052631579,0.5368421052631579,0.5368421052631579,dataset_1,0,random_visible,additive_ms,100.0,1,0.4210526315789473
Max-Z Residual STV,0.5213850415512464,0.5092063376187964,0.5157894736842106,0.5157894736842106,0.5157894736842106,0.5157894736842106,dataset_1,0,random_visible,additive_ms,100.0,1,0.3578947368421052
Raw STV + IF,0.5242659279778393,0.5165102977115253,0.5157894736842106,0.5157894736842106,0.5157894736842106,0.5157894736842106,dataset_1,0,random_visible,additive_ms,100.0,3,0.7263157894736842
WR-STV k=1,0.5127423822714682,0.5053719478557925,0.5157894736842106,0.5157894736842106,0.5157894736842106,0.5157894736842106,dataset_1,0,random_visible,additive_ms,100.0,3,0.5473684210526316
Max-Z Residual STV,0.5179501385041552,0.5096629411829305,0.4947368421052631,0.4947368421052631,0.4947368421052631,0.4947368421052631,dataset_1,0,random_visible,additive_ms,100.0,3,0.5368421052631579
Raw STV + IF,0.5320221606648199,0.5183501467191517,0.5157894736842106,0.5157894736842106,0.5157894736842106,0.5157894736842106,dataset_1,0,random_visible,additive_ms,250.0,1,0.7052631578947368
WR-STV k=1,0.5778393351800555,0.5585296782733116,0.5473684210526316,0.5473684210526316,0.5473684210526316,0.5473684210526316,dataset_1,0,random_visible,additive_ms,250.0,1,0.5157894736842106
Max-Z Residual STV,0.5708587257617728,0.5387751510080118,0.5578947368421052,0.5578947368421052,0.5578947368421052,0.5578947368421052,dataset_1,0,random_visible,additive_ms,250.0,1,0.4526315789473684
Raw STV + IF,0.5453739612188365,0.5299765940725663,0.5368421052631579,0.5368421052631579,0.5368421052631579,0.5368421052631579,dataset_1,0,random_visible,additive_ms,250.0,3,0.8105263157894737
WR-STV k=1,0.5977285318559559,0.5739914240100968,0.5789473684210527,0.5789473684210527,0.5789473684210527,0.5789473684210527,dataset_1,0,random_visible,additive_ms,250.0,3,0.5894736842105263
Max-Z Residual STV,0.6031578947368421,0.5646125674833075,0.5789473684210527,0.5789473684210527,0.5789473684210527,0.5789473684210527,dataset_1,0,random_visible,additive_ms,250.0,3,0.6210526315789474
Raw STV + IF,0.5382271468144044,0.5270334938697294,0.5157894736842106,0.5157894736842106,0.5157894736842106,0.5157894736842106,dataset_1,0,random_visible,additive_ms,500.0,1,0.7368421052631579
WR-STV k=1,0.6403324099722991,0.6127785953202449,0.6210526315789474,0.6210526315789474,0.6210526315789474,0.6210526315789474,dataset_1,0,random_visible,additive_ms,500.0,1,0.6105263157894737
Max-Z Residual STV,0.6330193905817174,0.5856479001326561,0.6210526315789474,0.6210526315789474,0.6210526315789474,0.6210526315789474,dataset_1,0,random_visible,additive_ms,500.0,1,0.5684210526315789
Raw STV + IF,0.5567313019390582,0.540939872025833,0.5473684210526316,0.5473684210526316,0.5473684210526316,0.5473684210526316,dataset_1,0,random_visible,additive_ms,500.0,3,0.8421052631578947
WR-STV k=1,0.6752354570637118,0.6471688278154292,0.6421052631578947,0.6421052631578947,0.6421052631578947,0.6421052631578947,dataset_1,0,random_visible,additive_ms,500.0,3,0.7157894736842105
Max-Z Residual STV,0.68,0.6279444207818534,0.6842105263157895,0.6842105263157895,0.6842105263157895,0.6842105263157895,dataset_1,0,random_visible,additive_ms,500.0,3,0.7263157894736842
Raw STV + IF,0.5483870967741935,0.5011440011440011,0.5,0.5,0.5,0.5,dataset_2,0,random_visible,multiplicative,1.1,1,0.0714285714285714
WR-STV k=1,0.5380184331797235,0.4994005373440024,0.5,0.5,0.5,0.5,dataset_2,0,random_visible,multiplicative,1.1,1,0.0714285714285714
Max-Z Residual STV,0.5391705069124424,0.4992398163425194,0.5,0.5,0.5,0.5,dataset_2,0,random_visible,multiplicative,1.1,1,0.0357142857142857
Raw STV + IF,0.5529953917050692,0.5050009110002888,0.5,0.5,0.5,0.5,dataset_2,0,random_visible,multiplicative,1.1,3,0.1785714285714285
WR-STV k=1,0.543778801843318,0.5034662869836264,0.5,0.5,0.5,0.5,dataset_2,0,random_visible,multiplicative,1.1,3,0.2142857142857142
Max-Z Residual STV,0.5380184331797235,0.5008715935224695,0.5,0.5,0.5,0.5,dataset_2,0,random_visible,multiplicative,1.1,3,0.2142857142857142
Raw STV + IF,0.5501152073732719,0.5036366457991173,0.5,0.5,0.5,0.5,dataset_2,0,random_visible,multiplicative,1.25,1,0.1785714285714285
WR-STV k=1,0.532258064516129,0.4986528979017151,0.5,0.5,0.5,0.5,dataset_2,0,random_visible,multiplicative,1.25,1,0.1071428571428571
Max-Z Residual STV,0.5351382488479262,0.4976551474696969,0.5,0.5,0.5,0.5,dataset_2,0,random_visible,multiplicative,1.25,1,0.1071428571428571
Raw STV + IF,0.5576036866359446,0.5096760972292032,0.5,0.5,0.5,0.5,dataset_2,0,random_visible,multiplicative,1.25,3,0.3928571428571428
WR-STV k=1,0.5357142857142857,0.5036041958120714,0.5,0.5,0.5,0.5,dataset_2,0,random_visible,multiplicative,1.25,3,0.3214285714285714
Max-Z Residual STV,0.5345622119815667,0.5019023564504173,0.5,0.5,0.5,0.5,dataset_2,0,random_visible,multiplicative,1.25,3,0.3214285714285714
Raw STV + IF,0.5518433179723503,0.5040945212569927,0.5,0.5,0.5,0.5,dataset_2,0,random_visible,multiplicative,1.5,1,0.2142857142857142
WR-STV k=1,0.5339861751152074,0.5006739038852512,0.5,0.5,0.5,0.5,dataset_2,0,random_visible,multiplicative,1.5,1,0.1428571428571428
Max-Z Residual STV,0.5305299539170507,0.4965700565245605,0.5,0.5,0.5,0.5,dataset_2,0,random_visible,multiplicative,1.5,1,0.1071428571428571
Raw STV + IF,0.5633640552995391,0.5147904654047525,0.5,0.5,0.5,0.5,dataset_2,0,random_visible,multiplicative,1.5,3,0.5
WR-STV k=1,0.5414746543778801,0.5142875332016611,0.4642857142857143,0.4642857142857143,0.4642857142857143,0.4642857142857143,dataset_2,0,random_visible,multiplicative,1.5,3,0.3214285714285714
Max-Z Residual STV,0.5380184331797235,0.5095483538727986,0.5,0.5,0.5,0.5,dataset_2,0,random_visible,multiplicative,1.5,3,0.3214285714285714
Raw STV + IF,0.5748847926267282,0.5173811603707099,0.5,0.5,0.5,0.5,dataset_2,0,random_visible,multiplicative,2.0,1,0.5357142857142857
WR-STV k=1,0.5288018433179724,0.4904736073747354,0.5,0.5,0.5,0.5,dataset_2,0,random_visible,multiplicative,2.0,1,0.1785714285714285
Max-Z Residual STV,0.5178571428571429,0.4911267150432477,0.4642857142857143,0.4642857142857143,0.4642857142857143,0.4642857142857143,dataset_2,0,random_visible,multiplicative,2.0,1,0.1785714285714285
Raw STV + IF,0.5823732718894009,0.5249041331784435,0.5,0.5,0.5,0.5,dataset_2,0,random_visible,multiplicative,2.0,3,0.7142857142857143
WR-STV k=1,0.5368663594470046,0.5056717071883619,0.5,0.5,0.5,0.5,dataset_2,0,random_visible,multiplicative,2.0,3,0.3571428571428571
Max-Z Residual STV,0.5334101382488479,0.5071297092807607,0.4642857142857143,0.4642857142857143,0.4642857142857143,0.4642857142857143,dataset_2,0,random_visible,multiplicative,2.0,3,0.3571428571428571
Raw STV + IF,0.5829493087557603,0.5233175947794011,0.5,0.5,0.5,0.5,dataset_2,0,random_visible,multiplicative,3.0,1,0.6428571428571429
WR-STV k=1,0.5501152073732718,0.5077798258289888,0.5,0.5,0.5,0.5,dataset_2,0,random_visible,multiplicative,3.0,1,0.2142857142857142
Max-Z Residual STV,0.5253456221198156,0.4950985066722583,0.4642857142857143,0.4642857142857143,0.4642857142857143,0.4642857142857143,dataset_2,0,random_visible,multiplicative,3.0,1,0.2142857142857142
Raw STV + IF,0.5904377880184332,0.5305742447218751,0.5357142857142857,0.5357142857142857,0.5357142857142857,0.5357142857142857,dataset_2,0,random_visible,multiplicative,3.0,3,0.75
WR-STV k=1,0.5702764976958525,0.5335828729601125,0.5,0.5,0.5,0.5,dataset_2,0,random_visible,multiplicative,3.0,3,0.3571428571428571
Max-Z Residual STV,0.5345622119815668,0.5112941929872324,0.4642857142857143,0.4642857142857143,0.4642857142857143,0.4642857142857143,dataset_2,0,random_visible,multiplicative,3.0,3,0.3571428571428571
Raw STV + IF,0.5869815668202765,0.5229673954394081,0.5,0.5,0.5,0.5,dataset_2,0,random_visible,multiplicative,5.0,1,0.6428571428571429
WR-STV k=1,0.559331797235023,0.5177853790142383,0.5357142857142857,0.5357142857142857,0.5357142857142857,0.5357142857142857,dataset_2,0,random_visible,multiplicative,5.0,1,0.3214285714285714
Max-Z Residual STV,0.5408986175115207,0.5031999021116953,0.4642857142857143,0.4642857142857143,0.4642857142857143,0.4642857142857143,dataset_2,0,random_visible,multiplicative,5.0,1,0.2857142857142857
Raw STV + IF,0.6019585253456221,0.5543796352712136,0.5357142857142857,0.5357142857142857,0.5357142857142857,0.5357142857142857,dataset_2,0,random_visible,multiplicative,5.0,3,0.8214285714285714
WR-STV k=1,0.5794930875576036,0.5434077013791713,0.5357142857142857,0.5357142857142857,0.5357142857142857,0.5357142857142857,dataset_2,0,random_visible,multiplicative,5.0,3,0.4285714285714285
Max-Z Residual STV,0.5587557603686636,0.5368477025865591,0.5,0.5,0.5,0.5,dataset_2,0,random_visible,multiplicative,5.0,3,0.3928571428571428
Raw STV + IF,0.5985023041474654,0.5282091780579585,0.5357142857142857,0.5357142857142857,0.5357142857142857,0.5357142857142857,dataset_2,0,random_visible,multiplicative,10.0,1,0.6785714285714286
WR-STV k=1,0.5846774193548387,0.5680135614244768,0.5714285714285714,0.5714285714285714,0.5714285714285714,0.5714285714285714,dataset_2,0,random_visible,multiplicative,10.0,1,0.3928571428571428
Max-Z Residual STV,0.5478110599078341,0.5184206998197245,0.5,0.5,0.5,0.5,dataset_2,0,random_visible,multiplicative,10.0,1,0.3571428571428571
Raw STV + IF,0.625,0.5674882073921037,0.6071428571428571,0.6071428571428571,0.6071428571428571,0.6071428571428571,dataset_2,0,random_visible,multiplicative,10.0,3,0.8214285714285714
WR-STV k=1,0.6071428571428571,0.6215365123989556,0.5714285714285714,0.5714285714285714,0.5714285714285714,0.5714285714285714,dataset_2,0,random_visible,multiplicative,10.0,3,0.4642857142857143
Max-Z Residual STV,0.5599078341013826,0.5621609568929615,0.5,0.5,0.5,0.5,dataset_2,0,random_visible,multiplicative,10.0,3,0.3928571428571428
Raw STV + IF,0.6146313364055299,0.5388256644352833,0.5357142857142857,0.5357142857142857,0.5357142857142857,0.5357142857142857,dataset_2,0,random_visible,multiplicative,20.0,1,0.6785714285714286
WR-STV k=1,0.6019585253456221,0.6114791951681494,0.5714285714285714,0.5714285714285714,0.5714285714285714,0.5714285714285714,dataset_2,0,random_visible,multiplicative,20.0,1,0.4642857142857143
Max-Z Residual STV,0.5783410138248848,0.543540905880057,0.5714285714285714,0.5714285714285714,0.5714285714285714,0.5714285714285714,dataset_2,0,random_visible,multiplicative,20.0,1,0.4642857142857143
Raw STV + IF,0.6399769585253456,0.5779112509127451,0.6071428571428571,0.6071428571428571,0.6071428571428571,0.6071428571428571,dataset_2,0,random_visible,multiplicative,20.0,3,0.8214285714285714
WR-STV k=1,0.6359447004608295,0.6853335958580512,0.6071428571428571,0.6071428571428571,0.6071428571428571,0.6071428571428571,dataset_2,0,random_visible,multiplicative,20.0,3,0.5357142857142857
Max-Z Residual STV,0.5944700460829493,0.5946098793158786,0.5,0.5,0.5,0.5,dataset_2,0,random_visible,multiplicative,20.0,3,0.5
Raw STV + IF,0.6157834101382488,0.5406814067322022,0.5357142857142857,0.5357142857142857,0.5357142857142857,0.5357142857142857,dataset_2,0,random_visible,multiplicative,30.0,1,0.6785714285714286
WR-STV k=1,0.6203917050691244,0.6430659859204303,0.5714285714285714,0.5714285714285714,0.5714285714285714,0.5714285714285714,dataset_2,0,random_visible,multiplicative,30.0,1,0.4642857142857143
Max-Z Residual STV,0.6082949308755761,0.5645032836817697,0.5714285714285714,0.5714285714285714,0.5714285714285714,0.5714285714285714,dataset_2,0,random_visible,multiplicative,30.0,1,0.4642857142857143
Raw STV + IF,0.6422811059907834,0.5817968021688206,0.6071428571428571,0.6071428571428571,0.6071428571428571,0.6071428571428571,dataset_2,0,random_visible,multiplicative,30.0,3,0.8214285714285714
WR-STV k=1,0.6566820276497696,0.7073963644936039,0.6071428571428571,0.6071428571428571,0.6071428571428571,0.6071428571428571,dataset_2,0,random_visible,multiplicative,30.0,3,0.5357142857142857
Max-Z Residual STV,0.631336405529954,0.618430507496488,0.5714285714285714,0.5714285714285714,0.5714285714285714,0.5714285714285714,dataset_2,0,random_visible,multiplicative,30.0,3,0.5
Raw STV + IF,0.5518433179723503,0.5037634984725536,0.5,0.5,0.5,0.5,dataset_2,0,largest_visible,multiplicative,1.1,1,0.1071428571428571
WR-STV k=1,0.5380184331797234,0.4991240070079439,0.5,0.5,0.5,0.5,dataset_2,0,largest_visible,multiplicative,1.1,1,0.0357142857142857
Max-Z Residual STV,0.5391705069124424,0.4991651783368469,0.5,0.5,0.5,0.5,dataset_2,0,largest_visible,multiplicative,1.1,1,0.0357142857142857
Raw STV + IF,0.5535714285714286,0.5109532919526698,0.5,0.5,0.5,0.5,dataset_2,0,largest_visible,multiplicative,1.1,3,0.2142857142857142
WR-STV k=1,0.5443548387096774,0.5041276626450021,0.5,0.5,0.5,0.5,dataset_2,0,largest_visible,multiplicative,1.1,3,0.25
Max-Z Residual STV,0.538594470046083,0.502494970145846,0.5,0.5,0.5,0.5,dataset_2,0,largest_visible,multiplicative,1.1,3,0.25
Raw STV + IF,0.554147465437788,0.5065067696940858,0.5,0.5,0.5,0.5,dataset_2,0,largest_visible,multiplicative,1.25,1,0.2142857142857142
WR-STV k=1,0.5288018433179723,0.4959704142587439,0.5,0.5,0.5,0.5,dataset_2,0,largest_visible,multiplicative,1.25,1,0.0714285714285714
Max-Z Residual STV,0.5334101382488479,0.496298259472097,0.5,0.5,0.5,0.5,dataset_2,0,largest_visible,multiplicative,1.25,1,0.0714285714285714
Raw STV + IF,0.5581797235023042,0.5156284781815841,0.5,0.5,0.5,0.5,dataset_2,0,largest_visible,multiplicative,1.25,3,0.4285714285714285
WR-STV k=1,0.5362903225806452,0.502097876044882,0.5,0.5,0.5,0.5,dataset_2,0,largest_visible,multiplicative,1.25,3,0.2857142857142857
Max-Z Residual STV,0.5339861751152074,0.4999182294662903,0.5,0.5,0.5,0.5,dataset_2,0,largest_visible,multiplicative,1.25,3,0.2857142857142857
Raw STV + IF,0.5576036866359446,0.509388691693655,0.5,0.5,0.5,0.5,dataset_2,0,largest_visible,multiplicative,1.5,1,0.2857142857142857
WR-STV k=1,0.5305299539170507,0.4988463833720878,0.5,0.5,0.5,0.5,dataset_2,0,largest_visible,multiplicative,1.5,1,0.1785714285714285
Max-Z Residual STV,0.528225806451613,0.4958300465199532,0.5,0.5,0.5,0.5,dataset_2,0,largest_visible,multiplicative,1.5,1,0.1071428571428571
Raw STV + IF,0.5639400921658986,0.5207428463571335,0.5,0.5,0.5,0.5,dataset_2,0,largest_visible,multiplicative,1.5,3,0.5357142857142857
WR-STV k=1,0.537442396313364,0.5047970237111516,0.4642857142857143,0.4642857142857143,0.4642857142857143,0.4642857142857143,dataset_2,0,largest_visible,multiplicative,1.5,3,0.2857142857142857
Max-Z Residual STV,0.5351382488479263,0.4996277189521637,0.5,0.5,0.5,0.5,dataset_2,0,largest_visible,multiplicative,1.5,3,0.2857142857142857
Raw STV + IF,0.5760368663594471,0.5247071676967173,0.5,0.5,0.5,0.5,dataset_2,0,largest_visible,multiplicative,2.0,1,0.6071428571428571
WR-STV k=1,0.5368663594470046,0.502266301331942,0.5,0.5,0.5,0.5,dataset_2,0,largest_visible,multiplicative,2.0,1,0.2857142857142857
Max-Z Residual STV,0.5161290322580645,0.4906050365192402,0.5,0.5,0.5,0.5,dataset_2,0,largest_visible,multiplicative,2.0,1,0.2857142857142857
Raw STV + IF,0.5829493087557603,0.5308565141308245,0.5,0.5,0.5,0.5,dataset_2,0,largest_visible,multiplicative,2.0,3,0.75
WR-STV k=1,0.5339861751152073,0.4956735704045107,0.5,0.5,0.5,0.5,dataset_2,0,largest_visible,multiplicative,2.0,3,0.3214285714285714
Max-Z Residual STV,0.5305299539170507,0.4972451493962008,0.4642857142857143,0.4642857142857143,0.4642857142857143,0.4642857142857143,dataset_2,0,largest_visible,multiplicative,2.0,3,0.3214285714285714
Raw STV + IF,0.5858294930875576,0.5326664221029727,0.5,0.5,0.5,0.5,dataset_2,0,largest_visible,multiplicative,3.0,1,0.75
WR-STV k=1,0.5512672811059908,0.5094333461189605,0.5,0.5,0.5,0.5,dataset_2,0,largest_visible,multiplicative,3.0,1,0.3214285714285714
Max-Z Residual STV,0.5241935483870968,0.4938516840677842,0.4642857142857143,0.4642857142857143,0.4642857142857143,0.4642857142857143,dataset_2,0,largest_visible,multiplicative,3.0,1,0.2857142857142857
Raw STV + IF,0.5915898617511521,0.5400980542456847,0.5357142857142857,0.5357142857142857,0.5357142857142857,0.5357142857142857,dataset_2,0,largest_visible,multiplicative,3.0,3,0.8214285714285714
WR-STV k=1,0.5662442396313363,0.5240923634696031,0.5,0.5,0.5,0.5,dataset_2,0,largest_visible,multiplicative,3.0,3,0.3214285714285714
Max-Z Residual STV,0.5316820276497696,0.5014096331026725,0.4642857142857143,0.4642857142857143,0.4642857142857143,0.4642857142857143,dataset_2,0,largest_visible,multiplicative,3.0,3,0.3214285714285714
Raw STV + IF,0.5910138248847926,0.5329759694202634,0.5357142857142857,0.5357142857142857,0.5357142857142857,0.5357142857142857,dataset_2,0,largest_visible,multiplicative,5.0,1,0.7857142857142857
WR-STV k=1,0.5725806451612903,0.5367300714021197,0.5357142857142857,0.5357142857142857,0.5357142857142857,0.5357142857142857,dataset_2,0,largest_visible,multiplicative,5.0,1,0.3928571428571428
Max-Z Residual STV,0.5449308755760368,0.5110627160656522,0.4642857142857143,0.4642857142857143,0.4642857142857143,0.4642857142857143,dataset_2,0,largest_visible,multiplicative,5.0,1,0.3214285714285714
Raw STV + IF,0.603110599078341,0.5639034447950232,0.5357142857142857,0.5357142857142857,0.5357142857142857,0.5357142857142857,dataset_2,0,largest_visible,multiplicative,5.0,3,0.8928571428571429
WR-STV k=1,0.5754608294930875,0.534006971390206,0.5357142857142857,0.5357142857142857,0.5357142857142857,0.5357142857142857,dataset_2,0,largest_visible,multiplicative,5.0,3,0.3928571428571428
Max-Z Residual STV,0.5558755760368663,0.5270172552561119,0.5,0.5,0.5,0.5,dataset_2,0,largest_visible,multiplicative,5.0,3,0.3571428571428571
Raw STV + IF,0.6048387096774194,0.5399748610126714,0.5357142857142857,0.5357142857142857,0.5357142857142857,0.5357142857142857,dataset_2,0,largest_visible,multiplicative,10.0,1,0.7857142857142857
WR-STV k=1,0.6008064516129032,0.5938031141747943,0.5357142857142857,0.5357142857142857,0.5357142857142857,0.5357142857142857,dataset_2,0,largest_visible,multiplicative,10.0,1,0.4285714285714285
Max-Z Residual STV,0.5414746543778802,0.5132011336319773,0.4642857142857143,0.4642857142857143,0.4642857142857143,0.4642857142857143,dataset_2,0,largest_visible,multiplicative,10.0,1,0.3214285714285714
Raw STV + IF,0.626152073732719,0.5770120169159132,0.6071428571428571,0.6071428571428571,0.6071428571428571,0.6071428571428571,dataset_2,0,largest_visible,multiplicative,10.0,3,0.8928571428571429
WR-STV k=1,0.603110599078341,0.6158628613595925,0.5714285714285714,0.5714285714285714,0.5714285714285714,0.5714285714285714,dataset_2,0,largest_visible,multiplicative,10.0,3,0.4285714285714285
Max-Z Residual STV,0.5570276497695853,0.5527536974857021,0.5,0.5,0.5,0.5,dataset_2,0,largest_visible,multiplicative,10.0,3,0.3571428571428571
Raw STV + IF,0.6221198156682027,0.5518868641636105,0.5357142857142857,0.5357142857142857,0.5357142857142857,0.5357142857142857,dataset_2,0,largest_visible,multiplicative,20.0,1,0.7857142857142857
WR-STV k=1,0.6284562211981567,0.6646129680767731,0.5714285714285714,0.5714285714285714,0.5714285714285714,0.5714285714285714,dataset_2,0,largest_visible,multiplicative,20.0,1,0.5
Max-Z Residual STV,0.5702764976958525,0.536283526320046,0.5714285714285714,0.5714285714285714,0.5714285714285714,0.5714285714285714,dataset_2,0,largest_visible,multiplicative,20.0,1,0.4642857142857143
Raw STV + IF,0.6411290322580645,0.5874350604365546,0.6071428571428571,0.6071428571428571,0.6071428571428571,0.6071428571428571,dataset_2,0,largest_visible,multiplicative,20.0,3,0.8928571428571429
WR-STV k=1,0.6319124423963134,0.6804199637385367,0.6071428571428571,0.6071428571428571,0.6071428571428571,0.6071428571428571,dataset_2,0,largest_visible,multiplicative,20.0,3,0.5
Max-Z Residual STV,0.5915898617511521,0.5856469672279665,0.5,0.5,0.5,0.5,dataset_2,0,largest_visible,multiplicative,20.0,3,0.4642857142857143
Raw STV + IF,0.6244239631336405,0.5547630146237947,0.5357142857142857,0.5357142857142857,0.5357142857142857,0.5357142857142857,dataset_2,0,largest_visible,multiplicative,30.0,1,0.7857142857142857
WR-STV k=1,0.6468894009216589,0.6909839033000722,0.6071428571428571,0.6071428571428571,0.6071428571428571,0.6071428571428571,dataset_2,0,largest_visible,multiplicative,30.0,1,0.5
Max-Z Residual STV,0.6036866359447004,0.5550201145906813,0.5714285714285714,0.5714285714285714,0.5714285714285714,0.5714285714285714,dataset_2,0,largest_visible,multiplicative,30.0,1,0.4642857142857143
Raw STV + IF,0.6434331797235023,0.5913206116926301,0.6071428571428571,0.6071428571428571,0.6071428571428571,0.6071428571428571,dataset_2,0,largest_visible,multiplicative,30.0,3,0.8928571428571429
WR-STV k=1,0.6526497695852534,0.7028015441093097,0.6071428571428571,0.6071428571428571,0.6071428571428571,0.6071428571428571,dataset_2,0,largest_visible,multiplicative,30.0,3,0.5
Max-Z Residual STV,0.6284562211981566,0.6097905130371657,0.5714285714285714,0.5714285714285714,0.5714285714285714,0.5714285714285714,dataset_2,0,largest_visible,multiplicative,30.0,3,0.4642857142857143
Raw STV + IF,0.5501152073732719,0.5015408265408265,0.5,0.5,0.5,0.5,dataset_2,0,random_visible,additive_ms,10.0,1,0.1071428571428571
WR-STV k=1,0.5391705069124424,0.4988474519527265,0.5,0.5,0.5,0.5,dataset_2,0,random_visible,additive_ms,10.0,1,0.0714285714285714
Max-Z Residual STV,0.5414746543778801,0.4999543878854223,0.5,0.5,0.5,0.5,dataset_2,0,random_visible,additive_ms,10.0,1,0.0357142857142857
Raw STV + IF,0.5552995391705069,0.5061894885046557,0.5,0.5,0.5,0.5,dataset_2,0,random_visible,additive_ms,10.0,3,0.2142857142857142
WR-STV k=1,0.5345622119815667,0.497754392674422,0.5,0.5,0.5,0.5,dataset_2,0,random_visible,additive_ms,10.0,3,0.2142857142857142
Max-Z Residual STV,0.533410138248848,0.4963502001984677,0.5,0.5,0.5,0.5,dataset_2,0,random_visible,additive_ms,10.0,3,0.2142857142857142
Raw STV + IF,0.5518433179723502,0.5031546716329325,0.5,0.5,0.5,0.5,dataset_2,0,random_visible,additive_ms,25.0,1,0.1785714285714285
WR-STV k=1,0.5288018433179723,0.4868233566002998,0.5,0.5,0.5,0.5,dataset_2,0,random_visible,additive_ms,25.0,1,0.0714285714285714
Max-Z Residual STV,0.5357142857142857,0.4967488641447015,0.5,0.5,0.5,0.5,dataset_2,0,random_visible,additive_ms,25.0,1,0.0357142857142857
Raw STV + IF,0.559331797235023,0.5089014624416012,0.5,0.5,0.5,0.5,dataset_2,0,random_visible,additive_ms,25.0,3,0.3571428571428571
WR-STV k=1,0.5253456221198156,0.4856312483332653,0.4642857142857143,0.4642857142857143,0.4642857142857143,0.4642857142857143,dataset_2,0,random_visible,additive_ms,25.0,3,0.2142857142857142
Max-Z Residual STV,0.5161290322580645,0.486546588330854,0.4642857142857143,0.4642857142857143,0.4642857142857143,0.4642857142857143,dataset_2,0,random_visible,additive_ms,25.0,3,0.2142857142857142
Raw STV + IF,0.554147465437788,0.5042325587674792,0.5,0.5,0.5,0.5,dataset_2,0,random_visible,additive_ms,50.0,1,0.2142857142857142
WR-STV k=1,0.5149769585253456,0.4793376661999337,0.5,0.5,0.5,0.5,dataset_2,0,random_visible,additive_ms,50.0,1,0.0714285714285714
Max-Z Residual STV,0.521889400921659,0.4901795538587922,0.4642857142857143,0.4642857142857143,0.4642857142857143,0.4642857142857143,dataset_2,0,random_visible,additive_ms,50.0,1,0.0357142857142857
Raw STV + IF,0.5633640552995391,0.5114023655503559,0.5,0.5,0.5,0.5,dataset_2,0,random_visible,additive_ms,50.0,3,0.3928571428571428
WR-STV k=1,0.505184331797235,0.4818428187450216,0.4642857142857143,0.4642857142857143,0.4642857142857143,0.4642857142857143,dataset_2,0,random_visible,additive_ms,50.0,3,0.2857142857142857
Max-Z Residual STV,0.4994239631336405,0.4867346421539539,0.4285714285714285,0.4285714285714285,0.4285714285714285,0.4285714285714285,dataset_2,0,random_visible,additive_ms,50.0,3,0.2857142857142857
Raw STV + IF,0.5610599078341014,0.5106150271605886,0.5,0.5,0.5,0.5,dataset_2,0,random_visible,additive_ms,100.0,1,0.3214285714285714
WR-STV k=1,0.5034562211981566,0.4728781556195393,0.5,0.5,0.5,0.5,dataset_2,0,random_visible,additive_ms,100.0,1,0.1071428571428571
Max-Z Residual STV,0.5069124423963134,0.4837296505539785,0.4642857142857143,0.4642857142857143,0.4642857142857143,0.4642857142857143,dataset_2,0,random_visible,additive_ms,100.0,1,0.0714285714285714
Raw STV + IF,0.5679723502304148,0.5163486031485686,0.5,0.5,0.5,0.5,dataset_2,0,random_visible,additive_ms,100.0,3,0.5
WR-STV k=1,0.493663594470046,0.4740394410479507,0.4285714285714285,0.4285714285714285,0.4285714285714285,0.4285714285714285,dataset_2,0,random_visible,additive_ms,100.0,3,0.3214285714285714
Max-Z Residual STV,0.4855990783410138,0.4803059126762735,0.3928571428571428,0.3928571428571428,0.3928571428571428,0.3928571428571428,dataset_2,0,random_visible,additive_ms,100.0,3,0.3214285714285714
Raw STV + IF,0.5743087557603687,0.5180042527014791,0.5,0.5,0.5,0.5,dataset_2,0,random_visible,additive_ms,250.0,1,0.4642857142857143
WR-STV k=1,0.4971198156682028,0.4726697127176031,0.4642857142857143,0.4642857142857143,0.4642857142857143,0.4642857142857143,dataset_2,0,random_visible,additive_ms,250.0,1,0.1428571428571428
Max-Z Residual STV,0.4913594470046082,0.4778741203914469,0.4642857142857143,0.4642857142857143,0.4642857142857143,0.4642857142857143,dataset_2,0,random_visible,additive_ms,250.0,1,0.1071428571428571
Raw STV + IF,0.586405529953917,0.5285838696021536,0.5,0.5,0.5,0.5,dataset_2,0,random_visible,additive_ms,250.0,3,0.6071428571428571
WR-STV k=1,0.5028801843317973,0.4838246593083491,0.4642857142857143,0.4642857142857143,0.4642857142857143,0.4642857142857143,dataset_2,0,random_visible,additive_ms,250.0,3,0.3214285714285714
Max-Z Residual STV,0.4809907834101382,0.4820904899332582,0.4285714285714285,0.4285714285714285,0.4285714285714285,0.4285714285714285,dataset_2,0,random_visible,additive_ms,250.0,3,0.3214285714285714
Raw STV + IF,0.5887096774193548,0.5260326059990489,0.5,0.5,0.5,0.5,dataset_2,0,random_visible,additive_ms,500.0,1,0.6785714285714286
WR-STV k=1,0.5109447004608294,0.4790516304361704,0.4642857142857143,0.4642857142857143,0.4642857142857143,0.4642857142857143,dataset_2,0,random_visible,additive_ms,500.0,1,0.2142857142857142
Max-Z Residual STV,0.4896313364055299,0.4800506223432328,0.4285714285714285,0.4285714285714285,0.4285714285714285,0.4285714285714285,dataset_2,0,random_visible,additive_ms,500.0,1,0.2142857142857142
Raw STV + IF,0.6008064516129031,0.5367362540542503,0.5357142857142857,0.5357142857142857,0.5357142857142857,0.5357142857142857,dataset_2,0,random_visible,additive_ms,500.0,3,0.7142857142857143
WR-STV k=1,0.5316820276497696,0.5108129795006404,0.5,0.5,0.5,0.5,dataset_2,0,random_visible,additive_ms,500.0,3,0.3214285714285714
Max-Z Residual STV,0.5017281105990783,0.4994747447369657,0.4285714285714285,0.4285714285714285,0.4285714285714285,0.4285714285714285,dataset_2,0,random_visible,additive_ms,500.0,3,0.3214285714285714
Raw STV + IF,0.4998405612244898,0.5015898634367496,0.5,0.5,0.5,0.5,dataset_3,0,random_visible,multiplicative,1.1,1,0.0892857142857142
WR-STV k=1,0.489795918367347,0.4984581911319051,0.4821428571428571,0.4821428571428571,0.4821428571428571,0.4821428571428571,dataset_3,0,random_visible,multiplicative,1.1,1,0.1428571428571428
Max-Z Residual STV,0.4877232142857143,0.4980124541842605,0.5,0.5,0.5,0.5,dataset_3,0,random_visible,multiplicative,1.1,1,0.1428571428571428
Raw STV + IF,0.5,0.503729459215442,0.5,0.5,0.5,0.5,dataset_3,0,random_visible,multiplicative,1.1,3,0.1964285714285714
WR-STV k=1,0.4894770408163265,0.5077354683788529,0.4821428571428571,0.4821428571428571,0.4821428571428571,0.4821428571428571,dataset_3,0,random_visible,multiplicative,1.1,3,0.2857142857142857
Max-Z Residual STV,0.483577806122449,0.49320302458952,0.4821428571428571,0.4821428571428571,0.4821428571428571,0.4821428571428571,dataset_3,0,random_visible,multiplicative,1.1,3,0.2678571428571428
Raw STV + IF,0.5015943877551021,0.5033916578765278,0.5178571428571429,0.5178571428571429,0.5178571428571429,0.5178571428571429,dataset_3,0,random_visible,multiplicative,1.25,1,0.1785714285714285
WR-STV k=1,0.4813456632653061,0.4953463917702763,0.4821428571428571,0.4821428571428571,0.4821428571428571,0.4821428571428571,dataset_3,0,random_visible,multiplicative,1.25,1,0.1607142857142857
Max-Z Residual STV,0.4816645408163265,0.4960433102629576,0.4821428571428571,0.4821428571428571,0.4821428571428571,0.4821428571428571,dataset_3,0,random_visible,multiplicative,1.25,1,0.1785714285714285
Raw STV + IF,0.5012755102040816,0.5046291357771195,0.5,0.5,0.5,0.5,dataset_3,0,random_visible,multiplicative,1.25,3,0.3214285714285714
WR-STV k=1,0.4690688775510204,0.4960243679724337,0.4821428571428571,0.4821428571428571,0.4821428571428571,0.4821428571428571,dataset_3,0,random_visible,multiplicative,1.25,3,0.2857142857142857
Max-Z Residual STV,0.4654017857142857,0.4879588222051663,0.4464285714285714,0.4464285714285714,0.4464285714285714,0.4464285714285714,dataset_3,0,random_visible,multiplicative,1.25,3,0.2678571428571428
Raw STV + IF,0.504623724489796,0.5040386289944224,0.5178571428571429,0.5178571428571429,0.5178571428571429,0.5178571428571429,dataset_3,0,random_visible,multiplicative,1.5,1,0.2857142857142857
WR-STV k=1,0.4838966836734693,0.4969521195983352,0.4821428571428571,0.4821428571428571,0.4821428571428571,0.4821428571428571,dataset_3,0,random_visible,multiplicative,1.5,1,0.1607142857142857
Max-Z Residual STV,0.4896364795918367,0.4988075296827825,0.5,0.5,0.5,0.5,dataset_3,0,random_visible,multiplicative,1.5,1,0.1785714285714285
Raw STV + IF,0.5055803571428572,0.5066217000622759,0.5,0.5,0.5,0.5,dataset_3,0,random_visible,multiplicative,1.5,3,0.3928571428571428
WR-STV k=1,0.4480229591836734,0.4877616064853348,0.4821428571428571,0.4821428571428571,0.4821428571428571,0.4821428571428571,dataset_3,0,random_visible,multiplicative,1.5,3,0.2857142857142857
Max-Z Residual STV,0.4545599489795918,0.4833594341015199,0.4464285714285714,0.4464285714285714,0.4464285714285714,0.4464285714285714,dataset_3,0,random_visible,multiplicative,1.5,3,0.2678571428571428
Raw STV + IF,0.5113201530612246,0.5083213816829928,0.5,0.5,0.5,0.5,dataset_3,0,random_visible,multiplicative,2.0,1,0.4107142857142857
WR-STV k=1,0.5052614795918368,0.5109436880833922,0.5178571428571429,0.5178571428571429,0.5178571428571429,0.5178571428571429,dataset_3,0,random_visible,multiplicative,2.0,1,0.2321428571428571
Max-Z Residual STV,0.5057397959183674,0.5060522629491,0.5178571428571429,0.5178571428571429,0.5178571428571429,0.5178571428571429,dataset_3,0,random_visible,multiplicative,2.0,1,0.2321428571428571
Raw STV + IF,0.5173788265306123,0.515726624742298,0.5,0.5,0.5,0.5,dataset_3,0,random_visible,multiplicative,2.0,3,0.5357142857142857
WR-STV k=1,0.4561543367346938,0.4946593992871492,0.4821428571428571,0.4821428571428571,0.4821428571428571,0.4821428571428571,dataset_3,0,random_visible,multiplicative,2.0,3,0.3392857142857143
Max-Z Residual STV,0.4590242346938775,0.4895950723978939,0.5,0.5,0.5,0.5,dataset_3,0,random_visible,multiplicative,2.0,3,0.3214285714285714
Raw STV + IF,0.5181760204081632,0.5129782406988627,0.5178571428571429,0.5178571428571429,0.5178571428571429,0.5178571428571429,dataset_3,0,random_visible,multiplicative,3.0,1,0.5
WR-STV k=1,0.5377869897959183,0.5344455345806011,0.5714285714285714,0.5714285714285714,0.5714285714285714,0.5714285714285714,dataset_3,0,random_visible,multiplicative,3.0,1,0.3214285714285714
Max-Z Residual STV,0.5376275510204082,0.5220084630690119,0.5714285714285714,0.5714285714285714,0.5714285714285714,0.5714285714285714,dataset_3,0,random_visible,multiplicative,3.0,1,0.3035714285714285
Raw STV + IF,0.5443239795918366,0.5333882456539784,0.5357142857142857,0.5357142857142857,0.5357142857142857,0.5357142857142857,dataset_3,0,random_visible,multiplicative,3.0,3,0.6607142857142857
WR-STV k=1,0.5189732142857143,0.5315021969275571,0.5714285714285714,0.5714285714285714,0.5714285714285714,0.5714285714285714,dataset_3,0,random_visible,multiplicative,3.0,3,0.4464285714285714
Max-Z Residual STV,0.5027104591836735,0.5106698072985664,0.5357142857142857,0.5357142857142857,0.5357142857142857,0.5357142857142857,dataset_3,0,random_visible,multiplicative,3.0,3,0.3928571428571428
Raw STV + IF,0.53125,0.5213250549878108,0.5357142857142857,0.5357142857142857,0.5357142857142857,0.5357142857142857,dataset_3,0,random_visible,multiplicative,5.0,1,0.6428571428571429
WR-STV k=1,0.5814732142857143,0.5733435147321718,0.625,0.625,0.625,0.625,dataset_3,0,random_visible,multiplicative,5.0,1,0.4107142857142857
Max-Z Residual STV,0.5845025510204082,0.5542376005823773,0.6071428571428571,0.6071428571428571,0.6071428571428571,0.6071428571428571,dataset_3,0,random_visible,multiplicative,5.0,1,0.4107142857142857
Raw STV + IF,0.5655293367346939,0.5503847835304816,0.5535714285714286,0.5535714285714286,0.5535714285714286,0.5535714285714286,dataset_3,0,random_visible,multiplicative,5.0,3,0.7678571428571429
WR-STV k=1,0.5747767857142857,0.5773743799550256,0.625,0.625,0.625,0.625,dataset_3,0,random_visible,multiplicative,5.0,3,0.5535714285714286
Max-Z Residual STV,0.5750956632653063,0.5546410445235241,0.6071428571428571,0.6071428571428571,0.6071428571428571,0.6071428571428571,dataset_3,0,random_visible,multiplicative,5.0,3,0.5357142857142857
Raw STV + IF,0.5425701530612245,0.5281354204332974,0.5357142857142857,0.5357142857142857,0.5357142857142857,0.5357142857142857,dataset_3,0,random_visible,multiplicative,10.0,1,0.6607142857142857
WR-STV k=1,0.650829081632653,0.6320722401436092,0.625,0.625,0.625,0.625,dataset_3,0,random_visible,multiplicative,10.0,1,0.5178571428571429
Max-Z Residual STV,0.6535395408163265,0.5969078455198059,0.6428571428571429,0.6428571428571429,0.6428571428571429,0.6428571428571429,dataset_3,0,random_visible,multiplicative,10.0,1,0.5178571428571429
Raw STV + IF,0.578125,0.5628629529476039,0.5714285714285714,0.5714285714285714,0.5714285714285714,0.5714285714285714,dataset_3,0,random_visible,multiplicative,10.0,3,0.8035714285714286
WR-STV k=1,0.6694834183673469,0.6661133373750819,0.625,0.625,0.625,0.625,dataset_3,0,random_visible,multiplicative,10.0,3,0.6785714285714286
Max-Z Residual STV,0.6532206632653061,0.6081683150090874,0.6607142857142857,0.6607142857142857,0.6607142857142857,0.6607142857142857,dataset_3,0,random_visible,multiplicative,10.0,3,0.5892857142857143
Raw STV + IF,0.5460778061224489,0.5318258236413897,0.5357142857142857,0.5357142857142857,0.5357142857142857,0.5357142857142857,dataset_3,0,random_visible,multiplicative,20.0,1,0.6785714285714286
WR-STV k=1,0.7206632653061225,0.6939730730328281,0.6428571428571429,0.6428571428571429,0.6428571428571429,0.6428571428571429,dataset_3,0,random_visible,multiplicative,20.0,1,0.6607142857142857
Max-Z Residual STV,0.7272002551020408,0.6599966319931743,0.6964285714285714,0.6964285714285714,0.6964285714285714,0.6964285714285714,dataset_3,0,random_visible,multiplicative,20.0,1,0.6785714285714286
Raw STV + IF,0.5838647959183674,0.5704992533181841,0.5714285714285714,0.5714285714285714,0.5714285714285714,0.5714285714285714,dataset_3,0,random_visible,multiplicative,20.0,3,0.7857142857142857
WR-STV k=1,0.7565369897959183,0.7600238639656901,0.6785714285714286,0.6785714285714286,0.6785714285714286,0.6785714285714286,dataset_3,0,random_visible,multiplicative,20.0,3,0.7678571428571429
Max-Z Residual STV,0.7546237244897959,0.7003221154464065,0.7321428571428571,0.7321428571428571,0.7321428571428571,0.7321428571428571,dataset_3,0,random_visible,multiplicative,20.0,3,0.7321428571428571
Raw STV + IF,0.5465561224489796,0.5315681444675153,0.5357142857142857,0.5357142857142857,0.5357142857142857,0.5357142857142857,dataset_3,0,random_visible,multiplicative,30.0,1,0.6607142857142857
WR-STV k=1,0.7522321428571428,0.7292558178546648,0.6607142857142857,0.6607142857142857,0.6607142857142857,0.6607142857142857,dataset_3,0,random_visible,multiplicative,30.0,1,0.7321428571428571
Max-Z Residual STV,0.7630739795918368,0.6937856329035397,0.7142857142857143,0.7142857142857143,0.7142857142857143,0.7142857142857143,dataset_3,0,random_visible,multiplicative,30.0,1,0.75
Raw STV + IF,0.5878507653061225,0.5754948689446602,0.5714285714285714,0.5714285714285714,0.5714285714285714,0.5714285714285714,dataset_3,0,random_visible,multiplicative,30.0,3,0.8035714285714286
WR-STV k=1,0.7850765306122449,0.7895926461001024,0.6785714285714286,0.6785714285714286,0.6785714285714286,0.6785714285714286,dataset_3,0,random_visible,multiplicative,30.0,3,0.8214285714285714
Max-Z Residual STV,0.7925701530612245,0.7381361379033324,0.7321428571428571,0.7321428571428571,0.7321428571428571,0.7321428571428571,dataset_3,0,random_visible,multiplicative,30.0,3,0.7678571428571429
Raw STV + IF,0.4956951530612244,0.4995286102562014,0.5,0.5,0.5,0.5,dataset_3,0,largest_visible,multiplicative,1.1,1,0.0892857142857142
WR-STV k=1,0.4933035714285713,0.5094933909803088,0.5,0.5,0.5,0.5,dataset_3,0,largest_visible,multiplicative,1.1,1,0.1964285714285714
Max-Z Residual STV,0.4933035714285714,0.5007042657686609,0.5,0.5,0.5,0.5,dataset_3,0,largest_visible,multiplicative,1.1,1,0.1964285714285714
Raw STV + IF,0.5,0.503729459215442,0.5,0.5,0.5,0.5,dataset_3,0,largest_visible,multiplicative,1.1,3,0.1964285714285714
WR-STV k=1,0.4893176020408163,0.5073485636169481,0.4821428571428571,0.4821428571428571,0.4821428571428571,0.4821428571428571,dataset_3,0,largest_visible,multiplicative,1.1,3,0.2678571428571428
Max-Z Residual STV,0.483577806122449,0.49320302458952,0.4821428571428571,0.4821428571428571,0.4821428571428571,0.4821428571428571,dataset_3,0,largest_visible,multiplicative,1.1,3,0.2678571428571428
Raw STV + IF,0.4956951530612244,0.4995870659174534,0.5,0.5,0.5,0.5,dataset_3,0,largest_visible,multiplicative,1.25,1,0.1071428571428571
WR-STV k=1,0.4939413265306122,0.5092585591689192,0.4821428571428571,0.4821428571428571,0.4821428571428571,0.4821428571428571,dataset_3,0,largest_visible,multiplicative,1.25,1,0.2321428571428571
Max-Z Residual STV,0.4948979591836734,0.5084311804929613,0.4821428571428571,0.4821428571428571,0.4821428571428571,0.4821428571428571,dataset_3,0,largest_visible,multiplicative,1.25,1,0.2321428571428571
Raw STV + IF,0.5011160714285714,0.5046291357771194,0.5,0.5,0.5,0.5,dataset_3,0,largest_visible,multiplicative,1.25,3,0.3214285714285714
WR-STV k=1,0.4682716836734694,0.4947410743346125,0.4821428571428571,0.4821428571428571,0.4821428571428571,0.4821428571428571,dataset_3,0,largest_visible,multiplicative,1.25,3,0.2678571428571428
Max-Z Residual STV,0.4654017857142857,0.4879588222051663,0.4464285714285714,0.4464285714285714,0.4464285714285714,0.4464285714285714,dataset_3,0,largest_visible,multiplicative,1.25,3,0.2678571428571428
Raw STV + IF,0.5,0.5030996735977493,0.5,0.5,0.5,0.5,dataset_3,0,largest_visible,multiplicative,1.5,1,0.2321428571428571
WR-STV k=1,0.5012755102040817,0.5141938323399807,0.5,0.5,0.5,0.5,dataset_3,0,largest_visible,multiplicative,1.5,1,0.2321428571428571
Max-Z Residual STV,0.5044642857142857,0.5130026199720934,0.5,0.5,0.5,0.5,dataset_3,0,largest_visible,multiplicative,1.5,1,0.2321428571428571
Raw STV + IF,0.5057397959183674,0.5078972102663575,0.5,0.5,0.5,0.5,dataset_3,0,largest_visible,multiplicative,1.5,3,0.4107142857142857
WR-STV k=1,0.446906887755102,0.48595534050068,0.4821428571428571,0.4821428571428571,0.4821428571428571,0.4821428571428571,dataset_3,0,largest_visible,multiplicative,1.5,3,0.2678571428571428
Max-Z Residual STV,0.4545599489795918,0.4833594341015199,0.4464285714285714,0.4464285714285714,0.4464285714285714,0.4464285714285714,dataset_3,0,largest_visible,multiplicative,1.5,3,0.2678571428571428
Raw STV + IF,0.5073341836734695,0.508097159266515,0.5,0.5,0.5,0.5,dataset_3,0,largest_visible,multiplicative,2.0,1,0.3214285714285714
WR-STV k=1,0.521843112244898,0.5285959354216989,0.5357142857142857,0.5357142857142857,0.5357142857142857,0.5357142857142857,dataset_3,0,largest_visible,multiplicative,2.0,1,0.3035714285714285
Max-Z Residual STV,0.5299744897959183,0.5285938401366126,0.5178571428571429,0.5178571428571429,0.5178571428571429,0.5178571428571429,dataset_3,0,largest_visible,multiplicative,2.0,1,0.3035714285714285
Raw STV + IF,0.5173788265306123,0.515726624742298,0.5,0.5,0.5,0.5,dataset_3,0,largest_visible,multiplicative,2.0,3,0.5357142857142857
WR-STV k=1,0.4547193877551021,0.4923131804792598,0.4821428571428571,0.4821428571428571,0.4821428571428571,0.4821428571428571,dataset_3,0,largest_visible,multiplicative,2.0,3,0.3214285714285714
Max-Z Residual STV,0.4590242346938775,0.4895950723978939,0.5,0.5,0.5,0.5,dataset_3,0,largest_visible,multiplicative,2.0,3,0.3214285714285714
Raw STV + IF,0.5199298469387755,0.5147596664308117,0.5178571428571429,0.5178571428571429,0.5178571428571429,0.5178571428571429,dataset_3,0,largest_visible,multiplicative,3.0,1,0.4642857142857143
WR-STV k=1,0.5636160714285715,0.5583347133403326,0.5714285714285714,0.5714285714285714,0.5714285714285714,0.5714285714285714,dataset_3,0,largest_visible,multiplicative,3.0,1,0.4285714285714285
Max-Z Residual STV,0.5679209183673469,0.5487385001600734,0.5892857142857143,0.5892857142857143,0.5892857142857143,0.5892857142857143,dataset_3,0,largest_visible,multiplicative,3.0,1,0.375
Raw STV + IF,0.5441645408163265,0.5333882456539785,0.5357142857142857,0.5357142857142857,0.5357142857142857,0.5357142857142857,dataset_3,0,largest_visible,multiplicative,3.0,3,0.6607142857142857
WR-STV k=1,0.5176977040816327,0.5295654606946023,0.5714285714285714,0.5714285714285714,0.5714285714285714,0.5714285714285714,dataset_3,0,largest_visible,multiplicative,3.0,3,0.4464285714285714
Max-Z Residual STV,0.5027104591836735,0.5106698072985664,0.5357142857142857,0.5357142857142857,0.5357142857142857,0.5357142857142857,dataset_3,0,largest_visible,multiplicative,3.0,3,0.3928571428571428
Raw STV + IF,0.5397002551020408,0.5256302671914056,0.5357142857142857,0.5357142857142857,0.5357142857142857,0.5357142857142857,dataset_3,0,largest_visible,multiplicative,5.0,1,0.6785714285714286
WR-STV k=1,0.6192602040816327,0.6041634111383727,0.625,0.625,0.625,0.625,dataset_3,0,largest_visible,multiplicative,5.0,1,0.5178571428571429
Max-Z Residual STV,0.6160714285714286,0.5834144098945081,0.625,0.625,0.625,0.625,dataset_3,0,largest_visible,multiplicative,5.0,1,0.4821428571428571
Raw STV + IF,0.5655293367346939,0.5503847835304816,0.5535714285714286,0.5535714285714286,0.5535714285714286,0.5535714285714286,dataset_3,0,largest_visible,multiplicative,5.0,3,0.7678571428571429
WR-STV k=1,0.5738201530612245,0.5758549593877557,0.625,0.625,0.625,0.625,dataset_3,0,largest_visible,multiplicative,5.0,3,0.5535714285714286
Max-Z Residual STV,0.5750956632653063,0.5546410445235241,0.6071428571428571,0.6071428571428571,0.6071428571428571,0.6071428571428571,dataset_3,0,largest_visible,multiplicative,5.0,3,0.5357142857142857
Raw STV + IF,0.5452806122448979,0.5297223326566112,0.5357142857142857,0.5357142857142857,0.5357142857142857,0.5357142857142857,dataset_3,0,largest_visible,multiplicative,10.0,1,0.6964285714285714
WR-STV k=1,0.7005739795918366,0.6837344126319023,0.6428571428571429,0.6428571428571429,0.6428571428571429,0.6428571428571429,dataset_3,0,largest_visible,multiplicative,10.0,1,0.6785714285714286
Max-Z Residual STV,0.6862244897959184,0.6269030580798178,0.6607142857142857,0.6607142857142857,0.6607142857142857,0.6607142857142857,dataset_3,0,largest_visible,multiplicative,10.0,1,0.5892857142857143
Raw STV + IF,0.578125,0.5628629529476039,0.5714285714285714,0.5714285714285714,0.5714285714285714,0.5714285714285714,dataset_3,0,largest_visible,multiplicative,10.0,3,0.8035714285714286
WR-STV k=1,0.6691645408163265,0.665640926188385,0.625,0.625,0.625,0.625,dataset_3,0,largest_visible,multiplicative,10.0,3,0.6785714285714286
Max-Z Residual STV,0.6532206632653061,0.6081683150090874,0.6607142857142857,0.6607142857142857,0.6607142857142857,0.6607142857142857,dataset_3,0,largest_visible,multiplicative,10.0,3,0.5892857142857143
Raw STV + IF,0.5487882653061225,0.5329284743645949,0.5357142857142857,0.5357142857142857,0.5357142857142857,0.5357142857142857,dataset_3,0,largest_visible,multiplicative,20.0,1,0.6964285714285714
WR-STV k=1,0.7646683673469388,0.7642122072905102,0.6607142857142857,0.6607142857142857,0.6607142857142857,0.6607142857142857,dataset_3,0,largest_visible,multiplicative,20.0,1,0.7678571428571429
Max-Z Residual STV,0.7613201530612245,0.7038155066459002,0.7321428571428571,0.7321428571428571,0.7321428571428571,0.7321428571428571,dataset_3,0,largest_visible,multiplicative,20.0,1,0.7321428571428571
Raw STV + IF,0.5840242346938775,0.5717747635222657,0.5714285714285714,0.5714285714285714,0.5714285714285714,0.5714285714285714,dataset_3,0,largest_visible,multiplicative,20.0,3,0.8035714285714286
WR-STV k=1,0.7565369897959183,0.7600238639656901,0.6785714285714286,0.6785714285714286,0.6785714285714286,0.6785714285714286,dataset_3,0,largest_visible,multiplicative,20.0,3,0.7678571428571429
Max-Z Residual STV,0.7546237244897959,0.7003221154464065,0.7321428571428571,0.7321428571428571,0.7321428571428571,0.7321428571428571,dataset_3,0,largest_visible,multiplicative,20.0,3,0.7321428571428571
Raw STV + IF,0.5491071428571428,0.5333664563380625,0.5357142857142857,0.5357142857142857,0.5357142857142857,0.5357142857142857,dataset_3,0,largest_visible,multiplicative,30.0,1,0.6964285714285714
WR-STV k=1,0.7876275510204082,0.7891113281297961,0.6785714285714286,0.6785714285714286,0.6785714285714286,0.6785714285714286,dataset_3,0,largest_visible,multiplicative,30.0,1,0.8214285714285714
Max-Z Residual STV,0.7932079081632654,0.7375023221762794,0.7321428571428571,0.7321428571428571,0.7321428571428571,0.7321428571428571,dataset_3,0,largest_visible,multiplicative,30.0,1,0.7678571428571429
Raw STV + IF,0.5878507653061225,0.5754948689446602,0.5714285714285714,0.5714285714285714,0.5714285714285714,0.5714285714285714,dataset_3,0,largest_visible,multiplicative,30.0,3,0.8035714285714286
WR-STV k=1,0.7850765306122449,0.7895926461001024,0.6785714285714286,0.6785714285714286,0.6785714285714286,0.6785714285714286,dataset_3,0,largest_visible,multiplicative,30.0,3,0.8214285714285714
Max-Z Residual STV,0.7925701530612245,0.7381361379033324,0.7321428571428571,0.7321428571428571,0.7321428571428571,0.7321428571428571,dataset_3,0,largest_visible,multiplicative,30.0,3,0.7678571428571429
Raw STV + IF,0.5051020408163265,0.5042437030919938,0.5178571428571429,0.5178571428571429,0.5178571428571429,0.5178571428571429,dataset_3,0,random_visible,additive_ms,10.0,1,0.1071428571428571
WR-STV k=1,0.4913903061224489,0.4982581623687973,0.4821428571428571,0.4821428571428571,0.4821428571428571,0.4821428571428571,dataset_3,0,random_visible,additive_ms,10.0,1,0.1428571428571428
Max-Z Residual STV,0.486766581632653,0.4918452343799422,0.5,0.5,0.5,0.5,dataset_3,0,random_visible,additive_ms,10.0,1,0.1428571428571428
Raw STV + IF,0.5047831632653061,0.5064903703926128,0.5178571428571429,0.5178571428571429,0.5178571428571429,0.5178571428571429,dataset_3,0,random_visible,additive_ms,10.0,3,0.2142857142857142
WR-STV k=1,0.4760841836734694,0.495503138005914,0.4821428571428571,0.4821428571428571,0.4821428571428571,0.4821428571428571,dataset_3,0,random_visible,additive_ms,10.0,3,0.2857142857142857
Max-Z Residual STV,0.4740114795918367,0.4825999092958398,0.4821428571428571,0.4821428571428571,0.4821428571428571,0.4821428571428571,dataset_3,0,random_visible,additive_ms,10.0,3,0.25
Raw STV + IF,0.5022321428571428,0.5038437732644296,0.5178571428571429,0.5178571428571429,0.5178571428571429,0.5178571428571429,dataset_3,0,random_visible,additive_ms,25.0,1,0.1607142857142857
WR-STV k=1,0.4827806122448979,0.4936837400866662,0.4642857142857143,0.4642857142857143,0.4642857142857143,0.4642857142857143,dataset_3,0,random_visible,additive_ms,25.0,1,0.1428571428571428
Max-Z Residual STV,0.4792729591836734,0.4889457343164939,0.5,0.5,0.5,0.5,dataset_3,0,random_visible,additive_ms,25.0,1,0.1607142857142857
Raw STV + IF,0.5055803571428572,0.5087629483895048,0.5,0.5,0.5,0.5,dataset_3,0,random_visible,additive_ms,25.0,3,0.3571428571428571
WR-STV k=1,0.454719387755102,0.4835470071660128,0.4464285714285714,0.4464285714285714,0.4464285714285714,0.4464285714285714,dataset_3,0,random_visible,additive_ms,25.0,3,0.2857142857142857
Max-Z Residual STV,0.4440369897959183,0.466657877121964,0.4464285714285714,0.4464285714285714,0.4464285714285714,0.4464285714285714,dataset_3,0,random_visible,additive_ms,25.0,3,0.2678571428571428
Raw STV + IF,0.5043048469387754,0.5048231717539867,0.5178571428571429,0.5178571428571429,0.5178571428571429,0.5178571428571429,dataset_3,0,random_visible,additive_ms,50.0,1,0.2142857142857142
WR-STV k=1,0.4730548469387755,0.4904592833102451,0.4821428571428571,0.4821428571428571,0.4821428571428571,0.4821428571428571,dataset_3,0,random_visible,additive_ms,50.0,1,0.1607142857142857
Max-Z Residual STV,0.477359693877551,0.4885897827682555,0.4821428571428571,0.4821428571428571,0.4821428571428571,0.4821428571428571,dataset_3,0,random_visible,additive_ms,50.0,1,0.1607142857142857
Raw STV + IF,0.5105229591836735,0.510585524121178,0.5178571428571429,0.5178571428571429,0.5178571428571429,0.5178571428571429,dataset_3,0,random_visible,additive_ms,50.0,3,0.3928571428571428
WR-STV k=1,0.4132653061224489,0.462214341797476,0.4464285714285714,0.4464285714285714,0.4464285714285714,0.4464285714285714,dataset_3,0,random_visible,additive_ms,50.0,3,0.2857142857142857
Max-Z Residual STV,0.4089604591836734,0.4496869232880547,0.4107142857142857,0.4107142857142857,0.4107142857142857,0.4107142857142857,dataset_3,0,random_visible,additive_ms,50.0,3,0.2678571428571428
Raw STV + IF,0.5039859693877551,0.5068239796497649,0.5,0.5,0.5,0.5,dataset_3,0,random_visible,additive_ms,100.0,1,0.2857142857142857
WR-STV k=1,0.4669961734693877,0.4894995367474439,0.4821428571428571,0.4821428571428571,0.4821428571428571,0.4821428571428571,dataset_3,0,random_visible,additive_ms,100.0,1,0.1607142857142857
Max-Z Residual STV,0.4743303571428571,0.488336127472317,0.5,0.5,0.5,0.5,dataset_3,0,random_visible,additive_ms,100.0,1,0.1785714285714285
Raw STV + IF,0.5114795918367347,0.5180935988744935,0.5,0.5,0.5,0.5,dataset_3,0,random_visible,additive_ms,100.0,3,0.4464285714285714
WR-STV k=1,0.3501275510204081,0.4368574367472192,0.3928571428571428,0.3928571428571428,0.3928571428571428,0.3928571428571428,dataset_3,0,random_visible,additive_ms,100.0,3,0.2857142857142857
Max-Z Residual STV,0.3439094387755102,0.4259640000777495,0.3571428571428571,0.3571428571428571,0.3571428571428571,0.3571428571428571,dataset_3,0,random_visible,additive_ms,100.0,3,0.2678571428571428
Raw STV + IF,0.514030612244898,0.5125783470138964,0.5178571428571429,0.5178571428571429,0.5178571428571429,0.5178571428571429,dataset_3,0,random_visible,additive_ms,250.0,1,0.4642857142857143
WR-STV k=1,0.4816645408163266,0.4982753919830414,0.5178571428571429,0.5178571428571429,0.5178571428571429,0.5178571428571429,dataset_3,0,random_visible,additive_ms,250.0,1,0.1964285714285714
Max-Z Residual STV,0.4816645408163265,0.4942906284529759,0.5,0.5,0.5,0.5,dataset_3,0,random_visible,additive_ms,250.0,1,0.1785714285714285
Raw STV + IF,0.5279017857142857,0.5357263864409568,0.5,0.5,0.5,0.5,dataset_3,0,random_visible,additive_ms,250.0,3,0.6071428571428571
WR-STV k=1,0.3785076530612244,0.452154056429082,0.4821428571428571,0.4821428571428571,0.4821428571428571,0.4821428571428571,dataset_3,0,random_visible,additive_ms,250.0,3,0.2857142857142857
Max-Z Residual STV,0.3579400510204081,0.4346941262620571,0.4107142857142857,0.4107142857142857,0.4107142857142857,0.4107142857142857,dataset_3,0,random_visible,additive_ms,250.0,3,0.2857142857142857
Raw STV + IF,0.5315688775510204,0.5225489388758631,0.5357142857142857,0.5357142857142857,0.5357142857142857,0.5357142857142857,dataset_3,0,random_visible,additive_ms,500.0,1,0.6428571428571429
WR-STV k=1,0.5232780612244897,0.5215335349599051,0.5714285714285714,0.5714285714285714,0.5714285714285714,0.5714285714285714,dataset_3,0,random_visible,additive_ms,500.0,1,0.3571428571428571
Max-Z Residual STV,0.5309311224489796,0.5162199904844657,0.5535714285714286,0.5535714285714286,0.5535714285714286,0.5535714285714286,dataset_3,0,random_visible,additive_ms,500.0,1,0.3214285714285714
Raw STV + IF,0.5683992346938775,0.5551979109672154,0.5535714285714286,0.5535714285714286,0.5535714285714286,0.5535714285714286,dataset_3,0,random_visible,additive_ms,500.0,3,0.75
WR-STV k=1,0.4840561224489795,0.5081270666712059,0.5714285714285714,0.5714285714285714,0.5714285714285714,0.5714285714285714,dataset_3,0,random_visible,additive_ms,500.0,3,0.4642857142857143
Max-Z Residual STV,0.4803890306122449,0.4883432459006926,0.5714285714285714,0.5714285714285714,0.5714285714285714,0.5714285714285714,dataset_3,0,random_visible,additive_ms,500.0,3,0.4464285714285714
Raw STV + IF,0.5025484764542938,0.5082897802130693,0.5052631578947369,0.5052631578947369,0.5052631578947369,0.5052631578947369,dataset_1,1,random_visible,multiplicative,1.1,1,0.2421052631578947
WR-STV k=1,0.4940166204986149,0.5014320915685131,0.5052631578947369,0.5052631578947369,0.5052631578947369,0.5052631578947369,dataset_1,1,random_visible,multiplicative,1.1,1,0.1789473684210526
Max-Z Residual STV,0.4937396121883656,0.5049059933145671,0.5052631578947369,0.5052631578947369,0.5052631578947369,0.5052631578947369,dataset_1,1,random_visible,multiplicative,1.1,1,0.1578947368421052
Raw STV + IF,0.5054293628808865,0.5071941205027518,0.5157894736842106,0.5157894736842106,0.5157894736842106,0.5157894736842106,dataset_1,1,random_visible,multiplicative,1.1,3,0.4
WR-STV k=1,0.494404432132964,0.5046513741337704,0.5052631578947369,0.5052631578947369,0.5052631578947369,0.5052631578947369,dataset_1,1,random_visible,multiplicative,1.1,3,0.3473684210526316
Max-Z Residual STV,0.4947368421052632,0.5077608967658588,0.5052631578947369,0.5052631578947369,0.5052631578947369,0.5052631578947369,dataset_1,1,random_visible,multiplicative,1.1,3,0.3578947368421052
Raw STV + IF,0.5078116343490304,0.5113341359642345,0.5157894736842106,0.5157894736842106,0.5157894736842106,0.5157894736842106,dataset_1,1,random_visible,multiplicative,1.25,1,0.4105263157894737
WR-STV k=1,0.4909141274238227,0.5016305053758728,0.4947368421052631,0.4947368421052631,0.4947368421052631,0.4947368421052631,dataset_1,1,random_visible,multiplicative,1.25,1,0.2210526315789473
Max-Z Residual STV,0.4866481994459833,0.5029044471123065,0.4947368421052631,0.4947368421052631,0.4947368421052631,0.4947368421052631,dataset_1,1,random_visible,multiplicative,1.25,1,0.1789473684210526
Raw STV + IF,0.5112465373961219,0.5123513699453663,0.5157894736842106,0.5157894736842106,0.5157894736842106,0.5157894736842106,dataset_1,1,random_visible,multiplicative,1.25,3,0.5789473684210527
WR-STV k=1,0.488808864265928,0.5048110238277741,0.4842105263157895,0.4842105263157895,0.4842105263157895,0.4842105263157895,dataset_1,1,random_visible,multiplicative,1.25,3,0.3578947368421052
Max-Z Residual STV,0.49196675900277,0.5128538589132158,0.5157894736842106,0.5157894736842106,0.5157894736842106,0.5157894736842106,dataset_1,1,random_visible,multiplicative,1.25,3,0.3789473684210526
Raw STV + IF,0.5086426592797784,0.512753515118636,0.5157894736842106,0.5157894736842106,0.5157894736842106,0.5157894736842106,dataset_1,1,random_visible,multiplicative,1.5,1,0.4736842105263157
WR-STV k=1,0.5001108033240997,0.5053591030162982,0.5052631578947369,0.5052631578947369,0.5052631578947369,0.5052631578947369,dataset_1,1,random_visible,multiplicative,1.5,1,0.3052631578947368
Max-Z Residual STV,0.494792243767313,0.5041928932077311,0.5368421052631579,0.5368421052631579,0.5368421052631579,0.5368421052631579,dataset_1,1,random_visible,multiplicative,1.5,1,0.2947368421052631
Raw STV + IF,0.5135180055401662,0.5149939141405347,0.5157894736842106,0.5157894736842106,0.5157894736842106,0.5157894736842106,dataset_1,1,random_visible,multiplicative,1.5,3,0.6105263157894737
WR-STV k=1,0.5017728531855956,0.5162397024549226,0.5157894736842106,0.5157894736842106,0.5157894736842106,0.5157894736842106,dataset_1,1,random_visible,multiplicative,1.5,3,0.4210526315789473
Max-Z Residual STV,0.5009972299168974,0.5226144385034563,0.5263157894736842,0.5263157894736842,0.5263157894736842,0.5263157894736842,dataset_1,1,random_visible,multiplicative,1.5,3,0.431578947368421
Raw STV + IF,0.5158448753462603,0.5173676846312107,0.5263157894736842,0.5263157894736842,0.5263157894736842,0.5263157894736842,dataset_1,1,random_visible,multiplicative,2.0,1,0.5789473684210527
WR-STV k=1,0.5323545706371192,0.5212259442515182,0.5263157894736842,0.5263157894736842,0.5263157894736842,0.5263157894736842,dataset_1,1,random_visible,multiplicative,2.0,1,0.431578947368421
Max-Z Residual STV,0.5261495844875347,0.5226359510564171,0.5368421052631579,0.5368421052631579,0.5368421052631579,0.5368421052631579,dataset_1,1,random_visible,multiplicative,2.0,1,0.4210526315789473
Raw STV + IF,0.5245429362880887,0.5218334194659069,0.5368421052631579,0.5368421052631579,0.5368421052631579,0.5368421052631579,dataset_1,1,random_visible,multiplicative,2.0,3,0.6947368421052632
WR-STV k=1,0.5426038781163435,0.540374636787412,0.5473684210526316,0.5473684210526316,0.5473684210526316,0.5473684210526316,dataset_1,1,random_visible,multiplicative,2.0,3,0.5578947368421052
Max-Z Residual STV,0.5331301939058172,0.5520197560678071,0.5263157894736842,0.5263157894736842,0.5263157894736842,0.5263157894736842,dataset_1,1,random_visible,multiplicative,2.0,3,0.5578947368421052
Raw STV + IF,0.5248753462603877,0.52432940285623,0.5368421052631579,0.5368421052631579,0.5368421052631579,0.5368421052631579,dataset_1,1,random_visible,multiplicative,3.0,1,0.7263157894736842
WR-STV k=1,0.5899168975069252,0.552626083726493,0.5578947368421052,0.5578947368421052,0.5578947368421052,0.5578947368421052,dataset_1,1,random_visible,multiplicative,3.0,1,0.5157894736842106
Max-Z Residual STV,0.5768421052631578,0.5492646131722062,0.5684210526315789,0.5684210526315789,0.5684210526315789,0.5684210526315789,dataset_1,1,random_visible,multiplicative,3.0,1,0.5052631578947369
Raw STV + IF,0.5410526315789472,0.53810852663834,0.5473684210526316,0.5473684210526316,0.5473684210526316,0.5473684210526316,dataset_1,1,random_visible,multiplicative,3.0,3,0.7894736842105263
WR-STV k=1,0.6128531855955678,0.5859753339691882,0.5894736842105263,0.5894736842105263,0.5894736842105263,0.5894736842105263,dataset_1,1,random_visible,multiplicative,3.0,3,0.6210526315789474
Max-Z Residual STV,0.58797783933518,0.5861764505346068,0.5684210526315789,0.5684210526315789,0.5684210526315789,0.5684210526315789,dataset_1,1,random_visible,multiplicative,3.0,3,0.631578947368421
Raw STV + IF,0.5327423822714681,0.5284322685736667,0.5368421052631579,0.5368421052631579,0.5368421052631579,0.5368421052631579,dataset_1,1,random_visible,multiplicative,5.0,1,0.7894736842105263
WR-STV k=1,0.6466481994459834,0.599342792931329,0.631578947368421,0.631578947368421,0.631578947368421,0.631578947368421,dataset_1,1,random_visible,multiplicative,5.0,1,0.6
Max-Z Residual STV,0.6361772853185597,0.5920671809012724,0.6105263157894737,0.6105263157894737,0.6105263157894737,0.6105263157894737,dataset_1,1,random_visible,multiplicative,5.0,1,0.5894736842105263
Raw STV + IF,0.5581717451523546,0.5494354417548932,0.5789473684210527,0.5789473684210527,0.5789473684210527,0.5789473684210527,dataset_1,1,random_visible,multiplicative,5.0,3,0.8736842105263158
WR-STV k=1,0.6959002770083101,0.6528248948255627,0.6421052631578947,0.6421052631578947,0.6421052631578947,0.6421052631578947,dataset_1,1,random_visible,multiplicative,5.0,3,0.7368421052631579
Max-Z Residual STV,0.6741828254847646,0.6487107969466255,0.6105263157894737,0.6105263157894737,0.6105263157894737,0.6105263157894737,dataset_1,1,random_visible,multiplicative,5.0,3,0.7052631578947368
Raw STV + IF,0.544376731301939,0.5352372939371801,0.5368421052631579,0.5368421052631579,0.5368421052631579,0.5368421052631579,dataset_1,1,random_visible,multiplicative,10.0,1,0.8210526315789474
WR-STV k=1,0.7047645429362881,0.6680058289204709,0.6736842105263158,0.6736842105263158,0.6736842105263158,0.6736842105263158,dataset_1,1,random_visible,multiplicative,10.0,1,0.6947368421052632
Max-Z Residual STV,0.7073130193905817,0.6609867494683214,0.6736842105263158,0.6736842105263158,0.6736842105263158,0.6736842105263158,dataset_1,1,random_visible,multiplicative,10.0,1,0.6947368421052632
Raw STV + IF,0.5755678670360111,0.5640307994890572,0.5894736842105263,0.5894736842105263,0.5894736842105263,0.5894736842105263,dataset_1,1,random_visible,multiplicative,10.0,3,0.9052631578947368
WR-STV k=1,0.7534626038781163,0.7295501649880993,0.7052631578947368,0.7052631578947368,0.7052631578947368,0.7052631578947368,dataset_1,1,random_visible,multiplicative,10.0,3,0.8
Max-Z Residual STV,0.7488642659279778,0.7298704583755451,0.7368421052631579,0.7368421052631579,0.7368421052631579,0.7368421052631579,dataset_1,1,random_visible,multiplicative,10.0,3,0.7684210526315789
Raw STV + IF,0.5501939058171745,0.5397632860809072,0.5473684210526316,0.5473684210526316,0.5473684210526316,0.5473684210526316,dataset_1,1,random_visible,multiplicative,20.0,1,0.8421052631578947
WR-STV k=1,0.7632686980609418,0.7404110796531644,0.7052631578947368,0.7052631578947368,0.7052631578947368,0.7052631578947368,dataset_1,1,random_visible,multiplicative,20.0,1,0.7368421052631579
Max-Z Residual STV,0.7724099722991689,0.7422169979355665,0.7263157894736842,0.7263157894736842,0.7263157894736842,0.7263157894736842,dataset_1,1,random_visible,multiplicative,20.0,1,0.7473684210526316
Raw STV + IF,0.5877562326869806,0.5764881384910194,0.6,0.6,0.6,0.6,dataset_1,1,random_visible,multiplicative,20.0,3,0.9157894736842104
WR-STV k=1,0.8073130193905818,0.8048824717465632,0.7578947368421053,0.7578947368421053,0.7578947368421053,0.7578947368421053,dataset_1,1,random_visible,multiplicative,20.0,3,0.8526315789473684
Max-Z Residual STV,0.8106925207756233,0.8064158497465743,0.7578947368421053,0.7578947368421053,0.7578947368421053,0.7578947368421053,dataset_1,1,random_visible,multiplicative,20.0,3,0.8315789473684211
Raw STV + IF,0.5513019390581717,0.5410706438112811,0.5473684210526316,0.5473684210526316,0.5473684210526316,0.5473684210526316,dataset_1,1,random_visible,multiplicative,30.0,1,0.8526315789473684
WR-STV k=1,0.8057063711911359,0.7841453087082119,0.7368421052631579,0.7368421052631579,0.7368421052631579,0.7368421052631579,dataset_1,1,random_visible,multiplicative,30.0,1,0.7684210526315789
Max-Z Residual STV,0.8149030470914127,0.7877932656760989,0.7578947368421053,0.7578947368421053,0.7578947368421053,0.7578947368421053,dataset_1,1,random_visible,multiplicative,30.0,1,0.7894736842105263
Raw STV + IF,0.5906925207756232,0.5810643681679613,0.6,0.6,0.6,0.6,dataset_1,1,random_visible,multiplicative,30.0,3,0.9263157894736842
WR-STV k=1,0.8455955678670362,0.8418160182370625,0.7789473684210526,0.7789473684210526,0.7789473684210526,0.7789473684210526,dataset_1,1,random_visible,multiplicative,30.0,3,0.8842105263157894
Max-Z Residual STV,0.8479224376731302,0.8437604065846835,0.7894736842105263,0.7894736842105263,0.7894736842105263,0.7894736842105263,dataset_1,1,random_visible,multiplicative,30.0,3,0.8526315789473684
Raw STV + IF,0.5026038781163435,0.5032786057541411,0.5052631578947369,0.5052631578947369,0.5052631578947369,0.5052631578947369,dataset_1,1,largest_visible,multiplicative,1.1,1,0.2736842105263158
WR-STV k=1,0.4921329639889196,0.501035898879882,0.4947368421052631,0.4947368421052631,0.4947368421052631,0.4947368421052631,dataset_1,1,largest_visible,multiplicative,1.1,1,0.2
Max-Z Residual STV,0.493573407202216,0.5052707187042234,0.5157894736842106,0.5157894736842106,0.5157894736842106,0.5157894736842106,dataset_1,1,largest_visible,multiplicative,1.1,1,0.1578947368421052
Raw STV + IF,0.5053739612188365,0.5081192449850451,0.5157894736842106,0.5157894736842106,0.5157894736842106,0.5157894736842106,dataset_1,1,largest_visible,multiplicative,1.1,3,0.4
WR-STV k=1,0.4944044321329639,0.5057339433966506,0.5052631578947369,0.5052631578947369,0.5052631578947369,0.5052631578947369,dataset_1,1,largest_visible,multiplicative,1.1,3,0.3684210526315789
Max-Z Residual STV,0.4945152354570637,0.508831199548995,0.5052631578947369,0.5052631578947369,0.5052631578947369,0.5052631578947369,dataset_1,1,largest_visible,multiplicative,1.1,3,0.3578947368421052
Raw STV + IF,0.5072576177285318,0.5135374840355589,0.5052631578947369,0.5052631578947369,0.5052631578947369,0.5052631578947369,dataset_1,1,largest_visible,multiplicative,1.25,1,0.5052631578947369
WR-STV k=1,0.48797783933518,0.5019461768332898,0.4842105263157895,0.4842105263157895,0.4842105263157895,0.4842105263157895,dataset_1,1,largest_visible,multiplicative,1.25,1,0.2526315789473684
Max-Z Residual STV,0.4864265927977839,0.5052026985907504,0.5157894736842106,0.5157894736842106,0.5157894736842106,0.5157894736842106,dataset_1,1,largest_visible,multiplicative,1.25,1,0.1894736842105263
Raw STV + IF,0.5110803324099723,0.5179384511019682,0.5157894736842106,0.5157894736842106,0.5157894736842106,0.5157894736842106,dataset_1,1,largest_visible,multiplicative,1.25,3,0.6
WR-STV k=1,0.4886980609418282,0.5073405204764592,0.4842105263157895,0.4842105263157895,0.4842105263157895,0.4842105263157895,dataset_1,1,largest_visible,multiplicative,1.25,3,0.3789473684210526
Max-Z Residual STV,0.4906371191135734,0.5172423222903563,0.5052631578947369,0.5052631578947369,0.5052631578947369,0.5052631578947369,dataset_1,1,largest_visible,multiplicative,1.25,3,0.3789473684210526
Raw STV + IF,0.5078116343490304,0.5156849033043241,0.5052631578947369,0.5052631578947369,0.5052631578947369,0.5052631578947369,dataset_1,1,largest_visible,multiplicative,1.5,1,0.5473684210526316
WR-STV k=1,0.4984487534626038,0.51098627024675,0.5052631578947369,0.5052631578947369,0.5052631578947369,0.5052631578947369,dataset_1,1,largest_visible,multiplicative,1.5,1,0.3473684210526316
Max-Z Residual STV,0.4920775623268698,0.5129088820405416,0.5263157894736842,0.5263157894736842,0.5263157894736842,0.5263157894736842,dataset_1,1,largest_visible,multiplicative,1.5,1,0.2736842105263158
Raw STV + IF,0.5134626038781163,0.5207610023321875,0.5157894736842106,0.5157894736842106,0.5157894736842106,0.5157894736842106,dataset_1,1,largest_visible,multiplicative,1.5,3,0.631578947368421
WR-STV k=1,0.5014958448753463,0.5163363284006838,0.5157894736842106,0.5157894736842106,0.5157894736842106,0.5157894736842106,dataset_1,1,largest_visible,multiplicative,1.5,3,0.431578947368421
Max-Z Residual STV,0.4989473684210526,0.5213965035117355,0.5263157894736842,0.5263157894736842,0.5263157894736842,0.5263157894736842,dataset_1,1,largest_visible,multiplicative,1.5,3,0.4210526315789473
Raw STV + IF,0.5150138504155124,0.5196786829580121,0.5157894736842106,0.5157894736842106,0.5157894736842106,0.5157894736842106,dataset_1,1,largest_visible,multiplicative,2.0,1,0.6421052631578947
WR-STV k=1,0.5414958448753463,0.5342347646096061,0.5368421052631579,0.5368421052631579,0.5368421052631579,0.5368421052631579,dataset_1,1,largest_visible,multiplicative,2.0,1,0.5052631578947369
Max-Z Residual STV,0.5260941828254848,0.533535730617142,0.5368421052631579,0.5368421052631579,0.5368421052631579,0.5368421052631579,dataset_1,1,largest_visible,multiplicative,2.0,1,0.4631578947368421
Raw STV + IF,0.5247645429362882,0.5280497070082679,0.5368421052631579,0.5368421052631579,0.5368421052631579,0.5368421052631579,dataset_1,1,largest_visible,multiplicative,2.0,3,0.7263157894736842
WR-STV k=1,0.5453185595567867,0.5417776881512179,0.5473684210526316,0.5473684210526316,0.5473684210526316,0.5473684210526316,dataset_1,1,largest_visible,multiplicative,2.0,3,0.5789473684210527
Max-Z Residual STV,0.5334626038781163,0.550479238841014,0.5368421052631579,0.5368421052631579,0.5368421052631579,0.5368421052631579,dataset_1,1,largest_visible,multiplicative,2.0,3,0.5473684210526316
Raw STV + IF,0.5252631578947369,0.5248968110972394,0.5263157894736842,0.5263157894736842,0.5263157894736842,0.5263157894736842,dataset_1,1,largest_visible,multiplicative,3.0,1,0.7368421052631579
WR-STV k=1,0.6192797783933518,0.5826384419193148,0.6105263157894737,0.6105263157894737,0.6105263157894737,0.6105263157894737,dataset_1,1,largest_visible,multiplicative,3.0,1,0.6
Max-Z Residual STV,0.5874238227146815,0.5694921980159007,0.5684210526315789,0.5684210526315789,0.5684210526315789,0.5684210526315789,dataset_1,1,largest_visible,multiplicative,3.0,1,0.5684210526315789
Raw STV + IF,0.5412742382271467,0.5424187934642886,0.5473684210526316,0.5473684210526316,0.5473684210526316,0.5473684210526316,dataset_1,1,largest_visible,multiplicative,3.0,3,0.8315789473684211
WR-STV k=1,0.6223268698060942,0.5906616511030922,0.6,0.6,0.6,0.6,dataset_1,1,largest_visible,multiplicative,3.0,3,0.6526315789473685
Max-Z Residual STV,0.5942382271468143,0.5884196082903104,0.5789473684210527,0.5789473684210527,0.5789473684210527,0.5789473684210527,dataset_1,1,largest_visible,multiplicative,3.0,3,0.6421052631578947
Raw STV + IF,0.5368421052631579,0.5353379506990149,0.5368421052631579,0.5368421052631579,0.5368421052631579,0.5368421052631579,dataset_1,1,largest_visible,multiplicative,5.0,1,0.8315789473684211
WR-STV k=1,0.6910803324099724,0.6420759131501521,0.6421052631578947,0.6421052631578947,0.6421052631578947,0.6421052631578947,dataset_1,1,largest_visible,multiplicative,5.0,1,0.7157894736842105
Max-Z Residual STV,0.6647645429362881,0.6228738091736603,0.6105263157894737,0.6105263157894737,0.6105263157894737,0.6105263157894737,dataset_1,1,largest_visible,multiplicative,5.0,1,0.6631578947368421
Raw STV + IF,0.5588365650969528,0.5543411666820905,0.5789473684210527,0.5789473684210527,0.5789473684210527,0.5789473684210527,dataset_1,1,largest_visible,multiplicative,5.0,3,0.9052631578947368
WR-STV k=1,0.7078670360110803,0.658104991143496,0.6526315789473685,0.6526315789473685,0.6526315789473685,0.6526315789473685,dataset_1,1,largest_visible,multiplicative,5.0,3,0.7578947368421053
Max-Z Residual STV,0.683213296398892,0.6574322079606636,0.631578947368421,0.631578947368421,0.631578947368421,0.631578947368421,dataset_1,1,largest_visible,multiplicative,5.0,3,0.7157894736842105
Raw STV + IF,0.5529639889196676,0.5454704604731445,0.5578947368421052,0.5578947368421052,0.5578947368421052,0.5578947368421052,dataset_1,1,largest_visible,multiplicative,10.0,1,0.8736842105263158
WR-STV k=1,0.7552908587257618,0.7214210203385655,0.6947368421052632,0.6947368421052632,0.6947368421052632,0.6947368421052632,dataset_1,1,largest_visible,multiplicative,10.0,1,0.8105263157894737
Max-Z Residual STV,0.7407202216066482,0.7017635103402473,0.7157894736842105,0.7157894736842105,0.7157894736842105,0.7157894736842105,dataset_1,1,largest_visible,multiplicative,10.0,1,0.7789473684210526
Raw STV + IF,0.5769529085872577,0.5686025754092642,0.5894736842105263,0.5894736842105263,0.5894736842105263,0.5894736842105263,dataset_1,1,largest_visible,multiplicative,10.0,3,0.9263157894736842
WR-STV k=1,0.7695290858725762,0.7399972202274578,0.7263157894736842,0.7263157894736842,0.7263157894736842,0.7263157894736842,dataset_1,1,largest_visible,multiplicative,10.0,3,0.8421052631578947
Max-Z Residual STV,0.758836565096953,0.7418778678871527,0.7473684210526316,0.7473684210526316,0.7473684210526316,0.7473684210526316,dataset_1,1,largest_visible,multiplicative,10.0,3,0.8105263157894737
Raw STV + IF,0.5625484764542936,0.553886918385839,0.5578947368421052,0.5578947368421052,0.5578947368421052,0.5578947368421052,dataset_1,1,largest_visible,multiplicative,20.0,1,0.8842105263157894
WR-STV k=1,0.8082548476454294,0.798880817109262,0.7578947368421053,0.7578947368421053,0.7578947368421053,0.7578947368421053,dataset_1,1,largest_visible,multiplicative,20.0,1,0.8526315789473684
Max-Z Residual STV,0.8024930747922437,0.7793806932462103,0.7578947368421053,0.7578947368421053,0.7578947368421053,0.7578947368421053,dataset_1,1,largest_visible,multiplicative,20.0,1,0.8315789473684211
Raw STV + IF,0.5885872576177286,0.579340012879102,0.6,0.6,0.6,0.6,dataset_1,1,largest_visible,multiplicative,20.0,3,0.936842105263158
WR-STV k=1,0.8213850415512467,0.8152074854941551,0.7684210526315789,0.7684210526315789,0.7684210526315789,0.7684210526315789,dataset_1,1,largest_visible,multiplicative,20.0,3,0.8842105263157894
Max-Z Residual STV,0.8185041551246537,0.8151973228487496,0.7789473684210526,0.7789473684210526,0.7789473684210526,0.7789473684210526,dataset_1,1,largest_visible,multiplicative,20.0,3,0.8526315789473684
Raw STV + IF,0.5645429362880886,0.5553901486412998,0.5578947368421052,0.5578947368421052,0.5578947368421052,0.5578947368421052,dataset_1,1,largest_visible,multiplicative,30.0,1,0.8842105263157894
WR-STV k=1,0.8454293628808863,0.8364233831901196,0.7789473684210526,0.7789473684210526,0.7789473684210526,0.7789473684210526,dataset_1,1,largest_visible,multiplicative,30.0,1,0.8736842105263158
Max-Z Residual STV,0.8397783933518005,0.8227839769555085,0.7894736842105263,0.7894736842105263,0.7894736842105263,0.7894736842105263,dataset_1,1,largest_visible,multiplicative,30.0,1,0.8526315789473684
Raw STV + IF,0.5911911357340721,0.5832270747377327,0.6,0.6,0.6,0.6,dataset_1,1,largest_visible,multiplicative,30.0,3,0.936842105263158
WR-STV k=1,0.8583933518005541,0.8518341490455053,0.7894736842105263,0.7894736842105263,0.7894736842105263,0.7894736842105263,dataset_1,1,largest_visible,multiplicative,30.0,3,0.8947368421052632
Max-Z Residual STV,0.8547368421052631,0.8517267596028338,0.7894736842105263,0.7894736842105263,0.7894736842105263,0.7894736842105263,dataset_1,1,largest_visible,multiplicative,30.0,3,0.8842105263157894
Raw STV + IF,0.5005540166204986,0.5088147982144713,0.5157894736842106,0.5157894736842106,0.5157894736842106,0.5157894736842106,dataset_1,1,random_visible,additive_ms,10.0,1,0.2421052631578947
WR-STV k=1,0.4806094182825484,0.4870863698052495,0.4947368421052631,0.4947368421052631,0.4947368421052631,0.4947368421052631,dataset_1,1,random_visible,additive_ms,10.0,1,0.1578947368421052
Max-Z Residual STV,0.4775623268698061,0.4894906041665215,0.5052631578947369,0.5052631578947369,0.5052631578947369,0.5052631578947369,dataset_1,1,random_visible,additive_ms,10.0,1,0.1578947368421052
Raw STV + IF,0.5047645429362881,0.5058635950771899,0.5157894736842106,0.5157894736842106,0.5157894736842106,0.5157894736842106,dataset_1,1,random_visible,additive_ms,10.0,3,0.3473684210526316
WR-STV k=1,0.4681440443213296,0.4861481157899558,0.4736842105263157,0.4736842105263157,0.4736842105263157,0.4736842105263157,dataset_1,1,random_visible,additive_ms,10.0,3,0.3473684210526316
Max-Z Residual STV,0.4604986149584488,0.4852084676517038,0.4526315789473684,0.4526315789473684,0.4526315789473684,0.4526315789473684,dataset_1,1,random_visible,additive_ms,10.0,3,0.3578947368421052
Raw STV + IF,0.5034903047091412,0.5097305939060182,0.5157894736842106,0.5157894736842106,0.5157894736842106,0.5157894736842106,dataset_1,1,random_visible,additive_ms,25.0,1,0.3789473684210526
WR-STV k=1,0.4608864265927977,0.4736803953266609,0.4842105263157895,0.4842105263157895,0.4842105263157895,0.4842105263157895,dataset_1,1,random_visible,additive_ms,25.0,1,0.1789473684210526
Max-Z Residual STV,0.4556786703601107,0.4767159321499968,0.4631578947368421,0.4631578947368421,0.4631578947368421,0.4631578947368421,dataset_1,1,random_visible,additive_ms,25.0,1,0.1684210526315789
Raw STV + IF,0.5085318559556787,0.5076242650171535,0.5263157894736842,0.5263157894736842,0.5263157894736842,0.5263157894736842,dataset_1,1,random_visible,additive_ms,25.0,3,0.4736842105263157
WR-STV k=1,0.4393351800554017,0.4703437078585626,0.4526315789473684,0.4526315789473684,0.4526315789473684,0.4526315789473684,dataset_1,1,random_visible,additive_ms,25.0,3,0.3473684210526316
Max-Z Residual STV,0.4294736842105263,0.4718655318327045,0.4526315789473684,0.4526315789473684,0.4526315789473684,0.4526315789473684,dataset_1,1,random_visible,additive_ms,25.0,3,0.3578947368421052
Raw STV + IF,0.5079778393351799,0.5119450852207632,0.5157894736842106,0.5157894736842106,0.5157894736842106,0.5157894736842106,dataset_1,1,random_visible,additive_ms,50.0,1,0.4947368421052631
WR-STV k=1,0.4449307479224376,0.4647465850756189,0.4736842105263157,0.4736842105263157,0.4736842105263157,0.4736842105263157,dataset_1,1,random_visible,additive_ms,50.0,1,0.2526315789473684
Max-Z Residual STV,0.4382825484764543,0.4692237424155555,0.4526315789473684,0.4526315789473684,0.4526315789473684,0.4526315789473684,dataset_1,1,random_visible,additive_ms,50.0,1,0.2
Raw STV + IF,0.5158448753462603,0.5130700853857977,0.5263157894736842,0.5263157894736842,0.5263157894736842,0.5263157894736842,dataset_1,1,random_visible,additive_ms,50.0,3,0.6105263157894737
WR-STV k=1,0.4240443213296399,0.4635713465619083,0.4631578947368421,0.4631578947368421,0.4631578947368421,0.4631578947368421,dataset_1,1,random_visible,additive_ms,50.0,3,0.4
Max-Z Residual STV,0.4150138504155125,0.4673136401518684,0.431578947368421,0.431578947368421,0.431578947368421,0.431578947368421,dataset_1,1,random_visible,additive_ms,50.0,3,0.4210526315789473
Raw STV + IF,0.5170637119113574,0.5155715742967962,0.5157894736842106,0.5157894736842106,0.5157894736842106,0.5157894736842106,dataset_1,1,random_visible,additive_ms,100.0,1,0.5894736842105263
WR-STV k=1,0.4607756232686981,0.4722774923926541,0.4736842105263157,0.4736842105263157,0.4736842105263157,0.4736842105263157,dataset_1,1,random_visible,additive_ms,100.0,1,0.3684210526315789
Max-Z Residual STV,0.4515789473684211,0.475894904122181,0.4631578947368421,0.4631578947368421,0.4631578947368421,0.4631578947368421,dataset_1,1,random_visible,additive_ms,100.0,1,0.3368421052631579
Raw STV + IF,0.527590027700831,0.5200851677195601,0.5368421052631579,0.5368421052631579,0.5368421052631579,0.5368421052631579,dataset_1,1,random_visible,additive_ms,100.0,3,0.7157894736842105
WR-STV k=1,0.4530747922437673,0.4781204588739589,0.4631578947368421,0.4631578947368421,0.4631578947368421,0.4631578947368421,dataset_1,1,random_visible,additive_ms,100.0,3,0.4947368421052631
Max-Z Residual STV,0.4439335180055402,0.481662290776444,0.431578947368421,0.431578947368421,0.431578947368421,0.431578947368421,dataset_1,1,random_visible,additive_ms,100.0,3,0.4947368421052631
Raw STV + IF,0.5313019390581717,0.526715368125372,0.5263157894736842,0.5263157894736842,0.5263157894736842,0.5263157894736842,dataset_1,1,random_visible,additive_ms,250.0,1,0.7894736842105263
WR-STV k=1,0.548365650969529,0.5233724206505576,0.5368421052631579,0.5368421052631579,0.5368421052631579,0.5368421052631579,dataset_1,1,random_visible,additive_ms,250.0,1,0.4631578947368421
Max-Z Residual STV,0.533185595567867,0.5251329262490054,0.5368421052631579,0.5368421052631579,0.5368421052631579,0.5368421052631579,dataset_1,1,random_visible,additive_ms,250.0,1,0.4526315789473684
Raw STV + IF,0.5485318559556787,0.5420787257235147,0.5368421052631579,0.5368421052631579,0.5368421052631579,0.5368421052631579,dataset_1,1,random_visible,additive_ms,250.0,3,0.8947368421052632
WR-STV k=1,0.5615512465373961,0.5424863121985951,0.5263157894736842,0.5263157894736842,0.5263157894736842,0.5263157894736842,dataset_1,1,random_visible,additive_ms,250.0,3,0.5789473684210527
Max-Z Residual STV,0.5559556786703601,0.5552521341813921,0.5578947368421052,0.5578947368421052,0.5578947368421052,0.5578947368421052,dataset_1,1,random_visible,additive_ms,250.0,3,0.5894736842105263
Raw STV + IF,0.5373407202216066,0.5325590057926459,0.5368421052631579,0.5368421052631579,0.5368421052631579,0.5368421052631579,dataset_1,1,random_visible,additive_ms,500.0,1,0.8315789473684211
WR-STV k=1,0.6369529085872575,0.5853668030625725,0.6210526315789474,0.6210526315789474,0.6210526315789474,0.6210526315789474,dataset_1,1,random_visible,additive_ms,500.0,1,0.5894736842105263
Max-Z Residual STV,0.6298060941828255,0.5844620545023376,0.6105263157894737,0.6105263157894737,0.6105263157894737,0.6105263157894737,dataset_1,1,random_visible,additive_ms,500.0,1,0.6
Raw STV + IF,0.5605540166204986,0.5514289967669136,0.5578947368421052,0.5578947368421052,0.5578947368421052,0.5578947368421052,dataset_1,1,random_visible,additive_ms,500.0,3,0.8947368421052632
WR-STV k=1,0.6616066481994459,0.6130797924972395,0.6210526315789474,0.6210526315789474,0.6210526315789474,0.6210526315789474,dataset_1,1,random_visible,additive_ms,500.0,3,0.6631578947368421
Max-Z Residual STV,0.6614404432132964,0.6217081339834308,0.631578947368421,0.631578947368421,0.631578947368421,0.631578947368421,dataset_1,1,random_visible,additive_ms,500.0,3,0.6842105263157895
Raw STV + IF,0.5501152073732719,0.5010249554367201,0.5,0.5,0.5,0.5,dataset_2,1,random_visible,multiplicative,1.1,1,0.0714285714285714
WR-STV k=1,0.5426267281105991,0.5176365347339601,0.5,0.5,0.5,0.5,dataset_2,1,random_visible,multiplicative,1.1,1,0.1071428571428571
Max-Z Residual STV,0.5501152073732718,0.5036108059805608,0.5,0.5,0.5,0.5,dataset_2,1,random_visible,multiplicative,1.1,1,0.1071428571428571
Raw STV + IF,0.5501152073732719,0.5010249554367201,0.5,0.5,0.5,0.5,dataset_2,1,random_visible,multiplicative,1.1,3,0.0714285714285714
WR-STV k=1,0.5449308755760369,0.5245319787005761,0.5,0.5,0.5,0.5,dataset_2,1,random_visible,multiplicative,1.1,3,0.2857142857142857
Max-Z Residual STV,0.5437788018433181,0.5032027802865032,0.4642857142857143,0.4642857142857143,0.4642857142857143,0.4642857142857143,dataset_2,1,random_visible,multiplicative,1.1,3,0.2142857142857142
Raw STV + IF,0.554147465437788,0.5050614372659876,0.5,0.5,0.5,0.5,dataset_2,1,random_visible,multiplicative,1.25,1,0.25
WR-STV k=1,0.5345622119815667,0.5146259940411003,0.5,0.5,0.5,0.5,dataset_2,1,random_visible,multiplicative,1.25,1,0.1071428571428571
Max-Z Residual STV,0.5478110599078341,0.5029563867036928,0.5,0.5,0.5,0.5,dataset_2,1,random_visible,multiplicative,1.25,1,0.1071428571428571
Raw STV + IF,0.5518433179723503,0.5033883355928859,0.5,0.5,0.5,0.5,dataset_2,1,random_visible,multiplicative,1.25,3,0.2142857142857142
WR-STV k=1,0.532258064516129,0.5199506741340499,0.5,0.5,0.5,0.5,dataset_2,1,random_visible,multiplicative,1.25,3,0.2857142857142857
Max-Z Residual STV,0.5391705069124424,0.501693660154934,0.4642857142857143,0.4642857142857143,0.4642857142857143,0.4642857142857143,dataset_2,1,random_visible,multiplicative,1.25,3,0.2142857142857142
Raw STV + IF,0.5564516129032258,0.5065144359182787,0.5,0.5,0.5,0.5,dataset_2,1,random_visible,multiplicative,1.5,1,0.2857142857142857
WR-STV k=1,0.5374423963133641,0.516090475070412,0.5,0.5,0.5,0.5,dataset_2,1,random_visible,multiplicative,1.5,1,0.1785714285714285
Max-Z Residual STV,0.5524193548387097,0.5049327565372053,0.5,0.5,0.5,0.5,dataset_2,1,random_visible,multiplicative,1.5,1,0.1428571428571428
Raw STV + IF,0.5587557603686636,0.5074817493855922,0.5,0.5,0.5,0.5,dataset_2,1,random_visible,multiplicative,1.5,3,0.3214285714285714
WR-STV k=1,0.5380184331797235,0.5230014102142391,0.5,0.5,0.5,0.5,dataset_2,1,random_visible,multiplicative,1.5,3,0.3214285714285714
Max-Z Residual STV,0.5368663594470047,0.5004722480991265,0.4642857142857143,0.4642857142857143,0.4642857142857143,0.4642857142857143,dataset_2,1,random_visible,multiplicative,1.5,3,0.25
Raw STV + IF,0.559331797235023,0.5099693143731571,0.5,0.5,0.5,0.5,dataset_2,1,random_visible,multiplicative,2.0,1,0.3571428571428571
WR-STV k=1,0.5529953917050692,0.5213086026221924,0.5357142857142857,0.5357142857142857,0.5357142857142857,0.5357142857142857,dataset_2,1,random_visible,multiplicative,2.0,1,0.25
Max-Z Residual STV,0.560483870967742,0.5087236258348118,0.5,0.5,0.5,0.5,dataset_2,1,random_visible,multiplicative,2.0,1,0.1428571428571428
Raw STV + IF,0.5599078341013826,0.5109607265487799,0.5,0.5,0.5,0.5,dataset_2,1,random_visible,multiplicative,2.0,3,0.3928571428571428
WR-STV k=1,0.5460829493087558,0.5270532199003176,0.5357142857142857,0.5357142857142857,0.5357142857142857,0.5357142857142857,dataset_2,1,random_visible,multiplicative,2.0,3,0.3571428571428571
Max-Z Residual STV,0.5403225806451613,0.5036610727169879,0.4642857142857143,0.4642857142857143,0.4642857142857143,0.4642857142857143,dataset_2,1,random_visible,multiplicative,2.0,3,0.25
Raw STV + IF,0.5616359447004609,0.5128096078016859,0.5,0.5,0.5,0.5,dataset_2,1,random_visible,multiplicative,3.0,1,0.4642857142857143
WR-STV k=1,0.5904377880184333,0.5446895379903152,0.5714285714285714,0.5714285714285714,0.5714285714285714,0.5714285714285714,dataset_2,1,random_visible,multiplicative,3.0,1,0.2857142857142857
Max-Z Residual STV,0.5725806451612903,0.5153512531804232,0.5357142857142857,0.5357142857142857,0.5357142857142857,0.5357142857142857,dataset_2,1,random_visible,multiplicative,3.0,1,0.1785714285714285
Raw STV + IF,0.5697004608294931,0.518049481005193,0.5,0.5,0.5,0.5,dataset_2,1,random_visible,multiplicative,3.0,3,0.4642857142857143
WR-STV k=1,0.5748847926267281,0.5413716282783633,0.5714285714285714,0.5714285714285714,0.5714285714285714,0.5714285714285714,dataset_2,1,random_visible,multiplicative,3.0,3,0.3928571428571428
Max-Z Residual STV,0.5552995391705069,0.5110380442176966,0.5,0.5,0.5,0.5,dataset_2,1,random_visible,multiplicative,3.0,3,0.2857142857142857
Raw STV + IF,0.5627880184331797,0.5132915819678706,0.5,0.5,0.5,0.5,dataset_2,1,random_visible,multiplicative,5.0,1,0.4642857142857143
WR-STV k=1,0.6399769585253456,0.5815653799877045,0.6071428571428571,0.6071428571428571,0.6071428571428571,0.6071428571428571,dataset_2,1,random_visible,multiplicative,5.0,1,0.4285714285714285
Max-Z Residual STV,0.608294930875576,0.5320941442892939,0.5714285714285714,0.5714285714285714,0.5714285714285714,0.5714285714285714,dataset_2,1,random_visible,multiplicative,5.0,1,0.3571428571428571
Raw STV + IF,0.5720046082949308,0.519665370328848,0.5,0.5,0.5,0.5,dataset_2,1,random_visible,multiplicative,5.0,3,0.5
WR-STV k=1,0.631336405529954,0.5863749020955621,0.6071428571428571,0.6071428571428571,0.6071428571428571,0.6071428571428571,dataset_2,1,random_visible,multiplicative,5.0,3,0.5357142857142857
Max-Z Residual STV,0.597926267281106,0.530619884728659,0.5714285714285714,0.5714285714285714,0.5714285714285714,0.5714285714285714,dataset_2,1,random_visible,multiplicative,5.0,3,0.4285714285714285
Raw STV + IF,0.5679723502304148,0.5156262742777784,0.5,0.5,0.5,0.5,dataset_2,1,random_visible,multiplicative,10.0,1,0.4642857142857143
WR-STV k=1,0.6820276497695853,0.6167917461623501,0.6071428571428571,0.6071428571428571,0.6071428571428571,0.6071428571428571,dataset_2,1,random_visible,multiplicative,10.0,1,0.4642857142857143
Max-Z Residual STV,0.6491935483870968,0.5666894732751299,0.6071428571428571,0.6071428571428571,0.6071428571428571,0.6071428571428571,dataset_2,1,random_visible,multiplicative,10.0,1,0.4642857142857143
Raw STV + IF,0.5783410138248848,0.5260977421083636,0.5,0.5,0.5,0.5,dataset_2,1,random_visible,multiplicative,10.0,3,0.5714285714285714
WR-STV k=1,0.6716589861751151,0.6273101184707018,0.6071428571428571,0.6071428571428571,0.6071428571428571,0.6071428571428571,dataset_2,1,random_visible,multiplicative,10.0,3,0.5714285714285714
Max-Z Residual STV,0.6474654377880185,0.5751514989772849,0.6071428571428571,0.6071428571428571,0.6071428571428571,0.6071428571428571,dataset_2,1,random_visible,multiplicative,10.0,3,0.5
Raw STV + IF,0.5679723502304148,0.5156262742777784,0.5,0.5,0.5,0.5,dataset_2,1,random_visible,multiplicative,20.0,1,0.4642857142857143
WR-STV k=1,0.7131336405529954,0.6524213334261412,0.6071428571428571,0.6071428571428571,0.6071428571428571,0.6071428571428571,dataset_2,1,random_visible,multiplicative,20.0,1,0.5
Max-Z Residual STV,0.6952764976958526,0.5926278985615714,0.6428571428571429,0.6428571428571429,0.6428571428571429,0.6428571428571429,dataset_2,1,random_visible,multiplicative,20.0,1,0.5
Raw STV + IF,0.5789170506912442,0.5320501230607445,0.5,0.5,0.5,0.5,dataset_2,1,random_visible,multiplicative,20.0,3,0.6071428571428571
WR-STV k=1,0.7338709677419355,0.6907648314232051,0.6428571428571429,0.6428571428571429,0.6428571428571429,0.6428571428571429,dataset_2,1,random_visible,multiplicative,20.0,3,0.6071428571428571
Max-Z Residual STV,0.6947004608294931,0.6059677978461842,0.6428571428571429,0.6428571428571429,0.6428571428571429,0.6428571428571429,dataset_2,1,random_visible,multiplicative,20.0,3,0.5
Raw STV + IF,0.5685483870967742,0.5156262742777784,0.5,0.5,0.5,0.5,dataset_2,1,random_visible,multiplicative,30.0,1,0.4642857142857143
WR-STV k=1,0.7402073732718895,0.6953311477017342,0.6428571428571429,0.6428571428571429,0.6428571428571429,0.6428571428571429,dataset_2,1,random_visible,multiplicative,30.0,1,0.5714285714285714
Max-Z Residual STV,0.722926267281106,0.6248353637775823,0.6428571428571429,0.6428571428571429,0.6428571428571429,0.6428571428571429,dataset_2,1,random_visible,multiplicative,30.0,1,0.5714285714285714
Raw STV + IF,0.5806451612903225,0.5326549104302378,0.5,0.5,0.5,0.5,dataset_2,1,random_visible,multiplicative,30.0,3,0.6071428571428571
WR-STV k=1,0.7592165898617511,0.726599901827899,0.6785714285714286,0.6785714285714286,0.6785714285714286,0.6785714285714286,dataset_2,1,random_visible,multiplicative,30.0,3,0.6071428571428571
Max-Z Residual STV,0.7246543778801844,0.6320056596946184,0.6428571428571429,0.6428571428571429,0.6428571428571429,0.6428571428571429,dataset_2,1,random_visible,multiplicative,30.0,3,0.5357142857142857
Raw STV + IF,0.5501152073732719,0.5010249554367201,0.5,0.5,0.5,0.5,dataset_2,1,largest_visible,multiplicative,1.1,1,0.0714285714285714
WR-STV k=1,0.5403225806451613,0.5208328219803114,0.5,0.5,0.5,0.5,dataset_2,1,largest_visible,multiplicative,1.1,1,0.1785714285714285
Max-Z Residual STV,0.5478110599078341,0.5027556000207094,0.5,0.5,0.5,0.5,dataset_2,1,largest_visible,multiplicative,1.1,1,0.1071428571428571
Raw STV + IF,0.5501152073732719,0.5010249554367201,0.5,0.5,0.5,0.5,dataset_2,1,largest_visible,multiplicative,1.1,3,0.0714285714285714
WR-STV k=1,0.5455069124423964,0.5245319787005761,0.5,0.5,0.5,0.5,dataset_2,1,largest_visible,multiplicative,1.1,3,0.2857142857142857
Max-Z Residual STV,0.5443548387096775,0.5032027802865031,0.4642857142857143,0.4642857142857143,0.4642857142857143,0.4642857142857143,dataset_2,1,largest_visible,multiplicative,1.1,3,0.2142857142857142
Raw STV + IF,0.5518433179723503,0.5025938218673377,0.5,0.5,0.5,0.5,dataset_2,1,largest_visible,multiplicative,1.25,1,0.1428571428571428
WR-STV k=1,0.5345622119815668,0.519308661002369,0.5,0.5,0.5,0.5,dataset_2,1,largest_visible,multiplicative,1.25,1,0.1785714285714285
Max-Z Residual STV,0.5455069124423964,0.5020842945567423,0.5,0.5,0.5,0.5,dataset_2,1,largest_visible,multiplicative,1.25,1,0.1071428571428571
Raw STV + IF,0.5518433179723503,0.5033883355928859,0.5,0.5,0.5,0.5,dataset_2,1,largest_visible,multiplicative,1.25,3,0.2142857142857142
WR-STV k=1,0.5328341013824884,0.51995067413405,0.5,0.5,0.5,0.5,dataset_2,1,largest_visible,multiplicative,1.25,3,0.2857142857142857
Max-Z Residual STV,0.5408986175115207,0.5021515356128095,0.4642857142857143,0.4642857142857143,0.4642857142857143,0.4642857142857143,dataset_2,1,largest_visible,multiplicative,1.25,3,0.2142857142857142
Raw STV + IF,0.554147465437788,0.5040468205196288,0.5,0.5,0.5,0.5,dataset_2,1,largest_visible,multiplicative,1.5,1,0.1785714285714285
WR-STV k=1,0.5437788018433181,0.5239308508778798,0.5,0.5,0.5,0.5,dataset_2,1,largest_visible,multiplicative,1.5,1,0.2142857142857142
Max-Z Residual STV,0.5455069124423964,0.5021564446288924,0.5,0.5,0.5,0.5,dataset_2,1,largest_visible,multiplicative,1.5,1,0.1428571428571428
Raw STV + IF,0.5581797235023043,0.506291273195116,0.5,0.5,0.5,0.5,dataset_2,1,largest_visible,multiplicative,1.5,3,0.2857142857142857
WR-STV k=1,0.5397465437788018,0.5233658417011195,0.5,0.5,0.5,0.5,dataset_2,1,largest_visible,multiplicative,1.5,3,0.3214285714285714
Max-Z Residual STV,0.5397465437788018,0.5018699731810621,0.4642857142857143,0.4642857142857143,0.4642857142857143,0.4642857142857143,dataset_2,1,largest_visible,multiplicative,1.5,3,0.25
Raw STV + IF,0.5570276497695852,0.5115669945811563,0.5,0.5,0.5,0.5,dataset_2,1,largest_visible,multiplicative,2.0,1,0.3214285714285714
WR-STV k=1,0.5552995391705069,0.5282515989242498,0.5357142857142857,0.5357142857142857,0.5357142857142857,0.5357142857142857,dataset_2,1,largest_visible,multiplicative,2.0,1,0.3214285714285714
Max-Z Residual STV,0.5524193548387096,0.5050422789205729,0.5,0.5,0.5,0.5,dataset_2,1,largest_visible,multiplicative,2.0,1,0.1428571428571428
Raw STV + IF,0.560483870967742,0.5158926993378955,0.5,0.5,0.5,0.5,dataset_2,1,largest_visible,multiplicative,2.0,3,0.4285714285714285
WR-STV k=1,0.5478110599078341,0.5274173283096388,0.5357142857142857,0.5357142857142857,0.5357142857142857,0.5357142857142857,dataset_2,1,largest_visible,multiplicative,2.0,3,0.3571428571428571
Max-Z Residual STV,0.5432027649769585,0.504553929859845,0.4642857142857143,0.4642857142857143,0.4642857142857143,0.4642857142857143,dataset_2,1,largest_visible,multiplicative,2.0,3,0.25
Raw STV + IF,0.5599078341013826,0.514360337077979,0.5,0.5,0.5,0.5,dataset_2,1,largest_visible,multiplicative,3.0,1,0.4285714285714285
WR-STV k=1,0.5921658986175116,0.5500721861591243,0.5714285714285714,0.5714285714285714,0.5714285714285714,0.5714285714285714,dataset_2,1,largest_visible,multiplicative,3.0,1,0.3928571428571428
Max-Z Residual STV,0.5691244239631336,0.5140966615318114,0.5357142857142857,0.5357142857142857,0.5357142857142857,0.5357142857142857,dataset_2,1,largest_visible,multiplicative,3.0,1,0.25
Raw STV + IF,0.5697004608294931,0.5213788896917445,0.5,0.5,0.5,0.5,dataset_2,1,largest_visible,multiplicative,3.0,3,0.4642857142857143
WR-STV k=1,0.5766129032258065,0.5417357366876845,0.5714285714285714,0.5714285714285714,0.5714285714285714,0.5714285714285714,dataset_2,1,largest_visible,multiplicative,3.0,3,0.3928571428571428
Max-Z Residual STV,0.5581797235023042,0.5119314597452584,0.5,0.5,0.5,0.5,dataset_2,1,largest_visible,multiplicative,3.0,3,0.2857142857142857
Raw STV + IF,0.5610599078341014,0.5148423112441638,0.5,0.5,0.5,0.5,dataset_2,1,largest_visible,multiplicative,5.0,1,0.4285714285714285
WR-STV k=1,0.652073732718894,0.5998563868894868,0.6071428571428571,0.6071428571428571,0.6071428571428571,0.6071428571428571,dataset_2,1,largest_visible,multiplicative,5.0,1,0.5357142857142857
Max-Z Residual STV,0.6094470046082949,0.53293493431248,0.5357142857142857,0.5357142857142857,0.5357142857142857,0.5357142857142857,dataset_2,1,largest_visible,multiplicative,5.0,1,0.4285714285714285
Raw STV + IF,0.5720046082949308,0.5229947790153995,0.5,0.5,0.5,0.5,dataset_2,1,largest_visible,multiplicative,5.0,3,0.5
WR-STV k=1,0.6319124423963134,0.5863749020955621,0.6071428571428571,0.6071428571428571,0.6071428571428571,0.6071428571428571,dataset_2,1,largest_visible,multiplicative,5.0,3,0.5357142857142857
Max-Z Residual STV,0.5996543778801843,0.5310761648016638,0.5714285714285714,0.5714285714285714,0.5714285714285714,0.5714285714285714,dataset_2,1,largest_visible,multiplicative,5.0,3,0.4285714285714285
Raw STV + IF,0.5679723502304147,0.5201740065510746,0.5,0.5,0.5,0.5,dataset_2,1,largest_visible,multiplicative,10.0,1,0.4642857142857143
WR-STV k=1,0.6987327188940092,0.64398897792772,0.6428571428571429,0.6428571428571429,0.6428571428571429,0.6428571428571429,dataset_2,1,largest_visible,multiplicative,10.0,1,0.5357142857142857
Max-Z Residual STV,0.6514976958525346,0.562149653694697,0.6071428571428571,0.6071428571428571,0.6071428571428571,0.6071428571428571,dataset_2,1,largest_visible,multiplicative,10.0,1,0.4642857142857143
Raw STV + IF,0.5783410138248848,0.5270461984139627,0.5,0.5,0.5,0.5,dataset_2,1,largest_visible,multiplicative,10.0,3,0.5714285714285714
WR-STV k=1,0.6670506912442397,0.625880689556279,0.6071428571428571,0.6071428571428571,0.6071428571428571,0.6071428571428571,dataset_2,1,largest_visible,multiplicative,10.0,3,0.5714285714285714
Max-Z Residual STV,0.6405529953917051,0.5724733436872582,0.6071428571428571,0.6071428571428571,0.6071428571428571,0.6071428571428571,dataset_2,1,largest_visible,multiplicative,10.0,3,0.5
Raw STV + IF,0.5691244239631337,0.5208353822124503,0.5,0.5,0.5,0.5,dataset_2,1,largest_visible,multiplicative,20.0,1,0.5
WR-STV k=1,0.7407834101382489,0.698624725152664,0.6428571428571429,0.6428571428571429,0.6428571428571429,0.6428571428571429,dataset_2,1,largest_visible,multiplicative,20.0,1,0.6071428571428571
Max-Z Residual STV,0.7004608294930875,0.6016907090944679,0.6428571428571429,0.6428571428571429,0.6428571428571429,0.6428571428571429,dataset_2,1,largest_visible,multiplicative,20.0,1,0.5
Raw STV + IF,0.5783410138248848,0.5270461984139627,0.5,0.5,0.5,0.5,dataset_2,1,largest_visible,multiplicative,20.0,3,0.5714285714285714
WR-STV k=1,0.7252304147465438,0.6881784482843828,0.6428571428571429,0.6428571428571429,0.6428571428571429,0.6428571428571429,dataset_2,1,largest_visible,multiplicative,20.0,3,0.6428571428571429
Max-Z Residual STV,0.6860599078341013,0.6029520568211884,0.6428571428571429,0.6428571428571429,0.6428571428571429,0.6428571428571429,dataset_2,1,largest_visible,multiplicative,20.0,3,0.5357142857142857
Raw STV + IF,0.5697004608294931,0.5208353822124503,0.5,0.5,0.5,0.5,dataset_2,1,largest_visible,multiplicative,30.0,1,0.5
WR-STV k=1,0.7603686635944701,0.7315810786068875,0.6785714285714286,0.6785714285714286,0.6785714285714286,0.6785714285714286,dataset_2,1,largest_visible,multiplicative,30.0,1,0.6071428571428571
Max-Z Residual STV,0.7211981566820277,0.624289300333807,0.6785714285714286,0.6785714285714286,0.6785714285714286,0.6785714285714286,dataset_2,1,largest_visible,multiplicative,30.0,1,0.5
Raw STV + IF,0.5800691244239631,0.527650985783456,0.5,0.5,0.5,0.5,dataset_2,1,largest_visible,multiplicative,30.0,3,0.5714285714285714
WR-STV k=1,0.7540322580645161,0.7257322339881571,0.6785714285714286,0.6785714285714286,0.6785714285714286,0.6785714285714286,dataset_2,1,largest_visible,multiplicative,30.0,3,0.6428571428571429
Max-Z Residual STV,0.7183179723502303,0.6301959603011005,0.6428571428571429,0.6428571428571429,0.6428571428571429,0.6428571428571429,dataset_2,1,largest_visible,multiplicative,30.0,3,0.5714285714285714
Raw STV + IF,0.548963133640553,0.5003501400560224,0.5,0.5,0.5,0.5,dataset_2,1,random_visible,additive_ms,10.0,1,0.0357142857142857
WR-STV k=1,0.5414746543778801,0.5172428526087063,0.5,0.5,0.5,0.5,dataset_2,1,random_visible,additive_ms,10.0,1,0.1071428571428571
Max-Z Residual STV,0.5460829493087558,0.5010513036164843,0.5,0.5,0.5,0.5,dataset_2,1,random_visible,additive_ms,10.0,1,0.0714285714285714
Raw STV + IF,0.5472350230414746,0.4998675145733969,0.5,0.5,0.5,0.5,dataset_2,1,random_visible,additive_ms,10.0,3,0.0357142857142857
WR-STV k=1,0.5420506912442395,0.5227380913300805,0.5,0.5,0.5,0.5,dataset_2,1,random_visible,additive_ms,10.0,3,0.25
Max-Z Residual STV,0.538594470046083,0.4993070291371983,0.4642857142857143,0.4642857142857143,0.4642857142857143,0.4642857142857143,dataset_2,1,random_visible,additive_ms,10.0,3,0.1785714285714285
Raw STV + IF,0.5501152073732718,0.5018652915711739,0.5,0.5,0.5,0.5,dataset_2,1,random_visible,additive_ms,25.0,1,0.1071428571428571
WR-STV k=1,0.5380184331797235,0.5156744844763832,0.5,0.5,0.5,0.5,dataset_2,1,random_visible,additive_ms,25.0,1,0.1071428571428571
Max-Z Residual STV,0.5455069124423964,0.5009578596454893,0.5,0.5,0.5,0.5,dataset_2,1,random_visible,additive_ms,25.0,1,0.1071428571428571
Raw STV + IF,0.5483870967741935,0.5027313174371997,0.5,0.5,0.5,0.5,dataset_2,1,random_visible,additive_ms,25.0,3,0.1071428571428571
WR-STV k=1,0.538594470046083,0.5208756689506392,0.5,0.5,0.5,0.5,dataset_2,1,random_visible,additive_ms,25.0,3,0.25
Max-Z Residual STV,0.5328341013824884,0.4968251083052565,0.4642857142857143,0.4642857142857143,0.4642857142857143,0.4642857142857143,dataset_2,1,random_visible,additive_ms,25.0,3,0.1785714285714285
Raw STV + IF,0.5524193548387097,0.5034738846822301,0.5,0.5,0.5,0.5,dataset_2,1,random_visible,additive_ms,50.0,1,0.1785714285714285
WR-STV k=1,0.5311059907834101,0.5099456783371199,0.5,0.5,0.5,0.5,dataset_2,1,random_visible,additive_ms,50.0,1,0.1071428571428571
Max-Z Residual STV,0.5443548387096774,0.5005223195758031,0.5,0.5,0.5,0.5,dataset_2,1,random_visible,additive_ms,50.0,1,0.1071428571428571
Raw STV + IF,0.554147465437788,0.5069803256886711,0.5,0.5,0.5,0.5,dataset_2,1,random_visible,additive_ms,50.0,3,0.25
WR-STV k=1,0.5190092165898617,0.509781219561792,0.4642857142857143,0.4642857142857143,0.4642857142857143,0.4642857142857143,dataset_2,1,random_visible,additive_ms,50.0,3,0.25
Max-Z Residual STV,0.5247695852534562,0.4930494253234901,0.4642857142857143,0.4642857142857143,0.4642857142857143,0.4642857142857143,dataset_2,1,random_visible,additive_ms,50.0,3,0.1785714285714285
Raw STV + IF,0.5570276497695852,0.5070238739277168,0.5,0.5,0.5,0.5,dataset_2,1,random_visible,additive_ms,100.0,1,0.3214285714285714
WR-STV k=1,0.5293778801843319,0.5098202432146447,0.5,0.5,0.5,0.5,dataset_2,1,random_visible,additive_ms,100.0,1,0.1785714285714285
Max-Z Residual STV,0.5455069124423964,0.5018509008835843,0.5,0.5,0.5,0.5,dataset_2,1,random_visible,additive_ms,100.0,1,0.1428571428571428
Raw STV + IF,0.5627880184331797,0.5114687533725961,0.5,0.5,0.5,0.5,dataset_2,1,random_visible,additive_ms,100.0,3,0.3928571428571428
WR-STV k=1,0.5040322580645161,0.5005912025849248,0.4642857142857143,0.4642857142857143,0.4642857142857143,0.4642857142857143,dataset_2,1,random_visible,additive_ms,100.0,3,0.2857142857142857
Max-Z Residual STV,0.506336405529954,0.4803608691474937,0.4642857142857143,0.4642857142857143,0.4642857142857143,0.4642857142857143,dataset_2,1,random_visible,additive_ms,100.0,3,0.2142857142857142
Raw STV + IF,0.560483870967742,0.5120813164851592,0.5,0.5,0.5,0.5,dataset_2,1,random_visible,additive_ms,250.0,1,0.4285714285714285
WR-STV k=1,0.5432027649769585,0.515817519088721,0.5,0.5,0.5,0.5,dataset_2,1,random_visible,additive_ms,250.0,1,0.2142857142857142
Max-Z Residual STV,0.5558755760368663,0.5061187304055077,0.5,0.5,0.5,0.5,dataset_2,1,random_visible,additive_ms,250.0,1,0.1428571428571428
Raw STV + IF,0.5702764976958525,0.5169552854252852,0.5,0.5,0.5,0.5,dataset_2,1,random_visible,additive_ms,250.0,3,0.4642857142857143
WR-STV k=1,0.5259216589861752,0.5084425120920809,0.4642857142857143,0.4642857142857143,0.4642857142857143,0.4642857142857143,dataset_2,1,random_visible,additive_ms,250.0,3,0.3214285714285714
Max-Z Residual STV,0.5155529953917051,0.4837032850969317,0.4642857142857143,0.4642857142857143,0.4642857142857143,0.4642857142857143,dataset_2,1,random_visible,additive_ms,250.0,3,0.2142857142857142
Raw STV + IF,0.5622119815668203,0.5131944890269032,0.5,0.5,0.5,0.5,dataset_2,1,random_visible,additive_ms,500.0,1,0.4285714285714285
WR-STV k=1,0.5817972350230414,0.5365518657917292,0.5714285714285714,0.5714285714285714,0.5714285714285714,0.5714285714285714,dataset_2,1,random_visible,additive_ms,500.0,1,0.2857142857142857
Max-Z Residual STV,0.5714285714285714,0.5134835966628547,0.5357142857142857,0.5357142857142857,0.5357142857142857,0.5357142857142857,dataset_2,1,random_visible,additive_ms,500.0,1,0.2142857142857142
Raw STV + IF,0.5748847926267282,0.5296348870252726,0.5,0.5,0.5,0.5,dataset_2,1,random_visible,additive_ms,500.0,3,0.5714285714285714
WR-STV k=1,0.5662442396313364,0.5325484921849155,0.5714285714285714,0.5714285714285714,0.5714285714285714,0.5714285714285714,dataset_2,1,random_visible,additive_ms,500.0,3,0.4285714285714285
Max-Z Residual STV,0.5420506912442397,0.4951395265429704,0.4642857142857143,0.4642857142857143,0.4642857142857143,0.4642857142857143,dataset_2,1,random_visible,additive_ms,500.0,3,0.2857142857142857
Raw STV + IF,0.5291442048517521,0.5020995712133459,0.5094339622641509,0.5094339622641509,0.5094339622641509,0.5094339622641509,dataset_3,1,random_visible,multiplicative,1.1,1,0.1698113207547169
WR-STV k=1,0.5274595687331536,0.5050169683161433,0.5094339622641509,0.5094339622641509,0.5094339622641509,0.5094339622641509,dataset_3,1,random_visible,multiplicative,1.1,1,0.2075471698113207
Max-Z Residual STV,0.5286388140161724,0.5055444739648526,0.490566037735849,0.490566037735849,0.490566037735849,0.490566037735849,dataset_3,1,random_visible,multiplicative,1.1,1,0.2641509433962264
Raw STV + IF,0.5294811320754716,0.5049006352662354,0.5094339622641509,0.5094339622641509,0.5094339622641509,0.5094339622641509,dataset_3,1,random_visible,multiplicative,1.1,3,0.2641509433962264
WR-STV k=1,0.5284703504043127,0.5100723977020345,0.5471698113207547,0.5471698113207547,0.5471698113207547,0.5471698113207547,dataset_3,1,random_visible,multiplicative,1.1,3,0.3773584905660377
Max-Z Residual STV,0.5271226415094339,0.5067971426694303,0.490566037735849,0.490566037735849,0.490566037735849,0.490566037735849,dataset_3,1,random_visible,multiplicative,1.1,3,0.3773584905660377
Raw STV + IF,0.5311657681940701,0.5037433271061855,0.5094339622641509,0.5094339622641509,0.5094339622641509,0.5094339622641509,dataset_3,1,random_visible,multiplicative,1.25,1,0.2830188679245283
WR-STV k=1,0.5321765498652291,0.5104709722129565,0.5094339622641509,0.5094339622641509,0.5094339622641509,0.5094339622641509,dataset_3,1,random_visible,multiplicative,1.25,1,0.2641509433962264
Max-Z Residual STV,0.5353773584905661,0.5105721950883344,0.490566037735849,0.490566037735849,0.490566037735849,0.490566037735849,dataset_3,1,random_visible,multiplicative,1.25,1,0.2830188679245283
Raw STV + IF,0.5345350404312668,0.508286502221141,0.5094339622641509,0.5094339622641509,0.5094339622641509,0.5094339622641509,dataset_3,1,random_visible,multiplicative,1.25,3,0.3962264150943396
WR-STV k=1,0.5352088948787062,0.5178605224295455,0.5283018867924528,0.5283018867924528,0.5283018867924528,0.5283018867924528,dataset_3,1,random_visible,multiplicative,1.25,3,0.3962264150943396
Max-Z Residual STV,0.5264487870619946,0.5092249335735445,0.4716981132075472,0.4716981132075472,0.4716981132075472,0.4716981132075472,dataset_3,1,random_visible,multiplicative,1.25,3,0.3962264150943396
Raw STV + IF,0.5345350404312669,0.5064016028736261,0.5094339622641509,0.5094339622641509,0.5094339622641509,0.5094339622641509,dataset_3,1,random_visible,multiplicative,1.5,1,0.3584905660377358
WR-STV k=1,0.5397574123989218,0.5220646361771744,0.5094339622641509,0.5094339622641509,0.5094339622641509,0.5094339622641509,dataset_3,1,random_visible,multiplicative,1.5,1,0.320754716981132
Max-Z Residual STV,0.551044474393531,0.522162327535535,0.5094339622641509,0.5094339622641509,0.5094339622641509,0.5094339622641509,dataset_3,1,random_visible,multiplicative,1.5,1,0.3396226415094339
Raw STV + IF,0.5419474393530999,0.5143167536575569,0.5094339622641509,0.5094339622641509,0.5094339622641509,0.5094339622641509,dataset_3,1,random_visible,multiplicative,1.5,3,0.5471698113207547
WR-STV k=1,0.5402628032345014,0.5282890427580063,0.5283018867924528,0.5283018867924528,0.5283018867924528,0.5283018867924528,dataset_3,1,random_visible,multiplicative,1.5,3,0.4150943396226415
Max-Z Residual STV,0.5325134770889488,0.5196491896266636,0.490566037735849,0.490566037735849,0.490566037735849,0.490566037735849,dataset_3,1,random_visible,multiplicative,1.5,3,0.4150943396226415
Raw STV + IF,0.5392520215633423,0.5097969847804338,0.5094339622641509,0.5094339622641509,0.5094339622641509,0.5094339622641509,dataset_3,1,random_visible,multiplicative,2.0,1,0.4716981132075472
WR-STV k=1,0.5567722371967655,0.5461873433577875,0.5283018867924528,0.5283018867924528,0.5283018867924528,0.5283018867924528,dataset_3,1,random_visible,multiplicative,2.0,1,0.3962264150943396
Max-Z Residual STV,0.5651954177897575,0.5346231179645252,0.5660377358490566,0.5660377358490566,0.5660377358490566,0.5660377358490566,dataset_3,1,random_visible,multiplicative,2.0,1,0.3962264150943396
Raw STV + IF,0.5475067385444744,0.5209551945037687,0.5094339622641509,0.5094339622641509,0.5094339622641509,0.5094339622641509,dataset_3,1,random_visible,multiplicative,2.0,3,0.6415094339622641
WR-STV k=1,0.5621630727762803,0.5527063045450216,0.5471698113207547,0.5471698113207547,0.5471698113207547,0.5471698113207547,dataset_3,1,random_visible,multiplicative,2.0,3,0.490566037735849
Max-Z Residual STV,0.5515498652291104,0.5338425992315334,0.5660377358490566,0.5660377358490566,0.5660377358490566,0.5660377358490566,dataset_3,1,random_visible,multiplicative,2.0,3,0.4716981132075472
Raw STV + IF,0.5456536388140162,0.512890323598881,0.5094339622641509,0.5094339622641509,0.5094339622641509,0.5094339622641509,dataset_3,1,random_visible,multiplicative,3.0,1,0.5660377358490566
WR-STV k=1,0.5938342318059299,0.5918796987213405,0.5849056603773585,0.5849056603773585,0.5849056603773585,0.5849056603773585,dataset_3,1,random_visible,multiplicative,3.0,1,0.490566037735849
Max-Z Residual STV,0.5919811320754716,0.5590033493358172,0.5660377358490566,0.5660377358490566,0.5660377358490566,0.5660377358490566,dataset_3,1,random_visible,multiplicative,3.0,1,0.4528301886792453
Raw STV + IF,0.5596361185983827,0.5275845894033911,0.5094339622641509,0.5094339622641509,0.5094339622641509,0.5094339622641509,dataset_3,1,random_visible,multiplicative,3.0,3,0.7547169811320755
WR-STV k=1,0.6133760107816711,0.6051729026387875,0.6037735849056604,0.6037735849056604,0.6037735849056604,0.6037735849056604,dataset_3,1,random_visible,multiplicative,3.0,3,0.5660377358490566
Max-Z Residual STV,0.6009097035040432,0.5675824170298431,0.5471698113207547,0.5471698113207547,0.5471698113207547,0.5471698113207547,dataset_3,1,random_visible,multiplicative,3.0,3,0.5471698113207547
Raw STV + IF,0.5488544474393531,0.5148964357026824,0.5094339622641509,0.5094339622641509,0.5094339622641509,0.5094339622641509,dataset_3,1,random_visible,multiplicative,5.0,1,0.5849056603773585
WR-STV k=1,0.6612196765498654,0.6555004768044242,0.6415094339622641,0.6415094339622641,0.6415094339622641,0.6415094339622641,dataset_3,1,random_visible,multiplicative,5.0,1,0.6415094339622641
Max-Z Residual STV,0.6723382749326147,0.6125375551435865,0.6037735849056604,0.6037735849056604,0.6037735849056604,0.6037735849056604,dataset_3,1,random_visible,multiplicative,5.0,1,0.6415094339622641
Raw STV + IF,0.5704177897574123,0.5380689896764996,0.5283018867924528,0.5283018867924528,0.5283018867924528,0.5283018867924528,dataset_3,1,random_visible,multiplicative,5.0,3,0.7924528301886793
WR-STV k=1,0.6890161725067385,0.680859543069792,0.6226415094339622,0.6226415094339622,0.6226415094339622,0.6226415094339622,dataset_3,1,random_visible,multiplicative,5.0,3,0.6981132075471698
Max-Z Residual STV,0.6898584905660377,0.6346822138267204,0.5849056603773585,0.5849056603773585,0.5849056603773585,0.5849056603773585,dataset_3,1,random_visible,multiplicative,5.0,3,0.6981132075471698
Raw STV + IF,0.559299191374663,0.5206992785116108,0.5283018867924528,0.5283018867924528,0.5283018867924528,0.5283018867924528,dataset_3,1,random_visible,multiplicative,10.0,1,0.6226415094339622
WR-STV k=1,0.7552223719676551,0.7485370330185287,0.7169811320754716,0.7169811320754716,0.7169811320754716,0.7169811320754716,dataset_3,1,random_visible,multiplicative,10.0,1,0.6981132075471698
Max-Z Residual STV,0.7585916442048517,0.6954616366920909,0.7169811320754716,0.7169811320754716,0.7169811320754716,0.7169811320754716,dataset_3,1,random_visible,multiplicative,10.0,1,0.6981132075471698
Raw STV + IF,0.5889487870619946,0.5504875662905581,0.5660377358490566,0.5660377358490566,0.5660377358490566,0.5660377358490566,dataset_3,1,random_visible,multiplicative,10.0,3,0.7924528301886793
WR-STV k=1,0.7973382749326146,0.7949143902359586,0.7358490566037735,0.7358490566037735,0.7358490566037735,0.7358490566037735,dataset_3,1,random_visible,multiplicative,10.0,3,0.7735849056603774
Max-Z Residual STV,0.7789757412398922,0.7286879032177072,0.7169811320754716,0.7169811320754716,0.7169811320754716,0.7169811320754716,dataset_3,1,random_visible,multiplicative,10.0,3,0.7547169811320755
Raw STV + IF,0.5660377358490566,0.5254254904291158,0.5283018867924528,0.5283018867924528,0.5283018867924528,0.5283018867924528,dataset_3,1,random_visible,multiplicative,20.0,1,0.660377358490566
WR-STV k=1,0.807277628032345,0.8049959206866507,0.7358490566037735,0.7358490566037735,0.7358490566037735,0.7358490566037735,dataset_3,1,random_visible,multiplicative,20.0,1,0.7735849056603774
Max-Z Residual STV,0.8135107816711591,0.7559816911400077,0.7547169811320755,0.7547169811320755,0.7547169811320755,0.7547169811320755,dataset_3,1,random_visible,multiplicative,20.0,1,0.7735849056603774
Raw STV + IF,0.596866576819407,0.558711689500319,0.5660377358490566,0.5660377358490566,0.5660377358490566,0.5660377358490566,dataset_3,1,random_visible,multiplicative,20.0,3,0.7924528301886793
WR-STV k=1,0.8401280323450134,0.8437263961795685,0.7924528301886793,0.7924528301886793,0.7924528301886793,0.7924528301886793,dataset_3,1,random_visible,multiplicative,20.0,3,0.8679245283018868
Max-Z Residual STV,0.839622641509434,0.7966374234574205,0.7735849056603774,0.7735849056603774,0.7735849056603774,0.7735849056603774,dataset_3,1,random_visible,multiplicative,20.0,3,0.8113207547169812
Raw STV + IF,0.5668800539083558,0.5272952045612117,0.5283018867924528,0.5283018867924528,0.5283018867924528,0.5283018867924528,dataset_3,1,random_visible,multiplicative,30.0,1,0.6792452830188679
WR-STV k=1,0.8301886792452831,0.8271114985808864,0.7547169811320755,0.7547169811320755,0.7547169811320755,0.7547169811320755,dataset_3,1,random_visible,multiplicative,30.0,1,0.7924528301886793
Max-Z Residual STV,0.8391172506738545,0.7931943214339989,0.7735849056603774,0.7735849056603774,0.7735849056603774,0.7735849056603774,dataset_3,1,random_visible,multiplicative,30.0,1,0.7924528301886793
Raw STV + IF,0.5990566037735849,0.5653935382246239,0.5849056603773585,0.5849056603773585,0.5849056603773585,0.5849056603773585,dataset_3,1,random_visible,multiplicative,30.0,3,0.8113207547169812
WR-STV k=1,0.8616913746630728,0.8638027252854157,0.8113207547169812,0.8113207547169812,0.8113207547169812,0.8113207547169812,dataset_3,1,random_visible,multiplicative,30.0,3,0.8867924528301887
Max-Z Residual STV,0.8664083557951482,0.8300289610341172,0.8113207547169812,0.8113207547169812,0.8113207547169812,0.8113207547169812,dataset_3,1,random_visible,multiplicative,30.0,3,0.8301886792452831
Raw STV + IF,0.5296495956873315,0.503400887493766,0.490566037735849,0.490566037735849,0.490566037735849,0.490566037735849,dataset_3,1,largest_visible,multiplicative,1.1,1,0.1886792452830188
WR-STV k=1,0.5267857142857142,0.5049294088311957,0.5094339622641509,0.5094339622641509,0.5094339622641509,0.5094339622641509,dataset_3,1,largest_visible,multiplicative,1.1,1,0.1698113207547169
Max-Z Residual STV,0.5245956873315364,0.5032419301158833,0.5094339622641509,0.5094339622641509,0.5094339622641509,0.5094339622641509,dataset_3,1,largest_visible,multiplicative,1.1,1,0.1698113207547169
Raw STV + IF,0.5293126684636118,0.5049006352662354,0.5094339622641509,0.5094339622641509,0.5094339622641509,0.5094339622641509,dataset_3,1,largest_visible,multiplicative,1.1,3,0.2641509433962264
WR-STV k=1,0.5277964959568733,0.5101657254553507,0.5471698113207547,0.5471698113207547,0.5471698113207547,0.5471698113207547,dataset_3,1,largest_visible,multiplicative,1.1,3,0.3773584905660377
Max-Z Residual STV,0.5276280323450135,0.5079515179922922,0.490566037735849,0.490566037735849,0.490566037735849,0.490566037735849,dataset_3,1,largest_visible,multiplicative,1.1,3,0.3773584905660377
Raw STV + IF,0.5340296495956873,0.5070626111697736,0.5094339622641509,0.5094339622641509,0.5094339622641509,0.5094339622641509,dataset_3,1,largest_visible,multiplicative,1.25,1,0.3584905660377358
WR-STV k=1,0.5296495956873315,0.5119943793384218,0.5094339622641509,0.5094339622641509,0.5094339622641509,0.5094339622641509,dataset_3,1,largest_visible,multiplicative,1.25,1,0.2452830188679245
Max-Z Residual STV,0.5288072776280324,0.507555823578825,0.490566037735849,0.490566037735849,0.490566037735849,0.490566037735849,dataset_3,1,largest_visible,multiplicative,1.25,1,0.2075471698113207
Raw STV + IF,0.5347035040431267,0.5124793743385414,0.5094339622641509,0.5094339622641509,0.5094339622641509,0.5094339622641509,dataset_3,1,largest_visible,multiplicative,1.25,3,0.4339622641509434
WR-STV k=1,0.5348719676549865,0.5192870405212023,0.5283018867924528,0.5283018867924528,0.5283018867924528,0.5283018867924528,dataset_3,1,largest_visible,multiplicative,1.25,3,0.3962264150943396
Max-Z Residual STV,0.5262803234501348,0.5096685944569945,0.4716981132075472,0.4716981132075472,0.4716981132075472,0.4716981132075472,dataset_3,1,largest_visible,multiplicative,1.25,3,0.3962264150943396
Raw STV + IF,0.537567385444744,0.5104275760750868,0.5094339622641509,0.5094339622641509,0.5094339622641509,0.5094339622641509,dataset_3,1,largest_visible,multiplicative,1.5,1,0.490566037735849
WR-STV k=1,0.5449797843665768,0.5287407460426921,0.5094339622641509,0.5094339622641509,0.5094339622641509,0.5094339622641509,dataset_3,1,largest_visible,multiplicative,1.5,1,0.3396226415094339
Max-Z Residual STV,0.5438005390835579,0.5180213083456062,0.5094339622641509,0.5094339622641509,0.5094339622641509,0.5094339622641509,dataset_3,1,largest_visible,multiplicative,1.5,1,0.3018867924528302
Raw STV + IF,0.5422843665768193,0.5190037857030795,0.5094339622641509,0.5094339622641509,0.5094339622641509,0.5094339622641509,dataset_3,1,largest_visible,multiplicative,1.5,3,0.6037735849056604
WR-STV k=1,0.5404312668463611,0.5304790339130401,0.5283018867924528,0.5283018867924528,0.5283018867924528,0.5283018867924528,dataset_3,1,largest_visible,multiplicative,1.5,3,0.4339622641509434
Max-Z Residual STV,0.5318396226415094,0.5196179966945343,0.490566037735849,0.490566037735849,0.490566037735849,0.490566037735849,dataset_3,1,largest_visible,multiplicative,1.5,3,0.4339622641509434
Raw STV + IF,0.5405997304582211,0.5157718349262084,0.5094339622641509,0.5094339622641509,0.5094339622641509,0.5094339622641509,dataset_3,1,largest_visible,multiplicative,2.0,1,0.5849056603773585
WR-STV k=1,0.5683962264150944,0.5528937423580664,0.5471698113207547,0.5471698113207547,0.5471698113207547,0.5471698113207547,dataset_3,1,largest_visible,multiplicative,2.0,1,0.4339622641509434
Max-Z Residual STV,0.5621630727762803,0.5317371986313045,0.5471698113207547,0.5471698113207547,0.5471698113207547,0.5471698113207547,dataset_3,1,largest_visible,multiplicative,2.0,1,0.4150943396226415
Raw STV + IF,0.5473382749326146,0.5235536718291577,0.5094339622641509,0.5094339622641509,0.5094339622641509,0.5094339622641509,dataset_3,1,largest_visible,multiplicative,2.0,3,0.660377358490566
WR-STV k=1,0.5626684636118598,0.5564398729831053,0.5471698113207547,0.5471698113207547,0.5471698113207547,0.5471698113207547,dataset_3,1,largest_visible,multiplicative,2.0,3,0.5094339622641509
Max-Z Residual STV,0.5522237196765498,0.5351542731292228,0.5660377358490566,0.5660377358490566,0.5660377358490566,0.5660377358490566,dataset_3,1,largest_visible,multiplicative,2.0,3,0.490566037735849
Raw STV + IF,0.5491913746630728,0.519967051400633,0.5094339622641509,0.5094339622641509,0.5094339622641509,0.5094339622641509,dataset_3,1,largest_visible,multiplicative,3.0,1,0.6792452830188679
WR-STV k=1,0.6066374663072776,0.5982410920569097,0.5660377358490566,0.5660377358490566,0.5660377358490566,0.5660377358490566,dataset_3,1,largest_visible,multiplicative,3.0,1,0.5094339622641509
Max-Z Residual STV,0.5980458221024259,0.5594180126460209,0.5660377358490566,0.5660377358490566,0.5660377358490566,0.5660377358490566,dataset_3,1,largest_visible,multiplicative,3.0,1,0.4716981132075472
Raw STV + IF,0.559467654986523,0.53018306672878,0.5094339622641509,0.5094339622641509,0.5094339622641509,0.5094339622641509,dataset_3,1,largest_visible,multiplicative,3.0,3,0.7735849056603774
WR-STV k=1,0.6132075471698113,0.6078031545307293,0.6037735849056604,0.6037735849056604,0.6037735849056604,0.6037735849056604,dataset_3,1,largest_visible,multiplicative,3.0,3,0.5849056603773585
Max-Z Residual STV,0.6009097035040432,0.5717951348561786,0.5471698113207547,0.5471698113207547,0.5471698113207547,0.5471698113207547,dataset_3,1,largest_visible,multiplicative,3.0,3,0.5660377358490566
Raw STV + IF,0.5566037735849056,0.5255961747195071,0.5094339622641509,0.5094339622641509,0.5094339622641509,0.5094339622641509,dataset_3,1,largest_visible,multiplicative,5.0,1,0.7547169811320755
WR-STV k=1,0.6799191374663073,0.6723809862291662,0.6226415094339622,0.6226415094339622,0.6226415094339622,0.6226415094339622,dataset_3,1,largest_visible,multiplicative,5.0,1,0.660377358490566
Max-Z Residual STV,0.6817722371967655,0.6134931100978617,0.5849056603773585,0.5849056603773585,0.5849056603773585,0.5849056603773585,dataset_3,1,largest_visible,multiplicative,5.0,1,0.6415094339622641
Raw STV + IF,0.5705862533692723,0.54121364376455,0.5283018867924528,0.5283018867924528,0.5283018867924528,0.5283018867924528,dataset_3,1,largest_visible,multiplicative,5.0,3,0.8113207547169812
WR-STV k=1,0.6890161725067385,0.682001624259043,0.6226415094339622,0.6226415094339622,0.6226415094339622,0.6226415094339622,dataset_3,1,largest_visible,multiplicative,5.0,3,0.6981132075471698
Max-Z Residual STV,0.6903638814016173,0.6384557987323808,0.5849056603773585,0.5849056603773585,0.5849056603773585,0.5849056603773585,dataset_3,1,largest_visible,multiplicative,5.0,3,0.6981132075471698
Raw STV + IF,0.5702493261455526,0.5325221806789897,0.5471698113207547,0.5471698113207547,0.5471698113207547,0.5471698113207547,dataset_3,1,largest_visible,multiplicative,10.0,1,0.7547169811320755
WR-STV k=1,0.7815026954177898,0.7821297269457503,0.7358490566037735,0.7358490566037735,0.7358490566037735,0.7358490566037735,dataset_3,1,largest_visible,multiplicative,10.0,1,0.7735849056603774
Max-Z Residual STV,0.7560646900269542,0.6915642617454973,0.6792452830188679,0.6792452830188679,0.6792452830188679,0.6792452830188679,dataset_3,1,largest_visible,multiplicative,10.0,1,0.7169811320754716
Raw STV + IF,0.5891172506738545,0.5536322203786084,0.5660377358490566,0.5660377358490566,0.5660377358490566,0.5660377358490566,dataset_3,1,largest_visible,multiplicative,10.0,3,0.8113207547169812
WR-STV k=1,0.8003706199460917,0.797192999265043,0.7358490566037735,0.7358490566037735,0.7358490566037735,0.7358490566037735,dataset_3,1,largest_visible,multiplicative,10.0,3,0.8113207547169812
Max-Z Residual STV,0.7786388140161725,0.7278603626682203,0.7169811320754716,0.7169811320754716,0.7169811320754716,0.7169811320754716,dataset_3,1,largest_visible,multiplicative,10.0,3,0.7547169811320755
Raw STV + IF,0.5754716981132075,0.5355128307152052,0.5471698113207547,0.5471698113207547,0.5471698113207547,0.5471698113207547,dataset_3,1,largest_visible,multiplicative,20.0,1,0.7547169811320755
WR-STV k=1,0.8258086253369273,0.8303636773374792,0.7735849056603774,0.7735849056603774,0.7735849056603774,0.7735849056603774,dataset_3,1,largest_visible,multiplicative,20.0,1,0.8301886792452831
Max-Z Residual STV,0.8135107816711591,0.7566857696322424,0.7547169811320755,0.7547169811320755,0.7547169811320755,0.7547169811320755,dataset_3,1,largest_visible,multiplicative,20.0,1,0.8113207547169812
Raw STV + IF,0.5970350404312668,0.5618563435883693,0.5660377358490566,0.5660377358490566,0.5660377358490566,0.5660377358490566,dataset_3,1,largest_visible,multiplicative,20.0,3,0.8113207547169812
WR-STV k=1,0.8424865229110513,0.8452404442157371,0.8113207547169812,0.8113207547169812,0.8113207547169812,0.8113207547169812,dataset_3,1,largest_visible,multiplicative,20.0,3,0.8679245283018868
Max-Z Residual STV,0.8404649595687332,0.7956527823178281,0.7735849056603774,0.7735849056603774,0.7735849056603774,0.7735849056603774,dataset_3,1,largest_visible,multiplicative,20.0,3,0.8490566037735849
Raw STV + IF,0.5761455525606469,0.5360286264129457,0.5471698113207547,0.5471698113207547,0.5471698113207547,0.5471698113207547,dataset_3,1,largest_visible,multiplicative,30.0,1,0.7547169811320755
WR-STV k=1,0.8456873315363882,0.8496407815599847,0.7924528301886793,0.7924528301886793,0.7924528301886793,0.7924528301886793,dataset_3,1,largest_visible,multiplicative,30.0,1,0.8490566037735849
Max-Z Residual STV,0.8441711590296497,0.7962161484322501,0.7924528301886793,0.7924528301886793,0.7924528301886793,0.7924528301886793,dataset_3,1,largest_visible,multiplicative,30.0,1,0.8301886792452831
Raw STV + IF,0.5987196765498652,0.5635067457717937,0.5849056603773585,0.5849056603773585,0.5849056603773585,0.5849056603773585,dataset_3,1,largest_visible,multiplicative,30.0,3,0.8113207547169812
WR-STV k=1,0.8640498652291105,0.8656315712052338,0.8113207547169812,0.8113207547169812,0.8113207547169812,0.8113207547169812,dataset_3,1,largest_visible,multiplicative,30.0,3,0.8867924528301887
Max-Z Residual STV,0.869777628032345,0.8329755249440529,0.8113207547169812,0.8113207547169812,0.8113207547169812,0.8113207547169812,dataset_3,1,largest_visible,multiplicative,30.0,3,0.8679245283018868
Raw STV + IF,0.5293126684636118,0.5019701063565634,0.5094339622641509,0.5094339622641509,0.5094339622641509,0.5094339622641509,dataset_3,1,random_visible,additive_ms,10.0,1,0.1320754716981132
WR-STV k=1,0.5245956873315363,0.501449182493816,0.5094339622641509,0.5094339622641509,0.5094339622641509,0.5094339622641509,dataset_3,1,random_visible,additive_ms,10.0,1,0.1886792452830188
Max-Z Residual STV,0.5274595687331536,0.5026569084800846,0.490566037735849,0.490566037735849,0.490566037735849,0.490566037735849,dataset_3,1,random_visible,additive_ms,10.0,1,0.2452830188679245
Raw STV + IF,0.5294811320754718,0.5031327668408179,0.5094339622641509,0.5094339622641509,0.5094339622641509,0.5094339622641509,dataset_3,1,random_visible,additive_ms,10.0,3,0.1698113207547169
WR-STV k=1,0.5186994609164421,0.4968192814765056,0.5283018867924528,0.5283018867924528,0.5283018867924528,0.5283018867924528,dataset_3,1,random_visible,additive_ms,10.0,3,0.3773584905660377
Max-Z Residual STV,0.519710242587601,0.4996326186218685,0.490566037735849,0.490566037735849,0.490566037735849,0.490566037735849,dataset_3,1,random_visible,additive_ms,10.0,3,0.3773584905660377
Raw STV + IF,0.530154986522911,0.5025597756303481,0.5094339622641509,0.5094339622641509,0.5094339622641509,0.5094339622641509,dataset_3,1,random_visible,additive_ms,25.0,1,0.2075471698113207
WR-STV k=1,0.5235849056603774,0.5016704211769761,0.5094339622641509,0.5094339622641509,0.5094339622641509,0.5094339622641509,dataset_3,1,random_visible,additive_ms,25.0,1,0.1886792452830188
Max-Z Residual STV,0.5247641509433962,0.5001126353314955,0.490566037735849,0.490566037735849,0.490566037735849,0.490566037735849,dataset_3,1,random_visible,additive_ms,25.0,1,0.2452830188679245
Raw STV + IF,0.5316711590296497,0.5049401299260418,0.5094339622641509,0.5094339622641509,0.5094339622641509,0.5094339622641509,dataset_3,1,random_visible,additive_ms,25.0,3,0.320754716981132
WR-STV k=1,0.5119609164420487,0.4929438097038892,0.5283018867924528,0.5283018867924528,0.5283018867924528,0.5283018867924528,dataset_3,1,random_visible,additive_ms,25.0,3,0.3773584905660377
Max-Z Residual STV,0.5055592991913747,0.4917171292256422,0.4716981132075472,0.4716981132075472,0.4716981132075472,0.4716981132075472,dataset_3,1,random_visible,additive_ms,25.0,3,0.3773584905660377
Raw STV + IF,0.5320080862533694,0.5036607816065836,0.5094339622641509,0.5094339622641509,0.5094339622641509,0.5094339622641509,dataset_3,1,random_visible,additive_ms,50.0,1,0.2830188679245283
WR-STV k=1,0.5193733153638814,0.4982474272327511,0.490566037735849,0.490566037735849,0.490566037735849,0.490566037735849,dataset_3,1,random_visible,additive_ms,50.0,1,0.2264150943396226
Max-Z Residual STV,0.5252695417789757,0.4994825127194101,0.490566037735849,0.490566037735849,0.490566037735849,0.490566037735849,dataset_3,1,random_visible,additive_ms,50.0,1,0.2830188679245283
Raw STV + IF,0.5379043126684636,0.5100206984601757,0.5094339622641509,0.5094339622641509,0.5094339622641509,0.5094339622641509,dataset_3,1,random_visible,additive_ms,50.0,3,0.4528301886792453
WR-STV k=1,0.5045485175202156,0.487429637296951,0.5094339622641509,0.5094339622641509,0.5094339622641509,0.5094339622641509,dataset_3,1,random_visible,additive_ms,50.0,3,0.3962264150943396
Max-Z Residual STV,0.4984838274932615,0.488315326051538,0.4716981132075472,0.4716981132075472,0.4716981132075472,0.4716981132075472,dataset_3,1,random_visible,additive_ms,50.0,3,0.3962264150943396
Raw STV + IF,0.5341981132075471,0.5056133788829886,0.5094339622641509,0.5094339622641509,0.5094339622641509,0.5094339622641509,dataset_3,1,random_visible,additive_ms,100.0,1,0.3773584905660377
WR-STV k=1,0.5213948787061995,0.5026701546077685,0.490566037735849,0.490566037735849,0.490566037735849,0.490566037735849,dataset_3,1,random_visible,additive_ms,100.0,1,0.2452830188679245
Max-Z Residual STV,0.5316711590296497,0.5046183094618457,0.490566037735849,0.490566037735849,0.490566037735849,0.490566037735849,dataset_3,1,random_visible,additive_ms,100.0,1,0.2830188679245283
Raw STV + IF,0.542789757412399,0.5149946659584441,0.5094339622641509,0.5094339622641509,0.5094339622641509,0.5094339622641509,dataset_3,1,random_visible,additive_ms,100.0,3,0.5283018867924528
WR-STV k=1,0.5055592991913747,0.4934716494918614,0.490566037735849,0.490566037735849,0.490566037735849,0.490566037735849,dataset_3,1,random_visible,additive_ms,100.0,3,0.3962264150943396
Max-Z Residual STV,0.496799191374663,0.4896872620198809,0.4716981132075472,0.4716981132075472,0.4716981132075472,0.4716981132075472,dataset_3,1,random_visible,additive_ms,100.0,3,0.3962264150943396
Raw STV + IF,0.5424528301886793,0.5114378005033519,0.5094339622641509,0.5094339622641509,0.5094339622641509,0.5094339622641509,dataset_3,1,random_visible,additive_ms,250.0,1,0.5283018867924528
WR-STV k=1,0.5446428571428572,0.5341530672125385,0.5094339622641509,0.5094339622641509,0.5094339622641509,0.5094339622641509,dataset_3,1,random_visible,additive_ms,250.0,1,0.4150943396226415
Max-Z Residual STV,0.5436320754716981,0.5239105277107552,0.5094339622641509,0.5094339622641509,0.5094339622641509,0.5094339622641509,dataset_3,1,random_visible,additive_ms,250.0,1,0.3773584905660377
Raw STV + IF,0.5535714285714286,0.5275089091584916,0.5094339622641509,0.5094339622641509,0.5094339622641509,0.5094339622641509,dataset_3,1,random_visible,additive_ms,250.0,3,0.660377358490566
WR-STV k=1,0.5520552560646901,0.5363289180395131,0.5471698113207547,0.5471698113207547,0.5471698113207547,0.5471698113207547,dataset_3,1,random_visible,additive_ms,250.0,3,0.5471698113207547
Max-Z Residual STV,0.5400943396226414,0.5222212822336791,0.5094339622641509,0.5094339622641509,0.5094339622641509,0.5094339622641509,dataset_3,1,random_visible,additive_ms,250.0,3,0.5283018867924528
Raw STV + IF,0.5470013477088949,0.5141594394732921,0.5094339622641509,0.5094339622641509,0.5094339622641509,0.5094339622641509,dataset_3,1,random_visible,additive_ms,500.0,1,0.5849056603773585
WR-STV k=1,0.6105121293800538,0.5821334406822969,0.6037735849056604,0.6037735849056604,0.6037735849056604,0.6037735849056604,dataset_3,1,random_visible,additive_ms,500.0,1,0.490566037735849
Max-Z Residual STV,0.5940026954177897,0.5556456800704771,0.5660377358490566,0.5660377358490566,0.5660377358490566,0.5660377358490566,dataset_3,1,random_visible,additive_ms,500.0,1,0.5094339622641509
Raw STV + IF,0.565532345013477,0.5370420163399344,0.5283018867924528,0.5283018867924528,0.5283018867924528,0.5283018867924528,dataset_3,1,random_visible,additive_ms,500.0,3,0.7547169811320755
WR-STV k=1,0.6329177897574123,0.6002731947246491,0.6226415094339622,0.6226415094339622,0.6226415094339622,0.6226415094339622,dataset_3,1,random_visible,additive_ms,500.0,3,0.5849056603773585
Max-Z Residual STV,0.6132075471698113,0.5697531821479644,0.5660377358490566,0.5660377358490566,0.5660377358490566,0.5660377358490566,dataset_3,1,random_visible,additive_ms,500.0,3,0.5849056603773585
Raw STV + IF,0.5007756232686981,0.5022638821324799,0.4947368421052631,0.4947368421052631,0.4947368421052631,0.4947368421052631,dataset_1,2,random_visible,multiplicative,1.1,1,0.1578947368421052
WR-STV k=1,0.4980609418282549,0.4994227945691322,0.5052631578947369,0.5052631578947369,0.5052631578947369,0.5052631578947369,dataset_1,2,random_visible,multiplicative,1.1,1,0.1789473684210526
Max-Z Residual STV,0.4994459833795013,0.5006782444899984,0.5052631578947369,0.5052631578947369,0.5052631578947369,0.5052631578947369,dataset_1,2,random_visible,multiplicative,1.1,1,0.2210526315789473
Raw STV + IF,0.503213296398892,0.5041984644495192,0.4947368421052631,0.4947368421052631,0.4947368421052631,0.4947368421052631,dataset_1,2,random_visible,multiplicative,1.1,3,0.2842105263157894
WR-STV k=1,0.5023822714681441,0.5045634625277624,0.5157894736842106,0.5157894736842106,0.5157894736842106,0.5157894736842106,dataset_1,2,random_visible,multiplicative,1.1,3,0.3789473684210526
Max-Z Residual STV,0.5013850415512465,0.5030647962530596,0.5157894736842106,0.5157894736842106,0.5157894736842106,0.5157894736842106,dataset_1,2,random_visible,multiplicative,1.1,3,0.3789473684210526
Raw STV + IF,0.5073130193905817,0.5062482206515616,0.5052631578947369,0.5052631578947369,0.5052631578947369,0.5052631578947369,dataset_1,2,random_visible,multiplicative,1.25,1,0.3894736842105263
WR-STV k=1,0.4961772853185595,0.4967749796171071,0.5052631578947369,0.5052631578947369,0.5052631578947369,0.5052631578947369,dataset_1,2,random_visible,multiplicative,1.25,1,0.2210526315789473
Max-Z Residual STV,0.4993905817174515,0.501528657732482,0.4947368421052631,0.4947368421052631,0.4947368421052631,0.4947368421052631,dataset_1,2,random_visible,multiplicative,1.25,1,0.231578947368421
Raw STV + IF,0.5134626038781164,0.510037759486011,0.5263157894736842,0.5263157894736842,0.5263157894736842,0.5263157894736842,dataset_1,2,random_visible,multiplicative,1.25,3,0.5263157894736842
WR-STV k=1,0.5049307479224376,0.5053470743485736,0.5157894736842106,0.5157894736842106,0.5157894736842106,0.5157894736842106,dataset_1,2,random_visible,multiplicative,1.25,3,0.3789473684210526
Max-Z Residual STV,0.5040443213296399,0.5054596204408304,0.5052631578947369,0.5052631578947369,0.5052631578947369,0.5052631578947369,dataset_1,2,random_visible,multiplicative,1.25,3,0.3789473684210526
Raw STV + IF,0.5105817174515235,0.5084828778050537,0.5157894736842106,0.5157894736842106,0.5157894736842106,0.5157894736842106,dataset_1,2,random_visible,multiplicative,1.5,1,0.4526315789473684
WR-STV k=1,0.5001108033240997,0.5003559111919088,0.5157894736842106,0.5157894736842106,0.5157894736842106,0.5157894736842106,dataset_1,2,random_visible,multiplicative,1.5,1,0.2421052631578947
Max-Z Residual STV,0.5071468144044322,0.5058790326351585,0.4947368421052631,0.4947368421052631,0.4947368421052631,0.4947368421052631,dataset_1,2,random_visible,multiplicative,1.5,1,0.2842105263157894
Raw STV + IF,0.523601108033241,0.5192436970581622,0.5368421052631579,0.5368421052631579,0.5368421052631579,0.5368421052631579,dataset_1,2,random_visible,multiplicative,1.5,3,0.6631578947368421
WR-STV k=1,0.5121883656509695,0.511090483287181,0.5263157894736842,0.5263157894736842,0.5263157894736842,0.5263157894736842,dataset_1,2,random_visible,multiplicative,1.5,3,0.4210526315789473
Max-Z Residual STV,0.5121329639889196,0.5133846624331364,0.5052631578947369,0.5052631578947369,0.5052631578947369,0.5052631578947369,dataset_1,2,random_visible,multiplicative,1.5,3,0.4210526315789473
Raw STV + IF,0.5169529085872576,0.5117345784936134,0.5263157894736842,0.5263157894736842,0.5263157894736842,0.5263157894736842,dataset_1,2,random_visible,multiplicative,2.0,1,0.5578947368421052
WR-STV k=1,0.5130747922437673,0.5093271782427935,0.5263157894736842,0.5263157894736842,0.5263157894736842,0.5263157894736842,dataset_1,2,random_visible,multiplicative,2.0,1,0.3368421052631579
Max-Z Residual STV,0.528808864265928,0.5187353629309093,0.5263157894736842,0.5263157894736842,0.5263157894736842,0.5263157894736842,dataset_1,2,random_visible,multiplicative,2.0,1,0.3578947368421052
Raw STV + IF,0.5368975069252078,0.5277049354414749,0.5578947368421052,0.5578947368421052,0.5578947368421052,0.5578947368421052,dataset_1,2,random_visible,multiplicative,2.0,3,0.7578947368421053
WR-STV k=1,0.533185595567867,0.5286138675168222,0.5368421052631579,0.5368421052631579,0.5368421052631579,0.5368421052631579,dataset_1,2,random_visible,multiplicative,2.0,3,0.4631578947368421
Max-Z Residual STV,0.530858725761773,0.5287044748234635,0.5368421052631579,0.5368421052631579,0.5368421052631579,0.5368421052631579,dataset_1,2,random_visible,multiplicative,2.0,3,0.4526315789473684
Raw STV + IF,0.525207756232687,0.5184427229847779,0.5263157894736842,0.5263157894736842,0.5263157894736842,0.5263157894736842,dataset_1,2,random_visible,multiplicative,3.0,1,0.6526315789473685
WR-STV k=1,0.5480886426592797,0.530480373039053,0.5368421052631579,0.5368421052631579,0.5368421052631579,0.5368421052631579,dataset_1,2,random_visible,multiplicative,3.0,1,0.4210526315789473
Max-Z Residual STV,0.564819944598338,0.5379341828344869,0.5368421052631579,0.5368421052631579,0.5368421052631579,0.5368421052631579,dataset_1,2,random_visible,multiplicative,3.0,1,0.4210526315789473
Raw STV + IF,0.5546260387811633,0.5392439573003494,0.5789473684210527,0.5789473684210527,0.5789473684210527,0.5789473684210527,dataset_1,2,random_visible,multiplicative,3.0,3,0.8105263157894737
WR-STV k=1,0.5778393351800554,0.5675227995823742,0.5578947368421052,0.5578947368421052,0.5578947368421052,0.5578947368421052,dataset_1,2,random_visible,multiplicative,3.0,3,0.5473684210526316
Max-Z Residual STV,0.5831578947368421,0.558633721150182,0.5578947368421052,0.5578947368421052,0.5578947368421052,0.5578947368421052,dataset_1,2,random_visible,multiplicative,3.0,3,0.5263157894736842
Raw STV + IF,0.5374515235457065,0.5260824316233843,0.5263157894736842,0.5263157894736842,0.5263157894736842,0.5263157894736842,dataset_1,2,random_visible,multiplicative,5.0,1,0.7263157894736842
WR-STV k=1,0.6031578947368421,0.5734412936838194,0.5894736842105263,0.5894736842105263,0.5894736842105263,0.5894736842105263,dataset_1,2,random_visible,multiplicative,5.0,1,0.4842105263157895
Max-Z Residual STV,0.62,0.5738605400427736,0.6210526315789474,0.6210526315789474,0.6210526315789474,0.6210526315789474,dataset_1,2,random_visible,multiplicative,5.0,1,0.4842105263157895
Raw STV + IF,0.5742936288088643,0.5552332362967051,0.6,0.6,0.6,0.6,dataset_1,2,random_visible,multiplicative,5.0,3,0.8421052631578947
WR-STV k=1,0.653573407202216,0.64199792546356,0.6421052631578947,0.6421052631578947,0.6421052631578947,0.6421052631578947,dataset_1,2,random_visible,multiplicative,5.0,3,0.6421052631578947
Max-Z Residual STV,0.654792243767313,0.6055763756423531,0.6526315789473685,0.6526315789473685,0.6526315789473685,0.6526315789473685,dataset_1,2,random_visible,multiplicative,5.0,3,0.6210526315789474
Raw STV + IF,0.5470360110803324,0.5315762053697334,0.5473684210526316,0.5473684210526316,0.5473684210526316,0.5473684210526316,dataset_1,2,random_visible,multiplicative,10.0,1,0.7578947368421053
WR-STV k=1,0.6868144044321329,0.6459140858436802,0.6526315789473685,0.6526315789473685,0.6526315789473685,0.6526315789473685,dataset_1,2,random_visible,multiplicative,10.0,1,0.5684210526315789
Max-Z Residual STV,0.6956786703601108,0.6288689077155024,0.6736842105263158,0.6736842105263158,0.6736842105263158,0.6736842105263158,dataset_1,2,random_visible,multiplicative,10.0,1,0.5684210526315789
Raw STV + IF,0.5957894736842105,0.5719087905290978,0.631578947368421,0.631578947368421,0.631578947368421,0.631578947368421,dataset_1,2,random_visible,multiplicative,10.0,3,0.8631578947368421
WR-STV k=1,0.754792243767313,0.7484352240240668,0.7052631578947368,0.7052631578947368,0.7052631578947368,0.7052631578947368,dataset_1,2,random_visible,multiplicative,10.0,3,0.7578947368421053
Max-Z Residual STV,0.7427146814404433,0.6751294347015,0.7263157894736842,0.7263157894736842,0.7263157894736842,0.7263157894736842,dataset_1,2,random_visible,multiplicative,10.0,3,0.7263157894736842
Raw STV + IF,0.5554570637119113,0.5409043952899469,0.5473684210526316,0.5473684210526316,0.5473684210526316,0.5473684210526316,dataset_1,2,random_visible,multiplicative,20.0,1,0.7894736842105263
WR-STV k=1,0.7710249307479224,0.7337476842802758,0.7263157894736842,0.7263157894736842,0.7263157894736842,0.7263157894736842,dataset_1,2,random_visible,multiplicative,20.0,1,0.7052631578947368
Max-Z Residual STV,0.7736842105263158,0.6921014948996007,0.7263157894736842,0.7263157894736842,0.7263157894736842,0.7263157894736842,dataset_1,2,random_visible,multiplicative,20.0,1,0.7052631578947368
Raw STV + IF,0.6064819944598338,0.5804994827211498,0.6421052631578947,0.6421052631578947,0.6421052631578947,0.6421052631578947,dataset_1,2,random_visible,multiplicative,20.0,3,0.8736842105263158
WR-STV k=1,0.8329085872576176,0.8291094877085687,0.7578947368421053,0.7578947368421053,0.7578947368421053,0.7578947368421053,dataset_1,2,random_visible,multiplicative,20.0,3,0.8210526315789474
Max-Z Residual STV,0.8132409972299168,0.7389415672930342,0.7578947368421053,0.7578947368421053,0.7578947368421053,0.7578947368421053,dataset_1,2,random_visible,multiplicative,20.0,3,0.7789473684210526
Raw STV + IF,0.558005540166205,0.5424510087632157,0.5578947368421052,0.5578947368421052,0.5578947368421052,0.5578947368421052,dataset_1,2,random_visible,multiplicative,30.0,1,0.8
WR-STV k=1,0.8096398891966758,0.7773401099145781,0.7578947368421053,0.7578947368421053,0.7578947368421053,0.7578947368421053,dataset_1,2,random_visible,multiplicative,30.0,1,0.7684210526315789
Max-Z Residual STV,0.8042105263157895,0.7235545405746272,0.7578947368421053,0.7578947368421053,0.7578947368421053,0.7578947368421053,dataset_1,2,random_visible,multiplicative,30.0,1,0.7578947368421053
Raw STV + IF,0.6088642659279778,0.5841015790829822,0.6421052631578947,0.6421052631578947,0.6421052631578947,0.6421052631578947,dataset_1,2,random_visible,multiplicative,30.0,3,0.8842105263157894
WR-STV k=1,0.8665373961218836,0.8611305715220114,0.7684210526315789,0.7684210526315789,0.7684210526315789,0.7684210526315789,dataset_1,2,random_visible,multiplicative,30.0,3,0.8526315789473684
Max-Z Residual STV,0.8406648199445983,0.7696302453735612,0.7789473684210526,0.7789473684210526,0.7789473684210526,0.7789473684210526,dataset_1,2,random_visible,multiplicative,30.0,3,0.8
Raw STV + IF,0.5028254847645429,0.5045329361320158,0.4947368421052631,0.4947368421052631,0.4947368421052631,0.4947368421052631,dataset_1,2,largest_visible,multiplicative,1.1,1,0.2947368421052631
WR-STV k=1,0.4982271468144044,0.5013572945401349,0.5052631578947369,0.5052631578947369,0.5052631578947369,0.5052631578947369,dataset_1,2,largest_visible,multiplicative,1.1,1,0.2210526315789473
Max-Z Residual STV,0.49601108033241,0.499882711181981,0.4947368421052631,0.4947368421052631,0.4947368421052631,0.4947368421052631,dataset_1,2,largest_visible,multiplicative,1.1,1,0.2210526315789473
Raw STV + IF,0.5034349030470914,0.5050236279212421,0.4947368421052631,0.4947368421052631,0.4947368421052631,0.4947368421052631,dataset_1,2,largest_visible,multiplicative,1.1,3,0.3263157894736842
WR-STV k=1,0.5042105263157894,0.5061055283717307,0.5157894736842106,0.5157894736842106,0.5157894736842106,0.5157894736842106,dataset_1,2,largest_visible,multiplicative,1.1,3,0.4105263157894737
Max-Z Residual STV,0.5026592797783933,0.5045448522448801,0.5157894736842106,0.5157894736842106,0.5157894736842106,0.5157894736842106,dataset_1,2,largest_visible,multiplicative,1.1,3,0.4105263157894737
Raw STV + IF,0.5093074792243768,0.5133943741296412,0.5157894736842106,0.5157894736842106,0.5157894736842106,0.5157894736842106,dataset_1,2,largest_visible,multiplicative,1.25,1,0.4842105263157895
WR-STV k=1,0.4966759002770083,0.5021362266076671,0.5052631578947369,0.5052631578947369,0.5052631578947369,0.5052631578947369,dataset_1,2,largest_visible,multiplicative,1.25,1,0.2631578947368421
Max-Z Residual STV,0.4967867036011081,0.5008786538988649,0.5052631578947369,0.5052631578947369,0.5052631578947369,0.5052631578947369,dataset_1,2,largest_visible,multiplicative,1.25,1,0.2421052631578947
Raw STV + IF,0.514016620498615,0.5165185292781602,0.5263157894736842,0.5263157894736842,0.5263157894736842,0.5263157894736842,dataset_1,2,largest_visible,multiplicative,1.25,3,0.5684210526315789
WR-STV k=1,0.5085318559556786,0.5081025233014447,0.5263157894736842,0.5263157894736842,0.5263157894736842,0.5263157894736842,dataset_1,2,largest_visible,multiplicative,1.25,3,0.4105263157894737
Max-Z Residual STV,0.5073130193905817,0.5082467096170175,0.5263157894736842,0.5263157894736842,0.5263157894736842,0.5263157894736842,dataset_1,2,largest_visible,multiplicative,1.25,3,0.4105263157894737
Raw STV + IF,0.5149030470914128,0.5207853469300923,0.5263157894736842,0.5263157894736842,0.5263157894736842,0.5263157894736842,dataset_1,2,largest_visible,multiplicative,1.5,1,0.631578947368421
WR-STV k=1,0.5080886426592798,0.5102011943929325,0.5263157894736842,0.5263157894736842,0.5263157894736842,0.5263157894736842,dataset_1,2,largest_visible,multiplicative,1.5,1,0.2947368421052631
Max-Z Residual STV,0.5073684210526316,0.5086044135832136,0.5052631578947369,0.5052631578947369,0.5052631578947369,0.5052631578947369,dataset_1,2,largest_visible,multiplicative,1.5,1,0.2947368421052631
Raw STV + IF,0.5249307479224377,0.5287543477749492,0.5368421052631579,0.5368421052631579,0.5368421052631579,0.5368421052631579,dataset_1,2,largest_visible,multiplicative,1.5,3,0.6947368421052632
WR-STV k=1,0.5175623268698061,0.5161013714308493,0.5368421052631579,0.5368421052631579,0.5368421052631579,0.5368421052631579,dataset_1,2,largest_visible,multiplicative,1.5,3,0.4526315789473684
Max-Z Residual STV,0.5157340720221607,0.5169098226613056,0.5157894736842106,0.5157894736842106,0.5157894736842106,0.5157894736842106,dataset_1,2,largest_visible,multiplicative,1.5,3,0.4526315789473684
Raw STV + IF,0.5244321329639889,0.5271764703968415,0.5263157894736842,0.5263157894736842,0.5263157894736842,0.5263157894736842,dataset_1,2,largest_visible,multiplicative,2.0,1,0.6947368421052632
WR-STV k=1,0.5346260387811633,0.5256893412747289,0.5473684210526316,0.5473684210526316,0.5473684210526316,0.5473684210526316,dataset_1,2,largest_visible,multiplicative,2.0,1,0.4
Max-Z Residual STV,0.531634349030471,0.5203785316475149,0.5368421052631579,0.5368421052631579,0.5368421052631579,0.5368421052631579,dataset_1,2,largest_visible,multiplicative,2.0,1,0.3684210526315789
Raw STV + IF,0.5378947368421052,0.5369504438848762,0.5578947368421052,0.5578947368421052,0.5578947368421052,0.5578947368421052,dataset_1,2,largest_visible,multiplicative,2.0,3,0.7789473684210526
WR-STV k=1,0.5386703601108033,0.5336433508993663,0.5368421052631579,0.5368421052631579,0.5368421052631579,0.5368421052631579,dataset_1,2,largest_visible,multiplicative,2.0,3,0.4947368421052631
Max-Z Residual STV,0.535235457063712,0.5333759908332731,0.5368421052631579,0.5368421052631579,0.5368421052631579,0.5368421052631579,dataset_1,2,largest_visible,multiplicative,2.0,3,0.4842105263157895
Raw STV + IF,0.5384487534626039,0.5357570889071662,0.5473684210526316,0.5473684210526316,0.5473684210526316,0.5473684210526316,dataset_1,2,largest_visible,multiplicative,3.0,1,0.8210526315789474
WR-STV k=1,0.5890304709141274,0.5659919118040334,0.5684210526315789,0.5684210526315789,0.5684210526315789,0.5684210526315789,dataset_1,2,largest_visible,multiplicative,3.0,1,0.5052631578947369
Max-Z Residual STV,0.5807202216066482,0.5454336056270682,0.5578947368421052,0.5578947368421052,0.5578947368421052,0.5578947368421052,dataset_1,2,largest_visible,multiplicative,3.0,1,0.4842105263157895
Raw STV + IF,0.55601108033241,0.5496468584927242,0.5789473684210527,0.5789473684210527,0.5789473684210527,0.5789473684210527,dataset_1,2,largest_visible,multiplicative,3.0,3,0.8421052631578947
WR-STV k=1,0.5838227146814404,0.5748908277535152,0.5894736842105263,0.5894736842105263,0.5894736842105263,0.5894736842105263,dataset_1,2,largest_visible,multiplicative,3.0,3,0.5684210526315789
Max-Z Residual STV,0.5860387811634349,0.5619895981497763,0.5684210526315789,0.5684210526315789,0.5684210526315789,0.5684210526315789,dataset_1,2,largest_visible,multiplicative,3.0,3,0.5473684210526316
Raw STV + IF,0.5519113573407202,0.5424854734615181,0.5684210526315789,0.5684210526315789,0.5684210526315789,0.5684210526315789,dataset_1,2,largest_visible,multiplicative,5.0,1,0.8421052631578947
WR-STV k=1,0.6585041551246538,0.6335416430610328,0.6421052631578947,0.6421052631578947,0.6421052631578947,0.6421052631578947,dataset_1,2,largest_visible,multiplicative,5.0,1,0.6210526315789474
Max-Z Residual STV,0.6542382271468143,0.5916848014787512,0.6526315789473685,0.6526315789473685,0.6526315789473685,0.6526315789473685,dataset_1,2,largest_visible,multiplicative,5.0,1,0.5789473684210527
Raw STV + IF,0.5752908587257618,0.5624979523317805,0.6,0.6,0.6,0.6,dataset_1,2,largest_visible,multiplicative,5.0,3,0.8631578947368421
WR-STV k=1,0.6593905817174515,0.650840510319111,0.6421052631578947,0.6421052631578947,0.6421052631578947,0.6421052631578947,dataset_1,2,largest_visible,multiplicative,5.0,3,0.6947368421052632
Max-Z Residual STV,0.658393351800554,0.6095170836923132,0.6631578947368421,0.6631578947368421,0.6631578947368421,0.6631578947368421,dataset_1,2,largest_visible,multiplicative,5.0,3,0.6421052631578947
Raw STV + IF,0.5633240997229917,0.548520128460741,0.5684210526315789,0.5684210526315789,0.5684210526315789,0.5684210526315789,dataset_1,2,largest_visible,multiplicative,10.0,1,0.8526315789473684
WR-STV k=1,0.7465927977839335,0.7283216578664818,0.7052631578947368,0.7052631578947368,0.7052631578947368,0.7052631578947368,dataset_1,2,largest_visible,multiplicative,10.0,1,0.7368421052631579
Max-Z Residual STV,0.7356232686980609,0.650085070268924,0.7263157894736842,0.7263157894736842,0.7263157894736842,0.7263157894736842,dataset_1,2,largest_visible,multiplicative,10.0,1,0.6947368421052632
Raw STV + IF,0.596398891966759,0.5768494692469187,0.631578947368421,0.631578947368421,0.631578947368421,0.631578947368421,dataset_1,2,largest_visible,multiplicative,10.0,3,0.8631578947368421
WR-STV k=1,0.7605540166204986,0.7553284995604368,0.7052631578947368,0.7052631578947368,0.7052631578947368,0.7052631578947368,dataset_1,2,largest_visible,multiplicative,10.0,3,0.8
Max-Z Residual STV,0.7467590027700831,0.681106813788747,0.7263157894736842,0.7263157894736842,0.7263157894736842,0.7263157894736842,dataset_1,2,largest_visible,multiplicative,10.0,3,0.7578947368421053
Raw STV + IF,0.5732963988919667,0.5571106932283053,0.5894736842105263,0.5894736842105263,0.5894736842105263,0.5894736842105263,dataset_1,2,largest_visible,multiplicative,20.0,1,0.8631578947368421
WR-STV k=1,0.8219944598337952,0.8105811364706476,0.7578947368421053,0.7578947368421053,0.7578947368421053,0.7578947368421053,dataset_1,2,largest_visible,multiplicative,20.0,1,0.8
Max-Z Residual STV,0.8025484764542936,0.7127684776768016,0.7578947368421053,0.7578947368421053,0.7578947368421053,0.7578947368421053,dataset_1,2,largest_visible,multiplicative,20.0,1,0.7473684210526316
Raw STV + IF,0.608421052631579,0.5878664324814991,0.6421052631578947,0.6421052631578947,0.6421052631578947,0.6421052631578947,dataset_1,2,largest_visible,multiplicative,20.0,3,0.8736842105263158
WR-STV k=1,0.8397783933518005,0.8349782809989525,0.7578947368421053,0.7578947368421053,0.7578947368421053,0.7578947368421053,dataset_1,2,largest_visible,multiplicative,20.0,3,0.8421052631578947
Max-Z Residual STV,0.8183379501385042,0.7449185607221408,0.7789473684210526,0.7789473684210526,0.7789473684210526,0.7789473684210526,dataset_1,2,largest_visible,multiplicative,20.0,3,0.7894736842105263
Raw STV + IF,0.5745152354570637,0.5580987712568939,0.5894736842105263,0.5894736842105263,0.5894736842105263,0.5894736842105263,dataset_1,2,largest_visible,multiplicative,30.0,1,0.8631578947368421
WR-STV k=1,0.8578947368421053,0.8481864086801173,0.7578947368421053,0.7578947368421053,0.7578947368421053,0.7578947368421053,dataset_1,2,largest_visible,multiplicative,30.0,1,0.8631578947368421
Max-Z Residual STV,0.8294736842105264,0.7406146150864988,0.7789473684210526,0.7789473684210526,0.7789473684210526,0.7789473684210526,dataset_1,2,largest_visible,multiplicative,30.0,1,0.7789473684210526
Raw STV + IF,0.6107479224376731,0.590478553905988,0.6421052631578947,0.6421052631578947,0.6421052631578947,0.6421052631578947,dataset_1,2,largest_visible,multiplicative,30.0,3,0.8736842105263158
WR-STV k=1,0.8753462603878116,0.8707406178796723,0.8,0.8,0.8,0.8,dataset_1,2,largest_visible,multiplicative,30.0,3,0.8842105263157894
Max-Z Residual STV,0.8451523545706371,0.7733555412294351,0.7894736842105263,0.7894736842105263,0.7894736842105263,0.7894736842105263,dataset_1,2,largest_visible,multiplicative,30.0,3,0.8105263157894737
Raw STV + IF,0.5060941828254848,0.5037484043125052,0.5052631578947369,0.5052631578947369,0.5052631578947369,0.5052631578947369,dataset_1,2,random_visible,additive_ms,10.0,1,0.2105263157894736
WR-STV k=1,0.4798337950138504,0.4859177358835949,0.4842105263157895,0.4842105263157895,0.4842105263157895,0.4842105263157895,dataset_1,2,random_visible,additive_ms,10.0,1,0.1684210526315789
Max-Z Residual STV,0.4812742382271467,0.4911228166836383,0.4842105263157895,0.4842105263157895,0.4842105263157895,0.4842105263157895,dataset_1,2,random_visible,additive_ms,10.0,1,0.2
Raw STV + IF,0.5081994459833795,0.5061186986697628,0.5052631578947369,0.5052631578947369,0.5052631578947369,0.5052631578947369,dataset_1,2,random_visible,additive_ms,10.0,3,0.3473684210526316
WR-STV k=1,0.4744598337950138,0.4855746978294559,0.4947368421052631,0.4947368421052631,0.4947368421052631,0.4947368421052631,dataset_1,2,random_visible,additive_ms,10.0,3,0.3789473684210526
Max-Z Residual STV,0.4716897506925207,0.4874617479081202,0.4631578947368421,0.4631578947368421,0.4631578947368421,0.4631578947368421,dataset_1,2,random_visible,additive_ms,10.0,3,0.3684210526315789
Raw STV + IF,0.506814404432133,0.5056319146192497,0.5052631578947369,0.5052631578947369,0.5052631578947369,0.5052631578947369,dataset_1,2,random_visible,additive_ms,25.0,1,0.3368421052631579
WR-STV k=1,0.4646537396121883,0.4794022058092881,0.4736842105263157,0.4736842105263157,0.4736842105263157,0.4736842105263157,dataset_1,2,random_visible,additive_ms,25.0,1,0.1894736842105263
Max-Z Residual STV,0.4654293628808864,0.4850144829710539,0.4631578947368421,0.4631578947368421,0.4631578947368421,0.4631578947368421,dataset_1,2,random_visible,additive_ms,25.0,1,0.2
Raw STV + IF,0.5117451523545706,0.5089718021864449,0.5263157894736842,0.5263157894736842,0.5263157894736842,0.5263157894736842,dataset_1,2,random_visible,additive_ms,25.0,3,0.4526315789473684
WR-STV k=1,0.4554016620498615,0.4765838098723826,0.4736842105263157,0.4736842105263157,0.4736842105263157,0.4736842105263157,dataset_1,2,random_visible,additive_ms,25.0,3,0.3789473684210526
Max-Z Residual STV,0.4507479224376731,0.4784546626931859,0.4421052631578947,0.4421052631578947,0.4421052631578947,0.4421052631578947,dataset_1,2,random_visible,additive_ms,25.0,3,0.3789473684210526
Raw STV + IF,0.5134626038781164,0.5087057656331028,0.5263157894736842,0.5263157894736842,0.5263157894736842,0.5263157894736842,dataset_1,2,random_visible,additive_ms,50.0,1,0.4526315789473684
WR-STV k=1,0.4618282548476454,0.4809136890861616,0.4842105263157895,0.4842105263157895,0.4842105263157895,0.4842105263157895,dataset_1,2,random_visible,additive_ms,50.0,1,0.2210526315789473
Max-Z Residual STV,0.464819944598338,0.4868153723820658,0.4736842105263157,0.4736842105263157,0.4736842105263157,0.4736842105263157,dataset_1,2,random_visible,additive_ms,50.0,1,0.2526315789473684
Raw STV + IF,0.5216066481994459,0.5141260351265211,0.5368421052631579,0.5368421052631579,0.5368421052631579,0.5368421052631579,dataset_1,2,random_visible,additive_ms,50.0,3,0.6
WR-STV k=1,0.4479224376731301,0.4761707244889808,0.4842105263157895,0.4842105263157895,0.4842105263157895,0.4842105263157895,dataset_1,2,random_visible,additive_ms,50.0,3,0.4105263157894737
Max-Z Residual STV,0.4427146814404432,0.4770554201785997,0.4421052631578947,0.4421052631578947,0.4421052631578947,0.4421052631578947,dataset_1,2,random_visible,additive_ms,50.0,3,0.4105263157894737
Raw STV + IF,0.521994459833795,0.5127087011149905,0.5263157894736842,0.5263157894736842,0.5263157894736842,0.5263157894736842,dataset_1,2,random_visible,additive_ms,100.0,1,0.5473684210526316
WR-STV k=1,0.4709695290858725,0.4891855071167066,0.4947368421052631,0.4947368421052631,0.4947368421052631,0.4947368421052631,dataset_1,2,random_visible,additive_ms,100.0,1,0.2526315789473684
Max-Z Residual STV,0.4813296398891966,0.4982286580184444,0.4947368421052631,0.4947368421052631,0.4947368421052631,0.4947368421052631,dataset_1,2,random_visible,additive_ms,100.0,1,0.2842105263157894
Raw STV + IF,0.536786703601108,0.523669755873005,0.5473684210526316,0.5473684210526316,0.5473684210526316,0.5473684210526316,dataset_1,2,random_visible,additive_ms,100.0,3,0.6736842105263158
WR-STV k=1,0.4625484764542937,0.4877353123246426,0.4947368421052631,0.4947368421052631,0.4947368421052631,0.4947368421052631,dataset_1,2,random_visible,additive_ms,100.0,3,0.431578947368421
Max-Z Residual STV,0.4637673130193905,0.4885033444260306,0.4842105263157895,0.4842105263157895,0.4842105263157895,0.4842105263157895,dataset_1,2,random_visible,additive_ms,100.0,3,0.431578947368421
Raw STV + IF,0.5351246537396123,0.522110875835619,0.5263157894736842,0.5263157894736842,0.5263157894736842,0.5263157894736842,dataset_1,2,random_visible,additive_ms,250.0,1,0.6947368421052632
WR-STV k=1,0.5323545706371191,0.5238245549087296,0.5368421052631579,0.5368421052631579,0.5368421052631579,0.5368421052631579,dataset_1,2,random_visible,additive_ms,250.0,1,0.3789473684210526
Max-Z Residual STV,0.5443767313019392,0.5292381993193036,0.5473684210526316,0.5473684210526316,0.5473684210526316,0.5473684210526316,dataset_1,2,random_visible,additive_ms,250.0,1,0.4
Raw STV + IF,0.564819944598338,0.5450811476167561,0.6,0.6,0.6,0.6,dataset_1,2,random_visible,additive_ms,250.0,3,0.7894736842105263
WR-STV k=1,0.5694736842105262,0.5489509130290273,0.5894736842105263,0.5894736842105263,0.5894736842105263,0.5894736842105263,dataset_1,2,random_visible,additive_ms,250.0,3,0.5473684210526316
Max-Z Residual STV,0.5637119113573408,0.5395177259301654,0.5578947368421052,0.5578947368421052,0.5578947368421052,0.5578947368421052,dataset_1,2,random_visible,additive_ms,250.0,3,0.5368421052631579
Raw STV + IF,0.5482548476454294,0.5318464205610183,0.5473684210526316,0.5473684210526316,0.5473684210526316,0.5473684210526316,dataset_1,2,random_visible,additive_ms,500.0,1,0.7473684210526316
WR-STV k=1,0.6087534626038782,0.5795972241960594,0.5789473684210527,0.5789473684210527,0.5789473684210527,0.5789473684210527,dataset_1,2,random_visible,additive_ms,500.0,1,0.5263157894736842
Max-Z Residual STV,0.6183379501385041,0.5701568078292293,0.5789473684210527,0.5789473684210527,0.5789473684210527,0.5789473684210527,dataset_1,2,random_visible,additive_ms,500.0,1,0.5263157894736842
Raw STV + IF,0.5841551246537396,0.5599490498107679,0.631578947368421,0.631578947368421,0.631578947368421,0.631578947368421,dataset_1,2,random_visible,additive_ms,500.0,3,0.8210526315789474
WR-STV k=1,0.6593351800554016,0.6234366013352495,0.6421052631578947,0.6421052631578947,0.6421052631578947,0.6421052631578947,dataset_1,2,random_visible,additive_ms,500.0,3,0.6736842105263158
Max-Z Residual STV,0.6573407202216066,0.5963984623833745,0.6526315789473685,0.6526315789473685,0.6526315789473685,0.6526315789473685,dataset_1,2,random_visible,additive_ms,500.0,3,0.6947368421052632
Raw STV + IF,0.5837468982630273,0.5046177050701938,0.5,0.5,0.5,0.5,dataset_2,2,random_visible,multiplicative,1.1,1,0.0769230769230769
WR-STV k=1,0.5781637717121588,0.5051964709169054,0.5,0.5,0.5,0.5,dataset_2,2,random_visible,multiplicative,1.1,1,0.1923076923076923
Max-Z Residual STV,0.5744416873449132,0.5013055804604665,0.5,0.5,0.5,0.5,dataset_2,2,random_visible,multiplicative,1.1,1,0.1538461538461538
Raw STV + IF,0.5843672456575683,0.5059011824382095,0.5,0.5,0.5,0.5,dataset_2,2,random_visible,multiplicative,1.1,3,0.1538461538461538
WR-STV k=1,0.5744416873449132,0.5066806778916337,0.5,0.5,0.5,0.5,dataset_2,2,random_visible,multiplicative,1.1,3,0.3076923076923077
Max-Z Residual STV,0.575682382133995,0.5054470573929674,0.5,0.5,0.5,0.5,dataset_2,2,random_visible,multiplicative,1.1,3,0.3076923076923077
Raw STV + IF,0.5837468982630274,0.5050450554975442,0.5,0.5,0.5,0.5,dataset_2,2,random_visible,multiplicative,1.25,1,0.1153846153846153
WR-STV k=1,0.5732009925558312,0.5028230747989921,0.5,0.5,0.5,0.5,dataset_2,2,random_visible,multiplicative,1.25,1,0.1923076923076923
Max-Z Residual STV,0.5719602977667494,0.5004086988689667,0.5,0.5,0.5,0.5,dataset_2,2,random_visible,multiplicative,1.25,1,0.1538461538461538
Raw STV + IF,0.5893300248138958,0.5108774321787272,0.5,0.5,0.5,0.5,dataset_2,2,random_visible,multiplicative,1.25,3,0.2692307692307692
WR-STV k=1,0.5632754342431762,0.4939676608593356,0.4615384615384615,0.4615384615384615,0.4615384615384615,0.4615384615384615,dataset_2,2,random_visible,multiplicative,1.25,3,0.3461538461538461
Max-Z Residual STV,0.5732009925558312,0.5009269293897595,0.5,0.5,0.5,0.5,dataset_2,2,random_visible,multiplicative,1.25,3,0.3461538461538461
Raw STV + IF,0.5893300248138957,0.5142682530333967,0.5,0.5,0.5,0.5,dataset_2,2,random_visible,multiplicative,1.5,1,0.3076923076923077
WR-STV k=1,0.5725806451612903,0.5040728245237096,0.5,0.5,0.5,0.5,dataset_2,2,random_visible,multiplicative,1.5,1,0.2307692307692307
Max-Z Residual STV,0.5694789081885856,0.4999101505158667,0.5,0.5,0.5,0.5,dataset_2,2,random_visible,multiplicative,1.5,1,0.1538461538461538
Raw STV + IF,0.5942928039702233,0.5243639456652408,0.5,0.5,0.5,0.5,dataset_2,2,random_visible,multiplicative,1.5,3,0.4230769230769231
WR-STV k=1,0.5564516129032258,0.5016106844412478,0.5,0.5,0.5,0.5,dataset_2,2,random_visible,multiplicative,1.5,3,0.3461538461538461
Max-Z Residual STV,0.5707196029776674,0.5173851058076854,0.5384615384615384,0.5384615384615384,0.5384615384615384,0.5384615384615384,dataset_2,2,random_visible,multiplicative,1.5,3,0.3461538461538461
Raw STV + IF,0.5992555831265508,0.5324456027492082,0.5,0.5,0.5,0.5,dataset_2,2,random_visible,multiplicative,2.0,1,0.4230769230769231
WR-STV k=1,0.5725806451612903,0.5052855002664074,0.5,0.5,0.5,0.5,dataset_2,2,random_visible,multiplicative,2.0,1,0.2307692307692307
Max-Z Residual STV,0.5700992555831266,0.5016472504737369,0.5,0.5,0.5,0.5,dataset_2,2,random_visible,multiplicative,2.0,1,0.1923076923076923
Raw STV + IF,0.607940446650124,0.5429005973915475,0.5384615384615384,0.5384615384615384,0.5384615384615384,0.5384615384615384,dataset_2,2,random_visible,multiplicative,2.0,3,0.5
WR-STV k=1,0.5415632754342432,0.4935709425521763,0.5,0.5,0.5,0.5,dataset_2,2,random_visible,multiplicative,2.0,3,0.3461538461538461
Max-Z Residual STV,0.5583126550868487,0.5136001002429655,0.5,0.5,0.5,0.5,dataset_2,2,random_visible,multiplicative,2.0,3,0.3461538461538461
Raw STV + IF,0.6017369727047146,0.544356469660075,0.5,0.5,0.5,0.5,dataset_2,2,random_visible,multiplicative,3.0,1,0.5
WR-STV k=1,0.5843672456575683,0.5174372708706009,0.5384615384615384,0.5384615384615384,0.5384615384615384,0.5384615384615384,dataset_2,2,random_visible,multiplicative,3.0,1,0.2692307692307692
Max-Z Residual STV,0.5763027295285361,0.5072746761205504,0.5,0.5,0.5,0.5,dataset_2,2,random_visible,multiplicative,3.0,1,0.2692307692307692
Raw STV + IF,0.6135235732009926,0.5511270931180433,0.5384615384615384,0.5384615384615384,0.5384615384615384,0.5384615384615384,dataset_2,2,random_visible,multiplicative,3.0,3,0.5384615384615384
WR-STV k=1,0.5514888337468983,0.5009093029660647,0.5,0.5,0.5,0.5,dataset_2,2,random_visible,multiplicative,3.0,3,0.3461538461538461
Max-Z Residual STV,0.5632754342431762,0.5170253248344209,0.5384615384615384,0.5384615384615384,0.5384615384615384,0.5384615384615384,dataset_2,2,random_visible,multiplicative,3.0,3,0.3461538461538461
Raw STV + IF,0.6073200992555832,0.549455322990138,0.5,0.5,0.5,0.5,dataset_2,2,random_visible,multiplicative,5.0,1,0.6153846153846154
WR-STV k=1,0.6153846153846154,0.5565275812697021,0.5769230769230769,0.5769230769230769,0.5769230769230769,0.5769230769230769,dataset_2,2,random_visible,multiplicative,5.0,1,0.3846153846153846
Max-Z Residual STV,0.6011166253101737,0.5364085861824486,0.5384615384615384,0.5384615384615384,0.5384615384615384,0.5384615384615384,dataset_2,2,random_visible,multiplicative,5.0,1,0.3076923076923077
Raw STV + IF,0.6234491315136477,0.5699015948946824,0.5384615384615384,0.5384615384615384,0.5384615384615384,0.5384615384615384,dataset_2,2,random_visible,multiplicative,5.0,3,0.6538461538461539
WR-STV k=1,0.6066997518610422,0.5385648188490779,0.5769230769230769,0.5769230769230769,0.5769230769230769,0.5769230769230769,dataset_2,2,random_visible,multiplicative,5.0,3,0.5
Max-Z Residual STV,0.5930521091811414,0.5272747274357776,0.5384615384615384,0.5384615384615384,0.5384615384615384,0.5384615384615384,dataset_2,2,random_visible,multiplicative,5.0,3,0.4615384615384615
Raw STV + IF,0.619727047146402,0.5645618177567475,0.5384615384615384,0.5384615384615384,0.5384615384615384,0.5384615384615384,dataset_2,2,random_visible,multiplicative,10.0,1,0.6153846153846154
WR-STV k=1,0.674937965260546,0.6121640344826225,0.5769230769230769,0.5769230769230769,0.5769230769230769,0.5769230769230769,dataset_2,2,random_visible,multiplicative,10.0,1,0.5384615384615384
Max-Z Residual STV,0.6513647642679901,0.5699328418400353,0.5384615384615384,0.5384615384615384,0.5384615384615384,0.5384615384615384,dataset_2,2,random_visible,multiplicative,10.0,1,0.5384615384615384
Raw STV + IF,0.6321339950372209,0.5756752441380182,0.5384615384615384,0.5384615384615384,0.5384615384615384,0.5384615384615384,dataset_2,2,random_visible,multiplicative,10.0,3,0.6538461538461539
WR-STV k=1,0.6681141439205955,0.6137516813684427,0.5769230769230769,0.5769230769230769,0.5769230769230769,0.5769230769230769,dataset_2,2,random_visible,multiplicative,10.0,3,0.6538461538461539
Max-Z Residual STV,0.6612903225806451,0.5814713056125325,0.5384615384615384,0.5384615384615384,0.5384615384615384,0.5384615384615384,dataset_2,2,random_visible,multiplicative,10.0,3,0.6538461538461539
Raw STV + IF,0.6234491315136477,0.5664278953674818,0.5384615384615384,0.5384615384615384,0.5384615384615384,0.5384615384615384,dataset_2,2,random_visible,multiplicative,20.0,1,0.6538461538461539
WR-STV k=1,0.7332506203473945,0.6666975022280671,0.6153846153846154,0.6153846153846154,0.6153846153846154,0.6153846153846154,dataset_2,2,random_visible,multiplicative,20.0,1,0.6153846153846154
Max-Z Residual STV,0.6947890818858561,0.595233568169065,0.5769230769230769,0.5769230769230769,0.5769230769230769,0.5769230769230769,dataset_2,2,random_visible,multiplicative,20.0,1,0.6153846153846154
Raw STV + IF,0.6439205955334988,0.5839756146024061,0.5384615384615384,0.5384615384615384,0.5384615384615384,0.5384615384615384,dataset_2,2,random_visible,multiplicative,20.0,3,0.6923076923076923
WR-STV k=1,0.7406947890818858,0.6883898453845921,0.6538461538461539,0.6538461538461539,0.6538461538461539,0.6538461538461539,dataset_2,2,random_visible,multiplicative,20.0,3,0.6923076923076923
Max-Z Residual STV,0.706575682382134,0.6134644058404904,0.6153846153846154,0.6153846153846154,0.6153846153846154,0.6153846153846154,dataset_2,2,random_visible,multiplicative,20.0,3,0.6923076923076923
Raw STV + IF,0.6265508684863523,0.5681397347342396,0.5384615384615384,0.5384615384615384,0.5384615384615384,0.5384615384615384,dataset_2,2,random_visible,multiplicative,30.0,1,0.6923076923076923
WR-STV k=1,0.7655086848635235,0.7037053822630287,0.6923076923076923,0.6923076923076923,0.6923076923076923,0.6923076923076923,dataset_2,2,random_visible,multiplicative,30.0,1,0.6538461538461539
Max-Z Residual STV,0.7245657568238214,0.6108541759702866,0.6153846153846154,0.6153846153846154,0.6153846153846154,0.6153846153846154,dataset_2,2,random_visible,multiplicative,30.0,1,0.6538461538461539
Raw STV + IF,0.653225806451613,0.5914031791581332,0.5384615384615384,0.5384615384615384,0.5384615384615384,0.5384615384615384,dataset_2,2,random_visible,multiplicative,30.0,3,0.7307692307692307
WR-STV k=1,0.7866004962779157,0.7437020917457686,0.6923076923076923,0.6923076923076923,0.6923076923076923,0.6923076923076923,dataset_2,2,random_visible,multiplicative,30.0,3,0.7307692307692307
Max-Z Residual STV,0.7450372208436725,0.635795205860665,0.6153846153846154,0.6153846153846154,0.6153846153846154,0.6153846153846154,dataset_2,2,random_visible,multiplicative,30.0,3,0.7307692307692307
Raw STV + IF,0.5843672456575683,0.5052808350436685,0.5,0.5,0.5,0.5,dataset_2,2,largest_visible,multiplicative,1.1,1,0.1153846153846153
WR-STV k=1,0.5775434243176178,0.5016758761184201,0.5,0.5,0.5,0.5,dataset_2,2,largest_visible,multiplicative,1.1,1,0.1538461538461538
Max-Z Residual STV,0.5769230769230769,0.5015484954402236,0.5,0.5,0.5,0.5,dataset_2,2,largest_visible,multiplicative,1.1,1,0.1538461538461538
Raw STV + IF,0.5843672456575683,0.5059011824382095,0.5,0.5,0.5,0.5,dataset_2,2,largest_visible,multiplicative,1.1,3,0.1538461538461538
WR-STV k=1,0.575062034739454,0.5073438078651085,0.5,0.5,0.5,0.5,dataset_2,2,largest_visible,multiplicative,1.1,3,0.3461538461538461
Max-Z Residual STV,0.576302729528536,0.5064592031419551,0.5,0.5,0.5,0.5,dataset_2,2,largest_visible,multiplicative,1.1,3,0.3461538461538461
Raw STV + IF,0.5849875930521091,0.5063285328655599,0.5,0.5,0.5,0.5,dataset_2,2,largest_visible,multiplicative,1.25,1,0.1923076923076923
WR-STV k=1,0.575682382133995,0.5018564488323661,0.5384615384615384,0.5384615384615384,0.5384615384615384,0.5384615384615384,dataset_2,2,largest_visible,multiplicative,1.25,1,0.1923076923076923
Max-Z Residual STV,0.5781637717121588,0.5034901925386956,0.5,0.5,0.5,0.5,dataset_2,2,largest_visible,multiplicative,1.25,1,0.1538461538461538
Raw STV + IF,0.5893300248138958,0.5108774321787272,0.5,0.5,0.5,0.5,dataset_2,2,largest_visible,multiplicative,1.25,3,0.2692307692307692
WR-STV k=1,0.5676178660049628,0.5051194720111467,0.5,0.5,0.5,0.5,dataset_2,2,largest_visible,multiplicative,1.25,3,0.3461538461538461
Max-Z Residual STV,0.5775434243176178,0.5105985443245323,0.5,0.5,0.5,0.5,dataset_2,2,largest_visible,multiplicative,1.25,3,0.3461538461538461
Raw STV + IF,0.5887096774193549,0.5122507303262189,0.5,0.5,0.5,0.5,dataset_2,2,largest_visible,multiplicative,1.5,1,0.2692307692307692
WR-STV k=1,0.5800248138957816,0.5057711335952951,0.5384615384615384,0.5384615384615384,0.5384615384615384,0.5384615384615384,dataset_2,2,largest_visible,multiplicative,1.5,1,0.2307692307692307
Max-Z Residual STV,0.575682382133995,0.503524543051884,0.5,0.5,0.5,0.5,dataset_2,2,largest_visible,multiplicative,1.5,1,0.1538461538461538
Raw STV + IF,0.5942928039702233,0.5243639456652408,0.5,0.5,0.5,0.5,dataset_2,2,largest_visible,multiplicative,1.5,3,0.4230769230769231
WR-STV k=1,0.5620347394540943,0.5142022595328228,0.5,0.5,0.5,0.5,dataset_2,2,largest_visible,multiplicative,1.5,3,0.3461538461538461
Max-Z Residual STV,0.575062034739454,0.5273832775705631,0.5384615384615384,0.5384615384615384,0.5384615384615384,0.5384615384615384,dataset_2,2,largest_visible,multiplicative,1.5,3,0.3461538461538461
Raw STV + IF,0.5967741935483871,0.5280456867942523,0.5,0.5,0.5,0.5,dataset_2,2,largest_visible,multiplicative,2.0,1,0.4230769230769231
WR-STV k=1,0.5837468982630273,0.5086106657393852,0.5384615384615384,0.5384615384615384,0.5384615384615384,0.5384615384615384,dataset_2,2,largest_visible,multiplicative,2.0,1,0.2307692307692307
Max-Z Residual STV,0.5750620347394542,0.50388750631054,0.5,0.5,0.5,0.5,dataset_2,2,largest_visible,multiplicative,2.0,1,0.1923076923076923
Raw STV + IF,0.608560794044665,0.5621313666223168,0.5384615384615384,0.5384615384615384,0.5384615384615384,0.5384615384615384,dataset_2,2,largest_visible,multiplicative,2.0,3,0.5384615384615384
WR-STV k=1,0.5459057071960298,0.5066967056779395,0.5,0.5,0.5,0.5,dataset_2,2,largest_visible,multiplicative,2.0,3,0.3461538461538461
Max-Z Residual STV,0.5626550868486353,0.5240671972485241,0.5,0.5,0.5,0.5,dataset_2,2,largest_visible,multiplicative,2.0,3,0.3461538461538461
Raw STV + IF,0.6042183622828785,0.560023832923592,0.5384615384615384,0.5384615384615384,0.5384615384615384,0.5384615384615384,dataset_2,2,largest_visible,multiplicative,3.0,1,0.5
WR-STV k=1,0.5992555831265509,0.5203241237190311,0.5384615384615384,0.5384615384615384,0.5384615384615384,0.5384615384615384,dataset_2,2,largest_visible,multiplicative,3.0,1,0.2692307692307692
Max-Z Residual STV,0.586848635235732,0.511904796345069,0.5,0.5,0.5,0.5,dataset_2,2,largest_visible,multiplicative,3.0,1,0.2307692307692307
Raw STV + IF,0.6141439205955336,0.5703578623488125,0.5384615384615384,0.5384615384615384,0.5384615384615384,0.5384615384615384,dataset_2,2,largest_visible,multiplicative,3.0,3,0.5769230769230769
WR-STV k=1,0.5595533498759306,0.5175873109484205,0.5,0.5,0.5,0.5,dataset_2,2,largest_visible,multiplicative,3.0,3,0.3461538461538461
Max-Z Residual STV,0.5700992555831266,0.5303487566816084,0.5384615384615384,0.5384615384615384,0.5384615384615384,0.5384615384615384,dataset_2,2,largest_visible,multiplicative,3.0,3,0.3461538461538461
Raw STV + IF,0.608560794044665,0.5632450766837378,0.5384615384615384,0.5384615384615384,0.5384615384615384,0.5384615384615384,dataset_2,2,largest_visible,multiplicative,5.0,1,0.5769230769230769
WR-STV k=1,0.6333746898263026,0.5453678775971457,0.5769230769230769,0.5769230769230769,0.5769230769230769,0.5769230769230769,dataset_2,2,largest_visible,multiplicative,5.0,1,0.4615384615384615
Max-Z Residual STV,0.6129032258064517,0.5280730106109456,0.5384615384615384,0.5384615384615384,0.5384615384615384,0.5384615384615384,dataset_2,2,largest_visible,multiplicative,5.0,1,0.3461538461538461
Raw STV + IF,0.6240694789081886,0.5827221077151952,0.5384615384615384,0.5384615384615384,0.5384615384615384,0.5384615384615384,dataset_2,2,largest_visible,multiplicative,5.0,3,0.6538461538461539
WR-STV k=1,0.6135235732009925,0.5546057223899815,0.5769230769230769,0.5769230769230769,0.5769230769230769,0.5769230769230769,dataset_2,2,largest_visible,multiplicative,5.0,3,0.5
Max-Z Residual STV,0.5998759305210918,0.5407972625929283,0.5384615384615384,0.5384615384615384,0.5384615384615384,0.5384615384615384,dataset_2,2,largest_visible,multiplicative,5.0,3,0.4615384615384615
Raw STV + IF,0.6246898263027296,0.5864501237249324,0.5384615384615384,0.5384615384615384,0.5384615384615384,0.5384615384615384,dataset_2,2,largest_visible,multiplicative,10.0,1,0.6538461538461539
WR-STV k=1,0.6978908188585607,0.6119605452798736,0.5769230769230769,0.5769230769230769,0.5769230769230769,0.5769230769230769,dataset_2,2,largest_visible,multiplicative,10.0,1,0.6153846153846154
Max-Z Residual STV,0.6724565756823822,0.5744353415434493,0.5384615384615384,0.5384615384615384,0.5384615384615384,0.5384615384615384,dataset_2,2,largest_visible,multiplicative,10.0,1,0.5769230769230769
Raw STV + IF,0.6333746898263027,0.5949060133687873,0.5384615384615384,0.5384615384615384,0.5384615384615384,0.5384615384615384,dataset_2,2,largest_visible,multiplicative,10.0,3,0.6923076923076923
WR-STV k=1,0.674937965260546,0.626526773922947,0.5769230769230769,0.5769230769230769,0.5769230769230769,0.5769230769230769,dataset_2,2,largest_visible,multiplicative,10.0,3,0.6538461538461539
Max-Z Residual STV,0.6699751861042184,0.6011827404823383,0.5384615384615384,0.5384615384615384,0.5384615384615384,0.5384615384615384,dataset_2,2,largest_visible,multiplicative,10.0,3,0.6538461538461539
Raw STV + IF,0.6302729528535981,0.5917164243011069,0.5384615384615384,0.5384615384615384,0.5384615384615384,0.5384615384615384,dataset_2,2,largest_visible,multiplicative,20.0,1,0.6923076923076923
WR-STV k=1,0.7673697270471465,0.7090369318774377,0.6538461538461539,0.6538461538461539,0.6538461538461539,0.6538461538461539,dataset_2,2,largest_visible,multiplicative,20.0,1,0.6538461538461539
Max-Z Residual STV,0.7183622828784119,0.6022336925861216,0.6153846153846154,0.6153846153846154,0.6153846153846154,0.6153846153846154,dataset_2,2,largest_visible,multiplicative,20.0,1,0.6153846153846154
Raw STV + IF,0.6451612903225807,0.6032063838331753,0.5384615384615384,0.5384615384615384,0.5384615384615384,0.5384615384615384,dataset_2,2,largest_visible,multiplicative,20.0,3,0.7307692307692307
WR-STV k=1,0.7475186104218362,0.6980699763197838,0.6538461538461539,0.6538461538461539,0.6538461538461539,0.6538461538461539,dataset_2,2,largest_visible,multiplicative,20.0,3,0.6923076923076923
Max-Z Residual STV,0.7121588089330025,0.6246913325085934,0.6153846153846154,0.6153846153846154,0.6153846153846154,0.6153846153846154,dataset_2,2,largest_visible,multiplicative,20.0,3,0.6923076923076923
Raw STV + IF,0.6346153846153846,0.59408459570656,0.5384615384615384,0.5384615384615384,0.5384615384615384,0.5384615384615384,dataset_2,2,largest_visible,multiplicative,30.0,1,0.7307692307692307
WR-STV k=1,0.8021091811414391,0.756671394867465,0.6923076923076923,0.6923076923076923,0.6923076923076923,0.6923076923076923,dataset_2,2,largest_visible,multiplicative,30.0,1,0.6923076923076923
Max-Z Residual STV,0.7462779156327543,0.6201872676616171,0.6538461538461539,0.6538461538461539,0.6538461538461539,0.6538461538461539,dataset_2,2,largest_visible,multiplicative,30.0,1,0.6923076923076923
Raw STV + IF,0.6544665012406948,0.6106339483889024,0.5384615384615384,0.5384615384615384,0.5384615384615384,0.5384615384615384,dataset_2,2,largest_visible,multiplicative,30.0,3,0.7692307692307693
WR-STV k=1,0.793424317617866,0.752161648383463,0.6923076923076923,0.6923076923076923,0.6923076923076923,0.6923076923076923,dataset_2,2,largest_visible,multiplicative,30.0,3,0.7307692307692307
Max-Z Residual STV,0.7506203473945409,0.6469081834403607,0.6153846153846154,0.6153846153846154,0.6153846153846154,0.6153846153846154,dataset_2,2,largest_visible,multiplicative,30.0,3,0.7307692307692307
Raw STV + IF,0.5831265508684863,0.5042406311637081,0.5,0.5,0.5,0.5,dataset_2,2,random_visible,additive_ms,10.0,1,0.0384615384615384
WR-STV k=1,0.575682382133995,0.50308153474071,0.5,0.5,0.5,0.5,dataset_2,2,random_visible,additive_ms,10.0,1,0.1923076923076923
Max-Z Residual STV,0.5744416873449132,0.5013055804604665,0.5,0.5,0.5,0.5,dataset_2,2,random_visible,additive_ms,10.0,1,0.1538461538461538
Raw STV + IF,0.5843672456575683,0.5060735590811744,0.5,0.5,0.5,0.5,dataset_2,2,random_visible,additive_ms,10.0,3,0.1538461538461538
WR-STV k=1,0.5700992555831266,0.4933808756303908,0.5,0.5,0.5,0.5,dataset_2,2,random_visible,additive_ms,10.0,3,0.3076923076923077
Max-Z Residual STV,0.5713399503722085,0.4951517970977069,0.5,0.5,0.5,0.5,dataset_2,2,random_visible,additive_ms,10.0,3,0.3076923076923077
Raw STV + IF,0.5843672456575684,0.5058001827232597,0.5,0.5,0.5,0.5,dataset_2,2,random_visible,additive_ms,25.0,1,0.1538461538461538
WR-STV k=1,0.5732009925558312,0.5018228576306397,0.5,0.5,0.5,0.5,dataset_2,2,random_visible,additive_ms,25.0,1,0.1923076923076923
Max-Z Residual STV,0.5682382133995038,0.4961661894077627,0.5,0.5,0.5,0.5,dataset_2,2,random_visible,additive_ms,25.0,1,0.1538461538461538
Raw STV + IF,0.5862282878411911,0.5076654312612818,0.5,0.5,0.5,0.5,dataset_2,2,random_visible,additive_ms,25.0,3,0.2307692307692307
WR-STV k=1,0.5576923076923077,0.4822180414325154,0.4615384615384615,0.4615384615384615,0.4615384615384615,0.4615384615384615,dataset_2,2,random_visible,additive_ms,25.0,3,0.3076923076923077
Max-Z Residual STV,0.5638957816377171,0.4912946528146789,0.5,0.5,0.5,0.5,dataset_2,2,random_visible,additive_ms,25.0,3,0.3076923076923077
Raw STV + IF,0.5856079404466501,0.5067976040242863,0.5,0.5,0.5,0.5,dataset_2,2,random_visible,additive_ms,50.0,1,0.2307692307692307
WR-STV k=1,0.5682382133995038,0.4999531859913954,0.5,0.5,0.5,0.5,dataset_2,2,random_visible,additive_ms,50.0,1,0.1923076923076923
Max-Z Residual STV,0.5645161290322581,0.494304266496272,0.5,0.5,0.5,0.5,dataset_2,2,random_visible,additive_ms,50.0,1,0.1538461538461538
Raw STV + IF,0.5924317617866005,0.5190016608911913,0.5,0.5,0.5,0.5,dataset_2,2,random_visible,additive_ms,50.0,3,0.3846153846153846
WR-STV k=1,0.5465260545905708,0.4804604314274069,0.4615384615384615,0.4615384615384615,0.4615384615384615,0.4615384615384615,dataset_2,2,random_visible,additive_ms,50.0,3,0.3076923076923077
Max-Z Residual STV,0.5471464019851117,0.4921736373704944,0.5,0.5,0.5,0.5,dataset_2,2,random_visible,additive_ms,50.0,3,0.3076923076923077
Raw STV + IF,0.5905707196029777,0.5132874841793248,0.5,0.5,0.5,0.5,dataset_2,2,random_visible,additive_ms,100.0,1,0.3076923076923077
WR-STV k=1,0.5595533498759304,0.4966675945221862,0.5,0.5,0.5,0.5,dataset_2,2,random_visible,additive_ms,100.0,1,0.1923076923076923
Max-Z Residual STV,0.5583126550868487,0.4922787206104764,0.5,0.5,0.5,0.5,dataset_2,2,random_visible,additive_ms,100.0,1,0.1538461538461538
Raw STV + IF,0.6011166253101736,0.530996590450776,0.5384615384615384,0.5384615384615384,0.5384615384615384,0.5384615384615384,dataset_2,2,random_visible,additive_ms,100.0,3,0.5
WR-STV k=1,0.5254342431761787,0.4715894988749448,0.4615384615384615,0.4615384615384615,0.4615384615384615,0.4615384615384615,dataset_2,2,random_visible,additive_ms,100.0,3,0.3076923076923077
Max-Z Residual STV,0.533498759305211,0.4870504794303211,0.5,0.5,0.5,0.5,dataset_2,2,random_visible,additive_ms,100.0,3,0.3076923076923077
Raw STV + IF,0.5936724565756824,0.5286968664637071,0.5,0.5,0.5,0.5,dataset_2,2,random_visible,additive_ms,250.0,1,0.3846153846153846
WR-STV k=1,0.5601736972704714,0.49849903849138,0.5,0.5,0.5,0.5,dataset_2,2,random_visible,additive_ms,250.0,1,0.2307692307692307
Max-Z Residual STV,0.5669975186104218,0.4962747040814948,0.5,0.5,0.5,0.5,dataset_2,2,random_visible,additive_ms,250.0,1,0.1538461538461538
Raw STV + IF,0.608560794044665,0.5431205787497596,0.5384615384615384,0.5384615384615384,0.5384615384615384,0.5384615384615384,dataset_2,2,random_visible,additive_ms,250.0,3,0.5
WR-STV k=1,0.5179900744416873,0.4670405324980028,0.4230769230769231,0.4230769230769231,0.4230769230769231,0.4230769230769231,dataset_2,2,random_visible,additive_ms,250.0,3,0.3076923076923077
Max-Z Residual STV,0.5372208436724566,0.4882614299597346,0.5,0.5,0.5,0.5,dataset_2,2,random_visible,additive_ms,250.0,3,0.3076923076923077
Raw STV + IF,0.6079404466501241,0.5487376218200771,0.5,0.5,0.5,0.5,dataset_2,2,random_visible,additive_ms,500.0,1,0.5769230769230769
WR-STV k=1,0.5775434243176178,0.5073548215148962,0.5,0.5,0.5,0.5,dataset_2,2,random_visible,additive_ms,500.0,1,0.3461538461538461
Max-Z Residual STV,0.5713399503722084,0.4995672813938121,0.5,0.5,0.5,0.5,dataset_2,2,random_visible,additive_ms,500.0,1,0.2692307692307692
Raw STV + IF,0.6228287841191067,0.5632261605327255,0.5384615384615384,0.5384615384615384,0.5384615384615384,0.5384615384615384,dataset_2,2,random_visible,additive_ms,500.0,3,0.6153846153846154
WR-STV k=1,0.5607940446650124,0.4921319712359014,0.5,0.5,0.5,0.5,dataset_2,2,random_visible,additive_ms,500.0,3,0.5
Max-Z Residual STV,0.5713399503722085,0.5049386770664653,0.5,0.5,0.5,0.5,dataset_2,2,random_visible,additive_ms,500.0,3,0.5
Raw STV + IF,0.5125,0.5026615088002429,0.509090909090909,0.509090909090909,0.509090909090909,0.509090909090909,dataset_3,2,random_visible,multiplicative,1.1,1,0.1636363636363636
WR-STV k=1,0.5001623376623376,0.5006494385269654,0.4909090909090909,0.4909090909090909,0.4909090909090909,0.4909090909090909,dataset_3,2,random_visible,multiplicative,1.1,1,0.1454545454545454
Max-Z Residual STV,0.497077922077922,0.5001417896022547,0.509090909090909,0.509090909090909,0.509090909090909,0.509090909090909,dataset_3,2,random_visible,multiplicative,1.1,1,0.1818181818181818
Raw STV + IF,0.520616883116883,0.5117059142421176,0.5454545454545454,0.5454545454545454,0.5454545454545454,0.5454545454545454,dataset_3,2,random_visible,multiplicative,1.1,3,0.4
WR-STV k=1,0.5074675324675324,0.5125260835719678,0.4909090909090909,0.4909090909090909,0.4909090909090909,0.4909090909090909,dataset_3,2,random_visible,multiplicative,1.1,3,0.3454545454545454
Max-Z Residual STV,0.5063311688311688,0.5170126868129524,0.5272727272727272,0.5272727272727272,0.5272727272727272,0.5272727272727272,dataset_3,2,random_visible,multiplicative,1.1,3,0.3636363636363636
Raw STV + IF,0.5150974025974026,0.5040159934974869,0.509090909090909,0.509090909090909,0.509090909090909,0.509090909090909,dataset_3,2,random_visible,multiplicative,1.25,1,0.2363636363636363
WR-STV k=1,0.5027597402597402,0.502019116309184,0.509090909090909,0.509090909090909,0.509090909090909,0.509090909090909,dataset_3,2,random_visible,multiplicative,1.25,1,0.2
Max-Z Residual STV,0.500974025974026,0.5023928619116399,0.5272727272727272,0.5272727272727272,0.5272727272727272,0.5272727272727272,dataset_3,2,random_visible,multiplicative,1.25,1,0.2363636363636363
Raw STV + IF,0.525487012987013,0.5147214774126252,0.5454545454545454,0.5454545454545454,0.5454545454545454,0.5454545454545454,dataset_3,2,random_visible,multiplicative,1.25,3,0.5454545454545454
WR-STV k=1,0.5123376623376623,0.525782788819942,0.4909090909090909,0.4909090909090909,0.4909090909090909,0.4909090909090909,dataset_3,2,random_visible,multiplicative,1.25,3,0.3636363636363636
Max-Z Residual STV,0.5095779220779221,0.533227746813498,0.5272727272727272,0.5272727272727272,0.5272727272727272,0.5272727272727272,dataset_3,2,random_visible,multiplicative,1.25,3,0.3818181818181818
Raw STV + IF,0.5251623376623378,0.510727980696079,0.509090909090909,0.509090909090909,0.509090909090909,0.509090909090909,dataset_3,2,random_visible,multiplicative,1.5,1,0.4363636363636363
WR-STV k=1,0.512012987012987,0.5163534000393629,0.5272727272727272,0.5272727272727272,0.5272727272727272,0.5272727272727272,dataset_3,2,random_visible,multiplicative,1.5,1,0.2363636363636363
Max-Z Residual STV,0.50762987012987,0.5125642408193242,0.5272727272727272,0.5272727272727272,0.5272727272727272,0.5272727272727272,dataset_3,2,random_visible,multiplicative,1.5,1,0.2363636363636363
Raw STV + IF,0.5420454545454545,0.5226774907180978,0.5454545454545454,0.5454545454545454,0.5454545454545454,0.5454545454545454,dataset_3,2,random_visible,multiplicative,1.5,3,0.6181818181818182
WR-STV k=1,0.520616883116883,0.5455582715537893,0.509090909090909,0.509090909090909,0.509090909090909,0.509090909090909,dataset_3,2,random_visible,multiplicative,1.5,3,0.3636363636363636
Max-Z Residual STV,0.5202922077922078,0.5454699028485401,0.5454545454545454,0.5454545454545454,0.5454545454545454,0.5454545454545454,dataset_3,2,random_visible,multiplicative,1.5,3,0.4
Raw STV + IF,0.5350649350649351,0.5152528360066855,0.509090909090909,0.509090909090909,0.509090909090909,0.509090909090909,dataset_3,2,random_visible,multiplicative,2.0,1,0.509090909090909
WR-STV k=1,0.5253246753246754,0.5577607022341248,0.5454545454545454,0.5454545454545454,0.5454545454545454,0.5454545454545454,dataset_3,2,random_visible,multiplicative,2.0,1,0.3272727272727272
Max-Z Residual STV,0.5202922077922078,0.5432813238499578,0.5454545454545454,0.5454545454545454,0.5454545454545454,0.5454545454545454,dataset_3,2,random_visible,multiplicative,2.0,1,0.3272727272727272
Raw STV + IF,0.560551948051948,0.5357904334662652,0.5454545454545454,0.5454545454545454,0.5454545454545454,0.5454545454545454,dataset_3,2,random_visible,multiplicative,2.0,3,0.7272727272727273
WR-STV k=1,0.5334415584415584,0.5824610935798633,0.5454545454545454,0.5454545454545454,0.5454545454545454,0.5454545454545454,dataset_3,2,random_visible,multiplicative,2.0,3,0.4181818181818181
Max-Z Residual STV,0.5295454545454544,0.5723944488201581,0.5636363636363636,0.5636363636363636,0.5636363636363636,0.5636363636363636,dataset_3,2,random_visible,multiplicative,2.0,3,0.4545454545454545
Raw STV + IF,0.5420454545454546,0.5197999523544117,0.5272727272727272,0.5272727272727272,0.5272727272727272,0.5272727272727272,dataset_3,2,random_visible,multiplicative,3.0,1,0.5818181818181818
WR-STV k=1,0.573051948051948,0.615537142369695,0.5636363636363636,0.5636363636363636,0.5636363636363636,0.5636363636363636,dataset_3,2,random_visible,multiplicative,3.0,1,0.4363636363636363
Max-Z Residual STV,0.5689935064935064,0.5753660515351907,0.5636363636363636,0.5636363636363636,0.5636363636363636,0.5636363636363636,dataset_3,2,random_visible,multiplicative,3.0,1,0.4363636363636363
Raw STV + IF,0.5732142857142858,0.5439280877872187,0.5636363636363636,0.5636363636363636,0.5636363636363636,0.5636363636363636,dataset_3,2,random_visible,multiplicative,3.0,3,0.7818181818181819
WR-STV k=1,0.5756493506493506,0.6349361396321598,0.5636363636363636,0.5636363636363636,0.5636363636363636,0.5636363636363636,dataset_3,2,random_visible,multiplicative,3.0,3,0.509090909090909
Max-Z Residual STV,0.5733766233766233,0.6039165563985417,0.5636363636363636,0.5636363636363636,0.5636363636363636,0.5636363636363636,dataset_3,2,random_visible,multiplicative,3.0,3,0.5272727272727272
Raw STV + IF,0.5478896103896104,0.5257363784045191,0.5454545454545454,0.5454545454545454,0.5454545454545454,0.5454545454545454,dataset_3,2,random_visible,multiplicative,5.0,1,0.6727272727272727
WR-STV k=1,0.6407467532467532,0.6753418908028133,0.5636363636363636,0.5636363636363636,0.5636363636363636,0.5636363636363636,dataset_3,2,random_visible,multiplicative,5.0,1,0.5818181818181818
Max-Z Residual STV,0.6467532467532467,0.6458022053584073,0.5818181818181818,0.5818181818181818,0.5818181818181818,0.5818181818181818,dataset_3,2,random_visible,multiplicative,5.0,1,0.5454545454545454
Raw STV + IF,0.5891233766233767,0.558548328403843,0.6,0.6,0.6,0.6,dataset_3,2,random_visible,multiplicative,5.0,3,0.8545454545454545
WR-STV k=1,0.6344155844155844,0.6909459668341609,0.5636363636363636,0.5636363636363636,0.5636363636363636,0.5636363636363636,dataset_3,2,random_visible,multiplicative,5.0,3,0.6363636363636364
Max-Z Residual STV,0.6402597402597403,0.6647037341109332,0.5636363636363636,0.5636363636363636,0.5636363636363636,0.5636363636363636,dataset_3,2,random_visible,multiplicative,5.0,3,0.6545454545454545
Raw STV + IF,0.559090909090909,0.5332802940580996,0.5636363636363636,0.5636363636363636,0.5636363636363636,0.5636363636363636,dataset_3,2,random_visible,multiplicative,10.0,1,0.7272727272727273
WR-STV k=1,0.724025974025974,0.7470466645762699,0.6363636363636364,0.6363636363636364,0.6363636363636364,0.6363636363636364,dataset_3,2,random_visible,multiplicative,10.0,1,0.6727272727272727
Max-Z Residual STV,0.7397727272727272,0.7359640813537043,0.6545454545454545,0.6545454545454545,0.6545454545454545,0.6545454545454545,dataset_3,2,random_visible,multiplicative,10.0,1,0.6363636363636364
Raw STV + IF,0.6185064935064936,0.5779091149889727,0.6181818181818182,0.6181818181818182,0.6181818181818182,0.6181818181818182,dataset_3,2,random_visible,multiplicative,10.0,3,0.8727272727272727
WR-STV k=1,0.7193181818181819,0.7673554889835259,0.6363636363636364,0.6363636363636364,0.6363636363636364,0.6363636363636364,dataset_3,2,random_visible,multiplicative,10.0,3,0.7636363636363637
Max-Z Residual STV,0.7387987012987014,0.7611112749315254,0.6363636363636364,0.6363636363636364,0.6363636363636364,0.6363636363636364,dataset_3,2,random_visible,multiplicative,10.0,3,0.7636363636363637
Raw STV + IF,0.5636363636363636,0.5375796418009998,0.5636363636363636,0.5636363636363636,0.5636363636363636,0.5636363636363636,dataset_3,2,random_visible,multiplicative,20.0,1,0.7272727272727273
WR-STV k=1,0.7900974025974026,0.8082271500527388,0.7090909090909091,0.7090909090909091,0.7090909090909091,0.7090909090909091,dataset_3,2,random_visible,multiplicative,20.0,1,0.7272727272727273
Max-Z Residual STV,0.808116883116883,0.8029949463289077,0.7272727272727273,0.7272727272727273,0.7272727272727273,0.7272727272727273,dataset_3,2,random_visible,multiplicative,20.0,1,0.7272727272727273
Raw STV + IF,0.6245129870129871,0.5859013222194009,0.6181818181818182,0.6181818181818182,0.6181818181818182,0.6181818181818182,dataset_3,2,random_visible,multiplicative,20.0,3,0.8909090909090909
WR-STV k=1,0.7975649350649352,0.830750841215892,0.7090909090909091,0.7090909090909091,0.7090909090909091,0.7090909090909091,dataset_3,2,random_visible,multiplicative,20.0,3,0.8
Max-Z Residual STV,0.8222402597402597,0.8351593337809348,0.7454545454545455,0.7454545454545455,0.7454545454545455,0.7454545454545455,dataset_3,2,random_visible,multiplicative,20.0,3,0.8363636363636363
Raw STV + IF,0.5650974025974026,0.5388306960090264,0.5636363636363636,0.5636363636363636,0.5636363636363636,0.5636363636363636,dataset_3,2,random_visible,multiplicative,30.0,1,0.7636363636363637
WR-STV k=1,0.8147727272727273,0.8324597747080094,0.7090909090909091,0.7090909090909091,0.7090909090909091,0.7090909090909091,dataset_3,2,random_visible,multiplicative,30.0,1,0.7272727272727273
Max-Z Residual STV,0.8363636363636363,0.8380074224667529,0.7454545454545455,0.7454545454545455,0.7454545454545455,0.7454545454545455,dataset_3,2,random_visible,multiplicative,30.0,1,0.7272727272727273
Raw STV + IF,0.626461038961039,0.5877752447799045,0.6181818181818182,0.6181818181818182,0.6181818181818182,0.6181818181818182,dataset_3,2,random_visible,multiplicative,30.0,3,0.8909090909090909
WR-STV k=1,0.8310064935064935,0.8608872597536656,0.7636363636363637,0.7636363636363637,0.7636363636363637,0.7636363636363637,dataset_3,2,random_visible,multiplicative,30.0,3,0.8363636363636363
Max-Z Residual STV,0.8553571428571428,0.8654400909391997,0.7818181818181819,0.7818181818181819,0.7818181818181819,0.7818181818181819,dataset_3,2,random_visible,multiplicative,30.0,3,0.8545454545454545
Raw STV + IF,0.5181818181818182,0.5076934133385599,0.5454545454545454,0.5454545454545454,0.5454545454545454,0.5454545454545454,dataset_3,2,largest_visible,multiplicative,1.1,1,0.2909090909090909
WR-STV k=1,0.4949675324675325,0.4966548322339357,0.4909090909090909,0.4909090909090909,0.4909090909090909,0.4909090909090909,dataset_3,2,largest_visible,multiplicative,1.1,1,0.0909090909090909
Max-Z Residual STV,0.4922077922077922,0.4959525906491376,0.4909090909090909,0.4909090909090909,0.4909090909090909,0.4909090909090909,dataset_3,2,largest_visible,multiplicative,1.1,1,0.0727272727272727
Raw STV + IF,0.5206168831168831,0.5102917728279761,0.5454545454545454,0.5454545454545454,0.5454545454545454,0.5454545454545454,dataset_3,2,largest_visible,multiplicative,1.1,3,0.3818181818181818
WR-STV k=1,0.5022727272727272,0.5079000071868156,0.4909090909090909,0.4909090909090909,0.4909090909090909,0.4909090909090909,dataset_3,2,largest_visible,multiplicative,1.1,3,0.3454545454545454
Max-Z Residual STV,0.5021103896103896,0.5091839335815096,0.5272727272727272,0.5272727272727272,0.5272727272727272,0.5272727272727272,dataset_3,2,largest_visible,multiplicative,1.1,3,0.3636363636363636
Raw STV + IF,0.5238636363636363,0.5157100658968096,0.5454545454545454,0.5454545454545454,0.5454545454545454,0.5454545454545454,dataset_3,2,largest_visible,multiplicative,1.25,1,0.4727272727272727
WR-STV k=1,0.4920454545454545,0.4975457787049963,0.4727272727272727,0.4727272727272727,0.4727272727272727,0.4727272727272727,dataset_3,2,largest_visible,multiplicative,1.25,1,0.1818181818181818
Max-Z Residual STV,0.4949675324675325,0.4959567561983392,0.509090909090909,0.509090909090909,0.509090909090909,0.509090909090909,dataset_3,2,largest_visible,multiplicative,1.25,1,0.1454545454545454
Raw STV + IF,0.5262987012987013,0.5186792368249302,0.5454545454545454,0.5454545454545454,0.5454545454545454,0.5454545454545454,dataset_3,2,largest_visible,multiplicative,1.25,3,0.5818181818181818
WR-STV k=1,0.5051948051948052,0.5143092168947734,0.4909090909090909,0.4909090909090909,0.4909090909090909,0.4909090909090909,dataset_3,2,largest_visible,multiplicative,1.25,3,0.3636363636363636
Max-Z Residual STV,0.5040584415584415,0.5139156303872039,0.5272727272727272,0.5272727272727272,0.5272727272727272,0.5272727272727272,dataset_3,2,largest_visible,multiplicative,1.25,3,0.3818181818181818
Raw STV + IF,0.5352272727272727,0.5276494224255729,0.5454545454545454,0.5454545454545454,0.5454545454545454,0.5454545454545454,dataset_3,2,largest_visible,multiplicative,1.5,1,0.6363636363636364
WR-STV k=1,0.5011363636363637,0.5129455308211384,0.4909090909090909,0.4909090909090909,0.4909090909090909,0.4909090909090909,dataset_3,2,largest_visible,multiplicative,1.5,1,0.2545454545454545
Max-Z Residual STV,0.4933441558441558,0.4992735151346048,0.509090909090909,0.509090909090909,0.509090909090909,0.509090909090909,dataset_3,2,largest_visible,multiplicative,1.5,1,0.1818181818181818
Raw STV + IF,0.5439935064935064,0.5333019167970693,0.5454545454545454,0.5454545454545454,0.5454545454545454,0.5454545454545454,dataset_3,2,largest_visible,multiplicative,1.5,3,0.7090909090909091
WR-STV k=1,0.5133116883116884,0.5336357677972322,0.509090909090909,0.509090909090909,0.509090909090909,0.509090909090909,dataset_3,2,largest_visible,multiplicative,1.5,3,0.3636363636363636
Max-Z Residual STV,0.5147727272727273,0.5258956079718746,0.5454545454545454,0.5454545454545454,0.5454545454545454,0.5454545454545454,dataset_3,2,largest_visible,multiplicative,1.5,3,0.3818181818181818
Raw STV + IF,0.5454545454545454,0.5321316921933603,0.5454545454545454,0.5454545454545454,0.5454545454545454,0.5454545454545454,dataset_3,2,largest_visible,multiplicative,2.0,1,0.7090909090909091
WR-STV k=1,0.5219155844155844,0.5568568356291486,0.509090909090909,0.509090909090909,0.509090909090909,0.509090909090909,dataset_3,2,largest_visible,multiplicative,2.0,1,0.3454545454545454
Max-Z Residual STV,0.5069805194805195,0.5253815983057868,0.5272727272727272,0.5272727272727272,0.5272727272727272,0.5272727272727272,dataset_3,2,largest_visible,multiplicative,2.0,1,0.2727272727272727
Raw STV + IF,0.5618506493506493,0.5437702314460632,0.5454545454545454,0.5454545454545454,0.5454545454545454,0.5454545454545454,dataset_3,2,largest_visible,multiplicative,2.0,3,0.7818181818181819
WR-STV k=1,0.527922077922078,0.5728630969245302,0.5272727272727272,0.5272727272727272,0.5272727272727272,0.5272727272727272,dataset_3,2,largest_visible,multiplicative,2.0,3,0.4181818181818181
Max-Z Residual STV,0.525,0.5570190273070047,0.5636363636363636,0.5636363636363636,0.5636363636363636,0.5636363636363636,dataset_3,2,largest_visible,multiplicative,2.0,3,0.4545454545454545
Raw STV + IF,0.5564935064935065,0.5394769552398445,0.5454545454545454,0.5454545454545454,0.5454545454545454,0.5454545454545454,dataset_3,2,largest_visible,multiplicative,3.0,1,0.8
WR-STV k=1,0.5751623376623376,0.6331032188568205,0.5454545454545454,0.5454545454545454,0.5454545454545454,0.5454545454545454,dataset_3,2,largest_visible,multiplicative,3.0,1,0.4181818181818181
Max-Z Residual STV,0.5543831168831168,0.5513762554896643,0.5636363636363636,0.5636363636363636,0.5636363636363636,0.5636363636363636,dataset_3,2,largest_visible,multiplicative,3.0,1,0.3454545454545454
Raw STV + IF,0.5743506493506494,0.5519078857670165,0.5636363636363636,0.5636363636363636,0.5636363636363636,0.5636363636363636,dataset_3,2,largest_visible,multiplicative,3.0,3,0.8363636363636363
WR-STV k=1,0.5707792207792207,0.6279049232971559,0.5454545454545454,0.5454545454545454,0.5454545454545454,0.5454545454545454,dataset_3,2,largest_visible,multiplicative,3.0,3,0.509090909090909
Max-Z Residual STV,0.5714285714285714,0.5921357018087954,0.5636363636363636,0.5636363636363636,0.5636363636363636,0.5636363636363636,dataset_3,2,largest_visible,multiplicative,3.0,3,0.5272727272727272
Raw STV + IF,0.5644480519480519,0.5456257179443268,0.5454545454545454,0.5454545454545454,0.5454545454545454,0.5454545454545454,dataset_3,2,largest_visible,multiplicative,5.0,1,0.8727272727272727
WR-STV k=1,0.6535714285714285,0.6998274062927137,0.6,0.6,0.6,0.6,dataset_3,2,largest_visible,multiplicative,5.0,1,0.5454545454545454
Max-Z Residual STV,0.6261363636363636,0.5945058956139845,0.5636363636363636,0.5636363636363636,0.5636363636363636,0.5636363636363636,dataset_3,2,largest_visible,multiplicative,5.0,1,0.4727272727272727
Raw STV + IF,0.5902597402597404,0.5641038839593985,0.6,0.6,0.6,0.6,dataset_3,2,largest_visible,multiplicative,5.0,3,0.9090909090909092
WR-STV k=1,0.6301948051948052,0.6866172765880779,0.5636363636363636,0.5636363636363636,0.5636363636363636,0.5636363636363636,dataset_3,2,largest_visible,multiplicative,5.0,3,0.6363636363636364
Max-Z Residual STV,0.6399350649350649,0.6571723881178398,0.5636363636363636,0.5636363636363636,0.5636363636363636,0.5636363636363636,dataset_3,2,largest_visible,multiplicative,5.0,3,0.6545454545454545
Raw STV + IF,0.5847402597402598,0.5575062680668448,0.5818181818181818,0.5818181818181818,0.5818181818181818,0.5818181818181818,dataset_3,2,largest_visible,multiplicative,10.0,1,0.9090909090909092
WR-STV k=1,0.7415584415584415,0.7719838817760961,0.6545454545454545,0.6545454545454545,0.6545454545454545,0.6545454545454545,dataset_3,2,largest_visible,multiplicative,10.0,1,0.7272727272727273
Max-Z Residual STV,0.7326298701298701,0.6883736503693602,0.6545454545454545,0.6545454545454545,0.6545454545454545,0.6545454545454545,dataset_3,2,largest_visible,multiplicative,10.0,1,0.6727272727272727
Raw STV + IF,0.6196428571428572,0.5834646705445282,0.6181818181818182,0.6181818181818182,0.6181818181818182,0.6181818181818182,dataset_3,2,largest_visible,multiplicative,10.0,3,0.9272727272727272
WR-STV k=1,0.7175324675324675,0.7627929161177571,0.6363636363636364,0.6363636363636364,0.6363636363636364,0.6363636363636364,dataset_3,2,largest_visible,multiplicative,10.0,3,0.7454545454545455
Max-Z Residual STV,0.7373376623376624,0.7545398438226903,0.6363636363636364,0.6363636363636364,0.6363636363636364,0.6363636363636364,dataset_3,2,largest_visible,multiplicative,10.0,3,0.7454545454545455
Raw STV + IF,0.5944805194805195,0.566641152875412,0.5818181818181818,0.5818181818181818,0.5818181818181818,0.5818181818181818,dataset_3,2,largest_visible,multiplicative,20.0,1,0.9272727272727272
WR-STV k=1,0.8048701298701298,0.8277999552354435,0.7090909090909091,0.7090909090909091,0.7090909090909091,0.7090909090909091,dataset_3,2,largest_visible,multiplicative,20.0,1,0.7454545454545455
Max-Z Residual STV,0.810064935064935,0.782109625292479,0.7454545454545455,0.7454545454545455,0.7454545454545455,0.7454545454545455,dataset_3,2,largest_visible,multiplicative,20.0,1,0.7454545454545455
Raw STV + IF,0.6253246753246753,0.5904467767648555,0.6181818181818182,0.6181818181818182,0.6181818181818182,0.6181818181818182,dataset_3,2,largest_visible,multiplicative,20.0,3,0.9272727272727272
WR-STV k=1,0.7952922077922079,0.8279757831424669,0.7090909090909091,0.7090909090909091,0.7090909090909091,0.7090909090909091,dataset_3,2,largest_visible,multiplicative,20.0,3,0.8
Max-Z Residual STV,0.8212662337662338,0.8307065651902439,0.7454545454545455,0.7454545454545455,0.7454545454545455,0.7454545454545455,dataset_3,2,largest_visible,multiplicative,20.0,3,0.8363636363636363
Raw STV + IF,0.5970779220779221,0.568514043156126,0.5818181818181818,0.5818181818181818,0.5818181818181818,0.5818181818181818,dataset_3,2,largest_visible,multiplicative,30.0,1,0.9272727272727272
WR-STV k=1,0.8314935064935064,0.8533530675473852,0.7636363636363637,0.7636363636363637,0.7636363636363637,0.7636363636363637,dataset_3,2,largest_visible,multiplicative,30.0,1,0.8181818181818182
Max-Z Residual STV,0.8409090909090909,0.8275212584203925,0.7636363636363637,0.7636363636363637,0.7636363636363637,0.7636363636363637,dataset_3,2,largest_visible,multiplicative,30.0,1,0.7818181818181819
Raw STV + IF,0.6272727272727273,0.592320699325359,0.6181818181818182,0.6181818181818182,0.6181818181818182,0.6181818181818182,dataset_3,2,largest_visible,multiplicative,30.0,3,0.9272727272727272
WR-STV k=1,0.8297077922077921,0.8590003767612083,0.7636363636363637,0.7636363636363637,0.7636363636363637,0.7636363636363637,dataset_3,2,largest_visible,multiplicative,30.0,3,0.8545454545454545
Max-Z Residual STV,0.8540584415584416,0.8615493941392125,0.7818181818181819,0.7818181818181819,0.7818181818181819,0.7818181818181819,dataset_3,2,largest_visible,multiplicative,30.0,3,0.8363636363636363
Raw STV + IF,0.510551948051948,0.50161644348076,0.509090909090909,0.509090909090909,0.509090909090909,0.509090909090909,dataset_3,2,random_visible,additive_ms,10.0,1,0.0909090909090909
WR-STV k=1,0.5008116883116883,0.493925119370907,0.4909090909090909,0.4909090909090909,0.4909090909090909,0.4909090909090909,dataset_3,2,random_visible,additive_ms,10.0,1,0.1272727272727272
Max-Z Residual STV,0.5019480519480519,0.4987352129124892,0.509090909090909,0.509090909090909,0.509090909090909,0.509090909090909,dataset_3,2,random_visible,additive_ms,10.0,1,0.1636363636363636
Raw STV + IF,0.5159090909090909,0.5077609822851958,0.509090909090909,0.509090909090909,0.509090909090909,0.509090909090909,dataset_3,2,random_visible,additive_ms,10.0,3,0.2363636363636363
WR-STV k=1,0.5048701298701299,0.4968058921427024,0.4909090909090909,0.4909090909090909,0.4909090909090909,0.4909090909090909,dataset_3,2,random_visible,additive_ms,10.0,3,0.3272727272727272
Max-Z Residual STV,0.5048701298701298,0.5054354502930759,0.509090909090909,0.509090909090909,0.509090909090909,0.509090909090909,dataset_3,2,random_visible,additive_ms,10.0,3,0.3636363636363636
Raw STV + IF,0.5112012987012987,0.5038425579009026,0.509090909090909,0.509090909090909,0.509090909090909,0.509090909090909,dataset_3,2,random_visible,additive_ms,25.0,1,0.1636363636363636
WR-STV k=1,0.4928571428571428,0.4875170925389532,0.4909090909090909,0.4909090909090909,0.4909090909090909,0.4909090909090909,dataset_3,2,random_visible,additive_ms,25.0,1,0.1454545454545454
Max-Z Residual STV,0.4926948051948051,0.493366545535523,0.4909090909090909,0.4909090909090909,0.4909090909090909,0.4909090909090909,dataset_3,2,random_visible,additive_ms,25.0,1,0.1818181818181818
Raw STV + IF,0.5173701298701299,0.5095379276396725,0.5272727272727272,0.5272727272727272,0.5272727272727272,0.5272727272727272,dataset_3,2,random_visible,additive_ms,25.0,3,0.3090909090909091
WR-STV k=1,0.4896103896103896,0.4858571631919316,0.4909090909090909,0.4909090909090909,0.4909090909090909,0.4909090909090909,dataset_3,2,random_visible,additive_ms,25.0,3,0.3272727272727272
Max-Z Residual STV,0.4935064935064935,0.5090128785986445,0.509090909090909,0.509090909090909,0.509090909090909,0.509090909090909,dataset_3,2,random_visible,additive_ms,25.0,3,0.3636363636363636
Raw STV + IF,0.512012987012987,0.5042710870032518,0.509090909090909,0.509090909090909,0.509090909090909,0.509090909090909,dataset_3,2,random_visible,additive_ms,50.0,1,0.2181818181818181
WR-STV k=1,0.4829545454545454,0.4821956789554937,0.509090909090909,0.509090909090909,0.509090909090909,0.509090909090909,dataset_3,2,random_visible,additive_ms,50.0,1,0.1636363636363636
Max-Z Residual STV,0.4896103896103896,0.4924995444673247,0.509090909090909,0.509090909090909,0.509090909090909,0.509090909090909,dataset_3,2,random_visible,additive_ms,50.0,1,0.2
Raw STV + IF,0.5233766233766233,0.5150432517678901,0.5272727272727272,0.5272727272727272,0.5272727272727272,0.5272727272727272,dataset_3,2,random_visible,additive_ms,50.0,3,0.4909090909090909
WR-STV k=1,0.4689935064935065,0.4729418859847766,0.4727272727272727,0.4727272727272727,0.4727272727272727,0.4727272727272727,dataset_3,2,random_visible,additive_ms,50.0,3,0.3272727272727272
Max-Z Residual STV,0.4816558441558441,0.5006849697285392,0.4909090909090909,0.4909090909090909,0.4909090909090909,0.4909090909090909,dataset_3,2,random_visible,additive_ms,50.0,3,0.3636363636363636
Raw STV + IF,0.5193181818181818,0.5076995411246575,0.509090909090909,0.509090909090909,0.509090909090909,0.509090909090909,dataset_3,2,random_visible,additive_ms,100.0,1,0.4181818181818181
WR-STV k=1,0.4871753246753247,0.4879820027414998,0.4909090909090909,0.4909090909090909,0.4909090909090909,0.4909090909090909,dataset_3,2,random_visible,additive_ms,100.0,1,0.2
Max-Z Residual STV,0.4926948051948052,0.4967358278093932,0.509090909090909,0.509090909090909,0.509090909090909,0.509090909090909,dataset_3,2,random_visible,additive_ms,100.0,1,0.2181818181818181
Raw STV + IF,0.5387987012987012,0.5232999026515759,0.5454545454545454,0.5454545454545454,0.5454545454545454,0.5454545454545454,dataset_3,2,random_visible,additive_ms,100.0,3,0.6363636363636364
WR-STV k=1,0.4608766233766234,0.4721488030440389,0.4727272727272727,0.4727272727272727,0.4727272727272727,0.4727272727272727,dataset_3,2,random_visible,additive_ms,100.0,3,0.3454545454545454
Max-Z Residual STV,0.4780844155844156,0.4973594484607605,0.4909090909090909,0.4909090909090909,0.4909090909090909,0.4909090909090909,dataset_3,2,random_visible,additive_ms,100.0,3,0.3818181818181818
Raw STV + IF,0.5321428571428571,0.514288793962691,0.509090909090909,0.509090909090909,0.509090909090909,0.509090909090909,dataset_3,2,random_visible,additive_ms,250.0,1,0.5454545454545454
WR-STV k=1,0.5176948051948052,0.5224178248831612,0.5272727272727272,0.5272727272727272,0.5272727272727272,0.5272727272727272,dataset_3,2,random_visible,additive_ms,250.0,1,0.2909090909090909
Max-Z Residual STV,0.5155844155844156,0.5202183214141228,0.5454545454545454,0.5454545454545454,0.5454545454545454,0.5454545454545454,dataset_3,2,random_visible,additive_ms,250.0,1,0.2909090909090909
Raw STV + IF,0.5659090909090909,0.5401440089546127,0.5636363636363636,0.5636363636363636,0.5636363636363636,0.5636363636363636,dataset_3,2,random_visible,additive_ms,250.0,3,0.7454545454545455
WR-STV k=1,0.504383116883117,0.5267657134580124,0.4909090909090909,0.4909090909090909,0.4909090909090909,0.4909090909090909,dataset_3,2,random_visible,additive_ms,250.0,3,0.4363636363636363
Max-Z Residual STV,0.5183441558441558,0.5406996622862206,0.5454545454545454,0.5454545454545454,0.5454545454545454,0.5454545454545454,dataset_3,2,random_visible,additive_ms,250.0,3,0.4727272727272727
Raw STV + IF,0.5449675324675325,0.521555765368809,0.5454545454545454,0.5454545454545454,0.5454545454545454,0.5454545454545454,dataset_3,2,random_visible,additive_ms,500.0,1,0.6363636363636364
WR-STV k=1,0.558603896103896,0.5943282138902493,0.5454545454545454,0.5454545454545454,0.5454545454545454,0.5454545454545454,dataset_3,2,random_visible,additive_ms,500.0,1,0.4545454545454545
Max-Z Residual STV,0.5545454545454546,0.561106753433686,0.5818181818181818,0.5818181818181818,0.5818181818181818,0.5818181818181818,dataset_3,2,random_visible,additive_ms,500.0,1,0.4181818181818181
Raw STV + IF,0.5912337662337662,0.5580666447470723,0.5636363636363636,0.5636363636363636,0.5636363636363636,0.5636363636363636,dataset_3,2,random_visible,additive_ms,500.0,3,0.8
WR-STV k=1,0.5582792207792208,0.6174823879416841,0.5454545454545454,0.5454545454545454,0.5454545454545454,0.5454545454545454,dataset_3,2,random_visible,additive_ms,500.0,3,0.5272727272727272
Max-Z Residual STV,0.5774350649350649,0.6076695427881533,0.5636363636363636,0.5636363636363636,0.5636363636363636,0.5636363636363636,dataset_3,2,random_visible,additive_ms,500.0,3,0.5454545454545454
Raw STV + IF,0.501163434903047,0.501689130076055,0.5052631578947369,0.5052631578947369,0.5052631578947369,0.5052631578947369,dataset_1,3,random_visible,multiplicative,1.1,1,0.231578947368421
WR-STV k=1,0.4981163434903047,0.5065236135478625,0.4947368421052631,0.4947368421052631,0.4947368421052631,0.4947368421052631,dataset_1,3,random_visible,multiplicative,1.1,1,0.2736842105263158
Max-Z Residual STV,0.4991135734072022,0.5012950999391815,0.4947368421052631,0.4947368421052631,0.4947368421052631,0.4947368421052631,dataset_1,3,random_visible,multiplicative,1.1,1,0.2631578947368421
Raw STV + IF,0.5021052631578947,0.5024880878090436,0.5052631578947369,0.5052631578947369,0.5052631578947369,0.5052631578947369,dataset_1,3,random_visible,multiplicative,1.1,3,0.3368421052631579
WR-STV k=1,0.4957340720221607,0.5068911618772713,0.4842105263157895,0.4842105263157895,0.4842105263157895,0.4842105263157895,dataset_1,3,random_visible,multiplicative,1.1,3,0.3368421052631579
Max-Z Residual STV,0.4971745152354571,0.5011238440842856,0.4947368421052631,0.4947368421052631,0.4947368421052631,0.4947368421052631,dataset_1,3,random_visible,multiplicative,1.1,3,0.3578947368421052
Raw STV + IF,0.5033240997229917,0.503400375250543,0.5052631578947369,0.5052631578947369,0.5052631578947369,0.5052631578947369,dataset_1,3,random_visible,multiplicative,1.25,1,0.3578947368421052
WR-STV k=1,0.5024376731301938,0.5077227810916999,0.5052631578947369,0.5052631578947369,0.5052631578947369,0.5052631578947369,dataset_1,3,random_visible,multiplicative,1.25,1,0.2947368421052631
Max-Z Residual STV,0.5044875346260389,0.5030738886273972,0.4947368421052631,0.4947368421052631,0.4947368421052631,0.4947368421052631,dataset_1,3,random_visible,multiplicative,1.25,1,0.2947368421052631
Raw STV + IF,0.505207756232687,0.505954109060655,0.5052631578947369,0.5052631578947369,0.5052631578947369,0.5052631578947369,dataset_1,3,random_visible,multiplicative,1.25,3,0.4631578947368421
WR-STV k=1,0.5010526315789474,0.5097011450427609,0.5052631578947369,0.5052631578947369,0.5052631578947369,0.5052631578947369,dataset_1,3,random_visible,multiplicative,1.25,3,0.3684210526315789
Max-Z Residual STV,0.5006094182825485,0.5020123574477576,0.4947368421052631,0.4947368421052631,0.4947368421052631,0.4947368421052631,dataset_1,3,random_visible,multiplicative,1.25,3,0.3894736842105263
Raw STV + IF,0.5088642659279778,0.5066304826963328,0.5052631578947369,0.5052631578947369,0.5052631578947369,0.5052631578947369,dataset_1,3,random_visible,multiplicative,1.5,1,0.5473684210526316
WR-STV k=1,0.516786703601108,0.5127388499561663,0.4947368421052631,0.4947368421052631,0.4947368421052631,0.4947368421052631,dataset_1,3,random_visible,multiplicative,1.5,1,0.3368421052631579
Max-Z Residual STV,0.5171191135734072,0.5094651980314238,0.4842105263157895,0.4842105263157895,0.4842105263157895,0.4842105263157895,dataset_1,3,random_visible,multiplicative,1.5,1,0.3263157894736842
Raw STV + IF,0.5131301939058173,0.5137406570660745,0.5052631578947369,0.5052631578947369,0.5052631578947369,0.5052631578947369,dataset_1,3,random_visible,multiplicative,1.5,3,0.6210526315789474
WR-STV k=1,0.510415512465374,0.5114410022622019,0.4736842105263157,0.4736842105263157,0.4736842105263157,0.4736842105263157,dataset_1,3,random_visible,multiplicative,1.5,3,0.4210526315789473
Max-Z Residual STV,0.5106371191135735,0.5069519257475151,0.4842105263157895,0.4842105263157895,0.4842105263157895,0.4842105263157895,dataset_1,3,random_visible,multiplicative,1.5,3,0.431578947368421
Raw STV + IF,0.5151246537396121,0.508907540996838,0.5052631578947369,0.5052631578947369,0.5052631578947369,0.5052631578947369,dataset_1,3,random_visible,multiplicative,2.0,1,0.6105263157894737
WR-STV k=1,0.5427146814404432,0.5243692583759967,0.5052631578947369,0.5052631578947369,0.5052631578947369,0.5052631578947369,dataset_1,3,random_visible,multiplicative,2.0,1,0.3894736842105263
Max-Z Residual STV,0.5435457063711912,0.5200962135936165,0.4947368421052631,0.4947368421052631,0.4947368421052631,0.4947368421052631,dataset_1,3,random_visible,multiplicative,2.0,1,0.3894736842105263
Raw STV + IF,0.5218282548476455,0.5227478749214791,0.5052631578947369,0.5052631578947369,0.5052631578947369,0.5052631578947369,dataset_1,3,random_visible,multiplicative,2.0,3,0.7263157894736842
WR-STV k=1,0.5293074792243768,0.5214949847221207,0.4842105263157895,0.4842105263157895,0.4842105263157895,0.4842105263157895,dataset_1,3,random_visible,multiplicative,2.0,3,0.4631578947368421
Max-Z Residual STV,0.5289750692520776,0.5149785777218838,0.4947368421052631,0.4947368421052631,0.4947368421052631,0.4947368421052631,dataset_1,3,random_visible,multiplicative,2.0,3,0.4736842105263157
Raw STV + IF,0.5262049861495844,0.5154414059698836,0.5263157894736842,0.5263157894736842,0.5263157894736842,0.5263157894736842,dataset_1,3,random_visible,multiplicative,3.0,1,0.6736842105263158
WR-STV k=1,0.5853185595567867,0.5536037895557493,0.5473684210526316,0.5473684210526316,0.5473684210526316,0.5473684210526316,dataset_1,3,random_visible,multiplicative,3.0,1,0.431578947368421
Max-Z Residual STV,0.5824930747922438,0.5394751033534239,0.5473684210526316,0.5473684210526316,0.5473684210526316,0.5473684210526316,dataset_1,3,random_visible,multiplicative,3.0,1,0.431578947368421
Raw STV + IF,0.5398891966759003,0.5338541529519667,0.5473684210526316,0.5473684210526316,0.5473684210526316,0.5473684210526316,dataset_1,3,random_visible,multiplicative,3.0,3,0.8
WR-STV k=1,0.5793351800554016,0.5557315071384948,0.5368421052631579,0.5368421052631579,0.5368421052631579,0.5368421052631579,dataset_1,3,random_visible,multiplicative,3.0,3,0.5263157894736842
Max-Z Residual STV,0.5761218836565097,0.5396457944277231,0.5368421052631579,0.5368421052631579,0.5368421052631579,0.5368421052631579,dataset_1,3,random_visible,multiplicative,3.0,3,0.5263157894736842
Raw STV + IF,0.5334626038781164,0.5201149639021776,0.5368421052631579,0.5368421052631579,0.5368421052631579,0.5368421052631579,dataset_1,3,random_visible,multiplicative,5.0,1,0.7052631578947368
WR-STV k=1,0.6349030470914128,0.6042668512263445,0.6105263157894737,0.6105263157894737,0.6105263157894737,0.6105263157894737,dataset_1,3,random_visible,multiplicative,5.0,1,0.4842105263157895
Max-Z Residual STV,0.6323545706371192,0.5729212635761566,0.6105263157894737,0.6105263157894737,0.6105263157894737,0.6105263157894737,dataset_1,3,random_visible,multiplicative,5.0,1,0.4736842105263157
Raw STV + IF,0.555180055401662,0.545692779384632,0.5578947368421052,0.5578947368421052,0.5578947368421052,0.5578947368421052,dataset_1,3,random_visible,multiplicative,5.0,3,0.8842105263157894
WR-STV k=1,0.6612742382271468,0.634902955430272,0.6105263157894737,0.6105263157894737,0.6105263157894737,0.6105263157894737,dataset_1,3,random_visible,multiplicative,5.0,3,0.5684210526315789
Max-Z Residual STV,0.6534072022160665,0.589047173141749,0.6526315789473685,0.6526315789473685,0.6526315789473685,0.6526315789473685,dataset_1,3,random_visible,multiplicative,5.0,3,0.5578947368421052
Raw STV + IF,0.5424930747922438,0.5259907059350689,0.5368421052631579,0.5368421052631579,0.5368421052631579,0.5368421052631579,dataset_1,3,random_visible,multiplicative,10.0,1,0.7684210526315789
WR-STV k=1,0.7040443213296399,0.6837460207025539,0.6631578947368421,0.6631578947368421,0.6631578947368421,0.6631578947368421,dataset_1,3,random_visible,multiplicative,10.0,1,0.5684210526315789
Max-Z Residual STV,0.6908587257617728,0.614826323462113,0.6736842105263158,0.6736842105263158,0.6736842105263158,0.6736842105263158,dataset_1,3,random_visible,multiplicative,10.0,1,0.5789473684210527
Raw STV + IF,0.5658725761772853,0.5532231558743803,0.5578947368421052,0.5578947368421052,0.5578947368421052,0.5578947368421052,dataset_1,3,random_visible,multiplicative,10.0,3,0.8842105263157894
WR-STV k=1,0.7571745152354571,0.745480283349581,0.7052631578947368,0.7052631578947368,0.7052631578947368,0.7052631578947368,dataset_1,3,random_visible,multiplicative,10.0,3,0.7052631578947368
Max-Z Residual STV,0.7232686980609419,0.6426742755865195,0.7052631578947368,0.7052631578947368,0.7052631578947368,0.7052631578947368,dataset_1,3,random_visible,multiplicative,10.0,3,0.7052631578947368
Raw STV + IF,0.5474238227146815,0.5289588638639389,0.5368421052631579,0.5368421052631579,0.5368421052631579,0.5368421052631579,dataset_1,3,random_visible,multiplicative,20.0,1,0.7894736842105263
WR-STV k=1,0.7784487534626039,0.7630375505051297,0.7052631578947368,0.7052631578947368,0.7052631578947368,0.7052631578947368,dataset_1,3,random_visible,multiplicative,20.0,1,0.6526315789473685
Max-Z Residual STV,0.7506925207756232,0.6590159534235522,0.7157894736842105,0.7157894736842105,0.7157894736842105,0.7157894736842105,dataset_1,3,random_visible,multiplicative,20.0,1,0.6631578947368421
Raw STV + IF,0.5739058171745152,0.5586618686737765,0.5684210526315789,0.5684210526315789,0.5684210526315789,0.5684210526315789,dataset_1,3,random_visible,multiplicative,20.0,3,0.8947368421052632
WR-STV k=1,0.8263157894736843,0.8210240624557826,0.7368421052631579,0.7368421052631579,0.7368421052631579,0.7368421052631579,dataset_1,3,random_visible,multiplicative,20.0,3,0.7368421052631579
Max-Z Residual STV,0.7845429362880886,0.6908833738929493,0.7368421052631579,0.7368421052631579,0.7368421052631579,0.7368421052631579,dataset_1,3,random_visible,multiplicative,20.0,3,0.7368421052631579
Raw STV + IF,0.5512465373961218,0.5312732648207825,0.5368421052631579,0.5368421052631579,0.5368421052631579,0.5368421052631579,dataset_1,3,random_visible,multiplicative,30.0,1,0.8105263157894737
WR-STV k=1,0.8132963988919668,0.8009800023647713,0.7263157894736842,0.7263157894736842,0.7263157894736842,0.7263157894736842,dataset_1,3,random_visible,multiplicative,30.0,1,0.7263157894736842
Max-Z Residual STV,0.7788919667590027,0.6790774115014889,0.7368421052631579,0.7368421052631579,0.7368421052631579,0.7368421052631579,dataset_1,3,random_visible,multiplicative,30.0,1,0.7368421052631579
Raw STV + IF,0.5789473684210525,0.562705330050096,0.5789473684210527,0.5789473684210527,0.5789473684210527,0.5789473684210527,dataset_1,3,random_visible,multiplicative,30.0,3,0.9157894736842104
WR-STV k=1,0.8578947368421053,0.8575399033371354,0.7578947368421053,0.7578947368421053,0.7578947368421053,0.7578947368421053,dataset_1,3,random_visible,multiplicative,30.0,3,0.7473684210526316
Max-Z Residual STV,0.8113573407202216,0.7202672989767034,0.7578947368421053,0.7578947368421053,0.7578947368421053,0.7578947368421053,dataset_1,3,random_visible,multiplicative,30.0,3,0.7473684210526316
Raw STV + IF,0.5009418282548477,0.5017879461223568,0.5052631578947369,0.5052631578947369,0.5052631578947369,0.5052631578947369,dataset_1,3,largest_visible,multiplicative,1.1,1,0.2105263157894736
WR-STV k=1,0.4987257617728531,0.5083463235055218,0.4947368421052631,0.4947368421052631,0.4947368421052631,0.4947368421052631,dataset_1,3,largest_visible,multiplicative,1.1,1,0.2421052631578947
Max-Z Residual STV,0.4981717451523546,0.497992921035298,0.4947368421052631,0.4947368421052631,0.4947368421052631,0.4947368421052631,dataset_1,3,largest_visible,multiplicative,1.1,1,0.2105263157894736
Raw STV + IF,0.5028254847645429,0.5037429495062937,0.5052631578947369,0.5052631578947369,0.5052631578947369,0.5052631578947369,dataset_1,3,largest_visible,multiplicative,1.1,3,0.4
WR-STV k=1,0.4944598337950138,0.5066421333834301,0.4947368421052631,0.4947368421052631,0.4947368421052631,0.4947368421052631,dataset_1,3,largest_visible,multiplicative,1.1,3,0.3578947368421052
Max-Z Residual STV,0.4952908587257618,0.4949558800197134,0.4947368421052631,0.4947368421052631,0.4947368421052631,0.4947368421052631,dataset_1,3,largest_visible,multiplicative,1.1,3,0.3684210526315789
Raw STV + IF,0.5027146814404432,0.5032251896830597,0.4947368421052631,0.4947368421052631,0.4947368421052631,0.4947368421052631,dataset_1,3,largest_visible,multiplicative,1.25,1,0.3157894736842105
WR-STV k=1,0.5045983379501384,0.5114007828959315,0.4947368421052631,0.4947368421052631,0.4947368421052631,0.4947368421052631,dataset_1,3,largest_visible,multiplicative,1.25,1,0.2947368421052631
Max-Z Residual STV,0.505983379501385,0.5034728410411099,0.4947368421052631,0.4947368421052631,0.4947368421052631,0.4947368421052631,dataset_1,3,largest_visible,multiplicative,1.25,1,0.2842105263157894
Raw STV + IF,0.506371191135734,0.5077886103438212,0.5052631578947369,0.5052631578947369,0.5052631578947369,0.5052631578947369,dataset_1,3,largest_visible,multiplicative,1.25,3,0.5473684210526316
WR-STV k=1,0.5017728531855956,0.5121391851453696,0.5052631578947369,0.5052631578947369,0.5052631578947369,0.5052631578947369,dataset_1,3,largest_visible,multiplicative,1.25,3,0.3894736842105263
Max-Z Residual STV,0.5011080332409972,0.5024211989353082,0.4947368421052631,0.4947368421052631,0.4947368421052631,0.4947368421052631,dataset_1,3,largest_visible,multiplicative,1.25,3,0.4105263157894737
Raw STV + IF,0.5081440443213296,0.5062269490516038,0.5052631578947369,0.5052631578947369,0.5052631578947369,0.5052631578947369,dataset_1,3,largest_visible,multiplicative,1.5,1,0.5368421052631579
WR-STV k=1,0.5217728531855955,0.5217146370227443,0.5052631578947369,0.5052631578947369,0.5052631578947369,0.5052631578947369,dataset_1,3,largest_visible,multiplicative,1.5,1,0.3473684210526316
Max-Z Residual STV,0.5194459833795014,0.5124673017450295,0.4947368421052631,0.4947368421052631,0.4947368421052631,0.4947368421052631,dataset_1,3,largest_visible,multiplicative,1.5,1,0.3263157894736842
Raw STV + IF,0.5140720221606648,0.5120233964495882,0.5052631578947369,0.5052631578947369,0.5052631578947369,0.5052631578947369,dataset_1,3,largest_visible,multiplicative,1.5,3,0.6421052631578947
WR-STV k=1,0.5128531855955678,0.5188130683395766,0.4842105263157895,0.4842105263157895,0.4842105263157895,0.4842105263157895,dataset_1,3,largest_visible,multiplicative,1.5,3,0.4526315789473684
Max-Z Residual STV,0.5140720221606647,0.5110073629949277,0.4947368421052631,0.4947368421052631,0.4947368421052631,0.4947368421052631,dataset_1,3,largest_visible,multiplicative,1.5,3,0.4631578947368421
Raw STV + IF,0.5146814404432134,0.509173110748939,0.5052631578947369,0.5052631578947369,0.5052631578947369,0.5052631578947369,dataset_1,3,largest_visible,multiplicative,2.0,1,0.6210526315789474
WR-STV k=1,0.5509141274238227,0.5354690294310177,0.5368421052631579,0.5368421052631579,0.5368421052631579,0.5368421052631579,dataset_1,3,largest_visible,multiplicative,2.0,1,0.4105263157894737
Max-Z Residual STV,0.5473684210526316,0.5233601810797578,0.4947368421052631,0.4947368421052631,0.4947368421052631,0.4947368421052631,dataset_1,3,largest_visible,multiplicative,2.0,1,0.3894736842105263
Raw STV + IF,0.5238781163434904,0.5249769081622349,0.5052631578947369,0.5052631578947369,0.5052631578947369,0.5052631578947369,dataset_1,3,largest_visible,multiplicative,2.0,3,0.7473684210526316
WR-STV k=1,0.5330747922437673,0.5302038862146747,0.4842105263157895,0.4842105263157895,0.4842105263157895,0.4842105263157895,dataset_1,3,largest_visible,multiplicative,2.0,3,0.4947368421052631
Max-Z Residual STV,0.5361772853185596,0.5208855443412248,0.4947368421052631,0.4947368421052631,0.4947368421052631,0.4947368421052631,dataset_1,3,largest_visible,multiplicative,2.0,3,0.5052631578947369
Raw STV + IF,0.5260941828254847,0.5157069666352111,0.5157894736842106,0.5157894736842106,0.5157894736842106,0.5157894736842106,dataset_1,3,largest_visible,multiplicative,3.0,1,0.6842105263157895
WR-STV k=1,0.5971191135734072,0.5677489275044741,0.5578947368421052,0.5578947368421052,0.5578947368421052,0.5578947368421052,dataset_1,3,largest_visible,multiplicative,3.0,1,0.4421052631578947
Max-Z Residual STV,0.5898060941828255,0.5433962453585829,0.5473684210526316,0.5473684210526316,0.5473684210526316,0.5473684210526316,dataset_1,3,largest_visible,multiplicative,3.0,1,0.4421052631578947
Raw STV + IF,0.5414404432132964,0.5354054544222373,0.5473684210526316,0.5473684210526316,0.5473684210526316,0.5473684210526316,dataset_1,3,largest_visible,multiplicative,3.0,3,0.8
WR-STV k=1,0.5863711911357341,0.57122102401419,0.5368421052631579,0.5368421052631579,0.5368421052631579,0.5368421052631579,dataset_1,3,largest_visible,multiplicative,3.0,3,0.5473684210526316
Max-Z Residual STV,0.580387811634349,0.5447238434836033,0.5263157894736842,0.5263157894736842,0.5263157894736842,0.5263157894736842,dataset_1,3,largest_visible,multiplicative,3.0,3,0.5473684210526316
Raw STV + IF,0.5371191135734072,0.5216300760335687,0.5473684210526316,0.5473684210526316,0.5473684210526316,0.5473684210526316,dataset_1,3,largest_visible,multiplicative,5.0,1,0.7263157894736842
WR-STV k=1,0.6545152354570637,0.6197219441314199,0.6105263157894737,0.6105263157894737,0.6105263157894737,0.6105263157894737,dataset_1,3,largest_visible,multiplicative,5.0,1,0.5052631578947369
Max-Z Residual STV,0.6489196675900277,0.5801532098263946,0.6,0.6,0.6,0.6,dataset_1,3,largest_visible,multiplicative,5.0,1,0.4947368421052631
Raw STV + IF,0.5555124653739613,0.5451293228801984,0.5578947368421052,0.5578947368421052,0.5578947368421052,0.5578947368421052,dataset_1,3,largest_visible,multiplicative,5.0,3,0.8526315789473684
WR-STV k=1,0.6712465373961218,0.6512888717368529,0.6105263157894737,0.6105263157894737,0.6105263157894737,0.6105263157894737,dataset_1,3,largest_visible,multiplicative,5.0,3,0.6105263157894737
Max-Z Residual STV,0.6614958448753462,0.5977451385721968,0.6526315789473685,0.6526315789473685,0.6526315789473685,0.6526315789473685,dataset_1,3,largest_visible,multiplicative,5.0,3,0.6
Raw STV + IF,0.546426592797784,0.5268174364408527,0.5578947368421052,0.5578947368421052,0.5578947368421052,0.5578947368421052,dataset_1,3,largest_visible,multiplicative,10.0,1,0.7684210526315789
WR-STV k=1,0.7247645429362881,0.7037041694297583,0.6842105263157895,0.6842105263157895,0.6842105263157895,0.6842105263157895,dataset_1,3,largest_visible,multiplicative,10.0,1,0.631578947368421
Max-Z Residual STV,0.7065927977839335,0.6216598068500687,0.6947368421052632,0.6947368421052632,0.6947368421052632,0.6947368421052632,dataset_1,3,largest_visible,multiplicative,10.0,1,0.631578947368421
Raw STV + IF,0.5659833795013851,0.5518279646055759,0.5578947368421052,0.5578947368421052,0.5578947368421052,0.5578947368421052,dataset_1,3,largest_visible,multiplicative,10.0,3,0.8631578947368421
WR-STV k=1,0.7655955678670361,0.75944412389962,0.7052631578947368,0.7052631578947368,0.7052631578947368,0.7052631578947368,dataset_1,3,largest_visible,multiplicative,10.0,3,0.7263157894736842
Max-Z Residual STV,0.7305263157894737,0.65387316388204,0.7157894736842105,0.7157894736842105,0.7157894736842105,0.7157894736842105,dataset_1,3,largest_visible,multiplicative,10.0,3,0.7263157894736842
Raw STV + IF,0.5515789473684211,0.5297290678860206,0.5578947368421052,0.5578947368421052,0.5578947368421052,0.5578947368421052,dataset_1,3,largest_visible,multiplicative,20.0,1,0.7894736842105263
WR-STV k=1,0.7947922437673131,0.7819314181060402,0.7263157894736842,0.7263157894736842,0.7263157894736842,0.7263157894736842,dataset_1,3,largest_visible,multiplicative,20.0,1,0.7263157894736842
Max-Z Residual STV,0.7597229916897507,0.6601226470923962,0.7263157894736842,0.7263157894736842,0.7263157894736842,0.7263157894736842,dataset_1,3,largest_visible,multiplicative,20.0,1,0.7157894736842105
Raw STV + IF,0.5745152354570636,0.5573613635258144,0.5684210526315789,0.5684210526315789,0.5684210526315789,0.5684210526315789,dataset_1,3,largest_visible,multiplicative,20.0,3,0.8736842105263158
WR-STV k=1,0.8369529085872577,0.8365951969182339,0.7578947368421053,0.7578947368421053,0.7578947368421053,0.7578947368421053,dataset_1,3,largest_visible,multiplicative,20.0,3,0.7789473684210526
Max-Z Residual STV,0.7865927977839335,0.701195455074716,0.7368421052631579,0.7368421052631579,0.7368421052631579,0.7368421052631579,dataset_1,3,largest_visible,multiplicative,20.0,3,0.7789473684210526
Raw STV + IF,0.5556786703601108,0.5316542607532297,0.5578947368421052,0.5578947368421052,0.5578947368421052,0.5578947368421052,dataset_1,3,largest_visible,multiplicative,30.0,1,0.8105263157894737
WR-STV k=1,0.8345152354570637,0.8261410944018986,0.7368421052631579,0.7368421052631579,0.7368421052631579,0.7368421052631579,dataset_1,3,largest_visible,multiplicative,30.0,1,0.7578947368421053
Max-Z Residual STV,0.7873130193905817,0.6869787558780815,0.7368421052631579,0.7368421052631579,0.7368421052631579,0.7368421052631579,dataset_1,3,largest_visible,multiplicative,30.0,1,0.7578947368421053
Raw STV + IF,0.5793351800554016,0.560135519332814,0.5789473684210527,0.5789473684210527,0.5789473684210527,0.5789473684210527,dataset_1,3,largest_visible,multiplicative,30.0,3,0.8842105263157894
WR-STV k=1,0.8688642659279778,0.8717776142448878,0.8105263157894737,0.8105263157894737,0.8105263157894737,0.8105263157894737,dataset_1,3,largest_visible,multiplicative,30.0,3,0.7894736842105263
Max-Z Residual STV,0.8154016620498614,0.7338375423494219,0.7684210526315789,0.7684210526315789,0.7684210526315789,0.7684210526315789,dataset_1,3,largest_visible,multiplicative,30.0,3,0.7894736842105263
Raw STV + IF,0.5034349030470915,0.5025164272061785,0.5052631578947369,0.5052631578947369,0.5052631578947369,0.5052631578947369,dataset_1,3,random_visible,additive_ms,10.0,1,0.2421052631578947
WR-STV k=1,0.4852631578947368,0.5001959674761256,0.4631578947368421,0.4631578947368421,0.4631578947368421,0.4631578947368421,dataset_1,3,random_visible,additive_ms,10.0,1,0.2736842105263158
Max-Z Residual STV,0.4881994459833795,0.4962009642913924,0.4736842105263157,0.4736842105263157,0.4736842105263157,0.4736842105263157,dataset_1,3,random_visible,additive_ms,10.0,1,0.2526315789473684
Raw STV + IF,0.5037673130193906,0.5096663115061975,0.5052631578947369,0.5052631578947369,0.5052631578947369,0.5052631578947369,dataset_1,3,random_visible,additive_ms,10.0,3,0.3578947368421052
WR-STV k=1,0.4748476454293628,0.4934102999857775,0.4631578947368421,0.4631578947368421,0.4631578947368421,0.4631578947368421,dataset_1,3,random_visible,additive_ms,10.0,3,0.3368421052631579
Max-Z Residual STV,0.4773961218836565,0.4908165760100244,0.4631578947368421,0.4631578947368421,0.4631578947368421,0.4631578947368421,dataset_1,3,random_visible,additive_ms,10.0,3,0.3578947368421052
Raw STV + IF,0.5050415512465373,0.5046029604680803,0.5052631578947369,0.5052631578947369,0.5052631578947369,0.5052631578947369,dataset_1,3,random_visible,additive_ms,25.0,1,0.3473684210526316
WR-STV k=1,0.4802770083102493,0.4979487914679211,0.4631578947368421,0.4631578947368421,0.4631578947368421,0.4631578947368421,dataset_1,3,random_visible,additive_ms,25.0,1,0.2947368421052631
Max-Z Residual STV,0.4842105263157895,0.4945111033643712,0.4631578947368421,0.4631578947368421,0.4631578947368421,0.4631578947368421,dataset_1,3,random_visible,additive_ms,25.0,1,0.2736842105263158
Raw STV + IF,0.5053739612188366,0.5123007655247044,0.5052631578947369,0.5052631578947369,0.5052631578947369,0.5052631578947369,dataset_1,3,random_visible,additive_ms,25.0,3,0.4631578947368421
WR-STV k=1,0.4600000000000001,0.4828897353314344,0.4526315789473684,0.4526315789473684,0.4526315789473684,0.4526315789473684,dataset_1,3,random_visible,additive_ms,25.0,3,0.3684210526315789
Max-Z Residual STV,0.4618836565096954,0.4830897680374784,0.431578947368421,0.431578947368421,0.431578947368421,0.431578947368421,dataset_1,3,random_visible,additive_ms,25.0,3,0.3789473684210526
Raw STV + IF,0.5077562326869807,0.5066259891227936,0.5052631578947369,0.5052631578947369,0.5052631578947369,0.5052631578947369,dataset_1,3,random_visible,additive_ms,50.0,1,0.4526315789473684
WR-STV k=1,0.48797783933518,0.5006749590254274,0.4631578947368421,0.4631578947368421,0.4631578947368421,0.4631578947368421,dataset_1,3,random_visible,additive_ms,50.0,1,0.3368421052631579
Max-Z Residual STV,0.4909141274238227,0.4970714522149552,0.4736842105263157,0.4736842105263157,0.4736842105263157,0.4736842105263157,dataset_1,3,random_visible,additive_ms,50.0,1,0.3157894736842105
Raw STV + IF,0.5125761772853186,0.5194309721682944,0.5052631578947369,0.5052631578947369,0.5052631578947369,0.5052631578947369,dataset_1,3,random_visible,additive_ms,50.0,3,0.631578947368421
WR-STV k=1,0.4529085872576177,0.4779620216559407,0.431578947368421,0.431578947368421,0.431578947368421,0.431578947368421,dataset_1,3,random_visible,additive_ms,50.0,3,0.4210526315789473
Max-Z Residual STV,0.4559002770083102,0.4803251945684321,0.4421052631578947,0.4421052631578947,0.4421052631578947,0.4421052631578947,dataset_1,3,random_visible,additive_ms,50.0,3,0.431578947368421
Raw STV + IF,0.5131301939058172,0.5084821032325286,0.5052631578947369,0.5052631578947369,0.5052631578947369,0.5052631578947369,dataset_1,3,random_visible,additive_ms,100.0,1,0.5473684210526316
WR-STV k=1,0.5129639889196675,0.5110694452721023,0.4947368421052631,0.4947368421052631,0.4947368421052631,0.4947368421052631,dataset_1,3,random_visible,additive_ms,100.0,1,0.3684210526315789
Max-Z Residual STV,0.5122991689750692,0.505546330848712,0.4842105263157895,0.4842105263157895,0.4842105263157895,0.4842105263157895,dataset_1,3,random_visible,additive_ms,100.0,1,0.3578947368421052
Raw STV + IF,0.5157340720221606,0.5209384336338123,0.4947368421052631,0.4947368421052631,0.4947368421052631,0.4947368421052631,dataset_1,3,random_visible,additive_ms,100.0,3,0.6842105263157895
WR-STV k=1,0.4767313019390581,0.4887023684792199,0.4631578947368421,0.4631578947368421,0.4631578947368421,0.4631578947368421,dataset_1,3,random_visible,additive_ms,100.0,3,0.4736842105263157
Max-Z Residual STV,0.4820498614958449,0.4912486043564797,0.4631578947368421,0.4631578947368421,0.4631578947368421,0.4631578947368421,dataset_1,3,random_visible,additive_ms,100.0,3,0.4736842105263157
Raw STV + IF,0.5299168975069252,0.5185140599692986,0.5368421052631579,0.5368421052631579,0.5368421052631579,0.5368421052631579,dataset_1,3,random_visible,additive_ms,250.0,1,0.7263157894736842
WR-STV k=1,0.5873684210526315,0.5464606291107384,0.5684210526315789,0.5684210526315789,0.5684210526315789,0.5684210526315789,dataset_1,3,random_visible,additive_ms,250.0,1,0.4526315789473684
Max-Z Residual STV,0.5823268698060942,0.5370713623938511,0.5368421052631579,0.5368421052631579,0.5368421052631579,0.5368421052631579,dataset_1,3,random_visible,additive_ms,250.0,1,0.4526315789473684
Raw STV + IF,0.5440443213296399,0.5407510176104771,0.5368421052631579,0.5368421052631579,0.5368421052631579,0.5368421052631579,dataset_1,3,random_visible,additive_ms,250.0,3,0.8315789473684211
WR-STV k=1,0.578005540166205,0.5403587987446176,0.5684210526315789,0.5684210526315789,0.5684210526315789,0.5684210526315789,dataset_1,3,random_visible,additive_ms,250.0,3,0.5368421052631579
Max-Z Residual STV,0.5790027700831025,0.5379213438386736,0.5368421052631579,0.5368421052631579,0.5368421052631579,0.5368421052631579,dataset_1,3,random_visible,additive_ms,250.0,3,0.5368421052631579
Raw STV + IF,0.5371191135734072,0.523012483921093,0.5368421052631579,0.5368421052631579,0.5368421052631579,0.5368421052631579,dataset_1,3,random_visible,additive_ms,500.0,1,0.7684210526315789
WR-STV k=1,0.6595013850415512,0.5980080080519841,0.631578947368421,0.631578947368421,0.631578947368421,0.631578947368421,dataset_1,3,random_visible,additive_ms,500.0,1,0.5157894736842106
Max-Z Residual STV,0.6448199445983379,0.5728249268443087,0.6210526315789474,0.6210526315789474,0.6210526315789474,0.6210526315789474,dataset_1,3,random_visible,additive_ms,500.0,1,0.5263157894736842
Raw STV + IF,0.5593351800554017,0.5522935387031416,0.5578947368421052,0.5578947368421052,0.5578947368421052,0.5578947368421052,dataset_1,3,random_visible,additive_ms,500.0,3,0.9052631578947368
WR-STV k=1,0.6812742382271467,0.617858950121813,0.6526315789473685,0.6526315789473685,0.6526315789473685,0.6526315789473685,dataset_1,3,random_visible,additive_ms,500.0,3,0.6210526315789474
Max-Z Residual STV,0.665207756232687,0.5880068333643227,0.6631578947368421,0.6631578947368421,0.6631578947368421,0.6631578947368421,dataset_1,3,random_visible,additive_ms,500.0,3,0.631578947368421
Raw STV + IF,0.5512672811059908,0.5014758284266088,0.5,0.5,0.5,0.5,dataset_2,3,random_visible,multiplicative,1.1,1,0.0714285714285714
WR-STV k=1,0.5311059907834101,0.4999714424056695,0.5,0.5,0.5,0.5,dataset_2,3,random_visible,multiplicative,1.1,1,0.2142857142857142
Max-Z Residual STV,0.542626728110599,0.5014961684089333,0.5,0.5,0.5,0.5,dataset_2,3,random_visible,multiplicative,1.1,1,0.1428571428571428
Raw STV + IF,0.5524193548387097,0.5082140409529986,0.5,0.5,0.5,0.5,dataset_2,3,random_visible,multiplicative,1.1,3,0.1428571428571428
WR-STV k=1,0.5293778801843319,0.5038103409567083,0.5,0.5,0.5,0.5,dataset_2,3,random_visible,multiplicative,1.1,3,0.3214285714285714
Max-Z Residual STV,0.5420506912442397,0.507507882945502,0.5357142857142857,0.5357142857142857,0.5357142857142857,0.5357142857142857,dataset_2,3,random_visible,multiplicative,1.1,3,0.3214285714285714
Raw STV + IF,0.5529953917050691,0.5045386642083385,0.5,0.5,0.5,0.5,dataset_2,3,random_visible,multiplicative,1.25,1,0.1428571428571428
WR-STV k=1,0.5195852534562212,0.4979775506064105,0.5,0.5,0.5,0.5,dataset_2,3,random_visible,multiplicative,1.25,1,0.2142857142857142
Max-Z Residual STV,0.5334101382488479,0.4961632081378426,0.4642857142857143,0.4642857142857143,0.4642857142857143,0.4642857142857143,dataset_2,3,random_visible,multiplicative,1.25,1,0.1428571428571428
Raw STV + IF,0.5529953917050692,0.5107942512521029,0.5,0.5,0.5,0.5,dataset_2,3,random_visible,multiplicative,1.25,3,0.2142857142857142
WR-STV k=1,0.5178571428571428,0.5005832698006663,0.5,0.5,0.5,0.5,dataset_2,3,random_visible,multiplicative,1.25,3,0.3214285714285714
Max-Z Residual STV,0.5357142857142857,0.5108685064884612,0.5,0.5,0.5,0.5,dataset_2,3,random_visible,multiplicative,1.25,3,0.3214285714285714
Raw STV + IF,0.5524193548387096,0.5107227053923797,0.5,0.5,0.5,0.5,dataset_2,3,random_visible,multiplicative,1.5,1,0.2142857142857142
WR-STV k=1,0.5,0.48977054655691,0.4642857142857143,0.4642857142857143,0.4642857142857143,0.4642857142857143,dataset_2,3,random_visible,multiplicative,1.5,1,0.2142857142857142
Max-Z Residual STV,0.5264976958525346,0.4937038513186956,0.4642857142857143,0.4642857142857143,0.4642857142857143,0.4642857142857143,dataset_2,3,random_visible,multiplicative,1.5,1,0.2142857142857142
Raw STV + IF,0.560483870967742,0.5178327022191254,0.5,0.5,0.5,0.5,dataset_2,3,random_visible,multiplicative,1.5,3,0.3928571428571428
WR-STV k=1,0.4879032258064516,0.4848891956406602,0.4285714285714285,0.4285714285714285,0.4285714285714285,0.4285714285714285,dataset_2,3,random_visible,multiplicative,1.5,3,0.3571428571428571
Max-Z Residual STV,0.5253456221198156,0.5055186518685986,0.5,0.5,0.5,0.5,dataset_2,3,random_visible,multiplicative,1.5,3,0.3571428571428571
Raw STV + IF,0.5570276497695852,0.5130801917558031,0.5,0.5,0.5,0.5,dataset_2,3,random_visible,multiplicative,2.0,1,0.3928571428571428
WR-STV k=1,0.4936635944700461,0.4907941049615771,0.4285714285714285,0.4285714285714285,0.4285714285714285,0.4285714285714285,dataset_2,3,random_visible,multiplicative,2.0,1,0.25
Max-Z Residual STV,0.5276497695852534,0.4958841353304283,0.4642857142857143,0.4642857142857143,0.4642857142857143,0.4642857142857143,dataset_2,3,random_visible,multiplicative,2.0,1,0.2142857142857142
Raw STV + IF,0.5714285714285714,0.5227931557098384,0.5,0.5,0.5,0.5,dataset_2,3,random_visible,multiplicative,2.0,3,0.5
WR-STV k=1,0.4798387096774193,0.4859996270442335,0.4285714285714285,0.4285714285714285,0.4285714285714285,0.4285714285714285,dataset_2,3,random_visible,multiplicative,2.0,3,0.3928571428571428
Max-Z Residual STV,0.5264976958525346,0.5082460606181176,0.5357142857142857,0.5357142857142857,0.5357142857142857,0.5357142857142857,dataset_2,3,random_visible,multiplicative,2.0,3,0.4285714285714285
Raw STV + IF,0.5673963133640554,0.5228728902721919,0.5,0.5,0.5,0.5,dataset_2,3,random_visible,multiplicative,3.0,1,0.6071428571428571
WR-STV k=1,0.5005760368663594,0.4966178022940138,0.4642857142857143,0.4642857142857143,0.4642857142857143,0.4642857142857143,dataset_2,3,random_visible,multiplicative,3.0,1,0.3214285714285714
Max-Z Residual STV,0.5316820276497696,0.5009047131833356,0.5,0.5,0.5,0.5,dataset_2,3,random_visible,multiplicative,3.0,1,0.25
Raw STV + IF,0.5783410138248848,0.528995193725134,0.5357142857142857,0.5357142857142857,0.5357142857142857,0.5357142857142857,dataset_2,3,random_visible,multiplicative,3.0,3,0.6071428571428571
WR-STV k=1,0.4959677419354838,0.5047679270734675,0.4642857142857143,0.4642857142857143,0.4642857142857143,0.4642857142857143,dataset_2,3,random_visible,multiplicative,3.0,3,0.4285714285714285
Max-Z Residual STV,0.5391705069124424,0.5195247053978349,0.5,0.5,0.5,0.5,dataset_2,3,random_visible,multiplicative,3.0,3,0.4285714285714285
Raw STV + IF,0.5731566820276498,0.5325791810052684,0.5,0.5,0.5,0.5,dataset_2,3,random_visible,multiplicative,5.0,1,0.6785714285714286
WR-STV k=1,0.5558755760368663,0.5573309548936928,0.5357142857142857,0.5357142857142857,0.5357142857142857,0.5357142857142857,dataset_2,3,random_visible,multiplicative,5.0,1,0.4285714285714285
Max-Z Residual STV,0.5558755760368663,0.5270437273640971,0.4642857142857143,0.4642857142857143,0.4642857142857143,0.4642857142857143,dataset_2,3,random_visible,multiplicative,5.0,1,0.3928571428571428
Raw STV + IF,0.5875576036866359,0.5419032030827232,0.5714285714285714,0.5714285714285714,0.5714285714285714,0.5714285714285714,dataset_2,3,random_visible,multiplicative,5.0,3,0.7142857142857143
WR-STV k=1,0.564516129032258,0.5790810948187457,0.5357142857142857,0.5357142857142857,0.5357142857142857,0.5357142857142857,dataset_2,3,random_visible,multiplicative,5.0,3,0.4642857142857143
Max-Z Residual STV,0.5685483870967742,0.5489457034055306,0.5357142857142857,0.5357142857142857,0.5357142857142857,0.5357142857142857,dataset_2,3,random_visible,multiplicative,5.0,3,0.4642857142857143
Raw STV + IF,0.5766129032258065,0.5352544818948548,0.5,0.5,0.5,0.5,dataset_2,3,random_visible,multiplicative,10.0,1,0.7142857142857143
WR-STV k=1,0.6273041474654377,0.6257999831140632,0.5714285714285714,0.5714285714285714,0.5714285714285714,0.5714285714285714,dataset_2,3,random_visible,multiplicative,10.0,1,0.5
Max-Z Residual STV,0.5904377880184333,0.5522525253770876,0.5,0.5,0.5,0.5,dataset_2,3,random_visible,multiplicative,10.0,1,0.4642857142857143
Raw STV + IF,0.5915898617511521,0.5538018143116916,0.5714285714285714,0.5714285714285714,0.5714285714285714,0.5714285714285714,dataset_2,3,random_visible,multiplicative,10.0,3,0.7142857142857143
WR-STV k=1,0.6514976958525346,0.6423201841530191,0.6071428571428571,0.6071428571428571,0.6071428571428571,0.6071428571428571,dataset_2,3,random_visible,multiplicative,10.0,3,0.5714285714285714
Max-Z Residual STV,0.6152073732718893,0.5927667553237135,0.5714285714285714,0.5714285714285714,0.5714285714285714,0.5714285714285714,dataset_2,3,random_visible,multiplicative,10.0,3,0.5714285714285714
Raw STV + IF,0.5783410138248848,0.536330878265369,0.5,0.5,0.5,0.5,dataset_2,3,random_visible,multiplicative,20.0,1,0.7142857142857143
WR-STV k=1,0.6900921658986175,0.7026553858640268,0.6785714285714286,0.6785714285714286,0.6785714285714286,0.6785714285714286,dataset_2,3,random_visible,multiplicative,20.0,1,0.5714285714285714
Max-Z Residual STV,0.6411290322580645,0.5941250214576193,0.5714285714285714,0.5714285714285714,0.5714285714285714,0.5714285714285714,dataset_2,3,random_visible,multiplicative,20.0,1,0.5357142857142857
Raw STV + IF,0.5944700460829493,0.561313932117927,0.5714285714285714,0.5714285714285714,0.5714285714285714,0.5714285714285714,dataset_2,3,random_visible,multiplicative,20.0,3,0.7857142857142857
WR-STV k=1,0.7298387096774193,0.7373139893515627,0.7142857142857143,0.7142857142857143,0.7142857142857143,0.7142857142857143,dataset_2,3,random_visible,multiplicative,20.0,3,0.6785714285714286
Max-Z Residual STV,0.6826036866359447,0.6447559984309297,0.6071428571428571,0.6071428571428571,0.6071428571428571,0.6071428571428571,dataset_2,3,random_visible,multiplicative,20.0,3,0.6785714285714286
Raw STV + IF,0.5783410138248848,0.536330878265369,0.5,0.5,0.5,0.5,dataset_2,3,random_visible,multiplicative,30.0,1,0.7142857142857143
WR-STV k=1,0.71889400921659,0.7231829888122356,0.7142857142857143,0.7142857142857143,0.7142857142857143,0.7142857142857143,dataset_2,3,random_visible,multiplicative,30.0,1,0.6071428571428571
Max-Z Residual STV,0.6756912442396313,0.6143905066536308,0.6071428571428571,0.6071428571428571,0.6071428571428571,0.6071428571428571,dataset_2,3,random_visible,multiplicative,30.0,1,0.5714285714285714
Raw STV + IF,0.6013824884792627,0.566258987062982,0.5714285714285714,0.5714285714285714,0.5714285714285714,0.5714285714285714,dataset_2,3,random_visible,multiplicative,30.0,3,0.7857142857142857
WR-STV k=1,0.7684331797235023,0.7701151227208716,0.7142857142857143,0.7142857142857143,0.7142857142857143,0.7142857142857143,dataset_2,3,random_visible,multiplicative,30.0,3,0.75
Max-Z Residual STV,0.7367511520737327,0.6903761730084392,0.7142857142857143,0.7142857142857143,0.7142857142857143,0.7142857142857143,dataset_2,3,random_visible,multiplicative,30.0,3,0.7142857142857143
Raw STV + IF,0.5524193548387097,0.5075982774062007,0.5,0.5,0.5,0.5,dataset_2,3,largest_visible,multiplicative,1.1,1,0.1071428571428571
WR-STV k=1,0.5288018433179723,0.5006219567658614,0.5,0.5,0.5,0.5,dataset_2,3,largest_visible,multiplicative,1.1,1,0.1785714285714285
Max-Z Residual STV,0.5420506912442395,0.5027100406855327,0.5,0.5,0.5,0.5,dataset_2,3,largest_visible,multiplicative,1.1,1,0.1428571428571428
Raw STV + IF,0.5524193548387097,0.5082140409529986,0.5,0.5,0.5,0.5,dataset_2,3,largest_visible,multiplicative,1.1,3,0.1428571428571428
WR-STV k=1,0.5293778801843319,0.5038103409567083,0.5,0.5,0.5,0.5,dataset_2,3,largest_visible,multiplicative,1.1,3,0.3214285714285714
Max-Z Residual STV,0.5420506912442397,0.507507882945502,0.5357142857142857,0.5357142857142857,0.5357142857142857,0.5357142857142857,dataset_2,3,largest_visible,multiplicative,1.1,3,0.3214285714285714
Raw STV + IF,0.5535714285714286,0.5100850763215709,0.5,0.5,0.5,0.5,dataset_2,3,largest_visible,multiplicative,1.25,1,0.1428571428571428
WR-STV k=1,0.5144009216589862,0.4984883175646286,0.4642857142857143,0.4642857142857143,0.4642857142857143,0.4642857142857143,dataset_2,3,largest_visible,multiplicative,1.25,1,0.2142857142857142
Max-Z Residual STV,0.5316820276497696,0.4963419227616373,0.4642857142857143,0.4642857142857143,0.4642857142857143,0.4642857142857143,dataset_2,3,largest_visible,multiplicative,1.25,1,0.1428571428571428
Raw STV + IF,0.5529953917050692,0.5107942512521029,0.5,0.5,0.5,0.5,dataset_2,3,largest_visible,multiplicative,1.25,3,0.2142857142857142
WR-STV k=1,0.5178571428571428,0.5005832698006663,0.5,0.5,0.5,0.5,dataset_2,3,largest_visible,multiplicative,1.25,3,0.3214285714285714
Max-Z Residual STV,0.5357142857142857,0.5108685064884612,0.5,0.5,0.5,0.5,dataset_2,3,largest_visible,multiplicative,1.25,3,0.3214285714285714
Raw STV + IF,0.5529953917050691,0.510060326296821,0.5,0.5,0.5,0.5,dataset_2,3,largest_visible,multiplicative,1.5,1,0.1785714285714285
WR-STV k=1,0.4855990783410138,0.4850393429026845,0.4285714285714285,0.4285714285714285,0.4285714285714285,0.4285714285714285,dataset_2,3,largest_visible,multiplicative,1.5,1,0.2142857142857142
Max-Z Residual STV,0.5195852534562213,0.4899526534364499,0.4642857142857143,0.4642857142857143,0.4642857142857143,0.4642857142857143,dataset_2,3,largest_visible,multiplicative,1.5,1,0.1785714285714285
Raw STV + IF,0.560483870967742,0.5178327022191254,0.5,0.5,0.5,0.5,dataset_2,3,largest_visible,multiplicative,1.5,3,0.3928571428571428
WR-STV k=1,0.4879032258064516,0.4848891956406602,0.4285714285714285,0.4285714285714285,0.4285714285714285,0.4285714285714285,dataset_2,3,largest_visible,multiplicative,1.5,3,0.3571428571428571
Max-Z Residual STV,0.5253456221198156,0.5055186518685986,0.5,0.5,0.5,0.5,dataset_2,3,largest_visible,multiplicative,1.5,3,0.3571428571428571
Raw STV + IF,0.5627880184331797,0.515009778798172,0.5,0.5,0.5,0.5,dataset_2,3,largest_visible,multiplicative,2.0,1,0.3928571428571428
WR-STV k=1,0.4786866359447005,0.5011533790349729,0.3928571428571428,0.3928571428571428,0.3928571428571428,0.3928571428571428,dataset_2,3,largest_visible,multiplicative,2.0,1,0.3214285714285714
Max-Z Residual STV,0.5161290322580645,0.4891285000926502,0.4642857142857143,0.4642857142857143,0.4642857142857143,0.4642857142857143,dataset_2,3,largest_visible,multiplicative,2.0,1,0.2142857142857142
Raw STV + IF,0.5714285714285714,0.5227931557098384,0.5,0.5,0.5,0.5,dataset_2,3,largest_visible,multiplicative,2.0,3,0.5
WR-STV k=1,0.4815668202764977,0.5038567699013764,0.4285714285714285,0.4285714285714285,0.4285714285714285,0.4285714285714285,dataset_2,3,largest_visible,multiplicative,2.0,3,0.4285714285714285
Max-Z Residual STV,0.5264976958525346,0.5082460606181176,0.5357142857142857,0.5357142857142857,0.5357142857142857,0.5357142857142857,dataset_2,3,largest_visible,multiplicative,2.0,3,0.4285714285714285
Raw STV + IF,0.5731566820276497,0.5238906514027349,0.5,0.5,0.5,0.5,dataset_2,3,largest_visible,multiplicative,3.0,1,0.5714285714285714
WR-STV k=1,0.5080645161290323,0.5186605738694685,0.4642857142857143,0.4642857142857143,0.4642857142857143,0.4642857142857143,dataset_2,3,largest_visible,multiplicative,3.0,1,0.3928571428571428
Max-Z Residual STV,0.5230414746543779,0.4931925862305728,0.5,0.5,0.5,0.5,dataset_2,3,largest_visible,multiplicative,3.0,1,0.25
Raw STV + IF,0.5794930875576038,0.5383489352217327,0.5357142857142857,0.5357142857142857,0.5357142857142857,0.5357142857142857,dataset_2,3,largest_visible,multiplicative,3.0,3,0.6785714285714286
WR-STV k=1,0.4976958525345621,0.5226250699306103,0.4642857142857143,0.4642857142857143,0.4642857142857143,0.4642857142857143,dataset_2,3,largest_visible,multiplicative,3.0,3,0.4642857142857143
Max-Z Residual STV,0.5391705069124424,0.5195247053978349,0.5,0.5,0.5,0.5,dataset_2,3,largest_visible,multiplicative,3.0,3,0.4285714285714285
Raw STV + IF,0.5783410138248848,0.5315910115584522,0.5,0.5,0.5,0.5,dataset_2,3,largest_visible,multiplicative,5.0,1,0.6428571428571429
WR-STV k=1,0.5627880184331797,0.5816424230454519,0.5,0.5,0.5,0.5,dataset_2,3,largest_visible,multiplicative,5.0,1,0.4642857142857143
Max-Z Residual STV,0.5483870967741935,0.5199908992285974,0.4642857142857143,0.4642857142857143,0.4642857142857143,0.4642857142857143,dataset_2,3,largest_visible,multiplicative,5.0,1,0.3928571428571428
Raw STV + IF,0.5881336405529953,0.5478555840351043,0.5714285714285714,0.5714285714285714,0.5714285714285714,0.5714285714285714,dataset_2,3,largest_visible,multiplicative,5.0,3,0.75
WR-STV k=1,0.5662442396313364,0.5924739519616029,0.5357142857142857,0.5357142857142857,0.5357142857142857,0.5357142857142857,dataset_2,3,largest_visible,multiplicative,5.0,3,0.5
Max-Z Residual STV,0.5685483870967742,0.5489457034055306,0.5357142857142857,0.5357142857142857,0.5357142857142857,0.5357142857142857,dataset_2,3,largest_visible,multiplicative,5.0,3,0.4642857142857143
Raw STV + IF,0.5812211981566819,0.5460570878102428,0.5,0.5,0.5,0.5,dataset_2,3,largest_visible,multiplicative,10.0,1,0.7142857142857143
WR-STV k=1,0.6244239631336406,0.643031128190019,0.5357142857142857,0.5357142857142857,0.5357142857142857,0.5357142857142857,dataset_2,3,largest_visible,multiplicative,10.0,1,0.5357142857142857
Max-Z Residual STV,0.5904377880184332,0.5579232260925625,0.5357142857142857,0.5357142857142857,0.5357142857142857,0.5357142857142857,dataset_2,3,largest_visible,multiplicative,10.0,1,0.4642857142857143
Raw STV + IF,0.5921658986175116,0.5597541952640726,0.5714285714285714,0.5714285714285714,0.5714285714285714,0.5714285714285714,dataset_2,3,largest_visible,multiplicative,10.0,3,0.75
WR-STV k=1,0.6549539170506913,0.6661297079625428,0.6071428571428571,0.6071428571428571,0.6071428571428571,0.6071428571428571,dataset_2,3,largest_visible,multiplicative,10.0,3,0.6428571428571429
Max-Z Residual STV,0.6152073732718893,0.5927667553237135,0.5714285714285714,0.5714285714285714,0.5714285714285714,0.5714285714285714,dataset_2,3,largest_visible,multiplicative,10.0,3,0.5714285714285714
Raw STV + IF,0.5829493087557605,0.5477928248400974,0.5,0.5,0.5,0.5,dataset_2,3,largest_visible,multiplicative,20.0,1,0.7142857142857143
WR-STV k=1,0.6762672811059908,0.7156225570351278,0.6071428571428571,0.6071428571428571,0.6071428571428571,0.6071428571428571,dataset_2,3,largest_visible,multiplicative,20.0,1,0.5714285714285714
Max-Z Residual STV,0.6296082949308756,0.5836071714354223,0.5714285714285714,0.5714285714285714,0.5714285714285714,0.5714285714285714,dataset_2,3,largest_visible,multiplicative,20.0,1,0.5
Raw STV + IF,0.5944700460829493,0.561313932117927,0.5714285714285714,0.5714285714285714,0.5714285714285714,0.5714285714285714,dataset_2,3,largest_visible,multiplicative,20.0,3,0.7857142857142857
WR-STV k=1,0.7332949308755761,0.7537975058350791,0.7142857142857143,0.7142857142857143,0.7142857142857143,0.7142857142857143,dataset_2,3,largest_visible,multiplicative,20.0,3,0.75
Max-Z Residual STV,0.6826036866359447,0.6447559984309297,0.6071428571428571,0.6071428571428571,0.6071428571428571,0.6071428571428571,dataset_2,3,largest_visible,multiplicative,20.0,3,0.6785714285714286
Raw STV + IF,0.5829493087557605,0.5477928248400974,0.5,0.5,0.5,0.5,dataset_2,3,largest_visible,multiplicative,30.0,1,0.7142857142857143
WR-STV k=1,0.7044930875576036,0.7352019704766674,0.6071428571428571,0.6071428571428571,0.6071428571428571,0.6071428571428571,dataset_2,3,largest_visible,multiplicative,30.0,1,0.6428571428571429
Max-Z Residual STV,0.6751152073732719,0.6144938680107381,0.5714285714285714,0.5714285714285714,0.5714285714285714,0.5714285714285714,dataset_2,3,largest_visible,multiplicative,30.0,1,0.5714285714285714
Raw STV + IF,0.6013824884792627,0.566258987062982,0.5714285714285714,0.5714285714285714,0.5714285714285714,0.5714285714285714,dataset_2,3,largest_visible,multiplicative,30.0,3,0.7857142857142857
WR-STV k=1,0.7701612903225807,0.7783568809626298,0.7142857142857143,0.7142857142857143,0.7142857142857143,0.7142857142857143,dataset_2,3,largest_visible,multiplicative,30.0,3,0.7857142857142857
Max-Z Residual STV,0.7367511520737327,0.6903761730084392,0.7142857142857143,0.7142857142857143,0.7142857142857143,0.7142857142857143,dataset_2,3,largest_visible,multiplicative,30.0,3,0.7142857142857143
Raw STV + IF,0.5478110599078341,0.5,0.5,0.5,0.5,0.5,dataset_2,3,random_visible,additive_ms,10.0,1,0.0
WR-STV k=1,0.5391705069124424,0.504011669215122,0.5,0.5,0.5,0.5,dataset_2,3,random_visible,additive_ms,10.0,1,0.2142857142857142
Max-Z Residual STV,0.5449308755760368,0.5035217813833608,0.5,0.5,0.5,0.5,dataset_2,3,random_visible,additive_ms,10.0,1,0.1428571428571428
Raw STV + IF,0.5455069124423964,0.4994897959183673,0.5,0.5,0.5,0.5,dataset_2,3,random_visible,additive_ms,10.0,3,0.0
WR-STV k=1,0.5339861751152073,0.505107955569767,0.5,0.5,0.5,0.5,dataset_2,3,random_visible,additive_ms,10.0,3,0.3214285714285714
Max-Z Residual STV,0.5420506912442395,0.5079782838718299,0.5357142857142857,0.5357142857142857,0.5357142857142857,0.5357142857142857,dataset_2,3,random_visible,additive_ms,10.0,3,0.3214285714285714
Raw STV + IF,0.5501152073732719,0.5011256883705864,0.5,0.5,0.5,0.5,dataset_2,3,random_visible,additive_ms,25.0,1,0.0357142857142857
WR-STV k=1,0.5299539170506913,0.49949583869222,0.4642857142857143,0.4642857142857143,0.4642857142857143,0.4642857142857143,dataset_2,3,random_visible,additive_ms,25.0,1,0.2142857142857142
Max-Z Residual STV,0.5414746543778801,0.5022937335226225,0.5,0.5,0.5,0.5,dataset_2,3,random_visible,additive_ms,25.0,1,0.1428571428571428
Raw STV + IF,0.5478110599078341,0.5006154842889536,0.5,0.5,0.5,0.5,dataset_2,3,random_visible,additive_ms,25.0,3,0.0357142857142857
WR-STV k=1,0.5213133640552995,0.4970658166315357,0.4642857142857143,0.4642857142857143,0.4642857142857143,0.4642857142857143,dataset_2,3,random_visible,additive_ms,25.0,3,0.3214285714285714
Max-Z Residual STV,0.5351382488479262,0.5051236896531901,0.5357142857142857,0.5357142857142857,0.5357142857142857,0.5357142857142857,dataset_2,3,random_visible,additive_ms,25.0,3,0.3214285714285714
Raw STV + IF,0.5501152073732718,0.5013025515686957,0.5,0.5,0.5,0.5,dataset_2,3,random_visible,additive_ms,50.0,1,0.1071428571428571
WR-STV k=1,0.5103686635944701,0.4914185989389106,0.4642857142857143,0.4642857142857143,0.4642857142857143,0.4642857142857143,dataset_2,3,random_visible,additive_ms,50.0,1,0.2142857142857142
Max-Z Residual STV,0.5305299539170507,0.4967772762355109,0.5,0.5,0.5,0.5,dataset_2,3,random_visible,additive_ms,50.0,1,0.1785714285714285
Raw STV + IF,0.5466589861751152,0.5003380666756394,0.5,0.5,0.5,0.5,dataset_2,3,random_visible,additive_ms,50.0,3,0.1071428571428571
WR-STV k=1,0.4982718894009217,0.4871045013761986,0.4642857142857143,0.4642857142857143,0.4642857142857143,0.4642857142857143,dataset_2,3,random_visible,additive_ms,50.0,3,0.3214285714285714
Max-Z Residual STV,0.5247695852534562,0.4999589730103321,0.5357142857142857,0.5357142857142857,0.5357142857142857,0.5357142857142857,dataset_2,3,random_visible,additive_ms,50.0,3,0.3571428571428571
Raw STV + IF,0.5518433179723502,0.5097713450374892,0.5,0.5,0.5,0.5,dataset_2,3,random_visible,additive_ms,100.0,1,0.2857142857142857
WR-STV k=1,0.4976958525345622,0.4863522770696452,0.4642857142857143,0.4642857142857143,0.4642857142857143,0.4642857142857143,dataset_2,3,random_visible,additive_ms,100.0,1,0.2142857142857142
Max-Z Residual STV,0.5178571428571428,0.4897883724876852,0.5,0.5,0.5,0.5,dataset_2,3,random_visible,additive_ms,100.0,1,0.1785714285714285
Raw STV + IF,0.5564516129032258,0.5085078598454327,0.5,0.5,0.5,0.5,dataset_2,3,random_visible,additive_ms,100.0,3,0.3571428571428571
WR-STV k=1,0.4798387096774194,0.4786036742016056,0.4642857142857143,0.4642857142857143,0.4642857142857143,0.4642857142857143,dataset_2,3,random_visible,additive_ms,100.0,3,0.3571428571428571
Max-Z Residual STV,0.5132488479262671,0.4922851843354715,0.5357142857142857,0.5357142857142857,0.5357142857142857,0.5357142857142857,dataset_2,3,random_visible,additive_ms,100.0,3,0.4285714285714285
Raw STV + IF,0.5570276497695852,0.5143164019442973,0.5,0.5,0.5,0.5,dataset_2,3,random_visible,additive_ms,250.0,1,0.3928571428571428
WR-STV k=1,0.4781105990783411,0.4784922927974235,0.3928571428571428,0.3928571428571428,0.3928571428571428,0.3928571428571428,dataset_2,3,random_visible,additive_ms,250.0,1,0.2857142857142857
Max-Z Residual STV,0.5167050691244239,0.4884524619579882,0.4642857142857143,0.4642857142857143,0.4642857142857143,0.4642857142857143,dataset_2,3,random_visible,additive_ms,250.0,1,0.25
Raw STV + IF,0.5697004608294931,0.5181079901890975,0.5,0.5,0.5,0.5,dataset_2,3,random_visible,additive_ms,250.0,3,0.5
WR-STV k=1,0.4971198156682027,0.4884214690029356,0.4642857142857143,0.4642857142857143,0.4642857142857143,0.4642857142857143,dataset_2,3,random_visible,additive_ms,250.0,3,0.4285714285714285
Max-Z Residual STV,0.5282258064516129,0.4947097476807782,0.5,0.5,0.5,0.5,dataset_2,3,random_visible,additive_ms,250.0,3,0.4642857142857143
Raw STV + IF,0.5679723502304148,0.5227150021832692,0.5,0.5,0.5,0.5,dataset_2,3,random_visible,additive_ms,500.0,1,0.5714285714285714
WR-STV k=1,0.5011520737327189,0.4917752503253535,0.4285714285714285,0.4285714285714285,0.4285714285714285,0.4285714285714285,dataset_2,3,random_visible,additive_ms,500.0,1,0.2857142857142857
Max-Z Residual STV,0.5362903225806451,0.4957101669107033,0.4642857142857143,0.4642857142857143,0.4642857142857143,0.4642857142857143,dataset_2,3,random_visible,additive_ms,500.0,1,0.25
Raw STV + IF,0.5858294930875576,0.53712833402214,0.5357142857142857,0.5357142857142857,0.5357142857142857,0.5357142857142857,dataset_2,3,random_visible,additive_ms,500.0,3,0.6428571428571429
WR-STV k=1,0.5362903225806451,0.5236256616982362,0.5,0.5,0.5,0.5,dataset_2,3,random_visible,additive_ms,500.0,3,0.4642857142857143
Max-Z Residual STV,0.5535714285714286,0.510138009705798,0.5357142857142857,0.5357142857142857,0.5357142857142857,0.5357142857142857,dataset_2,3,random_visible,additive_ms,500.0,3,0.5
Raw STV + IF,0.5133116883116883,0.5022516007181734,0.509090909090909,0.509090909090909,0.509090909090909,0.509090909090909,dataset_3,3,random_visible,multiplicative,1.1,1,0.2
WR-STV k=1,0.5030844155844156,0.5010564043106033,0.4727272727272727,0.4727272727272727,0.4727272727272727,0.4727272727272727,dataset_3,3,random_visible,multiplicative,1.1,1,0.2545454545454545
Max-Z Residual STV,0.5042207792207792,0.5000465897856436,0.4909090909090909,0.4909090909090909,0.4909090909090909,0.4909090909090909,dataset_3,3,random_visible,multiplicative,1.1,1,0.2363636363636363
Raw STV + IF,0.5149350649350649,0.5055720466262615,0.509090909090909,0.509090909090909,0.509090909090909,0.509090909090909,dataset_3,3,random_visible,multiplicative,1.1,3,0.2909090909090909
WR-STV k=1,0.5097402597402597,0.520500041577358,0.4909090909090909,0.4909090909090909,0.4909090909090909,0.4909090909090909,dataset_3,3,random_visible,multiplicative,1.1,3,0.4909090909090909
Max-Z Residual STV,0.5089285714285714,0.5057246940046145,0.4909090909090909,0.4909090909090909,0.4909090909090909,0.4909090909090909,dataset_3,3,random_visible,multiplicative,1.1,3,0.4727272727272727
Raw STV + IF,0.5202922077922078,0.50773374735787,0.509090909090909,0.509090909090909,0.509090909090909,0.509090909090909,dataset_3,3,random_visible,multiplicative,1.25,1,0.4
WR-STV k=1,0.5068181818181818,0.5074577768975126,0.4909090909090909,0.4909090909090909,0.4909090909090909,0.4909090909090909,dataset_3,3,random_visible,multiplicative,1.25,1,0.3454545454545454
Max-Z Residual STV,0.509577922077922,0.5049748576493639,0.4909090909090909,0.4909090909090909,0.4909090909090909,0.4909090909090909,dataset_3,3,random_visible,multiplicative,1.25,1,0.2909090909090909
Raw STV + IF,0.5228896103896103,0.511506551922651,0.509090909090909,0.509090909090909,0.509090909090909,0.509090909090909,dataset_3,3,random_visible,multiplicative,1.25,3,0.4909090909090909
WR-STV k=1,0.5149350649350649,0.5255168382680331,0.509090909090909,0.509090909090909,0.509090909090909,0.509090909090909,dataset_3,3,random_visible,multiplicative,1.25,3,0.4909090909090909
Max-Z Residual STV,0.5160714285714285,0.5137369494939734,0.509090909090909,0.509090909090909,0.509090909090909,0.509090909090909,dataset_3,3,random_visible,multiplicative,1.25,3,0.4727272727272727
Raw STV + IF,0.5264610389610389,0.5118913558095387,0.509090909090909,0.509090909090909,0.509090909090909,0.509090909090909,dataset_3,3,random_visible,multiplicative,1.5,1,0.5272727272727272
WR-STV k=1,0.5191558441558441,0.5215359051954994,0.5272727272727272,0.5272727272727272,0.5272727272727272,0.5272727272727272,dataset_3,3,random_visible,multiplicative,1.5,1,0.3818181818181818
Max-Z Residual STV,0.5167207792207792,0.5098524938533581,0.509090909090909,0.509090909090909,0.509090909090909,0.509090909090909,dataset_3,3,random_visible,multiplicative,1.5,1,0.3272727272727272
Raw STV + IF,0.5303571428571427,0.5170208425274341,0.5272727272727272,0.5272727272727272,0.5272727272727272,0.5272727272727272,dataset_3,3,random_visible,multiplicative,1.5,3,0.6363636363636364
WR-STV k=1,0.5256493506493507,0.5387930314504417,0.5272727272727272,0.5272727272727272,0.5272727272727272,0.5272727272727272,dataset_3,3,random_visible,multiplicative,1.5,3,0.4909090909090909
Max-Z Residual STV,0.5258116883116883,0.52582002148876,0.5272727272727272,0.5272727272727272,0.5272727272727272,0.5272727272727272,dataset_3,3,random_visible,multiplicative,1.5,3,0.4727272727272727
Raw STV + IF,0.5288961038961039,0.5138346426482643,0.5272727272727272,0.5272727272727272,0.5272727272727272,0.5272727272727272,dataset_3,3,random_visible,multiplicative,2.0,1,0.5272727272727272
WR-STV k=1,0.5415584415584416,0.5445583726591343,0.5454545454545454,0.5454545454545454,0.5454545454545454,0.5454545454545454,dataset_3,3,random_visible,multiplicative,2.0,1,0.4181818181818181
Max-Z Residual STV,0.5425324675324675,0.529835377224612,0.5454545454545454,0.5454545454545454,0.5454545454545454,0.5454545454545454,dataset_3,3,random_visible,multiplicative,2.0,1,0.3454545454545454
Raw STV + IF,0.5360389610389611,0.523129247998631,0.5272727272727272,0.5272727272727272,0.5272727272727272,0.5272727272727272,dataset_3,3,random_visible,multiplicative,2.0,3,0.6727272727272727
WR-STV k=1,0.5496753246753247,0.5648193326128995,0.5636363636363636,0.5636363636363636,0.5636363636363636,0.5636363636363636,dataset_3,3,random_visible,multiplicative,2.0,3,0.5272727272727272
Max-Z Residual STV,0.5628246753246753,0.5582412737948718,0.6,0.6,0.6,0.6,dataset_3,3,random_visible,multiplicative,2.0,3,0.4909090909090909
Raw STV + IF,0.5370129870129869,0.5204796683186192,0.5272727272727272,0.5272727272727272,0.5272727272727272,0.5272727272727272,dataset_3,3,random_visible,multiplicative,3.0,1,0.6545454545454545
WR-STV k=1,0.5827922077922078,0.5809362091880373,0.5818181818181818,0.5818181818181818,0.5818181818181818,0.5818181818181818,dataset_3,3,random_visible,multiplicative,3.0,1,0.4545454545454545
Max-Z Residual STV,0.5839285714285715,0.553277920666625,0.5818181818181818,0.5818181818181818,0.5818181818181818,0.5818181818181818,dataset_3,3,random_visible,multiplicative,3.0,1,0.4
Raw STV + IF,0.5493506493506493,0.5322944421728195,0.5636363636363636,0.5636363636363636,0.5636363636363636,0.5636363636363636,dataset_3,3,random_visible,multiplicative,3.0,3,0.7818181818181819
WR-STV k=1,0.5814935064935064,0.5988606333757293,0.5818181818181818,0.5818181818181818,0.5818181818181818,0.5818181818181818,dataset_3,3,random_visible,multiplicative,3.0,3,0.5454545454545454
Max-Z Residual STV,0.6034090909090909,0.5960196246082788,0.6,0.6,0.6,0.6,dataset_3,3,random_visible,multiplicative,3.0,3,0.5272727272727272
Raw STV + IF,0.5478896103896104,0.5257993019147195,0.5272727272727272,0.5272727272727272,0.5272727272727272,0.5272727272727272,dataset_3,3,random_visible,multiplicative,5.0,1,0.6909090909090909
WR-STV k=1,0.6375000000000001,0.6277441839455633,0.6,0.6,0.6,0.6,dataset_3,3,random_visible,multiplicative,5.0,1,0.5818181818181818
Max-Z Residual STV,0.6423701298701299,0.5878914617792184,0.6363636363636364,0.6363636363636364,0.6363636363636364,0.6363636363636364,dataset_3,3,random_visible,multiplicative,5.0,1,0.5454545454545454
Raw STV + IF,0.5636363636363636,0.5451620414291389,0.5636363636363636,0.5636363636363636,0.5636363636363636,0.5636363636363636,dataset_3,3,random_visible,multiplicative,5.0,3,0.8
WR-STV k=1,0.6331168831168832,0.6474155927073088,0.5818181818181818,0.5818181818181818,0.5818181818181818,0.5818181818181818,dataset_3,3,random_visible,multiplicative,5.0,3,0.6363636363636364
Max-Z Residual STV,0.661525974025974,0.6334777096706294,0.6363636363636364,0.6363636363636364,0.6363636363636364,0.6363636363636364,dataset_3,3,random_visible,multiplicative,5.0,3,0.6181818181818182
Raw STV + IF,0.5514610389610389,0.5280909774000169,0.5272727272727272,0.5272727272727272,0.5272727272727272,0.5272727272727272,dataset_3,3,random_visible,multiplicative,10.0,1,0.7272727272727273
WR-STV k=1,0.7001623376623376,0.6946326442374431,0.6181818181818182,0.6181818181818182,0.6181818181818182,0.6181818181818182,dataset_3,3,random_visible,multiplicative,10.0,1,0.6545454545454545
Max-Z Residual STV,0.7128246753246753,0.642803816364671,0.6545454545454545,0.6545454545454545,0.6545454545454545,0.6545454545454545,dataset_3,3,random_visible,multiplicative,10.0,1,0.6545454545454545
Raw STV + IF,0.5683441558441559,0.5491752783996826,0.5636363636363636,0.5636363636363636,0.5636363636363636,0.5636363636363636,dataset_3,3,random_visible,multiplicative,10.0,3,0.8181818181818182
WR-STV k=1,0.7012987012987013,0.7111738701863232,0.6181818181818182,0.6181818181818182,0.6181818181818182,0.6181818181818182,dataset_3,3,random_visible,multiplicative,10.0,3,0.7090909090909091
Max-Z Residual STV,0.7284090909090909,0.6878362899693864,0.6727272727272727,0.6727272727272727,0.6727272727272727,0.6727272727272727,dataset_3,3,random_visible,multiplicative,10.0,3,0.7090909090909091
Raw STV + IF,0.5532467532467532,0.5418104394012283,0.5272727272727272,0.5272727272727272,0.5272727272727272,0.5272727272727272,dataset_3,3,random_visible,multiplicative,20.0,1,0.7818181818181819
WR-STV k=1,0.7443181818181819,0.7408905600617176,0.6545454545454545,0.6545454545454545,0.6545454545454545,0.6545454545454545,dataset_3,3,random_visible,multiplicative,20.0,1,0.6545454545454545
Max-Z Residual STV,0.7673701298701299,0.6961223092080389,0.6727272727272727,0.6727272727272727,0.6727272727272727,0.6727272727272727,dataset_3,3,random_visible,multiplicative,20.0,1,0.6545454545454545
Raw STV + IF,0.5694805194805195,0.5611697168243719,0.5818181818181818,0.5818181818181818,0.5818181818181818,0.5818181818181818,dataset_3,3,random_visible,multiplicative,20.0,3,0.8363636363636363
WR-STV k=1,0.7681818181818182,0.7739843480720391,0.6727272727272727,0.6727272727272727,0.6727272727272727,0.6727272727272727,dataset_3,3,random_visible,multiplicative,20.0,3,0.7818181818181819
Max-Z Residual STV,0.8001623376623377,0.7542693715554438,0.7090909090909091,0.7090909090909091,0.7090909090909091,0.7090909090909091,dataset_3,3,random_visible,multiplicative,20.0,3,0.7636363636363637
Raw STV + IF,0.5538961038961039,0.5422038872133245,0.5272727272727272,0.5272727272727272,0.5272727272727272,0.5272727272727272,dataset_3,3,random_visible,multiplicative,30.0,1,0.7818181818181819
WR-STV k=1,0.7771103896103896,0.7720462377143286,0.6909090909090909,0.6909090909090909,0.6909090909090909,0.6909090909090909,dataset_3,3,random_visible,multiplicative,30.0,1,0.6909090909090909
Max-Z Residual STV,0.7891233766233766,0.7234912699165026,0.7090909090909091,0.7090909090909091,0.7090909090909091,0.7090909090909091,dataset_3,3,random_visible,multiplicative,30.0,1,0.6909090909090909
Raw STV + IF,0.5698051948051948,0.5614555686641816,0.5818181818181818,0.5818181818181818,0.5818181818181818,0.5818181818181818,dataset_3,3,random_visible,multiplicative,30.0,3,0.8363636363636363
WR-STV k=1,0.8024350649350649,0.8037782642623162,0.6909090909090909,0.6909090909090909,0.6909090909090909,0.6909090909090909,dataset_3,3,random_visible,multiplicative,30.0,3,0.8
Max-Z Residual STV,0.8222402597402597,0.7789573977424193,0.7454545454545455,0.7454545454545455,0.7454545454545455,0.7454545454545455,dataset_3,3,random_visible,multiplicative,30.0,3,0.7818181818181819
Raw STV + IF,0.5136363636363637,0.5024219195136778,0.509090909090909,0.509090909090909,0.509090909090909,0.509090909090909,dataset_3,3,largest_visible,multiplicative,1.1,1,0.2181818181818181
WR-STV k=1,0.5008116883116883,0.5100679809765086,0.4727272727272727,0.4727272727272727,0.4727272727272727,0.4727272727272727,dataset_3,3,largest_visible,multiplicative,1.1,1,0.2
Max-Z Residual STV,0.5050324675324676,0.5008688164927094,0.4909090909090909,0.4909090909090909,0.4909090909090909,0.4909090909090909,dataset_3,3,largest_visible,multiplicative,1.1,1,0.1636363636363636
Raw STV + IF,0.5149350649350649,0.5055720466262615,0.509090909090909,0.509090909090909,0.509090909090909,0.509090909090909,dataset_3,3,largest_visible,multiplicative,1.1,3,0.2909090909090909
WR-STV k=1,0.5107142857142857,0.5207020617793783,0.4909090909090909,0.4909090909090909,0.4909090909090909,0.4909090909090909,dataset_3,3,largest_visible,multiplicative,1.1,3,0.4909090909090909
Max-Z Residual STV,0.5099025974025975,0.5059948959965203,0.4909090909090909,0.4909090909090909,0.4909090909090909,0.4909090909090909,dataset_3,3,largest_visible,multiplicative,1.1,3,0.4727272727272727
Raw STV + IF,0.5199675324675325,0.5068799746059511,0.509090909090909,0.509090909090909,0.509090909090909,0.509090909090909,dataset_3,3,largest_visible,multiplicative,1.25,1,0.3636363636363636
WR-STV k=1,0.5061688311688312,0.5184107661596781,0.4909090909090909,0.4909090909090909,0.4909090909090909,0.4909090909090909,dataset_3,3,largest_visible,multiplicative,1.25,1,0.3272727272727272
Max-Z Residual STV,0.5086038961038961,0.5044496630038525,0.4909090909090909,0.4909090909090909,0.4909090909090909,0.4909090909090909,dataset_3,3,largest_visible,multiplicative,1.25,1,0.2363636363636363
Raw STV + IF,0.5228896103896103,0.511506551922651,0.509090909090909,0.509090909090909,0.509090909090909,0.509090909090909,dataset_3,3,largest_visible,multiplicative,1.25,3,0.4909090909090909
WR-STV k=1,0.5165584415584416,0.5262045426202284,0.509090909090909,0.509090909090909,0.509090909090909,0.509090909090909,dataset_3,3,largest_visible,multiplicative,1.25,3,0.4909090909090909
Max-Z Residual STV,0.5167207792207792,0.5138948539596302,0.509090909090909,0.509090909090909,0.509090909090909,0.509090909090909,dataset_3,3,largest_visible,multiplicative,1.25,3,0.4727272727272727
Raw STV + IF,0.5267857142857143,0.5113066289320992,0.509090909090909,0.509090909090909,0.509090909090909,0.509090909090909,dataset_3,3,largest_visible,multiplicative,1.5,1,0.509090909090909
WR-STV k=1,0.5163961038961039,0.5309355987620884,0.509090909090909,0.509090909090909,0.509090909090909,0.509090909090909,dataset_3,3,largest_visible,multiplicative,1.5,1,0.3818181818181818
Max-Z Residual STV,0.5176948051948053,0.5141361971217093,0.509090909090909,0.509090909090909,0.509090909090909,0.509090909090909,dataset_3,3,largest_visible,multiplicative,1.5,1,0.2727272727272727
Raw STV + IF,0.5303571428571429,0.5178472888084258,0.5272727272727272,0.5272727272727272,0.5272727272727272,0.5272727272727272,dataset_3,3,largest_visible,multiplicative,1.5,3,0.6545454545454545
WR-STV k=1,0.5272727272727273,0.5399357387263921,0.5272727272727272,0.5272727272727272,0.5272727272727272,0.5272727272727272,dataset_3,3,largest_visible,multiplicative,1.5,3,0.4909090909090909
Max-Z Residual STV,0.5258116883116883,0.5257469258834979,0.5272727272727272,0.5272727272727272,0.5272727272727272,0.5272727272727272,dataset_3,3,largest_visible,multiplicative,1.5,3,0.4727272727272727
Raw STV + IF,0.5293831168831169,0.5140603939770149,0.5272727272727272,0.5272727272727272,0.5272727272727272,0.5272727272727272,dataset_3,3,largest_visible,multiplicative,2.0,1,0.5272727272727272
WR-STV k=1,0.5441558441558442,0.5587044197779443,0.5454545454545454,0.5454545454545454,0.5454545454545454,0.5454545454545454,dataset_3,3,largest_visible,multiplicative,2.0,1,0.4363636363636363
Max-Z Residual STV,0.5422077922077921,0.53322470515644,0.5272727272727272,0.5272727272727272,0.5272727272727272,0.5272727272727272,dataset_3,3,largest_visible,multiplicative,2.0,1,0.3272727272727272
Raw STV + IF,0.5358766233766235,0.523129247998631,0.5272727272727272,0.5272727272727272,0.5272727272727272,0.5272727272727272,dataset_3,3,largest_visible,multiplicative,2.0,3,0.6727272727272727
WR-STV k=1,0.5503246753246753,0.5658536597677208,0.5636363636363636,0.5636363636363636,0.5636363636363636,0.5636363636363636,dataset_3,3,largest_visible,multiplicative,2.0,3,0.5272727272727272
Max-Z Residual STV,0.5612012987012986,0.5578543812258734,0.6,0.6,0.6,0.6,dataset_3,3,largest_visible,multiplicative,2.0,3,0.4909090909090909
Raw STV + IF,0.5389610389610389,0.5225373793986469,0.5272727272727272,0.5272727272727272,0.5272727272727272,0.5272727272727272,dataset_3,3,largest_visible,multiplicative,3.0,1,0.6909090909090909
WR-STV k=1,0.5909090909090908,0.5976958500469723,0.5818181818181818,0.5818181818181818,0.5818181818181818,0.5818181818181818,dataset_3,3,largest_visible,multiplicative,3.0,1,0.4727272727272727
Max-Z Residual STV,0.5834415584415584,0.5572184147708606,0.5636363636363636,0.5636363636363636,0.5636363636363636,0.5636363636363636,dataset_3,3,largest_visible,multiplicative,3.0,1,0.3818181818181818
Raw STV + IF,0.5488636363636363,0.530779290657668,0.5636363636363636,0.5636363636363636,0.5636363636363636,0.5636363636363636,dataset_3,3,largest_visible,multiplicative,3.0,3,0.7636363636363637
WR-STV k=1,0.5824675324675324,0.6005790930865447,0.5818181818181818,0.5818181818181818,0.5818181818181818,0.5818181818181818,dataset_3,3,largest_visible,multiplicative,3.0,3,0.5454545454545454
Max-Z Residual STV,0.6021103896103897,0.5964343647153252,0.6181818181818182,0.6181818181818182,0.6181818181818182,0.6181818181818182,dataset_3,3,largest_visible,multiplicative,3.0,3,0.5272727272727272
Raw STV + IF,0.5516233766233767,0.5497273133440392,0.5272727272727272,0.5272727272727272,0.5272727272727272,0.5272727272727272,dataset_3,3,largest_visible,multiplicative,5.0,1,0.7818181818181819
WR-STV k=1,0.6511363636363637,0.6515839883257009,0.6,0.6,0.6,0.6,dataset_3,3,largest_visible,multiplicative,5.0,1,0.6181818181818182
Max-Z Residual STV,0.6488636363636364,0.5937902534199406,0.6181818181818182,0.6181818181818182,0.6181818181818182,0.6181818181818182,dataset_3,3,largest_visible,multiplicative,5.0,1,0.5818181818181818
Raw STV + IF,0.5642857142857143,0.5633438596109572,0.5636363636363636,0.5636363636363636,0.5636363636363636,0.5636363636363636,dataset_3,3,largest_visible,multiplicative,5.0,3,0.8363636363636363
WR-STV k=1,0.6344155844155844,0.6492587379110613,0.5818181818181818,0.5818181818181818,0.5818181818181818,0.5818181818181818,dataset_3,3,largest_visible,multiplicative,5.0,3,0.6363636363636364
Max-Z Residual STV,0.6595779220779221,0.6336988668679789,0.6545454545454545,0.6545454545454545,0.6545454545454545,0.6545454545454545,dataset_3,3,largest_visible,multiplicative,5.0,3,0.6181818181818182
Raw STV + IF,0.5543831168831168,0.5528027314139797,0.5272727272727272,0.5272727272727272,0.5272727272727272,0.5272727272727272,dataset_3,3,largest_visible,multiplicative,10.0,1,0.8
WR-STV k=1,0.7233766233766235,0.7182622070798679,0.6545454545454545,0.6545454545454545,0.6545454545454545,0.6545454545454545,dataset_3,3,largest_visible,multiplicative,10.0,1,0.7090909090909091
Max-Z Residual STV,0.7282467532467533,0.6461877954878253,0.6727272727272727,0.6727272727272727,0.6727272727272727,0.6727272727272727,dataset_3,3,largest_visible,multiplicative,10.0,1,0.6727272727272727
Raw STV + IF,0.5689935064935064,0.5673570965815008,0.5636363636363636,0.5636363636363636,0.5636363636363636,0.5636363636363636,dataset_3,3,largest_visible,multiplicative,10.0,3,0.8545454545454545
WR-STV k=1,0.7053571428571428,0.7145512425479368,0.6363636363636364,0.6363636363636364,0.6363636363636364,0.6363636363636364,dataset_3,3,largest_visible,multiplicative,10.0,3,0.7272727272727273
Max-Z Residual STV,0.7277597402597402,0.6887186383510957,0.6727272727272727,0.6727272727272727,0.6727272727272727,0.6727272727272727,dataset_3,3,largest_visible,multiplicative,10.0,3,0.7090909090909091
Raw STV + IF,0.5553571428571429,0.5553046625640919,0.5272727272727272,0.5272727272727272,0.5272727272727272,0.5272727272727272,dataset_3,3,largest_visible,multiplicative,20.0,1,0.8
WR-STV k=1,0.7660714285714285,0.7700083409873455,0.6727272727272727,0.6727272727272727,0.6727272727272727,0.6727272727272727,dataset_3,3,largest_visible,multiplicative,20.0,1,0.7272727272727273
Max-Z Residual STV,0.7811688311688312,0.7067847150038291,0.7090909090909091,0.7090909090909091,0.7090909090909091,0.7090909090909091,dataset_3,3,largest_visible,multiplicative,20.0,1,0.7090909090909091
Raw STV + IF,0.5699675324675324,0.570260625915281,0.5818181818181818,0.5818181818181818,0.5818181818181818,0.5818181818181818,dataset_3,3,largest_visible,multiplicative,20.0,3,0.8545454545454545
WR-STV k=1,0.7650974025974026,0.7732057654029804,0.6727272727272727,0.6727272727272727,0.6727272727272727,0.6727272727272727,dataset_3,3,largest_visible,multiplicative,20.0,3,0.7818181818181819
Max-Z Residual STV,0.7944805194805193,0.7475464948153232,0.6909090909090909,0.6909090909090909,0.6909090909090909,0.6909090909090909,dataset_3,3,largest_visible,multiplicative,20.0,3,0.7636363636363637
Raw STV + IF,0.5563311688311688,0.5561095308988036,0.5272727272727272,0.5272727272727272,0.5272727272727272,0.5272727272727272,dataset_3,3,largest_visible,multiplicative,30.0,1,0.8
WR-STV k=1,0.7931818181818182,0.7957161614376607,0.6909090909090909,0.6909090909090909,0.6909090909090909,0.6909090909090909,dataset_3,3,largest_visible,multiplicative,30.0,1,0.7818181818181819
Max-Z Residual STV,0.800974025974026,0.7338991339188861,0.7272727272727273,0.7272727272727273,0.7272727272727273,0.7272727272727273,dataset_3,3,largest_visible,multiplicative,30.0,1,0.7636363636363637
Raw STV + IF,0.5702922077922078,0.5705464777550908,0.5818181818181818,0.5818181818181818,0.5818181818181818,0.5818181818181818,dataset_3,3,largest_visible,multiplicative,30.0,3,0.8545454545454545
WR-STV k=1,0.800974025974026,0.8039131502433752,0.6909090909090909,0.6909090909090909,0.6909090909090909,0.6909090909090909,dataset_3,3,largest_visible,multiplicative,30.0,3,0.8
Max-Z Residual STV,0.8194805194805195,0.7740986126499967,0.7272727272727273,0.7272727272727273,0.7272727272727273,0.7272727272727273,dataset_3,3,largest_visible,multiplicative,30.0,3,0.7818181818181819
Raw STV + IF,0.5107142857142857,0.5018231403933119,0.509090909090909,0.509090909090909,0.509090909090909,0.509090909090909,dataset_3,3,random_visible,additive_ms,10.0,1,0.109090909090909
WR-STV k=1,0.5021103896103896,0.4988711028964177,0.4727272727272727,0.4727272727272727,0.4727272727272727,0.4727272727272727,dataset_3,3,random_visible,additive_ms,10.0,1,0.2181818181818181
Max-Z Residual STV,0.5042207792207791,0.4985668066963147,0.4909090909090909,0.4909090909090909,0.4909090909090909,0.4909090909090909,dataset_3,3,random_visible,additive_ms,10.0,1,0.2
Raw STV + IF,0.5113636363636364,0.5048077187821456,0.509090909090909,0.509090909090909,0.509090909090909,0.509090909090909,dataset_3,3,random_visible,additive_ms,10.0,3,0.1636363636363636
WR-STV k=1,0.5030844155844156,0.5124392663849914,0.4909090909090909,0.4909090909090909,0.4909090909090909,0.4909090909090909,dataset_3,3,random_visible,additive_ms,10.0,3,0.4727272727272727
Max-Z Residual STV,0.5064935064935064,0.5023823327707795,0.4909090909090909,0.4909090909090909,0.4909090909090909,0.4909090909090909,dataset_3,3,random_visible,additive_ms,10.0,3,0.4545454545454545
Raw STV + IF,0.5125,0.5023147375602793,0.509090909090909,0.509090909090909,0.509090909090909,0.509090909090909,dataset_3,3,random_visible,additive_ms,25.0,1,0.1818181818181818
WR-STV k=1,0.4974025974025973,0.4965931207620166,0.4727272727272727,0.4727272727272727,0.4727272727272727,0.4727272727272727,dataset_3,3,random_visible,additive_ms,25.0,1,0.2363636363636363
Max-Z Residual STV,0.4995129870129869,0.495838945234745,0.4727272727272727,0.4727272727272727,0.4727272727272727,0.4727272727272727,dataset_3,3,random_visible,additive_ms,25.0,1,0.2181818181818181
Raw STV + IF,0.513961038961039,0.5070270831314256,0.509090909090909,0.509090909090909,0.509090909090909,0.509090909090909,dataset_3,3,random_visible,additive_ms,25.0,3,0.2727272727272727
WR-STV k=1,0.4982142857142857,0.5096169193575073,0.4727272727272727,0.4727272727272727,0.4727272727272727,0.4727272727272727,dataset_3,3,random_visible,additive_ms,25.0,3,0.4727272727272727
Max-Z Residual STV,0.4967532467532467,0.4969378718167577,0.4727272727272727,0.4727272727272727,0.4727272727272727,0.4727272727272727,dataset_3,3,random_visible,additive_ms,25.0,3,0.4545454545454545
Raw STV + IF,0.5157467532467532,0.5054710178769971,0.509090909090909,0.509090909090909,0.509090909090909,0.509090909090909,dataset_3,3,random_visible,additive_ms,50.0,1,0.2909090909090909
WR-STV k=1,0.4892857142857143,0.493850404344069,0.4545454545454545,0.4545454545454545,0.4545454545454545,0.4545454545454545,dataset_3,3,random_visible,additive_ms,50.0,1,0.2727272727272727
Max-Z Residual STV,0.4959415584415584,0.4935430787587,0.4909090909090909,0.4909090909090909,0.4909090909090909,0.4909090909090909,dataset_3,3,random_visible,additive_ms,50.0,1,0.2545454545454545
Raw STV + IF,0.5185064935064935,0.5106795415576847,0.509090909090909,0.509090909090909,0.509090909090909,0.509090909090909,dataset_3,3,random_visible,additive_ms,50.0,3,0.4363636363636363
WR-STV k=1,0.4900974025974026,0.5065866305835169,0.4727272727272727,0.4727272727272727,0.4727272727272727,0.4727272727272727,dataset_3,3,random_visible,additive_ms,50.0,3,0.4727272727272727
Max-Z Residual STV,0.4905844155844156,0.4937502076616831,0.4909090909090909,0.4909090909090909,0.4909090909090909,0.4909090909090909,dataset_3,3,random_visible,additive_ms,50.0,3,0.4545454545454545
Raw STV + IF,0.5224025974025974,0.5089155734802523,0.509090909090909,0.509090909090909,0.509090909090909,0.509090909090909,dataset_3,3,random_visible,additive_ms,100.0,1,0.4363636363636363
WR-STV k=1,0.4876623376623376,0.4973972349169743,0.4727272727272727,0.4727272727272727,0.4727272727272727,0.4727272727272727,dataset_3,3,random_visible,additive_ms,100.0,1,0.3272727272727272
Max-Z Residual STV,0.4939935064935065,0.4958887921972026,0.4909090909090909,0.4909090909090909,0.4909090909090909,0.4909090909090909,dataset_3,3,random_visible,additive_ms,100.0,1,0.2727272727272727
Raw STV + IF,0.5285714285714286,0.5258222724010568,0.5272727272727272,0.5272727272727272,0.5272727272727272,0.5272727272727272,dataset_3,3,random_visible,additive_ms,100.0,3,0.5636363636363636
WR-STV k=1,0.5037337662337662,0.5208183018248397,0.509090909090909,0.509090909090909,0.509090909090909,0.509090909090909,dataset_3,3,random_visible,additive_ms,100.0,3,0.4909090909090909
Max-Z Residual STV,0.5103896103896104,0.5141511195507215,0.509090909090909,0.509090909090909,0.509090909090909,0.509090909090909,dataset_3,3,random_visible,additive_ms,100.0,3,0.4909090909090909
Raw STV + IF,0.5334415584415584,0.516575104132944,0.5272727272727272,0.5272727272727272,0.5272727272727272,0.5272727272727272,dataset_3,3,random_visible,additive_ms,250.0,1,0.6363636363636364
WR-STV k=1,0.536525974025974,0.5339359327229077,0.4909090909090909,0.4909090909090909,0.4909090909090909,0.4909090909090909,dataset_3,3,random_visible,additive_ms,250.0,1,0.4545454545454545
Max-Z Residual STV,0.5313311688311688,0.5197424840383901,0.509090909090909,0.509090909090909,0.509090909090909,0.509090909090909,dataset_3,3,random_visible,additive_ms,250.0,1,0.3636363636363636
Raw STV + IF,0.5435064935064935,0.5352428567303452,0.5636363636363636,0.5636363636363636,0.5636363636363636,0.5636363636363636,dataset_3,3,random_visible,additive_ms,250.0,3,0.7636363636363637
WR-STV k=1,0.5547077922077922,0.5605360181164373,0.5636363636363636,0.5636363636363636,0.5636363636363636,0.5636363636363636,dataset_3,3,random_visible,additive_ms,250.0,3,0.5636363636363636
Max-Z Residual STV,0.5626623376623376,0.5533300039560821,0.5636363636363636,0.5636363636363636,0.5636363636363636,0.5636363636363636,dataset_3,3,random_visible,additive_ms,250.0,3,0.5454545454545454
Raw STV + IF,0.5428571428571428,0.5235430643283944,0.5272727272727272,0.5272727272727272,0.5272727272727272,0.5272727272727272,dataset_3,3,random_visible,additive_ms,500.0,1,0.7090909090909091
WR-STV k=1,0.584577922077922,0.5795415693319632,0.6,0.6,0.6,0.6,dataset_3,3,random_visible,additive_ms,500.0,1,0.4909090909090909
Max-Z Residual STV,0.5659090909090909,0.5487877209587939,0.5818181818181818,0.5818181818181818,0.5818181818181818,0.5818181818181818,dataset_3,3,random_visible,additive_ms,500.0,1,0.4363636363636363
Raw STV + IF,0.5563311688311688,0.5462772226852606,0.5818181818181818,0.5818181818181818,0.5818181818181818,0.5818181818181818,dataset_3,3,random_visible,additive_ms,500.0,3,0.8
WR-STV k=1,0.6011363636363636,0.6071226641467605,0.6181818181818182,0.6181818181818182,0.6181818181818182,0.6181818181818182,dataset_3,3,random_visible,additive_ms,500.0,3,0.5818181818181818
Max-Z Residual STV,0.6064935064935064,0.6041625373321535,0.6363636363636364,0.6363636363636364,0.6363636363636364,0.6363636363636364,dataset_3,3,random_visible,additive_ms,500.0,3,0.5636363636363636
Raw STV + IF,0.5040997229916897,0.5031431579197594,0.4947368421052631,0.4947368421052631,0.4947368421052631,0.4947368421052631,dataset_1,4,random_visible,multiplicative,1.1,1,0.2631578947368421
WR-STV k=1,0.4961772853185595,0.4994189664988721,0.4947368421052631,0.4947368421052631,0.4947368421052631,0.4947368421052631,dataset_1,4,random_visible,multiplicative,1.1,1,0.1578947368421052
Max-Z Residual STV,0.4957340720221607,0.4991632762172239,0.4947368421052631,0.4947368421052631,0.4947368421052631,0.4947368421052631,dataset_1,4,random_visible,multiplicative,1.1,1,0.1263157894736842
Raw STV + IF,0.5064819944598338,0.5055379466581871,0.5157894736842106,0.5157894736842106,0.5157894736842106,0.5157894736842106,dataset_1,4,random_visible,multiplicative,1.1,3,0.431578947368421
WR-STV k=1,0.4956232686980609,0.4971917291677975,0.4947368421052631,0.4947368421052631,0.4947368421052631,0.4947368421052631,dataset_1,4,random_visible,multiplicative,1.1,3,0.2736842105263158
Max-Z Residual STV,0.4962880886426594,0.4997980286228899,0.4947368421052631,0.4947368421052631,0.4947368421052631,0.4947368421052631,dataset_1,4,random_visible,multiplicative,1.1,3,0.2736842105263158
Raw STV + IF,0.508365650969529,0.5049419533949335,0.5157894736842106,0.5157894736842106,0.5157894736842106,0.5157894736842106,dataset_1,4,random_visible,multiplicative,1.25,1,0.4210526315789473
WR-STV k=1,0.4947368421052632,0.4990709276592401,0.4947368421052631,0.4947368421052631,0.4947368421052631,0.4947368421052631,dataset_1,4,random_visible,multiplicative,1.25,1,0.1684210526315789
Max-Z Residual STV,0.4946814404432132,0.4988233059922825,0.4947368421052631,0.4947368421052631,0.4947368421052631,0.4947368421052631,dataset_1,4,random_visible,multiplicative,1.25,1,0.1473684210526315
Raw STV + IF,0.5141828254847646,0.5088491399841458,0.5263157894736842,0.5263157894736842,0.5263157894736842,0.5263157894736842,dataset_1,4,random_visible,multiplicative,1.25,3,0.6421052631578947
WR-STV k=1,0.4968975069252078,0.4979156696178672,0.5052631578947369,0.5052631578947369,0.5052631578947369,0.5052631578947369,dataset_1,4,random_visible,multiplicative,1.25,3,0.3157894736842105
Max-Z Residual STV,0.4984487534626038,0.5008942462757544,0.5157894736842106,0.5157894736842106,0.5157894736842106,0.5157894736842106,dataset_1,4,random_visible,multiplicative,1.25,3,0.3052631578947368
Raw STV + IF,0.5135180055401661,0.5085876725680498,0.5263157894736842,0.5263157894736842,0.5263157894736842,0.5263157894736842,dataset_1,4,random_visible,multiplicative,1.5,1,0.4947368421052631
WR-STV k=1,0.4974515235457063,0.5002714597153798,0.5052631578947369,0.5052631578947369,0.5052631578947369,0.5052631578947369,dataset_1,4,random_visible,multiplicative,1.5,1,0.1894736842105263
Max-Z Residual STV,0.4965096952908587,0.4990686236955537,0.4947368421052631,0.4947368421052631,0.4947368421052631,0.4947368421052631,dataset_1,4,random_visible,multiplicative,1.5,1,0.1894736842105263
Raw STV + IF,0.5227700831024931,0.5144368425551913,0.5368421052631579,0.5368421052631579,0.5368421052631579,0.5368421052631579,dataset_1,4,random_visible,multiplicative,1.5,3,0.6947368421052632
WR-STV k=1,0.5053185595567866,0.5028119935017326,0.5052631578947369,0.5052631578947369,0.5052631578947369,0.5052631578947369,dataset_1,4,random_visible,multiplicative,1.5,3,0.3368421052631579
Max-Z Residual STV,0.5022160664819945,0.5022619816848893,0.5157894736842106,0.5157894736842106,0.5157894736842106,0.5157894736842106,dataset_1,4,random_visible,multiplicative,1.5,3,0.3368421052631579
Raw STV + IF,0.5184487534626039,0.5111902538086361,0.5368421052631579,0.5368421052631579,0.5368421052631579,0.5368421052631579,dataset_1,4,random_visible,multiplicative,2.0,1,0.631578947368421
WR-STV k=1,0.5198337950138505,0.5088082599441233,0.5263157894736842,0.5263157894736842,0.5263157894736842,0.5263157894736842,dataset_1,4,random_visible,multiplicative,2.0,1,0.3684210526315789
Max-Z Residual STV,0.5197783933518005,0.5075081387846148,0.5052631578947369,0.5052631578947369,0.5052631578947369,0.5052631578947369,dataset_1,4,random_visible,multiplicative,2.0,1,0.3473684210526316
Raw STV + IF,0.5390027700831025,0.52399101967841,0.5473684210526316,0.5473684210526316,0.5473684210526316,0.5473684210526316,dataset_1,4,random_visible,multiplicative,2.0,3,0.7894736842105263
WR-STV k=1,0.5299168975069253,0.5178605614604487,0.5263157894736842,0.5263157894736842,0.5263157894736842,0.5263157894736842,dataset_1,4,random_visible,multiplicative,2.0,3,0.431578947368421
Max-Z Residual STV,0.5212742382271468,0.5077740746922527,0.5157894736842106,0.5157894736842106,0.5157894736842106,0.5157894736842106,dataset_1,4,random_visible,multiplicative,2.0,3,0.4210526315789473
Raw STV + IF,0.5273684210526316,0.5155440341913443,0.5368421052631579,0.5368421052631579,0.5368421052631579,0.5368421052631579,dataset_1,4,random_visible,multiplicative,3.0,1,0.7157894736842105
WR-STV k=1,0.5606094182825484,0.5285893823125198,0.5578947368421052,0.5578947368421052,0.5578947368421052,0.5578947368421052,dataset_1,4,random_visible,multiplicative,3.0,1,0.4105263157894737
Max-Z Residual STV,0.5554016620498615,0.5220633017247179,0.5684210526315789,0.5684210526315789,0.5684210526315789,0.5684210526315789,dataset_1,4,random_visible,multiplicative,3.0,1,0.4
Raw STV + IF,0.5559556786703601,0.5346409241094385,0.5684210526315789,0.5684210526315789,0.5684210526315789,0.5684210526315789,dataset_1,4,random_visible,multiplicative,3.0,3,0.8210526315789474
WR-STV k=1,0.5766204986149583,0.5597511743532211,0.5473684210526316,0.5473684210526316,0.5473684210526316,0.5473684210526316,dataset_1,4,random_visible,multiplicative,3.0,3,0.5263157894736842
Max-Z Residual STV,0.5604432132963989,0.5243521706148022,0.5578947368421052,0.5578947368421052,0.5578947368421052,0.5578947368421052,dataset_1,4,random_visible,multiplicative,3.0,3,0.4842105263157895
Raw STV + IF,0.5339058171745152,0.5203292224890124,0.5368421052631579,0.5368421052631579,0.5368421052631579,0.5368421052631579,dataset_1,4,random_visible,multiplicative,5.0,1,0.7789473684210526
WR-STV k=1,0.6233795013850416,0.57630489938557,0.5894736842105263,0.5894736842105263,0.5894736842105263,0.5894736842105263,dataset_1,4,random_visible,multiplicative,5.0,1,0.5052631578947369
Max-Z Residual STV,0.6033795013850416,0.545257728706052,0.5789473684210527,0.5789473684210527,0.5789473684210527,0.5789473684210527,dataset_1,4,random_visible,multiplicative,5.0,1,0.4736842105263157
Raw STV + IF,0.5690858725761773,0.5417636001872328,0.6,0.6,0.6,0.6,dataset_1,4,random_visible,multiplicative,5.0,3,0.8526315789473684
WR-STV k=1,0.6582271468144044,0.6389905517744172,0.5789473684210527,0.5789473684210527,0.5789473684210527,0.5789473684210527,dataset_1,4,random_visible,multiplicative,5.0,3,0.6421052631578947
Max-Z Residual STV,0.6182825484764544,0.5575020123847205,0.5684210526315789,0.5684210526315789,0.5684210526315789,0.5684210526315789,dataset_1,4,random_visible,multiplicative,5.0,3,0.5684210526315789
Raw STV + IF,0.5412742382271468,0.526169362119094,0.5368421052631579,0.5368421052631579,0.5368421052631579,0.5368421052631579,dataset_1,4,random_visible,multiplicative,10.0,1,0.8315789473684211
WR-STV k=1,0.7011634349030471,0.6640718733961688,0.631578947368421,0.631578947368421,0.631578947368421,0.631578947368421,dataset_1,4,random_visible,multiplicative,10.0,1,0.6
Max-Z Residual STV,0.6561772853185596,0.5783229261411437,0.6,0.6,0.6,0.6,dataset_1,4,random_visible,multiplicative,10.0,1,0.5473684210526316
Raw STV + IF,0.5872576177285318,0.5548080771994894,0.631578947368421,0.631578947368421,0.631578947368421,0.631578947368421,dataset_1,4,random_visible,multiplicative,10.0,3,0.9052631578947368
WR-STV k=1,0.753185595567867,0.7339436265895244,0.631578947368421,0.631578947368421,0.631578947368421,0.631578947368421,dataset_1,4,random_visible,multiplicative,10.0,3,0.7578947368421053
Max-Z Residual STV,0.693185595567867,0.6211675110068879,0.6421052631578947,0.6421052631578947,0.6421052631578947,0.6421052631578947,dataset_1,4,random_visible,multiplicative,10.0,3,0.6526315789473685
Raw STV + IF,0.5457063711911357,0.5329570897234928,0.5368421052631579,0.5368421052631579,0.5368421052631579,0.5368421052631579,dataset_1,4,random_visible,multiplicative,20.0,1,0.8315789473684211
WR-STV k=1,0.7506371191135734,0.7251403902993343,0.6631578947368421,0.6631578947368421,0.6631578947368421,0.6631578947368421,dataset_1,4,random_visible,multiplicative,20.0,1,0.6526315789473685
Max-Z Residual STV,0.702770083102493,0.6175397487163823,0.6631578947368421,0.6631578947368421,0.6631578947368421,0.6631578947368421,dataset_1,4,random_visible,multiplicative,20.0,1,0.6210526315789474
Raw STV + IF,0.5946814404432132,0.5608320331186551,0.631578947368421,0.631578947368421,0.631578947368421,0.631578947368421,dataset_1,4,random_visible,multiplicative,20.0,3,0.9263157894736842
WR-STV k=1,0.8156786703601109,0.8012447035099914,0.7052631578947368,0.7052631578947368,0.7052631578947368,0.7052631578947368,dataset_1,4,random_visible,multiplicative,20.0,3,0.7789473684210526
Max-Z Residual STV,0.7545706371191135,0.6781489700215797,0.6736842105263158,0.6736842105263158,0.6736842105263158,0.6736842105263158,dataset_1,4,random_visible,multiplicative,20.0,3,0.7157894736842105
Raw STV + IF,0.5510803324099723,0.53549590537134,0.5368421052631579,0.5368421052631579,0.5368421052631579,0.5368421052631579,dataset_1,4,random_visible,multiplicative,30.0,1,0.8526315789473684
WR-STV k=1,0.7776731301939058,0.7518102355911377,0.6842105263157895,0.6842105263157895,0.6842105263157895,0.6842105263157895,dataset_1,4,random_visible,multiplicative,30.0,1,0.6947368421052632
Max-Z Residual STV,0.7326869806094183,0.6494573466254253,0.6631578947368421,0.6631578947368421,0.6631578947368421,0.6631578947368421,dataset_1,4,random_visible,multiplicative,30.0,1,0.6526315789473685
Raw STV + IF,0.6019390581717452,0.5659226243393819,0.6421052631578947,0.6421052631578947,0.6421052631578947,0.6421052631578947,dataset_1,4,random_visible,multiplicative,30.0,3,0.936842105263158
WR-STV k=1,0.8474238227146814,0.8319226043491043,0.7473684210526316,0.7473684210526316,0.7473684210526316,0.7473684210526316,dataset_1,4,random_visible,multiplicative,30.0,3,0.8
Max-Z Residual STV,0.7832686980609418,0.7083529540525921,0.6947368421052632,0.6947368421052632,0.6947368421052632,0.6947368421052632,dataset_1,4,random_visible,multiplicative,30.0,3,0.7368421052631579
Raw STV + IF,0.5030470914127424,0.5052535982665081,0.5052631578947369,0.5052631578947369,0.5052631578947369,0.5052631578947369,dataset_1,4,largest_visible,multiplicative,1.1,1,0.2842105263157894
WR-STV k=1,0.4991689750692521,0.5028026492255304,0.4947368421052631,0.4947368421052631,0.4947368421052631,0.4947368421052631,dataset_1,4,largest_visible,multiplicative,1.1,1,0.2
Max-Z Residual STV,0.4961218836565096,0.5001198254338932,0.4947368421052631,0.4947368421052631,0.4947368421052631,0.4947368421052631,dataset_1,4,largest_visible,multiplicative,1.1,1,0.1578947368421052
Raw STV + IF,0.507257617728532,0.5119345172681721,0.5157894736842106,0.5157894736842106,0.5157894736842106,0.5157894736842106,dataset_1,4,largest_visible,multiplicative,1.1,3,0.4842105263157895
WR-STV k=1,0.4987257617728531,0.5025928061943198,0.4947368421052631,0.4947368421052631,0.4947368421052631,0.4947368421052631,dataset_1,4,largest_visible,multiplicative,1.1,3,0.3052631578947368
Max-Z Residual STV,0.4966759002770083,0.500596880907147,0.4947368421052631,0.4947368421052631,0.4947368421052631,0.4947368421052631,dataset_1,4,largest_visible,multiplicative,1.1,3,0.2947368421052631
Raw STV + IF,0.5073684210526316,0.509768134382176,0.5263157894736842,0.5263157894736842,0.5263157894736842,0.5263157894736842,dataset_1,4,largest_visible,multiplicative,1.25,1,0.4842105263157895
WR-STV k=1,0.5007202216066482,0.5053173637201012,0.5052631578947369,0.5052631578947369,0.5052631578947369,0.5052631578947369,dataset_1,4,largest_visible,multiplicative,1.25,1,0.2736842105263158
Max-Z Residual STV,0.4959002770083102,0.4982385873740613,0.5052631578947369,0.5052631578947369,0.5052631578947369,0.5052631578947369,dataset_1,4,largest_visible,multiplicative,1.25,1,0.2210526315789473
Raw STV + IF,0.5151246537396121,0.5211509106188289,0.5263157894736842,0.5263157894736842,0.5263157894736842,0.5263157894736842,dataset_1,4,largest_visible,multiplicative,1.25,3,0.6736842105263158
WR-STV k=1,0.4995567867036011,0.5040288217476375,0.5052631578947369,0.5052631578947369,0.5052631578947369,0.5052631578947369,dataset_1,4,largest_visible,multiplicative,1.25,3,0.3473684210526316
Max-Z Residual STV,0.4977285318559557,0.5014552858027013,0.5052631578947369,0.5052631578947369,0.5052631578947369,0.5052631578947369,dataset_1,4,largest_visible,multiplicative,1.25,3,0.3263157894736842
Raw STV + IF,0.5116897506925208,0.511779565737604,0.5263157894736842,0.5263157894736842,0.5263157894736842,0.5263157894736842,dataset_1,4,largest_visible,multiplicative,1.5,1,0.5263157894736842
WR-STV k=1,0.5113573407202217,0.5136416698776899,0.5157894736842106,0.5157894736842106,0.5157894736842106,0.5157894736842106,dataset_1,4,largest_visible,multiplicative,1.5,1,0.2947368421052631
Max-Z Residual STV,0.5026038781163434,0.5033818080292625,0.5157894736842106,0.5157894736842106,0.5157894736842106,0.5157894736842106,dataset_1,4,largest_visible,multiplicative,1.5,1,0.2526315789473684
Raw STV + IF,0.5230470914127423,0.5256765200447053,0.5368421052631579,0.5368421052631579,0.5368421052631579,0.5368421052631579,dataset_1,4,largest_visible,multiplicative,1.5,3,0.7263157894736842
WR-STV k=1,0.5093628808864266,0.5122530276997663,0.5052631578947369,0.5052631578947369,0.5052631578947369,0.5052631578947369,dataset_1,4,largest_visible,multiplicative,1.5,3,0.3684210526315789
Max-Z Residual STV,0.5042105263157894,0.5070957592182057,0.5052631578947369,0.5052631578947369,0.5052631578947369,0.5052631578947369,dataset_1,4,largest_visible,multiplicative,1.5,3,0.3578947368421052
Raw STV + IF,0.5192243767313018,0.522976230007205,0.5263157894736842,0.5263157894736842,0.5263157894736842,0.5263157894736842,dataset_1,4,largest_visible,multiplicative,2.0,1,0.6947368421052632
WR-STV k=1,0.5460941828254848,0.5371595221652036,0.5368421052631579,0.5368421052631579,0.5368421052631579,0.5368421052631579,dataset_1,4,largest_visible,multiplicative,2.0,1,0.431578947368421
Max-Z Residual STV,0.5304709141274239,0.5151416276921132,0.5263157894736842,0.5263157894736842,0.5263157894736842,0.5263157894736842,dataset_1,4,largest_visible,multiplicative,2.0,1,0.4105263157894737
Raw STV + IF,0.5395567867036011,0.5358838049754246,0.5473684210526316,0.5473684210526316,0.5473684210526316,0.5473684210526316,dataset_1,4,largest_visible,multiplicative,2.0,3,0.8315789473684211
WR-STV k=1,0.5383379501385042,0.5337291067607982,0.5263157894736842,0.5263157894736842,0.5263157894736842,0.5263157894736842,dataset_1,4,largest_visible,multiplicative,2.0,3,0.4526315789473684
Max-Z Residual STV,0.5239889196675901,0.5136340701963255,0.5157894736842106,0.5157894736842106,0.5157894736842106,0.5157894736842106,dataset_1,4,largest_visible,multiplicative,2.0,3,0.431578947368421
Raw STV + IF,0.5306371191135735,0.5281085483546203,0.5368421052631579,0.5368421052631579,0.5368421052631579,0.5368421052631579,dataset_1,4,largest_visible,multiplicative,3.0,1,0.7263157894736842
WR-STV k=1,0.6024930747922437,0.5845476964005187,0.5578947368421052,0.5578947368421052,0.5578947368421052,0.5578947368421052,dataset_1,4,largest_visible,multiplicative,3.0,1,0.5157894736842106
Max-Z Residual STV,0.5788365650969529,0.5429402632824423,0.5473684210526316,0.5473684210526316,0.5473684210526316,0.5473684210526316,dataset_1,4,largest_visible,multiplicative,3.0,1,0.4631578947368421
Raw STV + IF,0.5566759002770083,0.5453156023177645,0.5684210526315789,0.5684210526315789,0.5684210526315789,0.5684210526315789,dataset_1,4,largest_visible,multiplicative,3.0,3,0.8631578947368421
WR-STV k=1,0.5906371191135734,0.5821059627377536,0.5578947368421052,0.5578947368421052,0.5578947368421052,0.5578947368421052,dataset_1,4,largest_visible,multiplicative,3.0,3,0.5684210526315789
Max-Z Residual STV,0.5681994459833795,0.5358174686823256,0.5684210526315789,0.5684210526315789,0.5684210526315789,0.5684210526315789,dataset_1,4,largest_visible,multiplicative,3.0,3,0.5157894736842106
Raw STV + IF,0.5409418282548477,0.5331078233304426,0.5368421052631579,0.5368421052631579,0.5368421052631579,0.5368421052631579,dataset_1,4,largest_visible,multiplicative,5.0,1,0.7894736842105263
WR-STV k=1,0.6734072022160665,0.6508772544170593,0.6,0.6,0.6,0.6,dataset_1,4,largest_visible,multiplicative,5.0,1,0.6631578947368421
Max-Z Residual STV,0.6339612188365651,0.5760407533530415,0.5894736842105263,0.5894736842105263,0.5894736842105263,0.5894736842105263,dataset_1,4,largest_visible,multiplicative,5.0,1,0.5789473684210527
Raw STV + IF,0.5706371191135735,0.5526362095222025,0.6,0.6,0.6,0.6,dataset_1,4,largest_visible,multiplicative,5.0,3,0.8736842105263158
WR-STV k=1,0.6798337950138504,0.6621549115639233,0.6210526315789474,0.6210526315789474,0.6210526315789474,0.6210526315789474,dataset_1,4,largest_visible,multiplicative,5.0,3,0.6947368421052632
Max-Z Residual STV,0.6332963988919666,0.5764635752913712,0.5789473684210527,0.5789473684210527,0.5789473684210527,0.5789473684210527,dataset_1,4,largest_visible,multiplicative,5.0,3,0.6105263157894737
Raw STV + IF,0.549196675900277,0.5370892702110125,0.5578947368421052,0.5578947368421052,0.5578947368421052,0.5578947368421052,dataset_1,4,largest_visible,multiplicative,10.0,1,0.7894736842105263
WR-STV k=1,0.76797783933518,0.740427156159378,0.6526315789473685,0.6526315789473685,0.6526315789473685,0.6526315789473685,dataset_1,4,largest_visible,multiplicative,10.0,1,0.7894736842105263
Max-Z Residual STV,0.7038781163434903,0.629984854647696,0.6631578947368421,0.6631578947368421,0.6631578947368421,0.6631578947368421,dataset_1,4,largest_visible,multiplicative,10.0,1,0.6842105263157895
Raw STV + IF,0.5899168975069252,0.565076696215733,0.631578947368421,0.631578947368421,0.631578947368421,0.631578947368421,dataset_1,4,largest_visible,multiplicative,10.0,3,0.8947368421052632
WR-STV k=1,0.7785041551246538,0.7568254080467571,0.6631578947368421,0.6631578947368421,0.6631578947368421,0.6631578947368421,dataset_1,4,largest_visible,multiplicative,10.0,3,0.8210526315789474
Max-Z Residual STV,0.7137396121883657,0.6410148170053874,0.6631578947368421,0.6631578947368421,0.6631578947368421,0.6631578947368421,dataset_1,4,largest_visible,multiplicative,10.0,3,0.7157894736842105
Raw STV + IF,0.5557340720221606,0.5401117942643207,0.5578947368421052,0.5578947368421052,0.5578947368421052,0.5578947368421052,dataset_1,4,largest_visible,multiplicative,20.0,1,0.8105263157894737
WR-STV k=1,0.8309141274238228,0.8102080747497797,0.7368421052631579,0.7368421052631579,0.7368421052631579,0.7368421052631579,dataset_1,4,largest_visible,multiplicative,20.0,1,0.8315789473684211
Max-Z Residual STV,0.7538504155124655,0.6707700189512518,0.6736842105263158,0.6736842105263158,0.6736842105263158,0.6736842105263158,dataset_1,4,largest_visible,multiplicative,20.0,1,0.7368421052631579
Raw STV + IF,0.5967867036011081,0.5684801646047234,0.6421052631578947,0.6421052631578947,0.6421052631578947,0.6421052631578947,dataset_1,4,largest_visible,multiplicative,20.0,3,0.8947368421052632
WR-STV k=1,0.8437673130193906,0.8276997865358805,0.7368421052631579,0.7368421052631579,0.7368421052631579,0.7368421052631579,dataset_1,4,largest_visible,multiplicative,20.0,3,0.8421052631578947
Max-Z Residual STV,0.7694736842105263,0.6919248679003132,0.6736842105263158,0.6736842105263158,0.6736842105263158,0.6736842105263158,dataset_1,4,largest_visible,multiplicative,20.0,3,0.7473684210526316
Raw STV + IF,0.5611080332409972,0.5425823993282022,0.5578947368421052,0.5578947368421052,0.5578947368421052,0.5578947368421052,dataset_1,4,largest_visible,multiplicative,30.0,1,0.8105263157894737
WR-STV k=1,0.8645429362880888,0.8435088192817425,0.7684210526315789,0.7684210526315789,0.7684210526315789,0.7684210526315789,dataset_1,4,largest_visible,multiplicative,30.0,1,0.8421052631578947
Max-Z Residual STV,0.776786703601108,0.6908554746212519,0.6947368421052632,0.6947368421052632,0.6947368421052632,0.6947368421052632,dataset_1,4,largest_visible,multiplicative,30.0,1,0.7368421052631579
Raw STV + IF,0.602382271468144,0.57184172136336,0.6421052631578947,0.6421052631578947,0.6421052631578947,0.6421052631578947,dataset_1,4,largest_visible,multiplicative,30.0,3,0.8947368421052632
WR-STV k=1,0.8724653739612188,0.8549289643213965,0.7789473684210526,0.7789473684210526,0.7789473684210526,0.7789473684210526,dataset_1,4,largest_visible,multiplicative,30.0,3,0.8631578947368421
Max-Z Residual STV,0.7956232686980609,0.7198709328635919,0.6947368421052632,0.6947368421052632,0.6947368421052632,0.6947368421052632,dataset_1,4,largest_visible,multiplicative,30.0,3,0.7473684210526316
Raw STV + IF,0.5033795013850415,0.502177628619529,0.4947368421052631,0.4947368421052631,0.4947368421052631,0.4947368421052631,dataset_1,4,random_visible,additive_ms,10.0,1,0.231578947368421
WR-STV k=1,0.4922991689750693,0.4943648090292761,0.4947368421052631,0.4947368421052631,0.4947368421052631,0.4947368421052631,dataset_1,4,random_visible,additive_ms,10.0,1,0.1368421052631579
Max-Z Residual STV,0.4937396121883656,0.497462151254011,0.4947368421052631,0.4947368421052631,0.4947368421052631,0.4947368421052631,dataset_1,4,random_visible,additive_ms,10.0,1,0.1263157894736842
Raw STV + IF,0.503601108033241,0.5026658648165999,0.4947368421052631,0.4947368421052631,0.4947368421052631,0.4947368421052631,dataset_1,4,random_visible,additive_ms,10.0,3,0.3789473684210526
WR-STV k=1,0.4803324099722992,0.4839255978672058,0.4947368421052631,0.4947368421052631,0.4947368421052631,0.4947368421052631,dataset_1,4,random_visible,additive_ms,10.0,3,0.2736842105263158
Max-Z Residual STV,0.4836565096952909,0.4917298817304063,0.4842105263157895,0.4842105263157895,0.4842105263157895,0.4842105263157895,dataset_1,4,random_visible,additive_ms,10.0,3,0.2736842105263158
Raw STV + IF,0.5067036011080333,0.5042055001587754,0.5052631578947369,0.5052631578947369,0.5052631578947369,0.5052631578947369,dataset_1,4,random_visible,additive_ms,25.0,1,0.3473684210526316
WR-STV k=1,0.4857617728531855,0.4910375694583386,0.4947368421052631,0.4947368421052631,0.4947368421052631,0.4947368421052631,dataset_1,4,random_visible,additive_ms,25.0,1,0.1473684210526315
Max-Z Residual STV,0.4873130193905817,0.4946233495456221,0.4947368421052631,0.4947368421052631,0.4947368421052631,0.4947368421052631,dataset_1,4,random_visible,additive_ms,25.0,1,0.1368421052631579
Raw STV + IF,0.5117451523545706,0.5076832174154304,0.5052631578947369,0.5052631578947369,0.5052631578947369,0.5052631578947369,dataset_1,4,random_visible,additive_ms,25.0,3,0.6105263157894737
WR-STV k=1,0.4609972299168975,0.4723323188337159,0.4736842105263157,0.4736842105263157,0.4736842105263157,0.4736842105263157,dataset_1,4,random_visible,additive_ms,25.0,3,0.2947368421052631
Max-Z Residual STV,0.4685318559556787,0.4821440207335643,0.4736842105263157,0.4736842105263157,0.4736842105263157,0.4736842105263157,dataset_1,4,random_visible,additive_ms,25.0,3,0.2947368421052631
Raw STV + IF,0.5127423822714682,0.5080278910374884,0.5263157894736842,0.5263157894736842,0.5263157894736842,0.5263157894736842,dataset_1,4,random_visible,additive_ms,50.0,1,0.5157894736842106
WR-STV k=1,0.4833240997229917,0.4897526601277764,0.4842105263157895,0.4842105263157895,0.4842105263157895,0.4842105263157895,dataset_1,4,random_visible,additive_ms,50.0,1,0.1789473684210526
Max-Z Residual STV,0.4849861495844875,0.4929597577517474,0.4842105263157895,0.4842105263157895,0.4842105263157895,0.4842105263157895,dataset_1,4,random_visible,additive_ms,50.0,1,0.1684210526315789
Raw STV + IF,0.5211080332409972,0.5133546872093135,0.5263157894736842,0.5263157894736842,0.5263157894736842,0.5263157894736842,dataset_1,4,random_visible,additive_ms,50.0,3,0.7263157894736842
WR-STV k=1,0.4449861495844875,0.4632549934806129,0.4631578947368421,0.4631578947368421,0.4631578947368421,0.4631578947368421,dataset_1,4,random_visible,additive_ms,50.0,3,0.3263157894736842
Max-Z Residual STV,0.4526315789473684,0.4740998298549965,0.4526315789473684,0.4526315789473684,0.4526315789473684,0.4526315789473684,dataset_1,4,random_visible,additive_ms,50.0,3,0.3263157894736842
Raw STV + IF,0.5196675900277008,0.5119415051533932,0.5368421052631579,0.5368421052631579,0.5368421052631579,0.5368421052631579,dataset_1,4,random_visible,additive_ms,100.0,1,0.631578947368421
WR-STV k=1,0.4930747922437673,0.4931181787827146,0.4947368421052631,0.4947368421052631,0.4947368421052631,0.4947368421052631,dataset_1,4,random_visible,additive_ms,100.0,1,0.231578947368421
Max-Z Residual STV,0.4928531855955679,0.4952326246178146,0.4842105263157895,0.4842105263157895,0.4842105263157895,0.4842105263157895,dataset_1,4,random_visible,additive_ms,100.0,1,0.2210526315789473
Raw STV + IF,0.5330193905817174,0.5218623575912829,0.5368421052631579,0.5368421052631579,0.5368421052631579,0.5368421052631579,dataset_1,4,random_visible,additive_ms,100.0,3,0.7684210526315789
WR-STV k=1,0.4495290858725762,0.4640285545009042,0.4736842105263157,0.4736842105263157,0.4736842105263157,0.4736842105263157,dataset_1,4,random_visible,additive_ms,100.0,3,0.3578947368421052
Max-Z Residual STV,0.452409972299169,0.47346804645452,0.4526315789473684,0.4526315789473684,0.4526315789473684,0.4526315789473684,dataset_1,4,random_visible,additive_ms,100.0,3,0.3578947368421052
Raw STV + IF,0.5291966759002771,0.5203416632131792,0.5368421052631579,0.5368421052631579,0.5368421052631579,0.5368421052631579,dataset_1,4,random_visible,additive_ms,250.0,1,0.8105263157894737
WR-STV k=1,0.5341828254847645,0.5111663641003447,0.5263157894736842,0.5263157894736842,0.5263157894736842,0.5263157894736842,dataset_1,4,random_visible,additive_ms,250.0,1,0.3684210526315789
Max-Z Residual STV,0.5316897506925209,0.5110608540543672,0.5157894736842106,0.5157894736842106,0.5157894736842106,0.5157894736842106,dataset_1,4,random_visible,additive_ms,250.0,1,0.3473684210526316
Raw STV + IF,0.5571191135734072,0.5384402617288526,0.5894736842105263,0.5894736842105263,0.5894736842105263,0.5894736842105263,dataset_1,4,random_visible,additive_ms,250.0,3,0.8947368421052632
WR-STV k=1,0.5282548476454294,0.5032532041790294,0.5368421052631579,0.5368421052631579,0.5368421052631579,0.5368421052631579,dataset_1,4,random_visible,additive_ms,250.0,3,0.431578947368421
Max-Z Residual STV,0.5180609418282549,0.500359257423194,0.5052631578947369,0.5052631578947369,0.5052631578947369,0.5052631578947369,dataset_1,4,random_visible,additive_ms,250.0,3,0.431578947368421
Raw STV + IF,0.5375623268698061,0.5240815376613329,0.5368421052631579,0.5368421052631579,0.5368421052631579,0.5368421052631579,dataset_1,4,random_visible,additive_ms,500.0,1,0.8421052631578947
WR-STV k=1,0.5934626038781163,0.5473121330485948,0.5789473684210527,0.5789473684210527,0.5789473684210527,0.5789473684210527,dataset_1,4,random_visible,additive_ms,500.0,1,0.4947368421052631
Max-Z Residual STV,0.5815512465373961,0.5347679540554781,0.5684210526315789,0.5684210526315789,0.5684210526315789,0.5684210526315789,dataset_1,4,random_visible,additive_ms,500.0,1,0.4947368421052631
Raw STV + IF,0.5793905817174516,0.5552110504695063,0.6210526315789474,0.6210526315789474,0.6210526315789474,0.6210526315789474,dataset_1,4,random_visible,additive_ms,500.0,3,0.936842105263158
WR-STV k=1,0.6187257617728532,0.5798771336960803,0.5789473684210527,0.5789473684210527,0.5789473684210527,0.5789473684210527,dataset_1,4,random_visible,additive_ms,500.0,3,0.6421052631578947
Max-Z Residual STV,0.5881440443213296,0.5354895911266933,0.5789473684210527,0.5789473684210527,0.5789473684210527,0.5789473684210527,dataset_1,4,random_visible,additive_ms,500.0,3,0.5473684210526316
Raw STV + IF,0.6006451612903225,0.5078071076210611,0.52,0.52,0.52,0.52,dataset_2,4,random_visible,multiplicative,1.1,1,0.16
WR-STV k=1,0.5819354838709678,0.4929802143356762,0.52,0.52,0.52,0.52,dataset_2,4,random_visible,multiplicative,1.1,1,0.24
Max-Z Residual STV,0.5864516129032258,0.4936990251883975,0.48,0.48,0.48,0.48,dataset_2,4,random_visible,multiplicative,1.1,1,0.24
Raw STV + IF,0.6012903225806452,0.5086139875660216,0.52,0.52,0.52,0.52,dataset_2,4,random_visible,multiplicative,1.1,3,0.24
WR-STV k=1,0.5825806451612903,0.4966445135330569,0.52,0.52,0.52,0.52,dataset_2,4,random_visible,multiplicative,1.1,3,0.36
Max-Z Residual STV,0.5838709677419355,0.4948677691956996,0.48,0.48,0.48,0.48,dataset_2,4,random_visible,multiplicative,1.1,3,0.36
Raw STV + IF,0.6038709677419355,0.5122809049959849,0.52,0.52,0.52,0.52,dataset_2,4,random_visible,multiplicative,1.25,1,0.28
WR-STV k=1,0.5761290322580646,0.4935560161785591,0.48,0.48,0.48,0.48,dataset_2,4,random_visible,multiplicative,1.25,1,0.28
Max-Z Residual STV,0.572258064516129,0.4933413776220745,0.48,0.48,0.48,0.48,dataset_2,4,random_visible,multiplicative,1.25,1,0.24
Raw STV + IF,0.6064516129032258,0.518874277315673,0.52,0.52,0.52,0.52,dataset_2,4,random_visible,multiplicative,1.25,3,0.44
WR-STV k=1,0.5793548387096774,0.4990293831460521,0.48,0.48,0.48,0.48,dataset_2,4,random_visible,multiplicative,1.25,3,0.36
Max-Z Residual STV,0.5658064516129032,0.4853131743045095,0.48,0.48,0.48,0.48,dataset_2,4,random_visible,multiplicative,1.25,3,0.36
Raw STV + IF,0.6058064516129031,0.5203890921304878,0.52,0.52,0.52,0.52,dataset_2,4,random_visible,multiplicative,1.5,1,0.4
WR-STV k=1,0.6148387096774194,0.5234880499062757,0.52,0.52,0.52,0.52,dataset_2,4,random_visible,multiplicative,1.5,1,0.36
Max-Z Residual STV,0.6070967741935485,0.5230677751732322,0.52,0.52,0.52,0.52,dataset_2,4,random_visible,multiplicative,1.5,1,0.32
Raw STV + IF,0.6129032258064515,0.530175333878649,0.52,0.52,0.52,0.52,dataset_2,4,random_visible,multiplicative,1.5,3,0.52
WR-STV k=1,0.6154838709677419,0.5260848827726305,0.52,0.52,0.52,0.52,dataset_2,4,random_visible,multiplicative,1.5,3,0.44
Max-Z Residual STV,0.6019354838709677,0.5152798261025247,0.52,0.52,0.52,0.52,dataset_2,4,random_visible,multiplicative,1.5,3,0.44
Raw STV + IF,0.6109677419354839,0.5230168605722098,0.52,0.52,0.52,0.52,dataset_2,4,random_visible,multiplicative,2.0,1,0.48
WR-STV k=1,0.6187096774193549,0.5325413748539733,0.52,0.52,0.52,0.52,dataset_2,4,random_visible,multiplicative,2.0,1,0.44
Max-Z Residual STV,0.6329032258064516,0.5446422225456,0.52,0.52,0.52,0.52,dataset_2,4,random_visible,multiplicative,2.0,1,0.4
Raw STV + IF,0.62,0.5343838919011605,0.52,0.52,0.52,0.52,dataset_2,4,random_visible,multiplicative,2.0,3,0.56
WR-STV k=1,0.6387096774193548,0.5461711935793754,0.56,0.56,0.56,0.56,dataset_2,4,random_visible,multiplicative,2.0,3,0.48
Max-Z Residual STV,0.6290322580645161,0.5379353754752167,0.52,0.52,0.52,0.52,dataset_2,4,random_visible,multiplicative,2.0,3,0.48
Raw STV + IF,0.6180645161290322,0.5317960285206844,0.52,0.52,0.52,0.52,dataset_2,4,random_visible,multiplicative,3.0,1,0.52
WR-STV k=1,0.6387096774193548,0.5430719335299585,0.52,0.52,0.52,0.52,dataset_2,4,random_visible,multiplicative,3.0,1,0.48
Max-Z Residual STV,0.6567741935483871,0.5563210126954556,0.52,0.52,0.52,0.52,dataset_2,4,random_visible,multiplicative,3.0,1,0.44
Raw STV + IF,0.6316129032258064,0.5462364925400957,0.56,0.56,0.56,0.56,dataset_2,4,random_visible,multiplicative,3.0,3,0.6
WR-STV k=1,0.6619354838709677,0.5621593370623799,0.6,0.6,0.6,0.6,dataset_2,4,random_visible,multiplicative,3.0,3,0.52
Max-Z Residual STV,0.6574193548387097,0.5518653339226558,0.56,0.56,0.56,0.56,dataset_2,4,random_visible,multiplicative,3.0,3,0.52
Raw STV + IF,0.6206451612903225,0.5331910094263035,0.52,0.52,0.52,0.52,dataset_2,4,random_visible,multiplicative,5.0,1,0.52
WR-STV k=1,0.6825806451612904,0.5752716186852274,0.6,0.6,0.6,0.6,dataset_2,4,random_visible,multiplicative,5.0,1,0.52
Max-Z Residual STV,0.6870967741935484,0.5722987801157889,0.56,0.56,0.56,0.56,dataset_2,4,random_visible,multiplicative,5.0,1,0.52
Raw STV + IF,0.635483870967742,0.5491314734457149,0.56,0.56,0.56,0.56,dataset_2,4,random_visible,multiplicative,5.0,3,0.6
WR-STV k=1,0.6929032258064516,0.5775132586179738,0.64,0.64,0.64,0.64,dataset_2,4,random_visible,multiplicative,5.0,3,0.56
Max-Z Residual STV,0.6832258064516129,0.5569417199294915,0.56,0.56,0.56,0.56,dataset_2,4,random_visible,multiplicative,5.0,3,0.56
Raw STV + IF,0.6245161290322581,0.5373096907449848,0.52,0.52,0.52,0.52,dataset_2,4,random_visible,multiplicative,10.0,1,0.52
WR-STV k=1,0.7438709677419355,0.6374372426215345,0.64,0.64,0.64,0.64,dataset_2,4,random_visible,multiplicative,10.0,1,0.64
Max-Z Residual STV,0.7270967741935483,0.6109108975676916,0.56,0.56,0.56,0.56,dataset_2,4,random_visible,multiplicative,10.0,1,0.64
Raw STV + IF,0.6412903225806452,0.5553335874651664,0.56,0.56,0.56,0.56,dataset_2,4,random_visible,multiplicative,10.0,3,0.6
WR-STV k=1,0.7696774193548387,0.6703912203976956,0.68,0.68,0.68,0.68,dataset_2,4,random_visible,multiplicative,10.0,3,0.64
Max-Z Residual STV,0.74,0.620811965945752,0.6,0.6,0.6,0.6,dataset_2,4,random_visible,multiplicative,10.0,3,0.64
Raw STV + IF,0.6251612903225807,0.5568225112578055,0.52,0.52,0.52,0.52,dataset_2,4,random_visible,multiplicative,20.0,1,0.56
WR-STV k=1,0.7735483870967742,0.6690606587455186,0.72,0.72,0.72,0.72,dataset_2,4,random_visible,multiplicative,20.0,1,0.68
Max-Z Residual STV,0.7529032258064516,0.6302747045161157,0.64,0.64,0.64,0.64,dataset_2,4,random_visible,multiplicative,20.0,1,0.68
Raw STV + IF,0.6483870967741936,0.5836113331113331,0.56,0.56,0.56,0.56,dataset_2,4,random_visible,multiplicative,20.0,3,0.64
WR-STV k=1,0.7890322580645162,0.7144816622346336,0.72,0.72,0.72,0.72,dataset_2,4,random_visible,multiplicative,20.0,3,0.68
Max-Z Residual STV,0.7658064516129032,0.6400115225964822,0.68,0.68,0.68,0.68,dataset_2,4,random_visible,multiplicative,20.0,3,0.68
Raw STV + IF,0.6251612903225807,0.5568225112578055,0.52,0.52,0.52,0.52,dataset_2,4,random_visible,multiplicative,30.0,1,0.56
WR-STV k=1,0.7819354838709677,0.6808809709817971,0.72,0.72,0.72,0.72,dataset_2,4,random_visible,multiplicative,30.0,1,0.68
Max-Z Residual STV,0.7683870967741936,0.6477225802075006,0.64,0.64,0.64,0.64,dataset_2,4,random_visible,multiplicative,30.0,1,0.68
Raw STV + IF,0.6483870967741936,0.5836113331113331,0.56,0.56,0.56,0.56,dataset_2,4,random_visible,multiplicative,30.0,3,0.64
WR-STV k=1,0.7999999999999999,0.7414130855820231,0.72,0.72,0.72,0.72,dataset_2,4,random_visible,multiplicative,30.0,3,0.72
Max-Z Residual STV,0.7806451612903226,0.6579322973495992,0.68,0.68,0.68,0.68,dataset_2,4,random_visible,multiplicative,30.0,3,0.72
Raw STV + IF,0.5967741935483871,0.5006569291445668,0.52,0.52,0.52,0.52,dataset_2,4,largest_visible,multiplicative,1.1,1,0.08
WR-STV k=1,0.5793548387096774,0.4924638775220041,0.48,0.48,0.48,0.48,dataset_2,4,largest_visible,multiplicative,1.1,1,0.24
Max-Z Residual STV,0.5819354838709677,0.4914161978964957,0.48,0.48,0.48,0.48,dataset_2,4,largest_visible,multiplicative,1.1,1,0.2
Raw STV + IF,0.6012903225806452,0.5086139875660216,0.52,0.52,0.52,0.52,dataset_2,4,largest_visible,multiplicative,1.1,3,0.24
WR-STV k=1,0.5806451612903225,0.4959037727923162,0.48,0.48,0.48,0.48,dataset_2,4,largest_visible,multiplicative,1.1,3,0.36
Max-Z Residual STV,0.5819354838709678,0.4938151376167522,0.48,0.48,0.48,0.48,dataset_2,4,largest_visible,multiplicative,1.1,3,0.36
Raw STV + IF,0.5987096774193548,0.5073616633386628,0.52,0.52,0.52,0.52,dataset_2,4,largest_visible,multiplicative,1.25,1,0.24
WR-STV k=1,0.5774193548387097,0.4952927515556353,0.48,0.48,0.48,0.48,dataset_2,4,largest_visible,multiplicative,1.25,1,0.28
Max-Z Residual STV,0.5651612903225807,0.4898081570797795,0.48,0.48,0.48,0.48,dataset_2,4,largest_visible,multiplicative,1.25,1,0.2
Raw STV + IF,0.6070967741935483,0.5255409439823396,0.52,0.52,0.52,0.52,dataset_2,4,largest_visible,multiplicative,1.25,3,0.48
WR-STV k=1,0.5780645161290323,0.4982886424053113,0.48,0.48,0.48,0.48,dataset_2,4,largest_visible,multiplicative,1.25,3,0.36
Max-Z Residual STV,0.5677419354838711,0.4933514518164711,0.48,0.48,0.48,0.48,dataset_2,4,largest_visible,multiplicative,1.25,3,0.36
Raw STV + IF,0.6058064516129033,0.5208504677918635,0.52,0.52,0.52,0.52,dataset_2,4,largest_visible,multiplicative,1.5,1,0.44
WR-STV k=1,0.6122580645161291,0.5235607545726091,0.52,0.52,0.52,0.52,dataset_2,4,largest_visible,multiplicative,1.5,1,0.36
Max-Z Residual STV,0.5974193548387097,0.5185848328672621,0.52,0.52,0.52,0.52,dataset_2,4,largest_visible,multiplicative,1.5,1,0.28
Raw STV + IF,0.6129032258064515,0.530175333878649,0.52,0.52,0.52,0.52,dataset_2,4,largest_visible,multiplicative,1.5,3,0.52
WR-STV k=1,0.6141935483870968,0.5253441420318897,0.52,0.52,0.52,0.52,dataset_2,4,largest_visible,multiplicative,1.5,3,0.44
Max-Z Residual STV,0.6038709677419355,0.5234629762856748,0.52,0.52,0.52,0.52,dataset_2,4,largest_visible,multiplicative,1.5,3,0.44
Raw STV + IF,0.6174193548387097,0.527780717297986,0.52,0.52,0.52,0.52,dataset_2,4,largest_visible,multiplicative,2.0,1,0.48
WR-STV k=1,0.6238709677419355,0.5375129890681856,0.56,0.56,0.56,0.56,dataset_2,4,largest_visible,multiplicative,2.0,1,0.44
Max-Z Residual STV,0.6141935483870968,0.5365374201650446,0.52,0.52,0.52,0.52,dataset_2,4,largest_visible,multiplicative,2.0,1,0.44
Raw STV + IF,0.62,0.5343838919011605,0.52,0.52,0.52,0.52,dataset_2,4,largest_visible,multiplicative,2.0,3,0.56
WR-STV k=1,0.6374193548387097,0.5454355613954673,0.56,0.56,0.56,0.56,dataset_2,4,largest_visible,multiplicative,2.0,3,0.48
Max-Z Residual STV,0.6296774193548388,0.545166144705986,0.52,0.52,0.52,0.52,dataset_2,4,largest_visible,multiplicative,2.0,3,0.48
Raw STV + IF,0.6212903225806452,0.5322889874136433,0.52,0.52,0.52,0.52,dataset_2,4,largest_visible,multiplicative,3.0,1,0.56
WR-STV k=1,0.6503225806451614,0.5546174499248392,0.56,0.56,0.56,0.56,dataset_2,4,largest_visible,multiplicative,3.0,1,0.52
Max-Z Residual STV,0.6445161290322581,0.5509999521883486,0.48,0.48,0.48,0.48,dataset_2,4,largest_visible,multiplicative,3.0,1,0.48
Raw STV + IF,0.6316129032258064,0.5462364925400957,0.56,0.56,0.56,0.56,dataset_2,4,largest_visible,multiplicative,3.0,3,0.6
WR-STV k=1,0.6619354838709677,0.5645867950045436,0.6,0.6,0.6,0.6,dataset_2,4,largest_visible,multiplicative,3.0,3,0.52
Max-Z Residual STV,0.6580645161290323,0.5597155048940544,0.52,0.52,0.52,0.52,dataset_2,4,largest_visible,multiplicative,3.0,3,0.52
Raw STV + IF,0.6238709677419355,0.5336839683192625,0.52,0.52,0.52,0.52,dataset_2,4,largest_visible,multiplicative,5.0,1,0.56
WR-STV k=1,0.687741935483871,0.583321150861773,0.64,0.64,0.64,0.64,dataset_2,4,largest_visible,multiplicative,5.0,1,0.56
Max-Z Residual STV,0.6735483870967742,0.5659144515838214,0.52,0.52,0.52,0.52,dataset_2,4,largest_visible,multiplicative,5.0,1,0.56
Raw STV + IF,0.6361290322580646,0.5691314734457149,0.56,0.56,0.56,0.56,dataset_2,4,largest_visible,multiplicative,5.0,3,0.64
WR-STV k=1,0.6890322580645161,0.5810023885383693,0.64,0.64,0.64,0.64,dataset_2,4,largest_visible,multiplicative,5.0,3,0.56
Max-Z Residual STV,0.6838709677419355,0.5653652826869253,0.56,0.56,0.56,0.56,dataset_2,4,largest_visible,multiplicative,5.0,3,0.56
Raw STV + IF,0.6341935483870969,0.5461474603827544,0.56,0.56,0.56,0.56,dataset_2,4,largest_visible,multiplicative,10.0,1,0.6
WR-STV k=1,0.7548387096774194,0.6612216280109,0.68,0.68,0.68,0.68,dataset_2,4,largest_visible,multiplicative,10.0,1,0.64
Max-Z Residual STV,0.712258064516129,0.5999385173654647,0.56,0.56,0.56,0.56,dataset_2,4,largest_visible,multiplicative,10.0,1,0.64
Raw STV + IF,0.6419354838709678,0.5753335874651664,0.56,0.56,0.56,0.56,dataset_2,4,largest_visible,multiplicative,10.0,3,0.64
WR-STV k=1,0.7619354838709678,0.6754288722694296,0.68,0.68,0.68,0.68,dataset_2,4,largest_visible,multiplicative,10.0,3,0.64
Max-Z Residual STV,0.7329032258064516,0.6251019606242559,0.6,0.6,0.6,0.6,dataset_2,4,largest_visible,multiplicative,10.0,3,0.64
Raw STV + IF,0.6393548387096775,0.5510368841684631,0.56,0.56,0.56,0.56,dataset_2,4,largest_visible,multiplicative,20.0,1,0.6
WR-STV k=1,0.7845161290322581,0.7115004831409224,0.68,0.68,0.68,0.68,dataset_2,4,largest_visible,multiplicative,20.0,1,0.68
Max-Z Residual STV,0.7458064516129033,0.623598967416213,0.6,0.6,0.6,0.6,dataset_2,4,largest_visible,multiplicative,20.0,1,0.68
Raw STV + IF,0.6483870967741936,0.5836113331113331,0.56,0.56,0.56,0.56,dataset_2,4,largest_visible,multiplicative,20.0,3,0.64
WR-STV k=1,0.7812903225806451,0.7178316085723935,0.72,0.72,0.72,0.72,dataset_2,4,largest_visible,multiplicative,20.0,3,0.68
Max-Z Residual STV,0.7587096774193548,0.6443790303408112,0.68,0.68,0.68,0.68,dataset_2,4,largest_visible,multiplicative,20.0,3,0.68
Raw STV + IF,0.6419354838709678,0.5727951259267048,0.56,0.56,0.56,0.56,dataset_2,4,largest_visible,multiplicative,30.0,1,0.64
WR-STV k=1,0.7948387096774193,0.7385543276644417,0.72,0.72,0.72,0.72,dataset_2,4,largest_visible,multiplicative,30.0,1,0.68
Max-Z Residual STV,0.7587096774193548,0.6342713552065631,0.64,0.64,0.64,0.64,dataset_2,4,largest_visible,multiplicative,30.0,1,0.68
Raw STV + IF,0.6483870967741936,0.5836113331113331,0.56,0.56,0.56,0.56,dataset_2,4,largest_visible,multiplicative,30.0,3,0.64
WR-STV k=1,0.7916129032258065,0.74383297275443,0.72,0.72,0.72,0.72,dataset_2,4,largest_visible,multiplicative,30.0,3,0.68
Max-Z Residual STV,0.7767741935483872,0.6627593505739958,0.68,0.68,0.68,0.68,dataset_2,4,largest_visible,multiplicative,30.0,3,0.68
Raw STV + IF,0.6012903225806452,0.5046003987608568,0.52,0.52,0.52,0.52,dataset_2,4,random_visible,additive_ms,10.0,1,0.12
WR-STV k=1,0.5922580645161291,0.5010546590004179,0.52,0.52,0.52,0.52,dataset_2,4,random_visible,additive_ms,10.0,1,0.24
Max-Z Residual STV,0.5929032258064516,0.5035994277076199,0.52,0.52,0.52,0.52,dataset_2,4,random_visible,additive_ms,10.0,1,0.24
Raw STV + IF,0.6012903225806452,0.5056530303398041,0.52,0.52,0.52,0.52,dataset_2,4,random_visible,additive_ms,10.0,3,0.16
WR-STV k=1,0.5896774193548387,0.5024306245381481,0.52,0.52,0.52,0.52,dataset_2,4,random_visible,additive_ms,10.0,3,0.32
Max-Z Residual STV,0.5851612903225807,0.49506303171307,0.52,0.52,0.52,0.52,dataset_2,4,random_visible,additive_ms,10.0,3,0.36
Raw STV + IF,0.6064516129032258,0.5098370642677514,0.52,0.52,0.52,0.52,dataset_2,4,random_visible,additive_ms,25.0,1,0.2
WR-STV k=1,0.5806451612903226,0.490131434003051,0.48,0.48,0.48,0.48,dataset_2,4,random_visible,additive_ms,25.0,1,0.24
Max-Z Residual STV,0.5838709677419355,0.4922861373803762,0.48,0.48,0.48,0.48,dataset_2,4,random_visible,additive_ms,25.0,1,0.24
Raw STV + IF,0.6051612903225807,0.5108896958466987,0.48,0.48,0.48,0.48,dataset_2,4,random_visible,additive_ms,25.0,3,0.24
WR-STV k=1,0.5741935483870968,0.4840960584776758,0.48,0.48,0.48,0.48,dataset_2,4,random_visible,additive_ms,25.0,3,0.36
Max-Z Residual STV,0.5709677419354839,0.4799149367198137,0.48,0.48,0.48,0.48,dataset_2,4,random_visible,additive_ms,25.0,3,0.36
Raw STV + IF,0.6090322580645161,0.5199304620133232,0.52,0.52,0.52,0.52,dataset_2,4,random_visible,additive_ms,50.0,1,0.36
WR-STV k=1,0.5703225806451613,0.48567378504975,0.44,0.44,0.44,0.44,dataset_2,4,random_visible,additive_ms,50.0,1,0.24
Max-Z Residual STV,0.5774193548387097,0.4909052278771145,0.48,0.48,0.48,0.48,dataset_2,4,random_visible,additive_ms,50.0,1,0.24
Raw STV + IF,0.6096774193548387,0.5195608713700482,0.52,0.52,0.52,0.52,dataset_2,4,random_visible,additive_ms,50.0,3,0.4
WR-STV k=1,0.5690322580645162,0.4814607668360937,0.44,0.44,0.44,0.44,dataset_2,4,random_visible,additive_ms,50.0,3,0.4
Max-Z Residual STV,0.5658064516129032,0.4790229038545212,0.48,0.48,0.48,0.48,dataset_2,4,random_visible,additive_ms,50.0,3,0.4
Raw STV + IF,0.610967741935484,0.5254073360165129,0.52,0.52,0.52,0.52,dataset_2,4,random_visible,additive_ms,100.0,1,0.4
WR-STV k=1,0.5470967741935484,0.4728081018550177,0.44,0.44,0.44,0.44,dataset_2,4,random_visible,additive_ms,100.0,1,0.28
Max-Z Residual STV,0.5477419354838711,0.4755416830437272,0.48,0.48,0.48,0.48,dataset_2,4,random_visible,additive_ms,100.0,1,0.28
Raw STV + IF,0.616774193548387,0.5299270284098895,0.52,0.52,0.52,0.52,dataset_2,4,random_visible,additive_ms,100.0,3,0.44
WR-STV k=1,0.5445161290322581,0.4692137999295339,0.44,0.44,0.44,0.44,dataset_2,4,random_visible,additive_ms,100.0,3,0.44
Max-Z Residual STV,0.5438709677419354,0.4676175286872914,0.48,0.48,0.48,0.48,dataset_2,4,random_visible,additive_ms,100.0,3,0.44
Raw STV + IF,0.6193548387096774,0.5303453583453583,0.52,0.52,0.52,0.52,dataset_2,4,random_visible,additive_ms,250.0,1,0.44
WR-STV k=1,0.578709677419355,0.4981529666598795,0.48,0.48,0.48,0.48,dataset_2,4,random_visible,additive_ms,250.0,1,0.44
Max-Z Residual STV,0.5909677419354838,0.5060696627397999,0.48,0.48,0.48,0.48,dataset_2,4,random_visible,additive_ms,250.0,1,0.36
Raw STV + IF,0.6270967741935484,0.5554521034521034,0.56,0.56,0.56,0.56,dataset_2,4,random_visible,additive_ms,250.0,3,0.52
WR-STV k=1,0.6051612903225807,0.5142561008289885,0.52,0.52,0.52,0.52,dataset_2,4,random_visible,additive_ms,250.0,3,0.48
Max-Z Residual STV,0.5903225806451613,0.5013582177314845,0.52,0.52,0.52,0.52,dataset_2,4,random_visible,additive_ms,250.0,3,0.48
Raw STV + IF,0.6238709677419355,0.5336386211800846,0.52,0.52,0.52,0.52,dataset_2,4,random_visible,additive_ms,500.0,1,0.48
WR-STV k=1,0.6270967741935485,0.5384075958756307,0.52,0.52,0.52,0.52,dataset_2,4,random_visible,additive_ms,500.0,1,0.56
Max-Z Residual STV,0.6412903225806452,0.5471144100977201,0.52,0.52,0.52,0.52,dataset_2,4,random_visible,additive_ms,500.0,1,0.48
Raw STV + IF,0.6387096774193548,0.5660058025825601,0.56,0.56,0.56,0.56,dataset_2,4,random_visible,additive_ms,500.0,3,0.56
WR-STV k=1,0.6438709677419354,0.5547037104315626,0.56,0.56,0.56,0.56,dataset_2,4,random_visible,additive_ms,500.0,3,0.56
Max-Z Residual STV,0.6419354838709677,0.5445853691651987,0.56,0.56,0.56,0.56,dataset_2,4,random_visible,additive_ms,500.0,3,0.56
Raw STV + IF,0.5254380053908356,0.5003686413073577,0.490566037735849,0.490566037735849,0.490566037735849,0.490566037735849,dataset_3,4,random_visible,multiplicative,1.1,1,0.0377358490566037
WR-STV k=1,0.5224056603773585,0.5014115091081018,0.5094339622641509,0.5094339622641509,0.5094339622641509,0.5094339622641509,dataset_3,4,random_visible,multiplicative,1.1,1,0.1886792452830188
Max-Z Residual STV,0.5210579514824798,0.4996427130070022,0.5094339622641509,0.5094339622641509,0.5094339622641509,0.5094339622641509,dataset_3,4,random_visible,multiplicative,1.1,1,0.2264150943396226
Raw STV + IF,0.5251010781671159,0.5015517808418662,0.490566037735849,0.490566037735849,0.490566037735849,0.490566037735849,dataset_3,4,random_visible,multiplicative,1.1,3,0.1320754716981132
WR-STV k=1,0.5128032345013477,0.5004392538210226,0.5094339622641509,0.5094339622641509,0.5094339622641509,0.5094339622641509,dataset_3,4,random_visible,multiplicative,1.1,3,0.3018867924528302
Max-Z Residual STV,0.5097708894878706,0.4980514165212008,0.490566037735849,0.490566037735849,0.490566037735849,0.490566037735849,dataset_3,4,random_visible,multiplicative,1.1,3,0.2830188679245283
Raw STV + IF,0.528133423180593,0.5039814832754795,0.490566037735849,0.490566037735849,0.490566037735849,0.490566037735849,dataset_3,4,random_visible,multiplicative,1.25,1,0.2075471698113207
WR-STV k=1,0.5256064690026954,0.5042652592332433,0.490566037735849,0.490566037735849,0.490566037735849,0.490566037735849,dataset_3,4,random_visible,multiplicative,1.25,1,0.2641509433962264
Max-Z Residual STV,0.53133423180593,0.5037493982488089,0.5094339622641509,0.5094339622641509,0.5094339622641509,0.5094339622641509,dataset_3,4,random_visible,multiplicative,1.25,1,0.2641509433962264
Raw STV + IF,0.5304919137466307,0.5080915851878556,0.490566037735849,0.490566037735849,0.490566037735849,0.490566037735849,dataset_3,4,random_visible,multiplicative,1.25,3,0.3773584905660377
WR-STV k=1,0.519878706199461,0.5047948868248304,0.5094339622641509,0.5094339622641509,0.5094339622641509,0.5094339622641509,dataset_3,4,random_visible,multiplicative,1.25,3,0.3396226415094339
Max-Z Residual STV,0.511455525606469,0.4975673910530243,0.490566037735849,0.490566037735849,0.490566037735849,0.490566037735849,dataset_3,4,random_visible,multiplicative,1.25,3,0.320754716981132
Raw STV + IF,0.5340296495956873,0.5076176210952398,0.490566037735849,0.490566037735849,0.490566037735849,0.490566037735849,dataset_3,4,random_visible,multiplicative,1.5,1,0.3584905660377358
WR-STV k=1,0.5394204851752022,0.5112984888000259,0.5094339622641509,0.5094339622641509,0.5094339622641509,0.5094339622641509,dataset_3,4,random_visible,multiplicative,1.5,1,0.320754716981132
Max-Z Residual STV,0.5443059299191375,0.5101144929958634,0.5283018867924528,0.5283018867924528,0.5283018867924528,0.5283018867924528,dataset_3,4,random_visible,multiplicative,1.5,1,0.3018867924528302
Raw STV + IF,0.5384097035040432,0.51262522556618,0.490566037735849,0.490566037735849,0.490566037735849,0.490566037735849,dataset_3,4,random_visible,multiplicative,1.5,3,0.5094339622641509
WR-STV k=1,0.5293126684636119,0.5112301567424957,0.5094339622641509,0.5094339622641509,0.5094339622641509,0.5094339622641509,dataset_3,4,random_visible,multiplicative,1.5,3,0.3584905660377358
Max-Z Residual STV,0.5202156334231807,0.50198691195362,0.5094339622641509,0.5094339622641509,0.5094339622641509,0.5094339622641509,dataset_3,4,random_visible,multiplicative,1.5,3,0.3584905660377358
Raw STV + IF,0.5373989218328841,0.5098667398137273,0.490566037735849,0.490566037735849,0.490566037735849,0.490566037735849,dataset_3,4,random_visible,multiplicative,2.0,1,0.4150943396226415
WR-STV k=1,0.5598045822102425,0.5256359436033679,0.5471698113207547,0.5471698113207547,0.5471698113207547,0.5471698113207547,dataset_3,4,random_visible,multiplicative,2.0,1,0.3584905660377358
Max-Z Residual STV,0.5631738544474394,0.534269647393448,0.5283018867924528,0.5283018867924528,0.5283018867924528,0.5283018867924528,dataset_3,4,random_visible,multiplicative,2.0,1,0.3396226415094339
Raw STV + IF,0.5419474393530997,0.5176383529907888,0.490566037735849,0.490566037735849,0.490566037735849,0.490566037735849,dataset_3,4,random_visible,multiplicative,2.0,3,0.5471698113207547
WR-STV k=1,0.5269541778975741,0.5155144884087615,0.5471698113207547,0.5471698113207547,0.5471698113207547,0.5471698113207547,dataset_3,4,random_visible,multiplicative,2.0,3,0.3962264150943396
Max-Z Residual STV,0.5257749326145553,0.5182669990240802,0.5094339622641509,0.5094339622641509,0.5094339622641509,0.5094339622641509,dataset_3,4,random_visible,multiplicative,2.0,3,0.4150943396226415
Raw STV + IF,0.5488544474393531,0.5155888198011438,0.490566037735849,0.490566037735849,0.490566037735849,0.490566037735849,dataset_3,4,random_visible,multiplicative,3.0,1,0.4716981132075472
WR-STV k=1,0.5931603773584906,0.5506602185767876,0.5849056603773585,0.5849056603773585,0.5849056603773585,0.5849056603773585,dataset_3,4,random_visible,multiplicative,3.0,1,0.4150943396226415
Max-Z Residual STV,0.5931603773584906,0.55571826962961,0.5660377358490566,0.5660377358490566,0.5660377358490566,0.5660377358490566,dataset_3,4,random_visible,multiplicative,3.0,1,0.4339622641509434
Raw STV + IF,0.5604784366576818,0.5288740386518067,0.5283018867924528,0.5283018867924528,0.5283018867924528,0.5283018867924528,dataset_3,4,random_visible,multiplicative,3.0,3,0.6226415094339622
WR-STV k=1,0.5692385444743936,0.5467690465967805,0.5849056603773585,0.5849056603773585,0.5849056603773585,0.5849056603773585,dataset_3,4,random_visible,multiplicative,3.0,3,0.4716981132075472
Max-Z Residual STV,0.5640161725067385,0.5451068529607472,0.5660377358490566,0.5660377358490566,0.5660377358490566,0.5660377358490566,dataset_3,4,random_visible,multiplicative,3.0,3,0.490566037735849
Raw STV + IF,0.5606469002695418,0.5224553504989322,0.490566037735849,0.490566037735849,0.490566037735849,0.490566037735849,dataset_3,4,random_visible,multiplicative,5.0,1,0.5849056603773585
WR-STV k=1,0.6553234501347709,0.5933864608403734,0.6415094339622641,0.6415094339622641,0.6415094339622641,0.6415094339622641,dataset_3,4,random_visible,multiplicative,5.0,1,0.490566037735849
Max-Z Residual STV,0.6597035040431267,0.597401036181135,0.6037735849056604,0.6037735849056604,0.6037735849056604,0.6037735849056604,dataset_3,4,random_visible,multiplicative,5.0,1,0.5094339622641509
Raw STV + IF,0.5764824797843666,0.53977421515594,0.5283018867924528,0.5283018867924528,0.5283018867924528,0.5283018867924528,dataset_3,4,random_visible,multiplicative,5.0,3,0.6792452830188679
WR-STV k=1,0.6489218328840971,0.6125168366587279,0.6037735849056604,0.6037735849056604,0.6037735849056604,0.6037735849056604,dataset_3,4,random_visible,multiplicative,5.0,3,0.5660377358490566
Max-Z Residual STV,0.6378032345013476,0.596341098573007,0.5660377358490566,0.5660377358490566,0.5660377358490566,0.5660377358490566,dataset_3,4,random_visible,multiplicative,5.0,3,0.5660377358490566
Raw STV + IF,0.5648584905660377,0.5249373179678583,0.490566037735849,0.490566037735849,0.490566037735849,0.490566037735849,dataset_3,4,random_visible,multiplicative,10.0,1,0.6415094339622641
WR-STV k=1,0.7250673854447439,0.6737318754741336,0.6792452830188679,0.6792452830188679,0.6792452830188679,0.6792452830188679,dataset_3,4,random_visible,multiplicative,10.0,1,0.6226415094339622
Max-Z Residual STV,0.7363544474393532,0.6700140932174051,0.6415094339622641,0.6415094339622641,0.6415094339622641,0.6415094339622641,dataset_3,4,random_visible,multiplicative,10.0,1,0.660377358490566
Raw STV + IF,0.5835579514824798,0.5440688778411696,0.5471698113207547,0.5471698113207547,0.5471698113207547,0.5471698113207547,dataset_3,4,random_visible,multiplicative,10.0,3,0.7169811320754716
WR-STV k=1,0.7382075471698113,0.711244257371241,0.6792452830188679,0.6792452830188679,0.6792452830188679,0.6792452830188679,dataset_3,4,random_visible,multiplicative,10.0,3,0.7547169811320755
Max-Z Residual STV,0.7350067385444744,0.6862211005945075,0.6415094339622641,0.6415094339622641,0.6415094339622641,0.6415094339622641,dataset_3,4,random_visible,multiplicative,10.0,3,0.7358490566037735
Raw STV + IF,0.5662061994609164,0.52613054645138,0.490566037735849,0.490566037735849,0.490566037735849,0.490566037735849,dataset_3,4,random_visible,multiplicative,20.0,1,0.6415094339622641
WR-STV k=1,0.7673517520215634,0.7244482565409704,0.7169811320754716,0.7169811320754716,0.7169811320754716,0.7169811320754716,dataset_3,4,random_visible,multiplicative,20.0,1,0.7169811320754716
Max-Z Residual STV,0.788578167115903,0.726319470509623,0.7169811320754716,0.7169811320754716,0.7169811320754716,0.7169811320754716,dataset_3,4,random_visible,multiplicative,20.0,1,0.7169811320754716
Raw STV + IF,0.5899595687331536,0.549680733050964,0.5471698113207547,0.5471698113207547,0.5471698113207547,0.5471698113207547,dataset_3,4,random_visible,multiplicative,20.0,3,0.7358490566037735
WR-STV k=1,0.799022911051213,0.788949806509383,0.7169811320754716,0.7169811320754716,0.7169811320754716,0.7169811320754716,dataset_3,4,random_visible,multiplicative,20.0,3,0.8113207547169812
Max-Z Residual STV,0.8069407008086253,0.7504819455752259,0.7169811320754716,0.7169811320754716,0.7169811320754716,0.7169811320754716,dataset_3,4,random_visible,multiplicative,20.0,3,0.7547169811320755
Raw STV + IF,0.5682277628032345,0.5270863308242807,0.490566037735849,0.490566037735849,0.490566037735849,0.490566037735849,dataset_3,4,random_visible,multiplicative,30.0,1,0.660377358490566
WR-STV k=1,0.789588948787062,0.7589313792246614,0.7169811320754716,0.7169811320754716,0.7169811320754716,0.7169811320754716,dataset_3,4,random_visible,multiplicative,30.0,1,0.7358490566037735
Max-Z Residual STV,0.816711590296496,0.7544579398067718,0.7358490566037735,0.7358490566037735,0.7358490566037735,0.7358490566037735,dataset_3,4,random_visible,multiplicative,30.0,1,0.7358490566037735
Raw STV + IF,0.5924865229110512,0.5508978428240275,0.5660377358490566,0.5660377358490566,0.5660377358490566,0.5660377358490566,dataset_3,4,random_visible,multiplicative,30.0,3,0.7358490566037735
WR-STV k=1,0.8242924528301887,0.823403289504756,0.7358490566037735,0.7358490566037735,0.7358490566037735,0.7358490566037735,dataset_3,4,random_visible,multiplicative,30.0,3,0.8113207547169812
Max-Z Residual STV,0.8386118598382749,0.7817839394837416,0.7358490566037735,0.7358490566037735,0.7358490566037735,0.7358490566037735,dataset_3,4,random_visible,multiplicative,30.0,3,0.7735849056603774
Raw STV + IF,0.5240902964959568,0.500268423061772,0.490566037735849,0.490566037735849,0.490566037735849,0.490566037735849,dataset_3,4,largest_visible,multiplicative,1.1,1,0.0754716981132075
WR-STV k=1,0.5195417789757413,0.5014813625499596,0.5094339622641509,0.5094339622641509,0.5094339622641509,0.5094339622641509,dataset_3,4,largest_visible,multiplicative,1.1,1,0.1886792452830188
Max-Z Residual STV,0.5180256064690028,0.4992816947527236,0.5094339622641509,0.5094339622641509,0.5094339622641509,0.5094339622641509,dataset_3,4,largest_visible,multiplicative,1.1,1,0.1886792452830188
Raw STV + IF,0.524932614555256,0.5015517808418662,0.490566037735849,0.490566037735849,0.490566037735849,0.490566037735849,dataset_3,4,largest_visible,multiplicative,1.1,3,0.1320754716981132
WR-STV k=1,0.5128032345013477,0.5004392538210226,0.5094339622641509,0.5094339622641509,0.5094339622641509,0.5094339622641509,dataset_3,4,largest_visible,multiplicative,1.1,3,0.3018867924528302
Max-Z Residual STV,0.5097708894878706,0.4980514165212008,0.490566037735849,0.490566037735849,0.490566037735849,0.490566037735849,dataset_3,4,largest_visible,multiplicative,1.1,3,0.2830188679245283
Raw STV + IF,0.5261118598382749,0.5014722429836603,0.490566037735849,0.490566037735849,0.490566037735849,0.490566037735849,dataset_3,4,largest_visible,multiplicative,1.25,1,0.1886792452830188
WR-STV k=1,0.5262803234501348,0.5059571854799018,0.5094339622641509,0.5094339622641509,0.5094339622641509,0.5094339622641509,dataset_3,4,largest_visible,multiplicative,1.25,1,0.2830188679245283
Max-Z Residual STV,0.5240902964959568,0.5024529103804775,0.5094339622641509,0.5094339622641509,0.5094339622641509,0.5094339622641509,dataset_3,4,largest_visible,multiplicative,1.25,1,0.2075471698113207
Raw STV + IF,0.5304919137466307,0.5080915851878556,0.490566037735849,0.490566037735849,0.490566037735849,0.490566037735849,dataset_3,4,largest_visible,multiplicative,1.25,3,0.3773584905660377
WR-STV k=1,0.519878706199461,0.5047948868248304,0.5094339622641509,0.5094339622641509,0.5094339622641509,0.5094339622641509,dataset_3,4,largest_visible,multiplicative,1.25,3,0.3396226415094339
Max-Z Residual STV,0.511455525606469,0.4975673910530243,0.490566037735849,0.490566037735849,0.490566037735849,0.490566037735849,dataset_3,4,largest_visible,multiplicative,1.25,3,0.320754716981132
Raw STV + IF,0.5313342318059299,0.5033865706836878,0.490566037735849,0.490566037735849,0.490566037735849,0.490566037735849,dataset_3,4,largest_visible,multiplicative,1.5,1,0.3018867924528302
WR-STV k=1,0.5454851752021563,0.5175664348057383,0.5094339622641509,0.5094339622641509,0.5094339622641509,0.5094339622641509,dataset_3,4,largest_visible,multiplicative,1.5,1,0.320754716981132
Max-Z Residual STV,0.5277964959568733,0.5063005549217882,0.5283018867924528,0.5283018867924528,0.5283018867924528,0.5283018867924528,dataset_3,4,largest_visible,multiplicative,1.5,1,0.2452830188679245
Raw STV + IF,0.5380727762803235,0.5112775166713013,0.490566037735849,0.490566037735849,0.490566037735849,0.490566037735849,dataset_3,4,largest_visible,multiplicative,1.5,3,0.490566037735849
WR-STV k=1,0.5293126684636119,0.5112301567424957,0.5094339622641509,0.5094339622641509,0.5094339622641509,0.5094339622641509,dataset_3,4,largest_visible,multiplicative,1.5,3,0.3584905660377358
Max-Z Residual STV,0.5202156334231807,0.50198691195362,0.5094339622641509,0.5094339622641509,0.5094339622641509,0.5094339622641509,dataset_3,4,largest_visible,multiplicative,1.5,3,0.3584905660377358
Raw STV + IF,0.5362196765498652,0.5086239291805089,0.490566037735849,0.490566037735849,0.490566037735849,0.490566037735849,dataset_3,4,largest_visible,multiplicative,2.0,1,0.4150943396226415
WR-STV k=1,0.56233153638814,0.536934878998645,0.5471698113207547,0.5471698113207547,0.5471698113207547,0.5471698113207547,dataset_3,4,largest_visible,multiplicative,2.0,1,0.3773584905660377
Max-Z Residual STV,0.5451482479784366,0.531259681855545,0.5283018867924528,0.5283018867924528,0.5283018867924528,0.5283018867924528,dataset_3,4,largest_visible,multiplicative,2.0,1,0.3396226415094339
Raw STV + IF,0.5419474393530997,0.5176383529907888,0.490566037735849,0.490566037735849,0.490566037735849,0.490566037735849,dataset_3,4,largest_visible,multiplicative,2.0,3,0.5471698113207547
WR-STV k=1,0.5269541778975741,0.5155144884087615,0.5471698113207547,0.5471698113207547,0.5471698113207547,0.5471698113207547,dataset_3,4,largest_visible,multiplicative,2.0,3,0.3962264150943396
Max-Z Residual STV,0.5257749326145553,0.5182669990240802,0.5094339622641509,0.5094339622641509,0.5094339622641509,0.5094339622641509,dataset_3,4,largest_visible,multiplicative,2.0,3,0.4150943396226415
Raw STV + IF,0.5491913746630728,0.5146976143052847,0.490566037735849,0.490566037735849,0.490566037735849,0.490566037735849,dataset_3,4,largest_visible,multiplicative,3.0,1,0.5094339622641509
WR-STV k=1,0.6015835579514826,0.5749898780974513,0.5849056603773585,0.5849056603773585,0.5849056603773585,0.5849056603773585,dataset_3,4,largest_visible,multiplicative,3.0,1,0.4716981132075472
Max-Z Residual STV,0.5818733153638813,0.556002765140728,0.5660377358490566,0.5660377358490566,0.5660377358490566,0.5660377358490566,dataset_3,4,largest_visible,multiplicative,3.0,1,0.4528301886792453
Raw STV + IF,0.5604784366576818,0.5288740386518067,0.5283018867924528,0.5283018867924528,0.5283018867924528,0.5283018867924528,dataset_3,4,largest_visible,multiplicative,3.0,3,0.6226415094339622
WR-STV k=1,0.5692385444743936,0.5467690465967805,0.5849056603773585,0.5849056603773585,0.5849056603773585,0.5849056603773585,dataset_3,4,largest_visible,multiplicative,3.0,3,0.4716981132075472
Max-Z Residual STV,0.5640161725067385,0.5451068529607472,0.5660377358490566,0.5660377358490566,0.5660377358490566,0.5660377358490566,dataset_3,4,largest_visible,multiplicative,3.0,3,0.490566037735849
Raw STV + IF,0.5574460916442048,0.519034664303284,0.490566037735849,0.490566037735849,0.490566037735849,0.490566037735849,dataset_3,4,largest_visible,multiplicative,5.0,1,0.5471698113207547
WR-STV k=1,0.6775606469002695,0.6363861293741065,0.5849056603773585,0.5849056603773585,0.5849056603773585,0.5849056603773585,dataset_3,4,largest_visible,multiplicative,5.0,1,0.490566037735849
Max-Z Residual STV,0.667621293800539,0.6096266733862624,0.6226415094339622,0.6226415094339622,0.6226415094339622,0.6226415094339622,dataset_3,4,largest_visible,multiplicative,5.0,1,0.490566037735849
Raw STV + IF,0.5764824797843666,0.53977421515594,0.5283018867924528,0.5283018867924528,0.5283018867924528,0.5283018867924528,dataset_3,4,largest_visible,multiplicative,5.0,3,0.6792452830188679
WR-STV k=1,0.6489218328840971,0.6125168366587279,0.6037735849056604,0.6037735849056604,0.6037735849056604,0.6037735849056604,dataset_3,4,largest_visible,multiplicative,5.0,3,0.5660377358490566
Max-Z Residual STV,0.6378032345013476,0.596341098573007,0.5660377358490566,0.5660377358490566,0.5660377358490566,0.5660377358490566,dataset_3,4,largest_visible,multiplicative,5.0,3,0.5660377358490566
Raw STV + IF,0.558288409703504,0.5192325400280613,0.490566037735849,0.490566037735849,0.490566037735849,0.490566037735849,dataset_3,4,largest_visible,multiplicative,10.0,1,0.5849056603773585
WR-STV k=1,0.7629716981132075,0.7224528253459144,0.6981132075471698,0.6981132075471698,0.6981132075471698,0.6981132075471698,dataset_3,4,largest_visible,multiplicative,10.0,1,0.7547169811320755
Max-Z Residual STV,0.7577493261455526,0.6821649553764846,0.660377358490566,0.660377358490566,0.660377358490566,0.660377358490566,dataset_3,4,largest_visible,multiplicative,10.0,1,0.7358490566037735
Raw STV + IF,0.5835579514824798,0.5440688778411696,0.5471698113207547,0.5471698113207547,0.5471698113207547,0.5471698113207547,dataset_3,4,largest_visible,multiplicative,10.0,3,0.7169811320754716
WR-STV k=1,0.7382075471698113,0.711244257371241,0.6792452830188679,0.6792452830188679,0.6792452830188679,0.6792452830188679,dataset_3,4,largest_visible,multiplicative,10.0,3,0.7547169811320755
Max-Z Residual STV,0.7350067385444744,0.6862211005945075,0.6415094339622641,0.6415094339622641,0.6415094339622641,0.6415094339622641,dataset_3,4,largest_visible,multiplicative,10.0,3,0.7358490566037735
Raw STV + IF,0.5592991913746631,0.5201596823964403,0.490566037735849,0.490566037735849,0.490566037735849,0.490566037735849,dataset_3,4,largest_visible,multiplicative,20.0,1,0.5849056603773585
WR-STV k=1,0.8145215633423181,0.7989147411239843,0.7358490566037735,0.7358490566037735,0.7358490566037735,0.7358490566037735,dataset_3,4,largest_visible,multiplicative,20.0,1,0.8113207547169812
Max-Z Residual STV,0.8130053908355794,0.7415609478759321,0.7169811320754716,0.7169811320754716,0.7169811320754716,0.7169811320754716,dataset_3,4,largest_visible,multiplicative,20.0,1,0.7547169811320755
Raw STV + IF,0.5899595687331536,0.549680733050964,0.5471698113207547,0.5471698113207547,0.5471698113207547,0.5471698113207547,dataset_3,4,largest_visible,multiplicative,20.0,3,0.7358490566037735
WR-STV k=1,0.799022911051213,0.788949806509383,0.7169811320754716,0.7169811320754716,0.7169811320754716,0.7169811320754716,dataset_3,4,largest_visible,multiplicative,20.0,3,0.8113207547169812
Max-Z Residual STV,0.8069407008086253,0.7504819455752259,0.7169811320754716,0.7169811320754716,0.7169811320754716,0.7169811320754716,dataset_3,4,largest_visible,multiplicative,20.0,3,0.7547169811320755
Raw STV + IF,0.5606469002695418,0.5207733596419206,0.490566037735849,0.490566037735849,0.490566037735849,0.490566037735849,dataset_3,4,largest_visible,multiplicative,30.0,1,0.5849056603773585
WR-STV k=1,0.8320417789757413,0.8215420150121719,0.7547169811320755,0.7547169811320755,0.7547169811320755,0.7547169811320755,dataset_3,4,largest_visible,multiplicative,30.0,1,0.8113207547169812
Max-Z Residual STV,0.8404649595687332,0.7700566886191156,0.7547169811320755,0.7547169811320755,0.7547169811320755,0.7547169811320755,dataset_3,4,largest_visible,multiplicative,30.0,1,0.7735849056603774
Raw STV + IF,0.5924865229110512,0.5508978428240275,0.5660377358490566,0.5660377358490566,0.5660377358490566,0.5660377358490566,dataset_3,4,largest_visible,multiplicative,30.0,3,0.7358490566037735
WR-STV k=1,0.8242924528301887,0.823403289504756,0.7358490566037735,0.7358490566037735,0.7358490566037735,0.7358490566037735,dataset_3,4,largest_visible,multiplicative,30.0,3,0.8113207547169812
Max-Z Residual STV,0.8389487870619945,0.7819827235876393,0.7358490566037735,0.7358490566037735,0.7358490566037735,0.7358490566037735,dataset_3,4,largest_visible,multiplicative,30.0,3,0.7735849056603774
Raw STV + IF,0.5272911051212938,0.5036209264046313,0.490566037735849,0.490566037735849,0.490566037735849,0.490566037735849,dataset_3,4,random_visible,additive_ms,10.0,1,0.1320754716981132
WR-STV k=1,0.5235849056603773,0.4976458867745617,0.5094339622641509,0.5094339622641509,0.5094339622641509,0.5094339622641509,dataset_3,4,random_visible,additive_ms,10.0,1,0.1698113207547169
Max-Z Residual STV,0.5212264150943398,0.4968463507692908,0.5094339622641509,0.5094339622641509,0.5094339622641509,0.5094339622641509,dataset_3,4,random_visible,additive_ms,10.0,1,0.2075471698113207
Raw STV + IF,0.5277964959568733,0.5058258181328942,0.490566037735849,0.490566037735849,0.490566037735849,0.490566037735849,dataset_3,4,random_visible,additive_ms,10.0,3,0.2452830188679245
WR-STV k=1,0.5085916442048518,0.4906623241773003,0.490566037735849,0.490566037735849,0.490566037735849,0.490566037735849,dataset_3,4,random_visible,additive_ms,10.0,3,0.2641509433962264
Max-Z Residual STV,0.5045485175202157,0.4863846648647514,0.490566037735849,0.490566037735849,0.490566037735849,0.490566037735849,dataset_3,4,random_visible,additive_ms,10.0,3,0.2641509433962264
Raw STV + IF,0.5299865229110512,0.5060142355208512,0.490566037735849,0.490566037735849,0.490566037735849,0.490566037735849,dataset_3,4,random_visible,additive_ms,25.0,1,0.2075471698113207
WR-STV k=1,0.5183625336927223,0.4922015332037778,0.490566037735849,0.490566037735849,0.490566037735849,0.490566037735849,dataset_3,4,random_visible,additive_ms,25.0,1,0.1886792452830188
Max-Z Residual STV,0.5190363881401617,0.4933516220887871,0.490566037735849,0.490566037735849,0.490566037735849,0.490566037735849,dataset_3,4,random_visible,additive_ms,25.0,1,0.2264150943396226
Raw STV + IF,0.5333557951482479,0.5099520255833986,0.490566037735849,0.490566037735849,0.490566037735849,0.490566037735849,dataset_3,4,random_visible,additive_ms,25.0,3,0.320754716981132
WR-STV k=1,0.4941037735849057,0.4739238867966845,0.490566037735849,0.490566037735849,0.490566037735849,0.490566037735849,dataset_3,4,random_visible,additive_ms,25.0,3,0.3018867924528302
Max-Z Residual STV,0.4903975741239892,0.474866053463394,0.4716981132075472,0.4716981132075472,0.4716981132075472,0.4716981132075472,dataset_3,4,random_visible,additive_ms,25.0,3,0.2830188679245283
Raw STV + IF,0.5315026954177897,0.5071836860264987,0.490566037735849,0.490566037735849,0.490566037735849,0.490566037735849,dataset_3,4,random_visible,additive_ms,50.0,1,0.2641509433962264
WR-STV k=1,0.5171832884097034,0.491501851509261,0.490566037735849,0.490566037735849,0.490566037735849,0.490566037735849,dataset_3,4,random_visible,additive_ms,50.0,1,0.2075471698113207
Max-Z Residual STV,0.5181940700808625,0.4917054052578942,0.490566037735849,0.490566037735849,0.490566037735849,0.490566037735849,dataset_3,4,random_visible,additive_ms,50.0,1,0.2452830188679245
Raw STV + IF,0.534366576819407,0.5130333449583782,0.490566037735849,0.490566037735849,0.490566037735849,0.490566037735849,dataset_3,4,random_visible,additive_ms,50.0,3,0.3962264150943396
WR-STV k=1,0.4799528301886793,0.4598711066011219,0.4716981132075472,0.4716981132075472,0.4716981132075472,0.4716981132075472,dataset_3,4,random_visible,additive_ms,50.0,3,0.3396226415094339
Max-Z Residual STV,0.4674865229110513,0.4604399340856676,0.4716981132075472,0.4716981132075472,0.4716981132075472,0.4716981132075472,dataset_3,4,random_visible,additive_ms,50.0,3,0.3396226415094339
Raw STV + IF,0.5331873315363882,0.5082526698081143,0.490566037735849,0.490566037735849,0.490566037735849,0.490566037735849,dataset_3,4,random_visible,additive_ms,100.0,1,0.2830188679245283
WR-STV k=1,0.5160040431266846,0.4923889342451981,0.5094339622641509,0.5094339622641509,0.5094339622641509,0.5094339622641509,dataset_3,4,random_visible,additive_ms,100.0,1,0.2830188679245283
Max-Z Residual STV,0.5171832884097034,0.4912670861699189,0.490566037735849,0.490566037735849,0.490566037735849,0.490566037735849,dataset_3,4,random_visible,additive_ms,100.0,1,0.2641509433962264
Raw STV + IF,0.536388140161725,0.5152936150066103,0.490566037735849,0.490566037735849,0.490566037735849,0.490566037735849,dataset_3,4,random_visible,additive_ms,100.0,3,0.4528301886792453
WR-STV k=1,0.4449123989218329,0.4462127219812581,0.4339622641509434,0.4339622641509434,0.4339622641509434,0.4339622641509434,dataset_3,4,random_visible,additive_ms,100.0,3,0.3584905660377358
Max-Z Residual STV,0.4432277628032345,0.4497446150330267,0.4528301886792453,0.4528301886792453,0.4528301886792453,0.4528301886792453,dataset_3,4,random_visible,additive_ms,100.0,3,0.3584905660377358
Raw STV + IF,0.542621293800539,0.5143407065233158,0.490566037735849,0.490566037735849,0.490566037735849,0.490566037735849,dataset_3,4,random_visible,additive_ms,250.0,1,0.4339622641509434
WR-STV k=1,0.548012129380054,0.5144483685172401,0.5471698113207547,0.5471698113207547,0.5471698113207547,0.5471698113207547,dataset_3,4,random_visible,additive_ms,250.0,1,0.3396226415094339
Max-Z Residual STV,0.5444743935309972,0.5097551676882279,0.5471698113207547,0.5471698113207547,0.5471698113207547,0.5471698113207547,dataset_3,4,random_visible,additive_ms,250.0,1,0.3584905660377358
Raw STV + IF,0.5537398921832883,0.5273066792938971,0.490566037735849,0.490566037735849,0.490566037735849,0.490566037735849,dataset_3,4,random_visible,additive_ms,250.0,3,0.5660377358490566
WR-STV k=1,0.4893867924528302,0.4791306895698827,0.5471698113207547,0.5471698113207547,0.5471698113207547,0.5471698113207547,dataset_3,4,random_visible,additive_ms,250.0,3,0.3773584905660377
Max-Z Residual STV,0.4934299191374663,0.4809433336644006,0.5094339622641509,0.5094339622641509,0.5094339622641509,0.5094339622641509,dataset_3,4,random_visible,additive_ms,250.0,3,0.3962264150943396
Raw STV + IF,0.5528975741239892,0.5200067234330947,0.490566037735849,0.490566037735849,0.490566037735849,0.490566037735849,dataset_3,4,random_visible,additive_ms,500.0,1,0.6226415094339622
WR-STV k=1,0.5901280323450135,0.5449936006454347,0.5849056603773585,0.5849056603773585,0.5849056603773585,0.5849056603773585,dataset_3,4,random_visible,additive_ms,500.0,1,0.4150943396226415
Max-Z Residual STV,0.6022574123989218,0.5532762959698708,0.5849056603773585,0.5849056603773585,0.5849056603773585,0.5849056603773585,dataset_3,4,random_visible,additive_ms,500.0,1,0.4528301886792453
Raw STV + IF,0.5710916442048518,0.5394005294078644,0.5283018867924528,0.5283018867924528,0.5283018867924528,0.5283018867924528,dataset_3,4,random_visible,additive_ms,500.0,3,0.6792452830188679
WR-STV k=1,0.5751347708894878,0.5469955914473638,0.6037735849056604,0.6037735849056604,0.6037735849056604,0.6037735849056604,dataset_3,4,random_visible,additive_ms,500.0,3,0.4716981132075472
Max-Z Residual STV,0.5865902964959568,0.552153949482708,0.5849056603773585,0.5849056603773585,0.5849056603773585,0.5849056603773585,dataset_3,4,random_visible,additive_ms,500.0,3,0.5094339622641509
