method,roc_auc,average_precision,precision_at_k,precision,recall,f1,pairwise_win_rate,train_dataset,test_dataset,random_seed,injection_factor,num_train_traces,num_test_normal,num_test_injected,stv_vocab_size,total_events,visible_events,unseen_events,visible_event_ratio,unseen_event_ratio,unique_keys,visible_unique_keys,unseen_unique_keys,visible_unique_key_ratio,unseen_unique_key_ratio
Global Weighted Residual STV k=1 clip=5.0,0.8906292749658002,0.8881993939460748,0.8,0.8,0.8,0.8,0.9647058823529412,dataset_1,dataset_2,0,30.0,269,86,85,150,1306,1157,149,0.8859111791730475,0.11408882082695253,190,141,49,0.7421052631578947,0.2578947368421053
Global Weighted Residual STV k=1 clip=10.0,0.8876196990424077,0.8855924775457444,0.8,0.8,0.8,0.8,0.9647058823529412,dataset_1,dataset_2,0,30.0,269,86,85,150,1306,1157,149,0.8859111791730475,0.11408882082695253,190,141,49,0.7421052631578947,0.2578947368421053
Global Residual STV k=1 clip=5.0,0.8841997264021888,0.8485063224955753,0.8352941176470589,0.8352941176470589,0.8352941176470589,0.8352941176470589,0.9294117647058824,dataset_1,dataset_2,0,30.0,269,86,85,150,1306,1157,149,0.8859111791730475,0.11408882082695253,190,141,49,0.7421052631578947,0.2578947368421053
Global Residual STV k=1 clip=10.0,0.8772913816689466,0.8108526407568368,0.8352941176470589,0.8352941176470589,0.8352941176470589,0.8352941176470589,0.9529411764705882,dataset_1,dataset_2,0,30.0,269,86,85,150,1306,1157,149,0.8859111791730475,0.11408882082695253,190,141,49,0.7421052631578947,0.2578947368421053
Global Weighted Residual STV k=3 clip=10.0,0.8362517099863201,0.8567218462041708,0.7294117647058823,0.7294117647058823,0.7294117647058823,0.7294117647058823,0.9882352941176471,dataset_1,dataset_2,0,30.0,269,86,85,150,1306,1157,149,0.8859111791730475,0.11408882082695253,190,141,49,0.7421052631578947,0.2578947368421053
Global Residual STV k=3 clip=5.0,0.8333789329685363,0.8497914849874717,0.7176470588235294,0.7176470588235294,0.7176470588235294,0.7176470588235294,0.9882352941176471,dataset_1,dataset_2,0,30.0,269,86,85,150,1306,1157,149,0.8859111791730475,0.11408882082695253,190,141,49,0.7421052631578947,0.2578947368421053
Global Weighted Residual STV k=3 clip=5.0,0.8306429548563612,0.8474563315573178,0.7411764705882353,0.7411764705882353,0.7411764705882353,0.7411764705882353,0.9882352941176471,dataset_1,dataset_2,0,30.0,269,86,85,150,1306,1157,149,0.8859111791730475,0.11408882082695253,190,141,49,0.7421052631578947,0.2578947368421053
Global Residual STV k=3 clip=10.0,0.8288645690834474,0.836548048268541,0.7294117647058823,0.7294117647058823,0.7294117647058823,0.7294117647058823,0.9882352941176471,dataset_1,dataset_2,0,30.0,269,86,85,150,1306,1157,149,0.8859111791730475,0.11408882082695253,190,141,49,0.7421052631578947,0.2578947368421053
Global Weighted Residual STV k=5 clip=10.0,0.8191518467852257,0.828154710295088,0.7294117647058823,0.7294117647058823,0.7294117647058823,0.7294117647058823,0.9882352941176471,dataset_1,dataset_2,0,30.0,269,86,85,150,1306,1157,149,0.8859111791730475,0.11408882082695253,190,141,49,0.7421052631578947,0.2578947368421053
Global Weighted Residual STV k=5 clip=5.0,0.8153214774281805,0.8235471422702094,0.7176470588235294,0.7176470588235294,0.7176470588235294,0.7176470588235294,0.9882352941176471,dataset_1,dataset_2,0,30.0,269,86,85,150,1306,1157,149,0.8859111791730475,0.11408882082695253,190,141,49,0.7421052631578947,0.2578947368421053
Global Residual STV k=5 clip=10.0,0.8086183310533516,0.7877651118371127,0.7411764705882353,0.7411764705882353,0.7411764705882353,0.7411764705882353,0.9882352941176471,dataset_1,dataset_2,0,30.0,269,86,85,150,1306,1157,149,0.8859111791730475,0.11408882082695253,190,141,49,0.7421052631578947,0.2578947368421053
Global Residual STV k=5 clip=5.0,0.80109439124487,0.7628802882183967,0.7058823529411765,0.7058823529411765,0.7058823529411765,0.7058823529411765,0.9882352941176471,dataset_1,dataset_2,0,30.0,269,86,85,150,1306,1157,149,0.8859111791730475,0.11408882082695253,190,141,49,0.7421052631578947,0.2578947368421053
Enhanced STV + IF,0.7225034199726402,0.6341052972942132,0.6705882352941176,0.6705882352941176,0.6705882352941176,0.6705882352941176,0.8117647058823529,dataset_1,dataset_2,0,30.0,269,86,85,150,1306,1157,149,0.8859111791730475,0.11408882082695253,190,141,49,0.7421052631578947,0.2578947368421053
Baseline STV + IF,0.5887824897400821,0.5636177579409349,0.5647058823529412,0.5647058823529412,0.5647058823529412,0.5647058823529412,0.8823529411764706,dataset_1,dataset_2,0,30.0,269,86,85,150,1306,1157,149,0.8859111791730475,0.11408882082695253,190,141,49,0.7421052631578947,0.2578947368421053
Global Residual STV k=1 clip=5.0,0.9110608552631578,0.8879098344879226,0.8289473684210527,0.8289473684210527,0.8289473684210527,0.8289473684210527,0.9210526315789473,dataset_1,dataset_3,0,30.0,269,160,152,150,1993,1831,162,0.9187155042649272,0.08128449573507275,181,128,53,0.7071823204419889,0.292817679558011
Global Residual STV k=1 clip=10.0,0.9086348684210527,0.8702766691290945,0.8289473684210527,0.8289473684210527,0.8289473684210527,0.8289473684210527,0.9342105263157895,dataset_1,dataset_3,0,30.0,269,160,152,150,1993,1831,162,0.9187155042649272,0.08128449573507275,181,128,53,0.7071823204419889,0.292817679558011
Global Weighted Residual STV k=1 clip=5.0,0.8913651315789474,0.8922257919342926,0.7960526315789473,0.7960526315789473,0.7960526315789473,0.7960526315789473,0.9210526315789473,dataset_1,dataset_3,0,30.0,269,160,152,150,1993,1831,162,0.9187155042649272,0.08128449573507275,181,128,53,0.7071823204419889,0.292817679558011
Global Weighted Residual STV k=1 clip=10.0,0.8895148026315789,0.8787990906552281,0.8026315789473685,0.8026315789473685,0.8026315789473685,0.8026315789473685,0.9342105263157895,dataset_1,dataset_3,0,30.0,269,160,152,150,1993,1831,162,0.9187155042649272,0.08128449573507275,181,128,53,0.7071823204419889,0.292817679558011
Global Residual STV k=3 clip=10.0,0.8737458881578947,0.8294898119742459,0.8157894736842105,0.8157894736842105,0.8157894736842105,0.8157894736842105,0.9342105263157895,dataset_1,dataset_3,0,30.0,269,160,152,150,1993,1831,162,0.9187155042649272,0.08128449573507275,181,128,53,0.7071823204419889,0.292817679558011
Global Residual STV k=3 clip=5.0,0.8708675986842105,0.8264700336275114,0.8157894736842105,0.8157894736842105,0.8157894736842105,0.8157894736842105,0.9210526315789473,dataset_1,dataset_3,0,30.0,269,160,152,150,1993,1831,162,0.9187155042649272,0.08128449573507275,181,128,53,0.7071823204419889,0.292817679558011
Global Residual STV k=5 clip=10.0,0.8590871710526315,0.7930887844363567,0.7960526315789473,0.7960526315789473,0.7960526315789473,0.7960526315789473,0.9407894736842105,dataset_1,dataset_3,0,30.0,269,160,152,150,1993,1831,162,0.9187155042649272,0.08128449573507275,181,128,53,0.7071823204419889,0.292817679558011
Global Residual STV k=5 clip=5.0,0.8548108552631579,0.7759927649957327,0.7960526315789473,0.7960526315789473,0.7960526315789473,0.7960526315789473,0.9276315789473685,dataset_1,dataset_3,0,30.0,269,160,152,150,1993,1831,162,0.9187155042649272,0.08128449573507275,181,128,53,0.7071823204419889,0.292817679558011
Global Weighted Residual STV k=3 clip=10.0,0.8508018092105263,0.8398361948558628,0.7828947368421053,0.7828947368421053,0.7828947368421053,0.7828947368421053,0.9342105263157895,dataset_1,dataset_3,0,30.0,269,160,152,150,1993,1831,162,0.9187155042649272,0.08128449573507275,181,128,53,0.7071823204419889,0.292817679558011
Global Weighted Residual STV k=3 clip=5.0,0.8468955592105263,0.8491953865255446,0.7697368421052632,0.7697368421052632,0.7697368421052632,0.7697368421052632,0.9210526315789473,dataset_1,dataset_3,0,30.0,269,160,152,150,1993,1831,162,0.9187155042649272,0.08128449573507275,181,128,53,0.7071823204419889,0.292817679558011
Global Weighted Residual STV k=5 clip=10.0,0.8378700657894737,0.8028556245774582,0.7631578947368421,0.7631578947368421,0.7631578947368421,0.7631578947368421,0.9407894736842105,dataset_1,dataset_3,0,30.0,269,160,152,150,1993,1831,162,0.9187155042649272,0.08128449573507275,181,128,53,0.7071823204419889,0.292817679558011
Global Weighted Residual STV k=5 clip=5.0,0.831702302631579,0.7955877257379999,0.756578947368421,0.756578947368421,0.756578947368421,0.756578947368421,0.9407894736842105,dataset_1,dataset_3,0,30.0,269,160,152,150,1993,1831,162,0.9187155042649272,0.08128449573507275,181,128,53,0.7071823204419889,0.292817679558011
Enhanced STV + IF,0.7750411184210526,0.6926477147367683,0.7105263157894737,0.7105263157894737,0.7105263157894737,0.7105263157894737,0.8421052631578947,dataset_1,dataset_3,0,30.0,269,160,152,150,1993,1831,162,0.9187155042649272,0.08128449573507275,181,128,53,0.7071823204419889,0.292817679558011
Baseline STV + IF,0.6211759868421053,0.5767262763735617,0.5657894736842105,0.5657894736842105,0.5657894736842105,0.5657894736842105,0.9078947368421053,dataset_1,dataset_3,0,30.0,269,160,152,150,1993,1831,162,0.9187155042649272,0.08128449573507275,181,128,53,0.7071823204419889,0.292817679558011
Global Weighted Residual STV k=1 clip=5.0,0.6107709954257128,0.6437078059905322,0.587360594795539,0.587360594795539,0.587360594795539,0.587360594795539,0.550185873605948,dataset_2,dataset_1,0,30.0,86,269,269,190,3788,3704,84,0.9778247096092925,0.022175290390707498,150,141,9,0.94,0.06
Global Weighted Residual STV k=3 clip=5.0,0.6003855668108511,0.6423413308423949,0.5836431226765799,0.5836431226765799,0.5836431226765799,0.5836431226765799,0.5985130111524164,dataset_2,dataset_1,0,30.0,86,269,269,190,3788,3704,84,0.9778247096092925,0.022175290390707498,150,141,9,0.94,0.06
Global Weighted Residual STV k=1 clip=10.0,0.5979118585978634,0.5905424578507666,0.587360594795539,0.587360594795539,0.587360594795539,0.587360594795539,0.5315985130111525,dataset_2,dataset_1,0,30.0,86,269,269,190,3788,3704,84,0.9778247096092925,0.022175290390707498,150,141,9,0.94,0.06
Global Residual STV k=3 clip=5.0,0.5950995702104724,0.5777263076651615,0.5910780669144982,0.5910780669144982,0.5910780669144982,0.5910780669144982,0.5799256505576208,dataset_2,dataset_1,0,30.0,86,269,269,190,3788,3704,84,0.9778247096092925,0.022175290390707498,150,141,9,0.94,0.06
Global Residual STV k=1 clip=5.0,0.5949682840203977,0.562796025076489,0.5650557620817844,0.5650557620817844,0.5650557620817844,0.5650557620817844,0.5204460966542751,dataset_2,dataset_1,0,30.0,86,269,269,190,3788,3704,84,0.9778247096092925,0.022175290390707498,150,141,9,0.94,0.06
Global Residual STV k=1 clip=10.0,0.5947540802365915,0.562050863010569,0.5650557620817844,0.5650557620817844,0.5650557620817844,0.5650557620817844,0.5241635687732342,dataset_2,dataset_1,0,30.0,86,269,269,190,3788,3704,84,0.9778247096092925,0.022175290390707498,150,141,9,0.94,0.06
Global Weighted Residual STV k=5 clip=5.0,0.5931510067577839,0.6017884594878277,0.5724907063197026,0.5724907063197026,0.5724907063197026,0.5724907063197026,0.6133828996282528,dataset_2,dataset_1,0,30.0,86,269,269,190,3788,3704,84,0.9778247096092925,0.022175290390707498,150,141,9,0.94,0.06
Global Weighted Residual STV k=3 clip=10.0,0.592750238388082,0.5938061946719744,0.5836431226765799,0.5836431226765799,0.5836431226765799,0.5836431226765799,0.5947955390334573,dataset_2,dataset_1,0,30.0,86,269,269,190,3788,3704,84,0.9778247096092925,0.022175290390707498,150,141,9,0.94,0.06
Global Residual STV k=3 clip=10.0,0.5916930390680062,0.5681160532152725,0.5910780669144982,0.5910780669144982,0.5910780669144982,0.5910780669144982,0.5799256505576208,dataset_2,dataset_1,0,30.0,86,269,269,190,3788,3704,84,0.9778247096092925,0.022175290390707498,150,141,9,0.94,0.06
Global Weighted Residual STV k=5 clip=10.0,0.5899794087975567,0.5862345426735484,0.5724907063197026,0.5724907063197026,0.5724907063197026,0.5724907063197026,0.6096654275092936,dataset_2,dataset_1,0,30.0,86,269,269,190,3788,3704,84,0.9778247096092925,0.022175290390707498,150,141,9,0.94,0.06
Global Residual STV k=5 clip=5.0,0.5869736460247924,0.5658650189256615,0.5910780669144982,0.5910780669144982,0.5910780669144982,0.5910780669144982,0.6022304832713755,dataset_2,dataset_1,0,30.0,86,269,269,190,3788,3704,84,0.9778247096092925,0.022175290390707498,150,141,9,0.94,0.06
Global Residual STV k=5 clip=10.0,0.585439670540761,0.562275636318879,0.5910780669144982,0.5910780669144982,0.5910780669144982,0.5910780669144982,0.6022304832713755,dataset_2,dataset_1,0,30.0,86,269,269,190,3788,3704,84,0.9778247096092925,0.022175290390707498,150,141,9,0.94,0.06
Baseline STV + IF,0.5840024322494161,0.5620085729368671,0.6059479553903345,0.6059479553903345,0.6059479553903345,0.6059479553903345,0.9368029739776952,dataset_2,dataset_1,0,30.0,86,269,269,190,3788,3704,84,0.9778247096092925,0.022175290390707498,150,141,9,0.94,0.06
Enhanced STV + IF,0.5673359959093988,0.543653029645687,0.5539033457249071,0.5539033457249071,0.5539033457249071,0.5539033457249071,0.5650557620817844,dataset_2,dataset_1,0,30.0,86,269,269,190,3788,3704,84,0.9778247096092925,0.022175290390707498,150,141,9,0.94,0.06
Global Weighted Residual STV k=1 clip=5.0,0.7941380718954248,0.789265482779411,0.6797385620915033,0.6797385620915033,0.6797385620915033,0.6797385620915033,0.7647058823529411,dataset_2,dataset_3,0,30.0,86,160,153,190,1993,1977,16,0.9919719016557953,0.008028098344204716,181,175,6,0.9668508287292817,0.03314917127071823
Global Residual STV k=1 clip=5.0,0.7824754901960784,0.6736185437298525,0.7189542483660131,0.7189542483660131,0.7189542483660131,0.7189542483660131,0.7516339869281046,dataset_2,dataset_3,0,30.0,86,160,153,190,1993,1977,16,0.9919719016557953,0.008028098344204716,181,175,6,0.9668508287292817,0.03314917127071823
Global Residual STV k=1 clip=10.0,0.7812704248366013,0.6667235152450819,0.7189542483660131,0.7189542483660131,0.7189542483660131,0.7189542483660131,0.7581699346405228,dataset_2,dataset_3,0,30.0,86,160,153,190,1993,1977,16,0.9919719016557953,0.008028098344204716,181,175,6,0.9668508287292817,0.03314917127071823
Global Weighted Residual STV k=1 clip=10.0,0.7756740196078432,0.7036783818075303,0.6797385620915033,0.6797385620915033,0.6797385620915033,0.6797385620915033,0.7516339869281046,dataset_2,dataset_3,0,30.0,86,160,153,190,1993,1977,16,0.9919719016557953,0.008028098344204716,181,175,6,0.9668508287292817,0.03314917127071823
Global Residual STV k=3 clip=5.0,0.7608047385620915,0.6754657609658561,0.7058823529411765,0.7058823529411765,0.7058823529411765,0.7058823529411765,0.7843137254901961,dataset_2,dataset_3,0,30.0,86,160,153,190,1993,1977,16,0.9919719016557953,0.008028098344204716,181,175,6,0.9668508287292817,0.03314917127071823
Global Residual STV k=3 clip=10.0,0.7563929738562092,0.6614688098985801,0.7058823529411765,0.7058823529411765,0.7058823529411765,0.7058823529411765,0.7843137254901961,dataset_2,dataset_3,0,30.0,86,160,153,190,1993,1977,16,0.9919719016557953,0.008028098344204716,181,175,6,0.9668508287292817,0.03314917127071823
Global Residual STV k=5 clip=5.0,0.7548611111111111,0.6689807629980126,0.6928104575163399,0.6928104575163399,0.6928104575163399,0.6928104575163399,0.803921568627451,dataset_2,dataset_3,0,30.0,86,160,153,190,1993,1977,16,0.9919719016557953,0.008028098344204716,181,175,6,0.9668508287292817,0.03314917127071823
Global Residual STV k=5 clip=10.0,0.7509803921568627,0.6556023078459566,0.6928104575163399,0.6928104575163399,0.6928104575163399,0.6928104575163399,0.803921568627451,dataset_2,dataset_3,0,30.0,86,160,153,190,1993,1977,16,0.9919719016557953,0.008028098344204716,181,175,6,0.9668508287292817,0.03314917127071823
Global Weighted Residual STV k=3 clip=5.0,0.7493055555555557,0.7549139796185611,0.6601307189542484,0.6601307189542484,0.6601307189542484,0.6601307189542484,0.7973856209150327,dataset_2,dataset_3,0,30.0,86,160,153,190,1993,1977,16,0.9919719016557953,0.008028098344204716,181,175,6,0.9668508287292817,0.03314917127071823
Global Weighted Residual STV k=5 clip=5.0,0.7398692810457517,0.7046644931458745,0.6535947712418301,0.6535947712418301,0.6535947712418301,0.6535947712418301,0.8169934640522876,dataset_2,dataset_3,0,30.0,86,160,153,190,1993,1977,16,0.9919719016557953,0.008028098344204716,181,175,6,0.9668508287292817,0.03314917127071823
Global Weighted Residual STV k=3 clip=10.0,0.7369485294117648,0.6796713268607051,0.6601307189542484,0.6601307189542484,0.6601307189542484,0.6601307189542484,0.7843137254901961,dataset_2,dataset_3,0,30.0,86,160,153,190,1993,1977,16,0.9919719016557953,0.008028098344204716,181,175,6,0.9668508287292817,0.03314917127071823
Global Weighted Residual STV k=5 clip=10.0,0.7338031045751634,0.6785526780713189,0.6535947712418301,0.6535947712418301,0.6535947712418301,0.6535947712418301,0.8104575163398693,dataset_2,dataset_3,0,30.0,86,160,153,190,1993,1977,16,0.9919719016557953,0.008028098344204716,181,175,6,0.9668508287292817,0.03314917127071823
Baseline STV + IF,0.626797385620915,0.5781131931833581,0.6078431372549019,0.6078431372549019,0.6078431372549019,0.6078431372549019,0.8366013071895425,dataset_2,dataset_3,0,30.0,86,160,153,190,1993,1977,16,0.9919719016557953,0.008028098344204716,181,175,6,0.9668508287292817,0.03314917127071823
Enhanced STV + IF,0.6259395424836602,0.5744580854873012,0.6013071895424836,0.6013071895424836,0.6013071895424836,0.6013071895424836,0.6601307189542484,dataset_2,dataset_3,0,30.0,86,160,153,190,1993,1977,16,0.9919719016557953,0.008028098344204716,181,175,6,0.9668508287292817,0.03314917127071823
Global Weighted Residual STV k=1 clip=5.0,0.7611828874398197,0.7516391112786499,0.6844262295081968,0.6844262295081968,0.6844262295081968,0.6844262295081968,0.6147540983606558,dataset_3,dataset_1,0,30.0,160,269,244,181,3788,3534,254,0.9329461457233369,0.06705385427666315,150,128,22,0.8533333333333334,0.14666666666666667
Global Weighted Residual STV k=1 clip=10.0,0.739822658297276,0.6932719489949541,0.6844262295081968,0.6844262295081968,0.6844262295081968,0.6844262295081968,0.610655737704918,dataset_3,dataset_1,0,30.0,160,269,244,181,3788,3534,254,0.9329461457233369,0.06705385427666315,150,128,22,0.8533333333333334,0.14666666666666667
Global Residual STV k=1 clip=5.0,0.7371869096227679,0.6418894553665786,0.6967213114754098,0.6967213114754098,0.6967213114754098,0.6967213114754098,0.5983606557377049,dataset_3,dataset_1,0,30.0,160,269,244,181,3788,3534,254,0.9329461457233369,0.06705385427666315,150,128,22,0.8533333333333334,0.14666666666666667
Global Weighted Residual STV k=3 clip=5.0,0.7367679322323114,0.7415033539663464,0.6639344262295082,0.6639344262295082,0.6639344262295082,0.6639344262295082,0.6926229508196722,dataset_3,dataset_1,0,30.0,160,269,244,181,3788,3534,254,0.9329461457233369,0.06705385427666315,150,128,22,0.8533333333333334,0.14666666666666667
Global Residual STV k=1 clip=10.0,0.7343226278261928,0.6301601962895188,0.6967213114754098,0.6967213114754098,0.6967213114754098,0.6967213114754098,0.610655737704918,dataset_3,dataset_1,0,30.0,160,269,244,181,3788,3534,254,0.9329461457233369,0.06705385427666315,150,128,22,0.8533333333333334,0.14666666666666667
Global Residual STV k=3 clip=5.0,0.7313516972393199,0.6748540783834014,0.6557377049180327,0.6557377049180327,0.6557377049180327,0.6557377049180327,0.680327868852459,dataset_3,dataset_1,0,30.0,160,269,244,181,3788,3534,254,0.9329461457233369,0.06705385427666315,150,128,22,0.8533333333333334,0.14666666666666667
Global Weighted Residual STV k=3 clip=10.0,0.7305061246876713,0.7156704963327831,0.6598360655737705,0.6598360655737705,0.6598360655737705,0.6598360655737705,0.7008196721311475,dataset_3,dataset_1,0,30.0,160,269,244,181,3788,3534,254,0.9329461457233369,0.06705385427666315,150,128,22,0.8533333333333334,0.14666666666666667
Global Weighted Residual STV k=5 clip=5.0,0.7241376683527332,0.7119527354414654,0.6598360655737705,0.6598360655737705,0.6598360655737705,0.6598360655737705,0.7049180327868853,dataset_3,dataset_1,0,30.0,160,269,244,181,3788,3534,254,0.9329461457233369,0.06705385427666315,150,128,22,0.8533333333333334,0.14666666666666667
Global Residual STV k=3 clip=10.0,0.7200088366140531,0.6504779030524912,0.6557377049180327,0.6557377049180327,0.6557377049180327,0.6557377049180327,0.6885245901639344,dataset_3,dataset_1,0,30.0,160,269,244,181,3788,3534,254,0.9329461457233369,0.06705385427666315,150,128,22,0.8533333333333334,0.14666666666666667
Global Weighted Residual STV k=5 clip=10.0,0.7185309890913522,0.6795498426234359,0.6516393442622951,0.6516393442622951,0.6516393442622951,0.6516393442622951,0.7131147540983607,dataset_3,dataset_1,0,30.0,160,269,244,181,3788,3534,254,0.9329461457233369,0.06705385427666315,150,128,22,0.8533333333333334,0.14666666666666667
Global Residual STV k=5 clip=5.0,0.7173502346273386,0.644178746509291,0.6598360655737705,0.6598360655737705,0.6598360655737705,0.6598360655737705,0.7008196721311475,dataset_3,dataset_1,0,30.0,160,269,244,181,3788,3534,254,0.9329461457233369,0.06705385427666315,150,128,22,0.8533333333333334,0.14666666666666667
Global Residual STV k=5 clip=10.0,0.7085669449692242,0.6288859286209892,0.6598360655737705,0.6598360655737705,0.6598360655737705,0.6598360655737705,0.7090163934426229,dataset_3,dataset_1,0,30.0,160,269,244,181,3788,3534,254,0.9329461457233369,0.06705385427666315,150,128,22,0.8533333333333334,0.14666666666666667
Enhanced STV + IF,0.7013833871655799,0.6043231104518361,0.6188524590163934,0.6188524590163934,0.6188524590163934,0.6188524590163934,0.7418032786885246,dataset_3,dataset_1,0,30.0,160,269,244,181,3788,3534,254,0.9329461457233369,0.06705385427666315,150,128,22,0.8533333333333334,0.14666666666666667
Baseline STV + IF,0.6441967822536412,0.5701009172489565,0.5901639344262295,0.5901639344262295,0.5901639344262295,0.5901639344262295,0.9467213114754098,dataset_3,dataset_1,0,30.0,160,269,244,181,3788,3534,254,0.9329461457233369,0.06705385427666315,150,128,22,0.8533333333333334,0.14666666666666667
Global Weighted Residual STV k=1 clip=5.0,0.8719458345599057,0.8609804148864134,0.7848101265822784,0.7848101265822784,0.7848101265822784,0.7848101265822784,0.8354430379746836,dataset_3,dataset_2,0,30.0,160,86,79,181,1306,1247,59,0.9548238897396631,0.0451761102603369,190,175,15,0.9210526315789473,0.07894736842105263
Global Weighted Residual STV k=1 clip=10.0,0.8568589932293199,0.8329582466989408,0.7974683544303798,0.7974683544303798,0.7974683544303798,0.7974683544303798,0.8227848101265823,dataset_3,dataset_2,0,30.0,160,86,79,181,1306,1247,59,0.9548238897396631,0.0451761102603369,190,175,15,0.9210526315789473,0.07894736842105263
Global Residual STV k=1 clip=5.0,0.855975861053871,0.779625090523167,0.7974683544303798,0.7974683544303798,0.7974683544303798,0.7974683544303798,0.8227848101265823,dataset_3,dataset_2,0,30.0,160,86,79,181,1306,1247,59,0.9548238897396631,0.0451761102603369,190,175,15,0.9210526315789473,0.07894736842105263
Global Residual STV k=1 clip=10.0,0.8496467471298205,0.7441207873372238,0.7974683544303798,0.7974683544303798,0.7974683544303798,0.7974683544303798,0.8227848101265823,dataset_3,dataset_2,0,30.0,160,86,79,181,1306,1247,59,0.9548238897396631,0.0451761102603369,190,175,15,0.9210526315789473,0.07894736842105263
Global Weighted Residual STV k=3 clip=5.0,0.8296290844863115,0.8269081758007985,0.7468354430379747,0.7468354430379747,0.7468354430379747,0.7468354430379747,0.8607594936708861,dataset_3,dataset_2,0,30.0,160,86,79,181,1306,1247,59,0.9548238897396631,0.0451761102603369,190,175,15,0.9210526315789473,0.07894736842105263
Global Residual STV k=3 clip=5.0,0.8209449514277303,0.736115005230868,0.7341772151898734,0.7341772151898734,0.7341772151898734,0.7341772151898734,0.8607594936708861,dataset_3,dataset_2,0,30.0,160,86,79,181,1306,1247,59,0.9548238897396631,0.0451761102603369,190,175,15,0.9210526315789473,0.07894736842105263
Global Residual STV k=3 clip=10.0,0.8195466588166028,0.7327201816684998,0.7341772151898734,0.7341772151898734,0.7341772151898734,0.7341772151898734,0.8734177215189873,dataset_3,dataset_2,0,30.0,160,86,79,181,1306,1247,59,0.9548238897396631,0.0451761102603369,190,175,15,0.9210526315789473,0.07894736842105263
Global Weighted Residual STV k=3 clip=10.0,0.8180747718575213,0.7730711388703632,0.7468354430379747,0.7468354430379747,0.7468354430379747,0.7468354430379747,0.8734177215189873,dataset_3,dataset_2,0,30.0,160,86,79,181,1306,1247,59,0.9548238897396631,0.0451761102603369,190,175,15,0.9210526315789473,0.07894736842105263
Global Weighted Residual STV k=5 clip=5.0,0.8179275831616132,0.8079245002682623,0.7088607594936709,0.7088607594936709,0.7088607594936709,0.7088607594936709,0.8987341772151899,dataset_3,dataset_2,0,30.0,160,86,79,181,1306,1247,59,0.9548238897396631,0.0451761102603369,190,175,15,0.9210526315789473,0.07894736842105263
Global Residual STV k=5 clip=5.0,0.8118928466293789,0.7282637464749189,0.7341772151898734,0.7341772151898734,0.7341772151898734,0.7341772151898734,0.8987341772151899,dataset_3,dataset_2,0,30.0,160,86,79,181,1306,1247,59,0.9548238897396631,0.0451761102603369,190,175,15,0.9210526315789473,0.07894736842105263
Global Residual STV k=5 clip=10.0,0.8117456579334706,0.7343703036677043,0.7341772151898734,0.7341772151898734,0.7341772151898734,0.7341772151898734,0.9113924050632911,dataset_3,dataset_2,0,30.0,160,86,79,181,1306,1247,59,0.9548238897396631,0.0451761102603369,190,175,15,0.9210526315789473,0.07894736842105263
Global Weighted Residual STV k=5 clip=10.0,0.8088018840153076,0.7446491172422998,0.7215189873417721,0.7215189873417721,0.7215189873417721,0.7215189873417721,0.9113924050632911,dataset_3,dataset_2,0,30.0,160,86,79,181,1306,1247,59,0.9548238897396631,0.0451761102603369,190,175,15,0.9210526315789473,0.07894736842105263
Enhanced STV + IF,0.7481601413011483,0.6447308570125383,0.6455696202531646,0.6455696202531646,0.6455696202531646,0.6455696202531646,0.7848101265822784,dataset_3,dataset_2,0,30.0,160,86,79,181,1306,1247,59,0.9548238897396631,0.0451761102603369,190,175,15,0.9210526315789473,0.07894736842105263
Baseline STV + IF,0.6290108919634971,0.5666651249685717,0.5822784810126582,0.5822784810126582,0.5822784810126582,0.5822784810126582,0.8481012658227848,dataset_3,dataset_2,0,30.0,160,86,79,181,1306,1247,59,0.9548238897396631,0.0451761102603369,190,175,15,0.9210526315789473,0.07894736842105263
Global Weighted Residual STV k=1 clip=5.0,0.8906292749658002,0.8881993939460748,0.8,0.8,0.8,0.8,0.9647058823529412,dataset_1,dataset_2,1,30.0,269,86,85,150,1306,1157,149,0.8859111791730475,0.11408882082695253,190,141,49,0.7421052631578947,0.2578947368421053
Global Weighted Residual STV k=1 clip=10.0,0.8876196990424077,0.8855924775457444,0.8,0.8,0.8,0.8,0.9647058823529412,dataset_1,dataset_2,1,30.0,269,86,85,150,1306,1157,149,0.8859111791730475,0.11408882082695253,190,141,49,0.7421052631578947,0.2578947368421053
Global Residual STV k=1 clip=5.0,0.8841997264021888,0.8485063224955753,0.8352941176470589,0.8352941176470589,0.8352941176470589,0.8352941176470589,0.9294117647058824,dataset_1,dataset_2,1,30.0,269,86,85,150,1306,1157,149,0.8859111791730475,0.11408882082695253,190,141,49,0.7421052631578947,0.2578947368421053
Global Residual STV k=1 clip=10.0,0.8772913816689466,0.8108526407568368,0.8352941176470589,0.8352941176470589,0.8352941176470589,0.8352941176470589,0.9529411764705882,dataset_1,dataset_2,1,30.0,269,86,85,150,1306,1157,149,0.8859111791730475,0.11408882082695253,190,141,49,0.7421052631578947,0.2578947368421053
Global Weighted Residual STV k=3 clip=10.0,0.8362517099863201,0.8567218462041708,0.7294117647058823,0.7294117647058823,0.7294117647058823,0.7294117647058823,0.9882352941176471,dataset_1,dataset_2,1,30.0,269,86,85,150,1306,1157,149,0.8859111791730475,0.11408882082695253,190,141,49,0.7421052631578947,0.2578947368421053
Global Residual STV k=3 clip=5.0,0.8333789329685363,0.8497914849874717,0.7176470588235294,0.7176470588235294,0.7176470588235294,0.7176470588235294,0.9882352941176471,dataset_1,dataset_2,1,30.0,269,86,85,150,1306,1157,149,0.8859111791730475,0.11408882082695253,190,141,49,0.7421052631578947,0.2578947368421053
Global Weighted Residual STV k=3 clip=5.0,0.8306429548563612,0.8474563315573178,0.7411764705882353,0.7411764705882353,0.7411764705882353,0.7411764705882353,0.9882352941176471,dataset_1,dataset_2,1,30.0,269,86,85,150,1306,1157,149,0.8859111791730475,0.11408882082695253,190,141,49,0.7421052631578947,0.2578947368421053
Global Residual STV k=3 clip=10.0,0.8288645690834474,0.836548048268541,0.7294117647058823,0.7294117647058823,0.7294117647058823,0.7294117647058823,0.9882352941176471,dataset_1,dataset_2,1,30.0,269,86,85,150,1306,1157,149,0.8859111791730475,0.11408882082695253,190,141,49,0.7421052631578947,0.2578947368421053
Global Weighted Residual STV k=5 clip=10.0,0.8191518467852257,0.828154710295088,0.7294117647058823,0.7294117647058823,0.7294117647058823,0.7294117647058823,0.9882352941176471,dataset_1,dataset_2,1,30.0,269,86,85,150,1306,1157,149,0.8859111791730475,0.11408882082695253,190,141,49,0.7421052631578947,0.2578947368421053
Global Weighted Residual STV k=5 clip=5.0,0.8153214774281805,0.8235471422702094,0.7176470588235294,0.7176470588235294,0.7176470588235294,0.7176470588235294,0.9882352941176471,dataset_1,dataset_2,1,30.0,269,86,85,150,1306,1157,149,0.8859111791730475,0.11408882082695253,190,141,49,0.7421052631578947,0.2578947368421053
Global Residual STV k=5 clip=10.0,0.8086183310533516,0.7877651118371127,0.7411764705882353,0.7411764705882353,0.7411764705882353,0.7411764705882353,0.9882352941176471,dataset_1,dataset_2,1,30.0,269,86,85,150,1306,1157,149,0.8859111791730475,0.11408882082695253,190,141,49,0.7421052631578947,0.2578947368421053
Global Residual STV k=5 clip=5.0,0.80109439124487,0.7628802882183967,0.7058823529411765,0.7058823529411765,0.7058823529411765,0.7058823529411765,0.9882352941176471,dataset_1,dataset_2,1,30.0,269,86,85,150,1306,1157,149,0.8859111791730475,0.11408882082695253,190,141,49,0.7421052631578947,0.2578947368421053
Enhanced STV + IF,0.6959644322845417,0.6269224355171387,0.6588235294117647,0.6588235294117647,0.6588235294117647,0.6588235294117647,0.8,dataset_1,dataset_2,1,30.0,269,86,85,150,1306,1157,149,0.8859111791730475,0.11408882082695253,190,141,49,0.7421052631578947,0.2578947368421053
Baseline STV + IF,0.6194254445964432,0.5849205365988845,0.611764705882353,0.611764705882353,0.611764705882353,0.611764705882353,0.8705882352941177,dataset_1,dataset_2,1,30.0,269,86,85,150,1306,1157,149,0.8859111791730475,0.11408882082695253,190,141,49,0.7421052631578947,0.2578947368421053
Global Residual STV k=1 clip=5.0,0.9110608552631578,0.8879098344879226,0.8289473684210527,0.8289473684210527,0.8289473684210527,0.8289473684210527,0.9210526315789473,dataset_1,dataset_3,1,30.0,269,160,152,150,1993,1831,162,0.9187155042649272,0.08128449573507275,181,128,53,0.7071823204419889,0.292817679558011
Global Residual STV k=1 clip=10.0,0.9086348684210527,0.8702766691290945,0.8289473684210527,0.8289473684210527,0.8289473684210527,0.8289473684210527,0.9342105263157895,dataset_1,dataset_3,1,30.0,269,160,152,150,1993,1831,162,0.9187155042649272,0.08128449573507275,181,128,53,0.7071823204419889,0.292817679558011
Global Weighted Residual STV k=1 clip=5.0,0.8913651315789474,0.8922257919342926,0.7960526315789473,0.7960526315789473,0.7960526315789473,0.7960526315789473,0.9210526315789473,dataset_1,dataset_3,1,30.0,269,160,152,150,1993,1831,162,0.9187155042649272,0.08128449573507275,181,128,53,0.7071823204419889,0.292817679558011
Global Weighted Residual STV k=1 clip=10.0,0.8895148026315789,0.8787990906552281,0.8026315789473685,0.8026315789473685,0.8026315789473685,0.8026315789473685,0.9342105263157895,dataset_1,dataset_3,1,30.0,269,160,152,150,1993,1831,162,0.9187155042649272,0.08128449573507275,181,128,53,0.7071823204419889,0.292817679558011
Global Residual STV k=3 clip=10.0,0.8737458881578947,0.8294898119742459,0.8157894736842105,0.8157894736842105,0.8157894736842105,0.8157894736842105,0.9342105263157895,dataset_1,dataset_3,1,30.0,269,160,152,150,1993,1831,162,0.9187155042649272,0.08128449573507275,181,128,53,0.7071823204419889,0.292817679558011
Global Residual STV k=3 clip=5.0,0.8708675986842105,0.8264700336275114,0.8157894736842105,0.8157894736842105,0.8157894736842105,0.8157894736842105,0.9210526315789473,dataset_1,dataset_3,1,30.0,269,160,152,150,1993,1831,162,0.9187155042649272,0.08128449573507275,181,128,53,0.7071823204419889,0.292817679558011
Global Residual STV k=5 clip=10.0,0.8590871710526315,0.7930887844363567,0.7960526315789473,0.7960526315789473,0.7960526315789473,0.7960526315789473,0.9407894736842105,dataset_1,dataset_3,1,30.0,269,160,152,150,1993,1831,162,0.9187155042649272,0.08128449573507275,181,128,53,0.7071823204419889,0.292817679558011
Global Residual STV k=5 clip=5.0,0.8548108552631579,0.7759927649957327,0.7960526315789473,0.7960526315789473,0.7960526315789473,0.7960526315789473,0.9276315789473685,dataset_1,dataset_3,1,30.0,269,160,152,150,1993,1831,162,0.9187155042649272,0.08128449573507275,181,128,53,0.7071823204419889,0.292817679558011
Global Weighted Residual STV k=3 clip=10.0,0.8508018092105263,0.8398361948558628,0.7828947368421053,0.7828947368421053,0.7828947368421053,0.7828947368421053,0.9342105263157895,dataset_1,dataset_3,1,30.0,269,160,152,150,1993,1831,162,0.9187155042649272,0.08128449573507275,181,128,53,0.7071823204419889,0.292817679558011
Global Weighted Residual STV k=3 clip=5.0,0.8468955592105263,0.8491953865255446,0.7697368421052632,0.7697368421052632,0.7697368421052632,0.7697368421052632,0.9210526315789473,dataset_1,dataset_3,1,30.0,269,160,152,150,1993,1831,162,0.9187155042649272,0.08128449573507275,181,128,53,0.7071823204419889,0.292817679558011
Global Weighted Residual STV k=5 clip=10.0,0.8378700657894737,0.8028556245774582,0.7631578947368421,0.7631578947368421,0.7631578947368421,0.7631578947368421,0.9407894736842105,dataset_1,dataset_3,1,30.0,269,160,152,150,1993,1831,162,0.9187155042649272,0.08128449573507275,181,128,53,0.7071823204419889,0.292817679558011
Global Weighted Residual STV k=5 clip=5.0,0.831702302631579,0.7955877257379999,0.756578947368421,0.756578947368421,0.756578947368421,0.756578947368421,0.9407894736842105,dataset_1,dataset_3,1,30.0,269,160,152,150,1993,1831,162,0.9187155042649272,0.08128449573507275,181,128,53,0.7071823204419889,0.292817679558011
Enhanced STV + IF,0.778186677631579,0.7089322173302,0.7236842105263158,0.7236842105263158,0.7236842105263158,0.7236842105263158,0.868421052631579,dataset_1,dataset_3,1,30.0,269,160,152,150,1993,1831,162,0.9187155042649272,0.08128449573507275,181,128,53,0.7071823204419889,0.292817679558011
Baseline STV + IF,0.6634046052631579,0.6108148218790521,0.6644736842105263,0.6644736842105263,0.6644736842105263,0.6644736842105263,0.9078947368421053,dataset_1,dataset_3,1,30.0,269,160,152,150,1993,1831,162,0.9187155042649272,0.08128449573507275,181,128,53,0.7071823204419889,0.292817679558011
Global Weighted Residual STV k=1 clip=5.0,0.6107709954257128,0.6437078059905322,0.587360594795539,0.587360594795539,0.587360594795539,0.587360594795539,0.550185873605948,dataset_2,dataset_1,1,30.0,86,269,269,190,3788,3704,84,0.9778247096092925,0.022175290390707498,150,141,9,0.94,0.06
Global Weighted Residual STV k=3 clip=5.0,0.6003855668108511,0.6423413308423949,0.5836431226765799,0.5836431226765799,0.5836431226765799,0.5836431226765799,0.5985130111524164,dataset_2,dataset_1,1,30.0,86,269,269,190,3788,3704,84,0.9778247096092925,0.022175290390707498,150,141,9,0.94,0.06
Global Weighted Residual STV k=1 clip=10.0,0.5979118585978634,0.5905424578507666,0.587360594795539,0.587360594795539,0.587360594795539,0.587360594795539,0.5315985130111525,dataset_2,dataset_1,1,30.0,86,269,269,190,3788,3704,84,0.9778247096092925,0.022175290390707498,150,141,9,0.94,0.06
Enhanced STV + IF,0.597794392006744,0.5754323463659836,0.5687732342007435,0.5687732342007435,0.5687732342007435,0.5687732342007435,0.6617100371747212,dataset_2,dataset_1,1,30.0,86,269,269,190,3788,3704,84,0.9778247096092925,0.022175290390707498,150,141,9,0.94,0.06
Global Residual STV k=3 clip=5.0,0.5950995702104724,0.5777263076651615,0.5910780669144982,0.5910780669144982,0.5910780669144982,0.5910780669144982,0.5799256505576208,dataset_2,dataset_1,1,30.0,86,269,269,190,3788,3704,84,0.9778247096092925,0.022175290390707498,150,141,9,0.94,0.06
Global Residual STV k=1 clip=5.0,0.5949682840203977,0.562796025076489,0.5650557620817844,0.5650557620817844,0.5650557620817844,0.5650557620817844,0.5204460966542751,dataset_2,dataset_1,1,30.0,86,269,269,190,3788,3704,84,0.9778247096092925,0.022175290390707498,150,141,9,0.94,0.06
Global Residual STV k=1 clip=10.0,0.5947540802365915,0.562050863010569,0.5650557620817844,0.5650557620817844,0.5650557620817844,0.5650557620817844,0.5241635687732342,dataset_2,dataset_1,1,30.0,86,269,269,190,3788,3704,84,0.9778247096092925,0.022175290390707498,150,141,9,0.94,0.06
Global Weighted Residual STV k=5 clip=5.0,0.5931510067577839,0.6017884594878277,0.5724907063197026,0.5724907063197026,0.5724907063197026,0.5724907063197026,0.6133828996282528,dataset_2,dataset_1,1,30.0,86,269,269,190,3788,3704,84,0.9778247096092925,0.022175290390707498,150,141,9,0.94,0.06
Global Weighted Residual STV k=3 clip=10.0,0.592750238388082,0.5938061946719744,0.5836431226765799,0.5836431226765799,0.5836431226765799,0.5836431226765799,0.5947955390334573,dataset_2,dataset_1,1,30.0,86,269,269,190,3788,3704,84,0.9778247096092925,0.022175290390707498,150,141,9,0.94,0.06
Global Residual STV k=3 clip=10.0,0.5916930390680062,0.5681160532152725,0.5910780669144982,0.5910780669144982,0.5910780669144982,0.5910780669144982,0.5799256505576208,dataset_2,dataset_1,1,30.0,86,269,269,190,3788,3704,84,0.9778247096092925,0.022175290390707498,150,141,9,0.94,0.06
Global Weighted Residual STV k=5 clip=10.0,0.5899794087975567,0.5862345426735484,0.5724907063197026,0.5724907063197026,0.5724907063197026,0.5724907063197026,0.6096654275092936,dataset_2,dataset_1,1,30.0,86,269,269,190,3788,3704,84,0.9778247096092925,0.022175290390707498,150,141,9,0.94,0.06
Baseline STV + IF,0.5872500380038971,0.559631418570729,0.550185873605948,0.550185873605948,0.550185873605948,0.550185873605948,0.9033457249070632,dataset_2,dataset_1,1,30.0,86,269,269,190,3788,3704,84,0.9778247096092925,0.022175290390707498,150,141,9,0.94,0.06
Global Residual STV k=5 clip=5.0,0.5869736460247924,0.5658650189256615,0.5910780669144982,0.5910780669144982,0.5910780669144982,0.5910780669144982,0.6022304832713755,dataset_2,dataset_1,1,30.0,86,269,269,190,3788,3704,84,0.9778247096092925,0.022175290390707498,150,141,9,0.94,0.06
Global Residual STV k=5 clip=10.0,0.585439670540761,0.562275636318879,0.5910780669144982,0.5910780669144982,0.5910780669144982,0.5910780669144982,0.6022304832713755,dataset_2,dataset_1,1,30.0,86,269,269,190,3788,3704,84,0.9778247096092925,0.022175290390707498,150,141,9,0.94,0.06
Global Weighted Residual STV k=1 clip=5.0,0.7941380718954248,0.789265482779411,0.6797385620915033,0.6797385620915033,0.6797385620915033,0.6797385620915033,0.7647058823529411,dataset_2,dataset_3,1,30.0,86,160,153,190,1993,1977,16,0.9919719016557953,0.008028098344204716,181,175,6,0.9668508287292817,0.03314917127071823
Global Residual STV k=1 clip=5.0,0.7824754901960784,0.6736185437298525,0.7189542483660131,0.7189542483660131,0.7189542483660131,0.7189542483660131,0.7516339869281046,dataset_2,dataset_3,1,30.0,86,160,153,190,1993,1977,16,0.9919719016557953,0.008028098344204716,181,175,6,0.9668508287292817,0.03314917127071823
Global Residual STV k=1 clip=10.0,0.7812704248366013,0.6667235152450819,0.7189542483660131,0.7189542483660131,0.7189542483660131,0.7189542483660131,0.7581699346405228,dataset_2,dataset_3,1,30.0,86,160,153,190,1993,1977,16,0.9919719016557953,0.008028098344204716,181,175,6,0.9668508287292817,0.03314917127071823
Global Weighted Residual STV k=1 clip=10.0,0.7756740196078432,0.7036783818075303,0.6797385620915033,0.6797385620915033,0.6797385620915033,0.6797385620915033,0.7516339869281046,dataset_2,dataset_3,1,30.0,86,160,153,190,1993,1977,16,0.9919719016557953,0.008028098344204716,181,175,6,0.9668508287292817,0.03314917127071823
Global Residual STV k=3 clip=5.0,0.7608047385620915,0.6754657609658561,0.7058823529411765,0.7058823529411765,0.7058823529411765,0.7058823529411765,0.7843137254901961,dataset_2,dataset_3,1,30.0,86,160,153,190,1993,1977,16,0.9919719016557953,0.008028098344204716,181,175,6,0.9668508287292817,0.03314917127071823
Global Residual STV k=3 clip=10.0,0.7563929738562092,0.6614688098985801,0.7058823529411765,0.7058823529411765,0.7058823529411765,0.7058823529411765,0.7843137254901961,dataset_2,dataset_3,1,30.0,86,160,153,190,1993,1977,16,0.9919719016557953,0.008028098344204716,181,175,6,0.9668508287292817,0.03314917127071823
Global Residual STV k=5 clip=5.0,0.7548611111111111,0.6689807629980126,0.6928104575163399,0.6928104575163399,0.6928104575163399,0.6928104575163399,0.803921568627451,dataset_2,dataset_3,1,30.0,86,160,153,190,1993,1977,16,0.9919719016557953,0.008028098344204716,181,175,6,0.9668508287292817,0.03314917127071823
Global Residual STV k=5 clip=10.0,0.7509803921568627,0.6556023078459566,0.6928104575163399,0.6928104575163399,0.6928104575163399,0.6928104575163399,0.803921568627451,dataset_2,dataset_3,1,30.0,86,160,153,190,1993,1977,16,0.9919719016557953,0.008028098344204716,181,175,6,0.9668508287292817,0.03314917127071823
Global Weighted Residual STV k=3 clip=5.0,0.7493055555555557,0.7549139796185611,0.6601307189542484,0.6601307189542484,0.6601307189542484,0.6601307189542484,0.7973856209150327,dataset_2,dataset_3,1,30.0,86,160,153,190,1993,1977,16,0.9919719016557953,0.008028098344204716,181,175,6,0.9668508287292817,0.03314917127071823
Global Weighted Residual STV k=5 clip=5.0,0.7398692810457517,0.7046644931458745,0.6535947712418301,0.6535947712418301,0.6535947712418301,0.6535947712418301,0.8169934640522876,dataset_2,dataset_3,1,30.0,86,160,153,190,1993,1977,16,0.9919719016557953,0.008028098344204716,181,175,6,0.9668508287292817,0.03314917127071823
Global Weighted Residual STV k=3 clip=10.0,0.7369485294117648,0.6796713268607051,0.6601307189542484,0.6601307189542484,0.6601307189542484,0.6601307189542484,0.7843137254901961,dataset_2,dataset_3,1,30.0,86,160,153,190,1993,1977,16,0.9919719016557953,0.008028098344204716,181,175,6,0.9668508287292817,0.03314917127071823
Global Weighted Residual STV k=5 clip=10.0,0.7338031045751634,0.6785526780713189,0.6535947712418301,0.6535947712418301,0.6535947712418301,0.6535947712418301,0.8104575163398693,dataset_2,dataset_3,1,30.0,86,160,153,190,1993,1977,16,0.9919719016557953,0.008028098344204716,181,175,6,0.9668508287292817,0.03314917127071823
Enhanced STV + IF,0.6715686274509804,0.6333256450438399,0.6601307189542484,0.6601307189542484,0.6601307189542484,0.6601307189542484,0.6993464052287581,dataset_2,dataset_3,1,30.0,86,160,153,190,1993,1977,16,0.9919719016557953,0.008028098344204716,181,175,6,0.9668508287292817,0.03314917127071823
Baseline STV + IF,0.6261642156862746,0.5740194224585361,0.6470588235294118,0.6470588235294118,0.6470588235294118,0.6470588235294118,0.8431372549019608,dataset_2,dataset_3,1,30.0,86,160,153,190,1993,1977,16,0.9919719016557953,0.008028098344204716,181,175,6,0.9668508287292817,0.03314917127071823
Global Weighted Residual STV k=1 clip=5.0,0.7611828874398197,0.7516391112786499,0.6844262295081968,0.6844262295081968,0.6844262295081968,0.6844262295081968,0.6147540983606558,dataset_3,dataset_1,1,30.0,160,269,244,181,3788,3534,254,0.9329461457233369,0.06705385427666315,150,128,22,0.8533333333333334,0.14666666666666667
Global Weighted Residual STV k=1 clip=10.0,0.739822658297276,0.6932719489949541,0.6844262295081968,0.6844262295081968,0.6844262295081968,0.6844262295081968,0.610655737704918,dataset_3,dataset_1,1,30.0,160,269,244,181,3788,3534,254,0.9329461457233369,0.06705385427666315,150,128,22,0.8533333333333334,0.14666666666666667
Global Residual STV k=1 clip=5.0,0.7371869096227679,0.6418894553665786,0.6967213114754098,0.6967213114754098,0.6967213114754098,0.6967213114754098,0.5983606557377049,dataset_3,dataset_1,1,30.0,160,269,244,181,3788,3534,254,0.9329461457233369,0.06705385427666315,150,128,22,0.8533333333333334,0.14666666666666667
Global Weighted Residual STV k=3 clip=5.0,0.7367679322323114,0.7415033539663464,0.6639344262295082,0.6639344262295082,0.6639344262295082,0.6639344262295082,0.6926229508196722,dataset_3,dataset_1,1,30.0,160,269,244,181,3788,3534,254,0.9329461457233369,0.06705385427666315,150,128,22,0.8533333333333334,0.14666666666666667
Global Residual STV k=1 clip=10.0,0.7343226278261928,0.6301601962895188,0.6967213114754098,0.6967213114754098,0.6967213114754098,0.6967213114754098,0.610655737704918,dataset_3,dataset_1,1,30.0,160,269,244,181,3788,3534,254,0.9329461457233369,0.06705385427666315,150,128,22,0.8533333333333334,0.14666666666666667
Global Residual STV k=3 clip=5.0,0.7313516972393199,0.6748540783834014,0.6557377049180327,0.6557377049180327,0.6557377049180327,0.6557377049180327,0.680327868852459,dataset_3,dataset_1,1,30.0,160,269,244,181,3788,3534,254,0.9329461457233369,0.06705385427666315,150,128,22,0.8533333333333334,0.14666666666666667
Global Weighted Residual STV k=3 clip=10.0,0.7305061246876713,0.7156704963327831,0.6598360655737705,0.6598360655737705,0.6598360655737705,0.6598360655737705,0.7008196721311475,dataset_3,dataset_1,1,30.0,160,269,244,181,3788,3534,254,0.9329461457233369,0.06705385427666315,150,128,22,0.8533333333333334,0.14666666666666667
Global Weighted Residual STV k=5 clip=5.0,0.7241376683527332,0.7119527354414654,0.6598360655737705,0.6598360655737705,0.6598360655737705,0.6598360655737705,0.7049180327868853,dataset_3,dataset_1,1,30.0,160,269,244,181,3788,3534,254,0.9329461457233369,0.06705385427666315,150,128,22,0.8533333333333334,0.14666666666666667
Global Residual STV k=3 clip=10.0,0.7200088366140531,0.6504779030524912,0.6557377049180327,0.6557377049180327,0.6557377049180327,0.6557377049180327,0.6885245901639344,dataset_3,dataset_1,1,30.0,160,269,244,181,3788,3534,254,0.9329461457233369,0.06705385427666315,150,128,22,0.8533333333333334,0.14666666666666667
Global Weighted Residual STV k=5 clip=10.0,0.7185309890913522,0.6795498426234359,0.6516393442622951,0.6516393442622951,0.6516393442622951,0.6516393442622951,0.7131147540983607,dataset_3,dataset_1,1,30.0,160,269,244,181,3788,3534,254,0.9329461457233369,0.06705385427666315,150,128,22,0.8533333333333334,0.14666666666666667
Global Residual STV k=5 clip=5.0,0.7173502346273386,0.644178746509291,0.6598360655737705,0.6598360655737705,0.6598360655737705,0.6598360655737705,0.7008196721311475,dataset_3,dataset_1,1,30.0,160,269,244,181,3788,3534,254,0.9329461457233369,0.06705385427666315,150,128,22,0.8533333333333334,0.14666666666666667
Global Residual STV k=5 clip=10.0,0.7085669449692242,0.6288859286209892,0.6598360655737705,0.6598360655737705,0.6598360655737705,0.6598360655737705,0.7090163934426229,dataset_3,dataset_1,1,30.0,160,269,244,181,3788,3534,254,0.9329461457233369,0.06705385427666315,150,128,22,0.8533333333333334,0.14666666666666667
Enhanced STV + IF,0.6494225729782437,0.5601783843160674,0.5860655737704918,0.5860655737704918,0.5860655737704918,0.5860655737704918,0.6680327868852459,dataset_3,dataset_1,1,30.0,160,269,244,181,3788,3534,254,0.9329461457233369,0.06705385427666315,150,128,22,0.8533333333333334,0.14666666666666667
Baseline STV + IF,0.6360000609421659,0.5664111686767623,0.6065573770491803,0.6065573770491803,0.6065573770491803,0.6065573770491803,0.9467213114754098,dataset_3,dataset_1,1,30.0,160,269,244,181,3788,3534,254,0.9329461457233369,0.06705385427666315,150,128,22,0.8533333333333334,0.14666666666666667
Global Weighted Residual STV k=1 clip=5.0,0.8719458345599057,0.8609804148864134,0.7848101265822784,0.7848101265822784,0.7848101265822784,0.7848101265822784,0.8354430379746836,dataset_3,dataset_2,1,30.0,160,86,79,181,1306,1247,59,0.9548238897396631,0.0451761102603369,190,175,15,0.9210526315789473,0.07894736842105263
Global Weighted Residual STV k=1 clip=10.0,0.8568589932293199,0.8329582466989408,0.7974683544303798,0.7974683544303798,0.7974683544303798,0.7974683544303798,0.8227848101265823,dataset_3,dataset_2,1,30.0,160,86,79,181,1306,1247,59,0.9548238897396631,0.0451761102603369,190,175,15,0.9210526315789473,0.07894736842105263
Global Residual STV k=1 clip=5.0,0.855975861053871,0.779625090523167,0.7974683544303798,0.7974683544303798,0.7974683544303798,0.7974683544303798,0.8227848101265823,dataset_3,dataset_2,1,30.0,160,86,79,181,1306,1247,59,0.9548238897396631,0.0451761102603369,190,175,15,0.9210526315789473,0.07894736842105263
Global Residual STV k=1 clip=10.0,0.8496467471298205,0.7441207873372238,0.7974683544303798,0.7974683544303798,0.7974683544303798,0.7974683544303798,0.8227848101265823,dataset_3,dataset_2,1,30.0,160,86,79,181,1306,1247,59,0.9548238897396631,0.0451761102603369,190,175,15,0.9210526315789473,0.07894736842105263
Global Weighted Residual STV k=3 clip=5.0,0.8296290844863115,0.8269081758007985,0.7468354430379747,0.7468354430379747,0.7468354430379747,0.7468354430379747,0.8607594936708861,dataset_3,dataset_2,1,30.0,160,86,79,181,1306,1247,59,0.9548238897396631,0.0451761102603369,190,175,15,0.9210526315789473,0.07894736842105263
Global Residual STV k=3 clip=5.0,0.8209449514277303,0.736115005230868,0.7341772151898734,0.7341772151898734,0.7341772151898734,0.7341772151898734,0.8607594936708861,dataset_3,dataset_2,1,30.0,160,86,79,181,1306,1247,59,0.9548238897396631,0.0451761102603369,190,175,15,0.9210526315789473,0.07894736842105263
Global Residual STV k=3 clip=10.0,0.8195466588166028,0.7327201816684998,0.7341772151898734,0.7341772151898734,0.7341772151898734,0.7341772151898734,0.8734177215189873,dataset_3,dataset_2,1,30.0,160,86,79,181,1306,1247,59,0.9548238897396631,0.0451761102603369,190,175,15,0.9210526315789473,0.07894736842105263
Global Weighted Residual STV k=3 clip=10.0,0.8180747718575213,0.7730711388703632,0.7468354430379747,0.7468354430379747,0.7468354430379747,0.7468354430379747,0.8734177215189873,dataset_3,dataset_2,1,30.0,160,86,79,181,1306,1247,59,0.9548238897396631,0.0451761102603369,190,175,15,0.9210526315789473,0.07894736842105263
Global Weighted Residual STV k=5 clip=5.0,0.8179275831616132,0.8079245002682623,0.7088607594936709,0.7088607594936709,0.7088607594936709,0.7088607594936709,0.8987341772151899,dataset_3,dataset_2,1,30.0,160,86,79,181,1306,1247,59,0.9548238897396631,0.0451761102603369,190,175,15,0.9210526315789473,0.07894736842105263
Global Residual STV k=5 clip=5.0,0.8118928466293789,0.7282637464749189,0.7341772151898734,0.7341772151898734,0.7341772151898734,0.7341772151898734,0.8987341772151899,dataset_3,dataset_2,1,30.0,160,86,79,181,1306,1247,59,0.9548238897396631,0.0451761102603369,190,175,15,0.9210526315789473,0.07894736842105263
Global Residual STV k=5 clip=10.0,0.8117456579334706,0.7343703036677043,0.7341772151898734,0.7341772151898734,0.7341772151898734,0.7341772151898734,0.9113924050632911,dataset_3,dataset_2,1,30.0,160,86,79,181,1306,1247,59,0.9548238897396631,0.0451761102603369,190,175,15,0.9210526315789473,0.07894736842105263
Global Weighted Residual STV k=5 clip=10.0,0.8088018840153076,0.7446491172422998,0.7215189873417721,0.7215189873417721,0.7215189873417721,0.7215189873417721,0.9113924050632911,dataset_3,dataset_2,1,30.0,160,86,79,181,1306,1247,59,0.9548238897396631,0.0451761102603369,190,175,15,0.9210526315789473,0.07894736842105263
Enhanced STV + IF,0.7267441860465116,0.6135677379661925,0.6329113924050633,0.6329113924050633,0.6329113924050633,0.6329113924050633,0.7721518987341772,dataset_3,dataset_2,1,30.0,160,86,79,181,1306,1247,59,0.9548238897396631,0.0451761102603369,190,175,15,0.9210526315789473,0.07894736842105263
Baseline STV + IF,0.6382837798057109,0.5688894214829527,0.620253164556962,0.620253164556962,0.620253164556962,0.620253164556962,0.810126582278481,dataset_3,dataset_2,1,30.0,160,86,79,181,1306,1247,59,0.9548238897396631,0.0451761102603369,190,175,15,0.9210526315789473,0.07894736842105263
Global Weighted Residual STV k=1 clip=5.0,0.8906292749658002,0.8881993939460748,0.8,0.8,0.8,0.8,0.9647058823529412,dataset_1,dataset_2,2,30.0,269,86,85,150,1306,1157,149,0.8859111791730475,0.11408882082695253,190,141,49,0.7421052631578947,0.2578947368421053
Global Weighted Residual STV k=1 clip=10.0,0.8876196990424077,0.8855924775457444,0.8,0.8,0.8,0.8,0.9647058823529412,dataset_1,dataset_2,2,30.0,269,86,85,150,1306,1157,149,0.8859111791730475,0.11408882082695253,190,141,49,0.7421052631578947,0.2578947368421053
Global Residual STV k=1 clip=5.0,0.8841997264021888,0.8485063224955753,0.8352941176470589,0.8352941176470589,0.8352941176470589,0.8352941176470589,0.9294117647058824,dataset_1,dataset_2,2,30.0,269,86,85,150,1306,1157,149,0.8859111791730475,0.11408882082695253,190,141,49,0.7421052631578947,0.2578947368421053
Global Residual STV k=1 clip=10.0,0.8772913816689466,0.8108526407568368,0.8352941176470589,0.8352941176470589,0.8352941176470589,0.8352941176470589,0.9529411764705882,dataset_1,dataset_2,2,30.0,269,86,85,150,1306,1157,149,0.8859111791730475,0.11408882082695253,190,141,49,0.7421052631578947,0.2578947368421053
Global Weighted Residual STV k=3 clip=10.0,0.8362517099863201,0.8567218462041708,0.7294117647058823,0.7294117647058823,0.7294117647058823,0.7294117647058823,0.9882352941176471,dataset_1,dataset_2,2,30.0,269,86,85,150,1306,1157,149,0.8859111791730475,0.11408882082695253,190,141,49,0.7421052631578947,0.2578947368421053
Global Residual STV k=3 clip=5.0,0.8333789329685363,0.8497914849874717,0.7176470588235294,0.7176470588235294,0.7176470588235294,0.7176470588235294,0.9882352941176471,dataset_1,dataset_2,2,30.0,269,86,85,150,1306,1157,149,0.8859111791730475,0.11408882082695253,190,141,49,0.7421052631578947,0.2578947368421053
Global Weighted Residual STV k=3 clip=5.0,0.8306429548563612,0.8474563315573178,0.7411764705882353,0.7411764705882353,0.7411764705882353,0.7411764705882353,0.9882352941176471,dataset_1,dataset_2,2,30.0,269,86,85,150,1306,1157,149,0.8859111791730475,0.11408882082695253,190,141,49,0.7421052631578947,0.2578947368421053
Global Residual STV k=3 clip=10.0,0.8288645690834474,0.836548048268541,0.7294117647058823,0.7294117647058823,0.7294117647058823,0.7294117647058823,0.9882352941176471,dataset_1,dataset_2,2,30.0,269,86,85,150,1306,1157,149,0.8859111791730475,0.11408882082695253,190,141,49,0.7421052631578947,0.2578947368421053
Global Weighted Residual STV k=5 clip=10.0,0.8191518467852257,0.828154710295088,0.7294117647058823,0.7294117647058823,0.7294117647058823,0.7294117647058823,0.9882352941176471,dataset_1,dataset_2,2,30.0,269,86,85,150,1306,1157,149,0.8859111791730475,0.11408882082695253,190,141,49,0.7421052631578947,0.2578947368421053
Global Weighted Residual STV k=5 clip=5.0,0.8153214774281805,0.8235471422702094,0.7176470588235294,0.7176470588235294,0.7176470588235294,0.7176470588235294,0.9882352941176471,dataset_1,dataset_2,2,30.0,269,86,85,150,1306,1157,149,0.8859111791730475,0.11408882082695253,190,141,49,0.7421052631578947,0.2578947368421053
Global Residual STV k=5 clip=10.0,0.8086183310533516,0.7877651118371127,0.7411764705882353,0.7411764705882353,0.7411764705882353,0.7411764705882353,0.9882352941176471,dataset_1,dataset_2,2,30.0,269,86,85,150,1306,1157,149,0.8859111791730475,0.11408882082695253,190,141,49,0.7421052631578947,0.2578947368421053
Global Residual STV k=5 clip=5.0,0.80109439124487,0.7628802882183967,0.7058823529411765,0.7058823529411765,0.7058823529411765,0.7058823529411765,0.9882352941176471,dataset_1,dataset_2,2,30.0,269,86,85,150,1306,1157,149,0.8859111791730475,0.11408882082695253,190,141,49,0.7421052631578947,0.2578947368421053
Enhanced STV + IF,0.7290697674418605,0.6440023945190725,0.7176470588235294,0.7176470588235294,0.7176470588235294,0.7176470588235294,0.8117647058823529,dataset_1,dataset_2,2,30.0,269,86,85,150,1306,1157,149,0.8859111791730475,0.11408882082695253,190,141,49,0.7421052631578947,0.2578947368421053
Baseline STV + IF,0.6285225718194255,0.5945524858923569,0.6823529411764706,0.6823529411764706,0.6823529411764706,0.6823529411764706,0.8588235294117647,dataset_1,dataset_2,2,30.0,269,86,85,150,1306,1157,149,0.8859111791730475,0.11408882082695253,190,141,49,0.7421052631578947,0.2578947368421053
Global Residual STV k=1 clip=5.0,0.9110608552631578,0.8879098344879226,0.8289473684210527,0.8289473684210527,0.8289473684210527,0.8289473684210527,0.9210526315789473,dataset_1,dataset_3,2,30.0,269,160,152,150,1993,1831,162,0.9187155042649272,0.08128449573507275,181,128,53,0.7071823204419889,0.292817679558011
Global Residual STV k=1 clip=10.0,0.9086348684210527,0.8702766691290945,0.8289473684210527,0.8289473684210527,0.8289473684210527,0.8289473684210527,0.9342105263157895,dataset_1,dataset_3,2,30.0,269,160,152,150,1993,1831,162,0.9187155042649272,0.08128449573507275,181,128,53,0.7071823204419889,0.292817679558011
Global Weighted Residual STV k=1 clip=5.0,0.8913651315789474,0.8922257919342926,0.7960526315789473,0.7960526315789473,0.7960526315789473,0.7960526315789473,0.9210526315789473,dataset_1,dataset_3,2,30.0,269,160,152,150,1993,1831,162,0.9187155042649272,0.08128449573507275,181,128,53,0.7071823204419889,0.292817679558011
Global Weighted Residual STV k=1 clip=10.0,0.8895148026315789,0.8787990906552281,0.8026315789473685,0.8026315789473685,0.8026315789473685,0.8026315789473685,0.9342105263157895,dataset_1,dataset_3,2,30.0,269,160,152,150,1993,1831,162,0.9187155042649272,0.08128449573507275,181,128,53,0.7071823204419889,0.292817679558011
Global Residual STV k=3 clip=10.0,0.8737458881578947,0.8294898119742459,0.8157894736842105,0.8157894736842105,0.8157894736842105,0.8157894736842105,0.9342105263157895,dataset_1,dataset_3,2,30.0,269,160,152,150,1993,1831,162,0.9187155042649272,0.08128449573507275,181,128,53,0.7071823204419889,0.292817679558011
Global Residual STV k=3 clip=5.0,0.8708675986842105,0.8264700336275114,0.8157894736842105,0.8157894736842105,0.8157894736842105,0.8157894736842105,0.9210526315789473,dataset_1,dataset_3,2,30.0,269,160,152,150,1993,1831,162,0.9187155042649272,0.08128449573507275,181,128,53,0.7071823204419889,0.292817679558011
Global Residual STV k=5 clip=10.0,0.8590871710526315,0.7930887844363567,0.7960526315789473,0.7960526315789473,0.7960526315789473,0.7960526315789473,0.9407894736842105,dataset_1,dataset_3,2,30.0,269,160,152,150,1993,1831,162,0.9187155042649272,0.08128449573507275,181,128,53,0.7071823204419889,0.292817679558011
Global Residual STV k=5 clip=5.0,0.8548108552631579,0.7759927649957327,0.7960526315789473,0.7960526315789473,0.7960526315789473,0.7960526315789473,0.9276315789473685,dataset_1,dataset_3,2,30.0,269,160,152,150,1993,1831,162,0.9187155042649272,0.08128449573507275,181,128,53,0.7071823204419889,0.292817679558011
Global Weighted Residual STV k=3 clip=10.0,0.8508018092105263,0.8398361948558628,0.7828947368421053,0.7828947368421053,0.7828947368421053,0.7828947368421053,0.9342105263157895,dataset_1,dataset_3,2,30.0,269,160,152,150,1993,1831,162,0.9187155042649272,0.08128449573507275,181,128,53,0.7071823204419889,0.292817679558011
Global Weighted Residual STV k=3 clip=5.0,0.8468955592105263,0.8491953865255446,0.7697368421052632,0.7697368421052632,0.7697368421052632,0.7697368421052632,0.9210526315789473,dataset_1,dataset_3,2,30.0,269,160,152,150,1993,1831,162,0.9187155042649272,0.08128449573507275,181,128,53,0.7071823204419889,0.292817679558011
Global Weighted Residual STV k=5 clip=10.0,0.8378700657894737,0.8028556245774582,0.7631578947368421,0.7631578947368421,0.7631578947368421,0.7631578947368421,0.9407894736842105,dataset_1,dataset_3,2,30.0,269,160,152,150,1993,1831,162,0.9187155042649272,0.08128449573507275,181,128,53,0.7071823204419889,0.292817679558011
Global Weighted Residual STV k=5 clip=5.0,0.831702302631579,0.7955877257379999,0.756578947368421,0.756578947368421,0.756578947368421,0.756578947368421,0.9407894736842105,dataset_1,dataset_3,2,30.0,269,160,152,150,1993,1831,162,0.9187155042649272,0.08128449573507275,181,128,53,0.7071823204419889,0.292817679558011
Enhanced STV + IF,0.8114309210526315,0.7235183238508127,0.7302631578947368,0.7302631578947368,0.7302631578947368,0.7302631578947368,0.8881578947368421,dataset_1,dataset_3,2,30.0,269,160,152,150,1993,1831,162,0.9187155042649272,0.08128449573507275,181,128,53,0.7071823204419889,0.292817679558011
Baseline STV + IF,0.6674547697368421,0.6185378050865682,0.6710526315789473,0.6710526315789473,0.6710526315789473,0.6710526315789473,0.9210526315789473,dataset_1,dataset_3,2,30.0,269,160,152,150,1993,1831,162,0.9187155042649272,0.08128449573507275,181,128,53,0.7071823204419889,0.292817679558011
Global Weighted Residual STV k=1 clip=5.0,0.6107709954257128,0.6437078059905322,0.587360594795539,0.587360594795539,0.587360594795539,0.587360594795539,0.550185873605948,dataset_2,dataset_1,2,30.0,86,269,269,190,3788,3704,84,0.9778247096092925,0.022175290390707498,150,141,9,0.94,0.06
Enhanced STV + IF,0.6014289465319718,0.5645439200131385,0.620817843866171,0.620817843866171,0.620817843866171,0.620817843866171,0.5687732342007435,dataset_2,dataset_1,2,30.0,86,269,269,190,3788,3704,84,0.9778247096092925,0.022175290390707498,150,141,9,0.94,0.06
Global Weighted Residual STV k=3 clip=5.0,0.6003855668108511,0.6423413308423949,0.5836431226765799,0.5836431226765799,0.5836431226765799,0.5836431226765799,0.5985130111524164,dataset_2,dataset_1,2,30.0,86,269,269,190,3788,3704,84,0.9778247096092925,0.022175290390707498,150,141,9,0.94,0.06
Global Weighted Residual STV k=1 clip=10.0,0.5979118585978634,0.5905424578507666,0.587360594795539,0.587360594795539,0.587360594795539,0.587360594795539,0.5315985130111525,dataset_2,dataset_1,2,30.0,86,269,269,190,3788,3704,84,0.9778247096092925,0.022175290390707498,150,141,9,0.94,0.06
Global Residual STV k=3 clip=5.0,0.5950995702104724,0.5777263076651615,0.5910780669144982,0.5910780669144982,0.5910780669144982,0.5910780669144982,0.5799256505576208,dataset_2,dataset_1,2,30.0,86,269,269,190,3788,3704,84,0.9778247096092925,0.022175290390707498,150,141,9,0.94,0.06
Global Residual STV k=1 clip=5.0,0.5949682840203977,0.562796025076489,0.5650557620817844,0.5650557620817844,0.5650557620817844,0.5650557620817844,0.5204460966542751,dataset_2,dataset_1,2,30.0,86,269,269,190,3788,3704,84,0.9778247096092925,0.022175290390707498,150,141,9,0.94,0.06
Global Residual STV k=1 clip=10.0,0.5947540802365915,0.562050863010569,0.5650557620817844,0.5650557620817844,0.5650557620817844,0.5650557620817844,0.5241635687732342,dataset_2,dataset_1,2,30.0,86,269,269,190,3788,3704,84,0.9778247096092925,0.022175290390707498,150,141,9,0.94,0.06
Global Weighted Residual STV k=5 clip=5.0,0.5931510067577839,0.6017884594878277,0.5724907063197026,0.5724907063197026,0.5724907063197026,0.5724907063197026,0.6133828996282528,dataset_2,dataset_1,2,30.0,86,269,269,190,3788,3704,84,0.9778247096092925,0.022175290390707498,150,141,9,0.94,0.06
Global Weighted Residual STV k=3 clip=10.0,0.592750238388082,0.5938061946719744,0.5836431226765799,0.5836431226765799,0.5836431226765799,0.5836431226765799,0.5947955390334573,dataset_2,dataset_1,2,30.0,86,269,269,190,3788,3704,84,0.9778247096092925,0.022175290390707498,150,141,9,0.94,0.06
Global Residual STV k=3 clip=10.0,0.5916930390680062,0.5681160532152725,0.5910780669144982,0.5910780669144982,0.5910780669144982,0.5910780669144982,0.5799256505576208,dataset_2,dataset_1,2,30.0,86,269,269,190,3788,3704,84,0.9778247096092925,0.022175290390707498,150,141,9,0.94,0.06
Global Weighted Residual STV k=5 clip=10.0,0.5899794087975567,0.5862345426735484,0.5724907063197026,0.5724907063197026,0.5724907063197026,0.5724907063197026,0.6096654275092936,dataset_2,dataset_1,2,30.0,86,269,269,190,3788,3704,84,0.9778247096092925,0.022175290390707498,150,141,9,0.94,0.06
Global Residual STV k=5 clip=5.0,0.5869736460247924,0.5658650189256615,0.5910780669144982,0.5910780669144982,0.5910780669144982,0.5910780669144982,0.6022304832713755,dataset_2,dataset_1,2,30.0,86,269,269,190,3788,3704,84,0.9778247096092925,0.022175290390707498,150,141,9,0.94,0.06
Global Residual STV k=5 clip=10.0,0.585439670540761,0.562275636318879,0.5910780669144982,0.5910780669144982,0.5910780669144982,0.5910780669144982,0.6022304832713755,dataset_2,dataset_1,2,30.0,86,269,269,190,3788,3704,84,0.9778247096092925,0.022175290390707498,150,141,9,0.94,0.06
Baseline STV + IF,0.5831939857105347,0.5576353757187202,0.5762081784386617,0.5762081784386617,0.5762081784386617,0.5762081784386617,0.9628252788104089,dataset_2,dataset_1,2,30.0,86,269,269,190,3788,3704,84,0.9778247096092925,0.022175290390707498,150,141,9,0.94,0.06
Global Weighted Residual STV k=1 clip=5.0,0.7941380718954248,0.789265482779411,0.6797385620915033,0.6797385620915033,0.6797385620915033,0.6797385620915033,0.7647058823529411,dataset_2,dataset_3,2,30.0,86,160,153,190,1993,1977,16,0.9919719016557953,0.008028098344204716,181,175,6,0.9668508287292817,0.03314917127071823
Global Residual STV k=1 clip=5.0,0.7824754901960784,0.6736185437298525,0.7189542483660131,0.7189542483660131,0.7189542483660131,0.7189542483660131,0.7516339869281046,dataset_2,dataset_3,2,30.0,86,160,153,190,1993,1977,16,0.9919719016557953,0.008028098344204716,181,175,6,0.9668508287292817,0.03314917127071823
Global Residual STV k=1 clip=10.0,0.7812704248366013,0.6667235152450819,0.7189542483660131,0.7189542483660131,0.7189542483660131,0.7189542483660131,0.7581699346405228,dataset_2,dataset_3,2,30.0,86,160,153,190,1993,1977,16,0.9919719016557953,0.008028098344204716,181,175,6,0.9668508287292817,0.03314917127071823
Global Weighted Residual STV k=1 clip=10.0,0.7756740196078432,0.7036783818075303,0.6797385620915033,0.6797385620915033,0.6797385620915033,0.6797385620915033,0.7516339869281046,dataset_2,dataset_3,2,30.0,86,160,153,190,1993,1977,16,0.9919719016557953,0.008028098344204716,181,175,6,0.9668508287292817,0.03314917127071823
Global Residual STV k=3 clip=5.0,0.7608047385620915,0.6754657609658561,0.7058823529411765,0.7058823529411765,0.7058823529411765,0.7058823529411765,0.7843137254901961,dataset_2,dataset_3,2,30.0,86,160,153,190,1993,1977,16,0.9919719016557953,0.008028098344204716,181,175,6,0.9668508287292817,0.03314917127071823
Global Residual STV k=3 clip=10.0,0.7563929738562092,0.6614688098985801,0.7058823529411765,0.7058823529411765,0.7058823529411765,0.7058823529411765,0.7843137254901961,dataset_2,dataset_3,2,30.0,86,160,153,190,1993,1977,16,0.9919719016557953,0.008028098344204716,181,175,6,0.9668508287292817,0.03314917127071823
Global Residual STV k=5 clip=5.0,0.7548611111111111,0.6689807629980126,0.6928104575163399,0.6928104575163399,0.6928104575163399,0.6928104575163399,0.803921568627451,dataset_2,dataset_3,2,30.0,86,160,153,190,1993,1977,16,0.9919719016557953,0.008028098344204716,181,175,6,0.9668508287292817,0.03314917127071823
Global Residual STV k=5 clip=10.0,0.7509803921568627,0.6556023078459566,0.6928104575163399,0.6928104575163399,0.6928104575163399,0.6928104575163399,0.803921568627451,dataset_2,dataset_3,2,30.0,86,160,153,190,1993,1977,16,0.9919719016557953,0.008028098344204716,181,175,6,0.9668508287292817,0.03314917127071823
Global Weighted Residual STV k=3 clip=5.0,0.7493055555555557,0.7549139796185611,0.6601307189542484,0.6601307189542484,0.6601307189542484,0.6601307189542484,0.7973856209150327,dataset_2,dataset_3,2,30.0,86,160,153,190,1993,1977,16,0.9919719016557953,0.008028098344204716,181,175,6,0.9668508287292817,0.03314917127071823
Global Weighted Residual STV k=5 clip=5.0,0.7398692810457517,0.7046644931458745,0.6535947712418301,0.6535947712418301,0.6535947712418301,0.6535947712418301,0.8169934640522876,dataset_2,dataset_3,2,30.0,86,160,153,190,1993,1977,16,0.9919719016557953,0.008028098344204716,181,175,6,0.9668508287292817,0.03314917127071823
Global Weighted Residual STV k=3 clip=10.0,0.7369485294117648,0.6796713268607051,0.6601307189542484,0.6601307189542484,0.6601307189542484,0.6601307189542484,0.7843137254901961,dataset_2,dataset_3,2,30.0,86,160,153,190,1993,1977,16,0.9919719016557953,0.008028098344204716,181,175,6,0.9668508287292817,0.03314917127071823
Global Weighted Residual STV k=5 clip=10.0,0.7338031045751634,0.6785526780713189,0.6535947712418301,0.6535947712418301,0.6535947712418301,0.6535947712418301,0.8104575163398693,dataset_2,dataset_3,2,30.0,86,160,153,190,1993,1977,16,0.9919719016557953,0.008028098344204716,181,175,6,0.9668508287292817,0.03314917127071823
Enhanced STV + IF,0.6774305555555556,0.6312229660019251,0.6666666666666666,0.6666666666666666,0.6666666666666666,0.6666666666666666,0.6928104575163399,dataset_2,dataset_3,2,30.0,86,160,153,190,1993,1977,16,0.9919719016557953,0.008028098344204716,181,175,6,0.9668508287292817,0.03314917127071823
Baseline STV + IF,0.6029616013071896,0.5587290809650287,0.5686274509803921,0.5686274509803921,0.5686274509803921,0.5686274509803921,0.8627450980392157,dataset_2,dataset_3,2,30.0,86,160,153,190,1993,1977,16,0.9919719016557953,0.008028098344204716,181,175,6,0.9668508287292817,0.03314917127071823
Global Weighted Residual STV k=1 clip=5.0,0.7611828874398197,0.7516391112786499,0.6844262295081968,0.6844262295081968,0.6844262295081968,0.6844262295081968,0.6147540983606558,dataset_3,dataset_1,2,30.0,160,269,244,181,3788,3534,254,0.9329461457233369,0.06705385427666315,150,128,22,0.8533333333333334,0.14666666666666667
Global Weighted Residual STV k=1 clip=10.0,0.739822658297276,0.6932719489949541,0.6844262295081968,0.6844262295081968,0.6844262295081968,0.6844262295081968,0.610655737704918,dataset_3,dataset_1,2,30.0,160,269,244,181,3788,3534,254,0.9329461457233369,0.06705385427666315,150,128,22,0.8533333333333334,0.14666666666666667
Global Residual STV k=1 clip=5.0,0.7371869096227679,0.6418894553665786,0.6967213114754098,0.6967213114754098,0.6967213114754098,0.6967213114754098,0.5983606557377049,dataset_3,dataset_1,2,30.0,160,269,244,181,3788,3534,254,0.9329461457233369,0.06705385427666315,150,128,22,0.8533333333333334,0.14666666666666667
Global Weighted Residual STV k=3 clip=5.0,0.7367679322323114,0.7415033539663464,0.6639344262295082,0.6639344262295082,0.6639344262295082,0.6639344262295082,0.6926229508196722,dataset_3,dataset_1,2,30.0,160,269,244,181,3788,3534,254,0.9329461457233369,0.06705385427666315,150,128,22,0.8533333333333334,0.14666666666666667
Global Residual STV k=1 clip=10.0,0.7343226278261928,0.6301601962895188,0.6967213114754098,0.6967213114754098,0.6967213114754098,0.6967213114754098,0.610655737704918,dataset_3,dataset_1,2,30.0,160,269,244,181,3788,3534,254,0.9329461457233369,0.06705385427666315,150,128,22,0.8533333333333334,0.14666666666666667
Global Residual STV k=3 clip=5.0,0.7313516972393199,0.6748540783834014,0.6557377049180327,0.6557377049180327,0.6557377049180327,0.6557377049180327,0.680327868852459,dataset_3,dataset_1,2,30.0,160,269,244,181,3788,3534,254,0.9329461457233369,0.06705385427666315,150,128,22,0.8533333333333334,0.14666666666666667
Global Weighted Residual STV k=3 clip=10.0,0.7305061246876713,0.7156704963327831,0.6598360655737705,0.6598360655737705,0.6598360655737705,0.6598360655737705,0.7008196721311475,dataset_3,dataset_1,2,30.0,160,269,244,181,3788,3534,254,0.9329461457233369,0.06705385427666315,150,128,22,0.8533333333333334,0.14666666666666667
Global Weighted Residual STV k=5 clip=5.0,0.7241376683527332,0.7119527354414654,0.6598360655737705,0.6598360655737705,0.6598360655737705,0.6598360655737705,0.7049180327868853,dataset_3,dataset_1,2,30.0,160,269,244,181,3788,3534,254,0.9329461457233369,0.06705385427666315,150,128,22,0.8533333333333334,0.14666666666666667
Global Residual STV k=3 clip=10.0,0.7200088366140531,0.6504779030524912,0.6557377049180327,0.6557377049180327,0.6557377049180327,0.6557377049180327,0.6885245901639344,dataset_3,dataset_1,2,30.0,160,269,244,181,3788,3534,254,0.9329461457233369,0.06705385427666315,150,128,22,0.8533333333333334,0.14666666666666667
Global Weighted Residual STV k=5 clip=10.0,0.7185309890913522,0.6795498426234359,0.6516393442622951,0.6516393442622951,0.6516393442622951,0.6516393442622951,0.7131147540983607,dataset_3,dataset_1,2,30.0,160,269,244,181,3788,3534,254,0.9329461457233369,0.06705385427666315,150,128,22,0.8533333333333334,0.14666666666666667
Global Residual STV k=5 clip=5.0,0.7173502346273386,0.644178746509291,0.6598360655737705,0.6598360655737705,0.6598360655737705,0.6598360655737705,0.7008196721311475,dataset_3,dataset_1,2,30.0,160,269,244,181,3788,3534,254,0.9329461457233369,0.06705385427666315,150,128,22,0.8533333333333334,0.14666666666666667
Global Residual STV k=5 clip=10.0,0.7085669449692242,0.6288859286209892,0.6598360655737705,0.6598360655737705,0.6598360655737705,0.6598360655737705,0.7090163934426229,dataset_3,dataset_1,2,30.0,160,269,244,181,3788,3534,254,0.9329461457233369,0.06705385427666315,150,128,22,0.8533333333333334,0.14666666666666667
Enhanced STV + IF,0.6473200682552258,0.5720684352881338,0.6188524590163934,0.6188524590163934,0.6188524590163934,0.6188524590163934,0.7131147540983607,dataset_3,dataset_1,2,30.0,160,269,244,181,3788,3534,254,0.9329461457233369,0.06705385427666315,150,128,22,0.8533333333333334,0.14666666666666667
Baseline STV + IF,0.6401517459930526,0.5711100065733775,0.5901639344262295,0.5901639344262295,0.5901639344262295,0.5901639344262295,0.9426229508196722,dataset_3,dataset_1,2,30.0,160,269,244,181,3788,3534,254,0.9329461457233369,0.06705385427666315,150,128,22,0.8533333333333334,0.14666666666666667
Global Weighted Residual STV k=1 clip=5.0,0.8719458345599057,0.8609804148864134,0.7848101265822784,0.7848101265822784,0.7848101265822784,0.7848101265822784,0.8354430379746836,dataset_3,dataset_2,2,30.0,160,86,79,181,1306,1247,59,0.9548238897396631,0.0451761102603369,190,175,15,0.9210526315789473,0.07894736842105263
Global Weighted Residual STV k=1 clip=10.0,0.8568589932293199,0.8329582466989408,0.7974683544303798,0.7974683544303798,0.7974683544303798,0.7974683544303798,0.8227848101265823,dataset_3,dataset_2,2,30.0,160,86,79,181,1306,1247,59,0.9548238897396631,0.0451761102603369,190,175,15,0.9210526315789473,0.07894736842105263
Global Residual STV k=1 clip=5.0,0.855975861053871,0.779625090523167,0.7974683544303798,0.7974683544303798,0.7974683544303798,0.7974683544303798,0.8227848101265823,dataset_3,dataset_2,2,30.0,160,86,79,181,1306,1247,59,0.9548238897396631,0.0451761102603369,190,175,15,0.9210526315789473,0.07894736842105263
Global Residual STV k=1 clip=10.0,0.8496467471298205,0.7441207873372238,0.7974683544303798,0.7974683544303798,0.7974683544303798,0.7974683544303798,0.8227848101265823,dataset_3,dataset_2,2,30.0,160,86,79,181,1306,1247,59,0.9548238897396631,0.0451761102603369,190,175,15,0.9210526315789473,0.07894736842105263
Global Weighted Residual STV k=3 clip=5.0,0.8296290844863115,0.8269081758007985,0.7468354430379747,0.7468354430379747,0.7468354430379747,0.7468354430379747,0.8607594936708861,dataset_3,dataset_2,2,30.0,160,86,79,181,1306,1247,59,0.9548238897396631,0.0451761102603369,190,175,15,0.9210526315789473,0.07894736842105263
Global Residual STV k=3 clip=5.0,0.8209449514277303,0.736115005230868,0.7341772151898734,0.7341772151898734,0.7341772151898734,0.7341772151898734,0.8607594936708861,dataset_3,dataset_2,2,30.0,160,86,79,181,1306,1247,59,0.9548238897396631,0.0451761102603369,190,175,15,0.9210526315789473,0.07894736842105263
Global Residual STV k=3 clip=10.0,0.8195466588166028,0.7327201816684998,0.7341772151898734,0.7341772151898734,0.7341772151898734,0.7341772151898734,0.8734177215189873,dataset_3,dataset_2,2,30.0,160,86,79,181,1306,1247,59,0.9548238897396631,0.0451761102603369,190,175,15,0.9210526315789473,0.07894736842105263
Global Weighted Residual STV k=3 clip=10.0,0.8180747718575213,0.7730711388703632,0.7468354430379747,0.7468354430379747,0.7468354430379747,0.7468354430379747,0.8734177215189873,dataset_3,dataset_2,2,30.0,160,86,79,181,1306,1247,59,0.9548238897396631,0.0451761102603369,190,175,15,0.9210526315789473,0.07894736842105263
Global Weighted Residual STV k=5 clip=5.0,0.8179275831616132,0.8079245002682623,0.7088607594936709,0.7088607594936709,0.7088607594936709,0.7088607594936709,0.8987341772151899,dataset_3,dataset_2,2,30.0,160,86,79,181,1306,1247,59,0.9548238897396631,0.0451761102603369,190,175,15,0.9210526315789473,0.07894736842105263
Global Residual STV k=5 clip=5.0,0.8118928466293789,0.7282637464749189,0.7341772151898734,0.7341772151898734,0.7341772151898734,0.7341772151898734,0.8987341772151899,dataset_3,dataset_2,2,30.0,160,86,79,181,1306,1247,59,0.9548238897396631,0.0451761102603369,190,175,15,0.9210526315789473,0.07894736842105263
Global Residual STV k=5 clip=10.0,0.8117456579334706,0.7343703036677043,0.7341772151898734,0.7341772151898734,0.7341772151898734,0.7341772151898734,0.9113924050632911,dataset_3,dataset_2,2,30.0,160,86,79,181,1306,1247,59,0.9548238897396631,0.0451761102603369,190,175,15,0.9210526315789473,0.07894736842105263
Global Weighted Residual STV k=5 clip=10.0,0.8088018840153076,0.7446491172422998,0.7215189873417721,0.7215189873417721,0.7215189873417721,0.7215189873417721,0.9113924050632911,dataset_3,dataset_2,2,30.0,160,86,79,181,1306,1247,59,0.9548238897396631,0.0451761102603369,190,175,15,0.9210526315789473,0.07894736842105263
Enhanced STV + IF,0.7246099499558434,0.6198799488175862,0.6708860759493671,0.6708860759493671,0.6708860759493671,0.6708860759493671,0.7848101265822784,dataset_3,dataset_2,2,30.0,160,86,79,181,1306,1247,59,0.9548238897396631,0.0451761102603369,190,175,15,0.9210526315789473,0.07894736842105263
Baseline STV + IF,0.6406387989402414,0.5736711910273392,0.6075949367088608,0.6075949367088608,0.6075949367088608,0.6075949367088608,0.8227848101265823,dataset_3,dataset_2,2,30.0,160,86,79,181,1306,1247,59,0.9548238897396631,0.0451761102603369,190,175,15,0.9210526315789473,0.07894736842105263
Global Weighted Residual STV k=1 clip=5.0,0.8906292749658002,0.8881993939460748,0.8,0.8,0.8,0.8,0.9647058823529412,dataset_1,dataset_2,3,30.0,269,86,85,150,1306,1157,149,0.8859111791730475,0.11408882082695253,190,141,49,0.7421052631578947,0.2578947368421053
Global Weighted Residual STV k=1 clip=10.0,0.8876196990424077,0.8855924775457444,0.8,0.8,0.8,0.8,0.9647058823529412,dataset_1,dataset_2,3,30.0,269,86,85,150,1306,1157,149,0.8859111791730475,0.11408882082695253,190,141,49,0.7421052631578947,0.2578947368421053
Global Residual STV k=1 clip=5.0,0.8841997264021888,0.8485063224955753,0.8352941176470589,0.8352941176470589,0.8352941176470589,0.8352941176470589,0.9294117647058824,dataset_1,dataset_2,3,30.0,269,86,85,150,1306,1157,149,0.8859111791730475,0.11408882082695253,190,141,49,0.7421052631578947,0.2578947368421053
Global Residual STV k=1 clip=10.0,0.8772913816689466,0.8108526407568368,0.8352941176470589,0.8352941176470589,0.8352941176470589,0.8352941176470589,0.9529411764705882,dataset_1,dataset_2,3,30.0,269,86,85,150,1306,1157,149,0.8859111791730475,0.11408882082695253,190,141,49,0.7421052631578947,0.2578947368421053
Global Weighted Residual STV k=3 clip=10.0,0.8362517099863201,0.8567218462041708,0.7294117647058823,0.7294117647058823,0.7294117647058823,0.7294117647058823,0.9882352941176471,dataset_1,dataset_2,3,30.0,269,86,85,150,1306,1157,149,0.8859111791730475,0.11408882082695253,190,141,49,0.7421052631578947,0.2578947368421053
Global Residual STV k=3 clip=5.0,0.8333789329685363,0.8497914849874717,0.7176470588235294,0.7176470588235294,0.7176470588235294,0.7176470588235294,0.9882352941176471,dataset_1,dataset_2,3,30.0,269,86,85,150,1306,1157,149,0.8859111791730475,0.11408882082695253,190,141,49,0.7421052631578947,0.2578947368421053
Global Weighted Residual STV k=3 clip=5.0,0.8306429548563612,0.8474563315573178,0.7411764705882353,0.7411764705882353,0.7411764705882353,0.7411764705882353,0.9882352941176471,dataset_1,dataset_2,3,30.0,269,86,85,150,1306,1157,149,0.8859111791730475,0.11408882082695253,190,141,49,0.7421052631578947,0.2578947368421053
Global Residual STV k=3 clip=10.0,0.8288645690834474,0.836548048268541,0.7294117647058823,0.7294117647058823,0.7294117647058823,0.7294117647058823,0.9882352941176471,dataset_1,dataset_2,3,30.0,269,86,85,150,1306,1157,149,0.8859111791730475,0.11408882082695253,190,141,49,0.7421052631578947,0.2578947368421053
Global Weighted Residual STV k=5 clip=10.0,0.8191518467852257,0.828154710295088,0.7294117647058823,0.7294117647058823,0.7294117647058823,0.7294117647058823,0.9882352941176471,dataset_1,dataset_2,3,30.0,269,86,85,150,1306,1157,149,0.8859111791730475,0.11408882082695253,190,141,49,0.7421052631578947,0.2578947368421053
Global Weighted Residual STV k=5 clip=5.0,0.8153214774281805,0.8235471422702094,0.7176470588235294,0.7176470588235294,0.7176470588235294,0.7176470588235294,0.9882352941176471,dataset_1,dataset_2,3,30.0,269,86,85,150,1306,1157,149,0.8859111791730475,0.11408882082695253,190,141,49,0.7421052631578947,0.2578947368421053
Global Residual STV k=5 clip=10.0,0.8086183310533516,0.7877651118371127,0.7411764705882353,0.7411764705882353,0.7411764705882353,0.7411764705882353,0.9882352941176471,dataset_1,dataset_2,3,30.0,269,86,85,150,1306,1157,149,0.8859111791730475,0.11408882082695253,190,141,49,0.7421052631578947,0.2578947368421053
Global Residual STV k=5 clip=5.0,0.80109439124487,0.7628802882183967,0.7058823529411765,0.7058823529411765,0.7058823529411765,0.7058823529411765,0.9882352941176471,dataset_1,dataset_2,3,30.0,269,86,85,150,1306,1157,149,0.8859111791730475,0.11408882082695253,190,141,49,0.7421052631578947,0.2578947368421053
Enhanced STV + IF,0.7019151846785225,0.6156845601763478,0.6588235294117647,0.6588235294117647,0.6588235294117647,0.6588235294117647,0.8352941176470589,dataset_1,dataset_2,3,30.0,269,86,85,150,1306,1157,149,0.8859111791730475,0.11408882082695253,190,141,49,0.7421052631578947,0.2578947368421053
Baseline STV + IF,0.6060191518467852,0.5688154334600974,0.611764705882353,0.611764705882353,0.611764705882353,0.611764705882353,0.8470588235294118,dataset_1,dataset_2,3,30.0,269,86,85,150,1306,1157,149,0.8859111791730475,0.11408882082695253,190,141,49,0.7421052631578947,0.2578947368421053
Global Residual STV k=1 clip=5.0,0.9110608552631578,0.8879098344879226,0.8289473684210527,0.8289473684210527,0.8289473684210527,0.8289473684210527,0.9210526315789473,dataset_1,dataset_3,3,30.0,269,160,152,150,1993,1831,162,0.9187155042649272,0.08128449573507275,181,128,53,0.7071823204419889,0.292817679558011
Global Residual STV k=1 clip=10.0,0.9086348684210527,0.8702766691290945,0.8289473684210527,0.8289473684210527,0.8289473684210527,0.8289473684210527,0.9342105263157895,dataset_1,dataset_3,3,30.0,269,160,152,150,1993,1831,162,0.9187155042649272,0.08128449573507275,181,128,53,0.7071823204419889,0.292817679558011
Global Weighted Residual STV k=1 clip=5.0,0.8913651315789474,0.8922257919342926,0.7960526315789473,0.7960526315789473,0.7960526315789473,0.7960526315789473,0.9210526315789473,dataset_1,dataset_3,3,30.0,269,160,152,150,1993,1831,162,0.9187155042649272,0.08128449573507275,181,128,53,0.7071823204419889,0.292817679558011
Global Weighted Residual STV k=1 clip=10.0,0.8895148026315789,0.8787990906552281,0.8026315789473685,0.8026315789473685,0.8026315789473685,0.8026315789473685,0.9342105263157895,dataset_1,dataset_3,3,30.0,269,160,152,150,1993,1831,162,0.9187155042649272,0.08128449573507275,181,128,53,0.7071823204419889,0.292817679558011
Global Residual STV k=3 clip=10.0,0.8737458881578947,0.8294898119742459,0.8157894736842105,0.8157894736842105,0.8157894736842105,0.8157894736842105,0.9342105263157895,dataset_1,dataset_3,3,30.0,269,160,152,150,1993,1831,162,0.9187155042649272,0.08128449573507275,181,128,53,0.7071823204419889,0.292817679558011
Global Residual STV k=3 clip=5.0,0.8708675986842105,0.8264700336275114,0.8157894736842105,0.8157894736842105,0.8157894736842105,0.8157894736842105,0.9210526315789473,dataset_1,dataset_3,3,30.0,269,160,152,150,1993,1831,162,0.9187155042649272,0.08128449573507275,181,128,53,0.7071823204419889,0.292817679558011
Global Residual STV k=5 clip=10.0,0.8590871710526315,0.7930887844363567,0.7960526315789473,0.7960526315789473,0.7960526315789473,0.7960526315789473,0.9407894736842105,dataset_1,dataset_3,3,30.0,269,160,152,150,1993,1831,162,0.9187155042649272,0.08128449573507275,181,128,53,0.7071823204419889,0.292817679558011
Global Residual STV k=5 clip=5.0,0.8548108552631579,0.7759927649957327,0.7960526315789473,0.7960526315789473,0.7960526315789473,0.7960526315789473,0.9276315789473685,dataset_1,dataset_3,3,30.0,269,160,152,150,1993,1831,162,0.9187155042649272,0.08128449573507275,181,128,53,0.7071823204419889,0.292817679558011
Global Weighted Residual STV k=3 clip=10.0,0.8508018092105263,0.8398361948558628,0.7828947368421053,0.7828947368421053,0.7828947368421053,0.7828947368421053,0.9342105263157895,dataset_1,dataset_3,3,30.0,269,160,152,150,1993,1831,162,0.9187155042649272,0.08128449573507275,181,128,53,0.7071823204419889,0.292817679558011
Global Weighted Residual STV k=3 clip=5.0,0.8468955592105263,0.8491953865255446,0.7697368421052632,0.7697368421052632,0.7697368421052632,0.7697368421052632,0.9210526315789473,dataset_1,dataset_3,3,30.0,269,160,152,150,1993,1831,162,0.9187155042649272,0.08128449573507275,181,128,53,0.7071823204419889,0.292817679558011
Global Weighted Residual STV k=5 clip=10.0,0.8378700657894737,0.8028556245774582,0.7631578947368421,0.7631578947368421,0.7631578947368421,0.7631578947368421,0.9407894736842105,dataset_1,dataset_3,3,30.0,269,160,152,150,1993,1831,162,0.9187155042649272,0.08128449573507275,181,128,53,0.7071823204419889,0.292817679558011
Global Weighted Residual STV k=5 clip=5.0,0.831702302631579,0.7955877257379999,0.756578947368421,0.756578947368421,0.756578947368421,0.756578947368421,0.9407894736842105,dataset_1,dataset_3,3,30.0,269,160,152,150,1993,1831,162,0.9187155042649272,0.08128449573507275,181,128,53,0.7071823204419889,0.292817679558011
Enhanced STV + IF,0.7647409539473685,0.6769513099420316,0.6842105263157895,0.6842105263157895,0.6842105263157895,0.6842105263157895,0.8618421052631579,dataset_1,dataset_3,3,30.0,269,160,152,150,1993,1831,162,0.9187155042649272,0.08128449573507275,181,128,53,0.7071823204419889,0.292817679558011
Baseline STV + IF,0.6467310855263159,0.5888830356485336,0.6776315789473685,0.6776315789473685,0.6776315789473685,0.6776315789473685,0.9210526315789473,dataset_1,dataset_3,3,30.0,269,160,152,150,1993,1831,162,0.9187155042649272,0.08128449573507275,181,128,53,0.7071823204419889,0.292817679558011
Global Weighted Residual STV k=1 clip=5.0,0.6107709954257128,0.6437078059905322,0.587360594795539,0.587360594795539,0.587360594795539,0.587360594795539,0.550185873605948,dataset_2,dataset_1,3,30.0,86,269,269,190,3788,3704,84,0.9778247096092925,0.022175290390707498,150,141,9,0.94,0.06
Global Weighted Residual STV k=3 clip=5.0,0.6003855668108511,0.6423413308423949,0.5836431226765799,0.5836431226765799,0.5836431226765799,0.5836431226765799,0.5985130111524164,dataset_2,dataset_1,3,30.0,86,269,269,190,3788,3704,84,0.9778247096092925,0.022175290390707498,150,141,9,0.94,0.06
Global Weighted Residual STV k=1 clip=10.0,0.5979118585978634,0.5905424578507666,0.587360594795539,0.587360594795539,0.587360594795539,0.587360594795539,0.5315985130111525,dataset_2,dataset_1,3,30.0,86,269,269,190,3788,3704,84,0.9778247096092925,0.022175290390707498,150,141,9,0.94,0.06
Baseline STV + IF,0.5964953497049517,0.5600387595815146,0.5947955390334573,0.5947955390334573,0.5947955390334573,0.5947955390334573,0.9219330855018587,dataset_2,dataset_1,3,30.0,86,269,269,190,3788,3704,84,0.9778247096092925,0.022175290390707498,150,141,9,0.94,0.06
Global Residual STV k=3 clip=5.0,0.5950995702104724,0.5777263076651615,0.5910780669144982,0.5910780669144982,0.5910780669144982,0.5910780669144982,0.5799256505576208,dataset_2,dataset_1,3,30.0,86,269,269,190,3788,3704,84,0.9778247096092925,0.022175290390707498,150,141,9,0.94,0.06
Global Residual STV k=1 clip=5.0,0.5949682840203977,0.562796025076489,0.5650557620817844,0.5650557620817844,0.5650557620817844,0.5650557620817844,0.5204460966542751,dataset_2,dataset_1,3,30.0,86,269,269,190,3788,3704,84,0.9778247096092925,0.022175290390707498,150,141,9,0.94,0.06
Global Residual STV k=1 clip=10.0,0.5947540802365915,0.562050863010569,0.5650557620817844,0.5650557620817844,0.5650557620817844,0.5650557620817844,0.5241635687732342,dataset_2,dataset_1,3,30.0,86,269,269,190,3788,3704,84,0.9778247096092925,0.022175290390707498,150,141,9,0.94,0.06
Global Weighted Residual STV k=5 clip=5.0,0.5931510067577839,0.6017884594878277,0.5724907063197026,0.5724907063197026,0.5724907063197026,0.5724907063197026,0.6133828996282528,dataset_2,dataset_1,3,30.0,86,269,269,190,3788,3704,84,0.9778247096092925,0.022175290390707498,150,141,9,0.94,0.06
Global Weighted Residual STV k=3 clip=10.0,0.592750238388082,0.5938061946719744,0.5836431226765799,0.5836431226765799,0.5836431226765799,0.5836431226765799,0.5947955390334573,dataset_2,dataset_1,3,30.0,86,269,269,190,3788,3704,84,0.9778247096092925,0.022175290390707498,150,141,9,0.94,0.06
Global Residual STV k=3 clip=10.0,0.5916930390680062,0.5681160532152725,0.5910780669144982,0.5910780669144982,0.5910780669144982,0.5910780669144982,0.5799256505576208,dataset_2,dataset_1,3,30.0,86,269,269,190,3788,3704,84,0.9778247096092925,0.022175290390707498,150,141,9,0.94,0.06
Global Weighted Residual STV k=5 clip=10.0,0.5899794087975567,0.5862345426735484,0.5724907063197026,0.5724907063197026,0.5724907063197026,0.5724907063197026,0.6096654275092936,dataset_2,dataset_1,3,30.0,86,269,269,190,3788,3704,84,0.9778247096092925,0.022175290390707498,150,141,9,0.94,0.06
Global Residual STV k=5 clip=5.0,0.5869736460247924,0.5658650189256615,0.5910780669144982,0.5910780669144982,0.5910780669144982,0.5910780669144982,0.6022304832713755,dataset_2,dataset_1,3,30.0,86,269,269,190,3788,3704,84,0.9778247096092925,0.022175290390707498,150,141,9,0.94,0.06
Global Residual STV k=5 clip=10.0,0.585439670540761,0.562275636318879,0.5910780669144982,0.5910780669144982,0.5910780669144982,0.5910780669144982,0.6022304832713755,dataset_2,dataset_1,3,30.0,86,269,269,190,3788,3704,84,0.9778247096092925,0.022175290390707498,150,141,9,0.94,0.06
Enhanced STV + IF,0.5849767139757603,0.5622762376323699,0.5762081784386617,0.5762081784386617,0.5762081784386617,0.5762081784386617,0.6096654275092936,dataset_2,dataset_1,3,30.0,86,269,269,190,3788,3704,84,0.9778247096092925,0.022175290390707498,150,141,9,0.94,0.06
Global Weighted Residual STV k=1 clip=5.0,0.7941380718954248,0.789265482779411,0.6797385620915033,0.6797385620915033,0.6797385620915033,0.6797385620915033,0.7647058823529411,dataset_2,dataset_3,3,30.0,86,160,153,190,1993,1977,16,0.9919719016557953,0.008028098344204716,181,175,6,0.9668508287292817,0.03314917127071823
Global Residual STV k=1 clip=5.0,0.7824754901960784,0.6736185437298525,0.7189542483660131,0.7189542483660131,0.7189542483660131,0.7189542483660131,0.7516339869281046,dataset_2,dataset_3,3,30.0,86,160,153,190,1993,1977,16,0.9919719016557953,0.008028098344204716,181,175,6,0.9668508287292817,0.03314917127071823
Global Residual STV k=1 clip=10.0,0.7812704248366013,0.6667235152450819,0.7189542483660131,0.7189542483660131,0.7189542483660131,0.7189542483660131,0.7581699346405228,dataset_2,dataset_3,3,30.0,86,160,153,190,1993,1977,16,0.9919719016557953,0.008028098344204716,181,175,6,0.9668508287292817,0.03314917127071823
Global Weighted Residual STV k=1 clip=10.0,0.7756740196078432,0.7036783818075303,0.6797385620915033,0.6797385620915033,0.6797385620915033,0.6797385620915033,0.7516339869281046,dataset_2,dataset_3,3,30.0,86,160,153,190,1993,1977,16,0.9919719016557953,0.008028098344204716,181,175,6,0.9668508287292817,0.03314917127071823
Global Residual STV k=3 clip=5.0,0.7608047385620915,0.6754657609658561,0.7058823529411765,0.7058823529411765,0.7058823529411765,0.7058823529411765,0.7843137254901961,dataset_2,dataset_3,3,30.0,86,160,153,190,1993,1977,16,0.9919719016557953,0.008028098344204716,181,175,6,0.9668508287292817,0.03314917127071823
Global Residual STV k=3 clip=10.0,0.7563929738562092,0.6614688098985801,0.7058823529411765,0.7058823529411765,0.7058823529411765,0.7058823529411765,0.7843137254901961,dataset_2,dataset_3,3,30.0,86,160,153,190,1993,1977,16,0.9919719016557953,0.008028098344204716,181,175,6,0.9668508287292817,0.03314917127071823
Global Residual STV k=5 clip=5.0,0.7548611111111111,0.6689807629980126,0.6928104575163399,0.6928104575163399,0.6928104575163399,0.6928104575163399,0.803921568627451,dataset_2,dataset_3,3,30.0,86,160,153,190,1993,1977,16,0.9919719016557953,0.008028098344204716,181,175,6,0.9668508287292817,0.03314917127071823
Global Residual STV k=5 clip=10.0,0.7509803921568627,0.6556023078459566,0.6928104575163399,0.6928104575163399,0.6928104575163399,0.6928104575163399,0.803921568627451,dataset_2,dataset_3,3,30.0,86,160,153,190,1993,1977,16,0.9919719016557953,0.008028098344204716,181,175,6,0.9668508287292817,0.03314917127071823
Global Weighted Residual STV k=3 clip=5.0,0.7493055555555557,0.7549139796185611,0.6601307189542484,0.6601307189542484,0.6601307189542484,0.6601307189542484,0.7973856209150327,dataset_2,dataset_3,3,30.0,86,160,153,190,1993,1977,16,0.9919719016557953,0.008028098344204716,181,175,6,0.9668508287292817,0.03314917127071823
Global Weighted Residual STV k=5 clip=5.0,0.7398692810457517,0.7046644931458745,0.6535947712418301,0.6535947712418301,0.6535947712418301,0.6535947712418301,0.8169934640522876,dataset_2,dataset_3,3,30.0,86,160,153,190,1993,1977,16,0.9919719016557953,0.008028098344204716,181,175,6,0.9668508287292817,0.03314917127071823
Global Weighted Residual STV k=3 clip=10.0,0.7369485294117648,0.6796713268607051,0.6601307189542484,0.6601307189542484,0.6601307189542484,0.6601307189542484,0.7843137254901961,dataset_2,dataset_3,3,30.0,86,160,153,190,1993,1977,16,0.9919719016557953,0.008028098344204716,181,175,6,0.9668508287292817,0.03314917127071823
Global Weighted Residual STV k=5 clip=10.0,0.7338031045751634,0.6785526780713189,0.6535947712418301,0.6535947712418301,0.6535947712418301,0.6535947712418301,0.8104575163398693,dataset_2,dataset_3,3,30.0,86,160,153,190,1993,1977,16,0.9919719016557953,0.008028098344204716,181,175,6,0.9668508287292817,0.03314917127071823
Enhanced STV + IF,0.659232026143791,0.6031170585000831,0.6405228758169934,0.6405228758169934,0.6405228758169934,0.6405228758169934,0.6862745098039216,dataset_2,dataset_3,3,30.0,86,160,153,190,1993,1977,16,0.9919719016557953,0.008028098344204716,181,175,6,0.9668508287292817,0.03314917127071823
Baseline STV + IF,0.6427083333333333,0.5806052375797719,0.6013071895424836,0.6013071895424836,0.6013071895424836,0.6013071895424836,0.8431372549019608,dataset_2,dataset_3,3,30.0,86,160,153,190,1993,1977,16,0.9919719016557953,0.008028098344204716,181,175,6,0.9668508287292817,0.03314917127071823
Global Weighted Residual STV k=1 clip=5.0,0.7611828874398197,0.7516391112786499,0.6844262295081968,0.6844262295081968,0.6844262295081968,0.6844262295081968,0.6147540983606558,dataset_3,dataset_1,3,30.0,160,269,244,181,3788,3534,254,0.9329461457233369,0.06705385427666315,150,128,22,0.8533333333333334,0.14666666666666667
Global Weighted Residual STV k=1 clip=10.0,0.739822658297276,0.6932719489949541,0.6844262295081968,0.6844262295081968,0.6844262295081968,0.6844262295081968,0.610655737704918,dataset_3,dataset_1,3,30.0,160,269,244,181,3788,3534,254,0.9329461457233369,0.06705385427666315,150,128,22,0.8533333333333334,0.14666666666666667
Global Residual STV k=1 clip=5.0,0.7371869096227679,0.6418894553665786,0.6967213114754098,0.6967213114754098,0.6967213114754098,0.6967213114754098,0.5983606557377049,dataset_3,dataset_1,3,30.0,160,269,244,181,3788,3534,254,0.9329461457233369,0.06705385427666315,150,128,22,0.8533333333333334,0.14666666666666667
Global Weighted Residual STV k=3 clip=5.0,0.7367679322323114,0.7415033539663464,0.6639344262295082,0.6639344262295082,0.6639344262295082,0.6639344262295082,0.6926229508196722,dataset_3,dataset_1,3,30.0,160,269,244,181,3788,3534,254,0.9329461457233369,0.06705385427666315,150,128,22,0.8533333333333334,0.14666666666666667
Global Residual STV k=1 clip=10.0,0.7343226278261928,0.6301601962895188,0.6967213114754098,0.6967213114754098,0.6967213114754098,0.6967213114754098,0.610655737704918,dataset_3,dataset_1,3,30.0,160,269,244,181,3788,3534,254,0.9329461457233369,0.06705385427666315,150,128,22,0.8533333333333334,0.14666666666666667
Global Residual STV k=3 clip=5.0,0.7313516972393199,0.6748540783834014,0.6557377049180327,0.6557377049180327,0.6557377049180327,0.6557377049180327,0.680327868852459,dataset_3,dataset_1,3,30.0,160,269,244,181,3788,3534,254,0.9329461457233369,0.06705385427666315,150,128,22,0.8533333333333334,0.14666666666666667
Global Weighted Residual STV k=3 clip=10.0,0.7305061246876713,0.7156704963327831,0.6598360655737705,0.6598360655737705,0.6598360655737705,0.6598360655737705,0.7008196721311475,dataset_3,dataset_1,3,30.0,160,269,244,181,3788,3534,254,0.9329461457233369,0.06705385427666315,150,128,22,0.8533333333333334,0.14666666666666667
Global Weighted Residual STV k=5 clip=5.0,0.7241376683527332,0.7119527354414654,0.6598360655737705,0.6598360655737705,0.6598360655737705,0.6598360655737705,0.7049180327868853,dataset_3,dataset_1,3,30.0,160,269,244,181,3788,3534,254,0.9329461457233369,0.06705385427666315,150,128,22,0.8533333333333334,0.14666666666666667
Global Residual STV k=3 clip=10.0,0.7200088366140531,0.6504779030524912,0.6557377049180327,0.6557377049180327,0.6557377049180327,0.6557377049180327,0.6885245901639344,dataset_3,dataset_1,3,30.0,160,269,244,181,3788,3534,254,0.9329461457233369,0.06705385427666315,150,128,22,0.8533333333333334,0.14666666666666667
Global Weighted Residual STV k=5 clip=10.0,0.7185309890913522,0.6795498426234359,0.6516393442622951,0.6516393442622951,0.6516393442622951,0.6516393442622951,0.7131147540983607,dataset_3,dataset_1,3,30.0,160,269,244,181,3788,3534,254,0.9329461457233369,0.06705385427666315,150,128,22,0.8533333333333334,0.14666666666666667
Global Residual STV k=5 clip=5.0,0.7173502346273386,0.644178746509291,0.6598360655737705,0.6598360655737705,0.6598360655737705,0.6598360655737705,0.7008196721311475,dataset_3,dataset_1,3,30.0,160,269,244,181,3788,3534,254,0.9329461457233369,0.06705385427666315,150,128,22,0.8533333333333334,0.14666666666666667
Global Residual STV k=5 clip=10.0,0.7085669449692242,0.6288859286209892,0.6598360655737705,0.6598360655737705,0.6598360655737705,0.6598360655737705,0.7090163934426229,dataset_3,dataset_1,3,30.0,160,269,244,181,3788,3534,254,0.9329461457233369,0.06705385427666315,150,128,22,0.8533333333333334,0.14666666666666667
Enhanced STV + IF,0.6632259735510999,0.5760769925834639,0.5901639344262295,0.5901639344262295,0.5901639344262295,0.5901639344262295,0.6844262295081968,dataset_3,dataset_1,3,30.0,160,269,244,181,3788,3534,254,0.9329461457233369,0.06705385427666315,150,128,22,0.8533333333333334,0.14666666666666667
Baseline STV + IF,0.6399689194953989,0.5730794045448007,0.6024590163934426,0.6024590163934426,0.6024590163934426,0.6024590163934426,0.9385245901639344,dataset_3,dataset_1,3,30.0,160,269,244,181,3788,3534,254,0.9329461457233369,0.06705385427666315,150,128,22,0.8533333333333334,0.14666666666666667
Global Weighted Residual STV k=1 clip=5.0,0.8719458345599057,0.8609804148864134,0.7848101265822784,0.7848101265822784,0.7848101265822784,0.7848101265822784,0.8354430379746836,dataset_3,dataset_2,3,30.0,160,86,79,181,1306,1247,59,0.9548238897396631,0.0451761102603369,190,175,15,0.9210526315789473,0.07894736842105263
Global Weighted Residual STV k=1 clip=10.0,0.8568589932293199,0.8329582466989408,0.7974683544303798,0.7974683544303798,0.7974683544303798,0.7974683544303798,0.8227848101265823,dataset_3,dataset_2,3,30.0,160,86,79,181,1306,1247,59,0.9548238897396631,0.0451761102603369,190,175,15,0.9210526315789473,0.07894736842105263
Global Residual STV k=1 clip=5.0,0.855975861053871,0.779625090523167,0.7974683544303798,0.7974683544303798,0.7974683544303798,0.7974683544303798,0.8227848101265823,dataset_3,dataset_2,3,30.0,160,86,79,181,1306,1247,59,0.9548238897396631,0.0451761102603369,190,175,15,0.9210526315789473,0.07894736842105263
Global Residual STV k=1 clip=10.0,0.8496467471298205,0.7441207873372238,0.7974683544303798,0.7974683544303798,0.7974683544303798,0.7974683544303798,0.8227848101265823,dataset_3,dataset_2,3,30.0,160,86,79,181,1306,1247,59,0.9548238897396631,0.0451761102603369,190,175,15,0.9210526315789473,0.07894736842105263
Global Weighted Residual STV k=3 clip=5.0,0.8296290844863115,0.8269081758007985,0.7468354430379747,0.7468354430379747,0.7468354430379747,0.7468354430379747,0.8607594936708861,dataset_3,dataset_2,3,30.0,160,86,79,181,1306,1247,59,0.9548238897396631,0.0451761102603369,190,175,15,0.9210526315789473,0.07894736842105263
Global Residual STV k=3 clip=5.0,0.8209449514277303,0.736115005230868,0.7341772151898734,0.7341772151898734,0.7341772151898734,0.7341772151898734,0.8607594936708861,dataset_3,dataset_2,3,30.0,160,86,79,181,1306,1247,59,0.9548238897396631,0.0451761102603369,190,175,15,0.9210526315789473,0.07894736842105263
Global Residual STV k=3 clip=10.0,0.8195466588166028,0.7327201816684998,0.7341772151898734,0.7341772151898734,0.7341772151898734,0.7341772151898734,0.8734177215189873,dataset_3,dataset_2,3,30.0,160,86,79,181,1306,1247,59,0.9548238897396631,0.0451761102603369,190,175,15,0.9210526315789473,0.07894736842105263
Global Weighted Residual STV k=3 clip=10.0,0.8180747718575213,0.7730711388703632,0.7468354430379747,0.7468354430379747,0.7468354430379747,0.7468354430379747,0.8734177215189873,dataset_3,dataset_2,3,30.0,160,86,79,181,1306,1247,59,0.9548238897396631,0.0451761102603369,190,175,15,0.9210526315789473,0.07894736842105263
Global Weighted Residual STV k=5 clip=5.0,0.8179275831616132,0.8079245002682623,0.7088607594936709,0.7088607594936709,0.7088607594936709,0.7088607594936709,0.8987341772151899,dataset_3,dataset_2,3,30.0,160,86,79,181,1306,1247,59,0.9548238897396631,0.0451761102603369,190,175,15,0.9210526315789473,0.07894736842105263
Global Residual STV k=5 clip=5.0,0.8118928466293789,0.7282637464749189,0.7341772151898734,0.7341772151898734,0.7341772151898734,0.7341772151898734,0.8987341772151899,dataset_3,dataset_2,3,30.0,160,86,79,181,1306,1247,59,0.9548238897396631,0.0451761102603369,190,175,15,0.9210526315789473,0.07894736842105263
Global Residual STV k=5 clip=10.0,0.8117456579334706,0.7343703036677043,0.7341772151898734,0.7341772151898734,0.7341772151898734,0.7341772151898734,0.9113924050632911,dataset_3,dataset_2,3,30.0,160,86,79,181,1306,1247,59,0.9548238897396631,0.0451761102603369,190,175,15,0.9210526315789473,0.07894736842105263
Global Weighted Residual STV k=5 clip=10.0,0.8088018840153076,0.7446491172422998,0.7215189873417721,0.7215189873417721,0.7215189873417721,0.7215189873417721,0.9113924050632911,dataset_3,dataset_2,3,30.0,160,86,79,181,1306,1247,59,0.9548238897396631,0.0451761102603369,190,175,15,0.9210526315789473,0.07894736842105263
Enhanced STV + IF,0.7126876655872829,0.6153400010892194,0.6455696202531646,0.6455696202531646,0.6455696202531646,0.6455696202531646,0.7468354430379747,dataset_3,dataset_2,3,30.0,160,86,79,181,1306,1247,59,0.9548238897396631,0.0451761102603369,190,175,15,0.9210526315789473,0.07894736842105263
Baseline STV + IF,0.642110685899323,0.5795554852279573,0.6075949367088608,0.6075949367088608,0.6075949367088608,0.6075949367088608,0.8481012658227848,dataset_3,dataset_2,3,30.0,160,86,79,181,1306,1247,59,0.9548238897396631,0.0451761102603369,190,175,15,0.9210526315789473,0.07894736842105263
Global Weighted Residual STV k=1 clip=5.0,0.8906292749658002,0.8881993939460748,0.8,0.8,0.8,0.8,0.9647058823529412,dataset_1,dataset_2,4,30.0,269,86,85,150,1306,1157,149,0.8859111791730475,0.11408882082695253,190,141,49,0.7421052631578947,0.2578947368421053
Global Weighted Residual STV k=1 clip=10.0,0.8876196990424077,0.8855924775457444,0.8,0.8,0.8,0.8,0.9647058823529412,dataset_1,dataset_2,4,30.0,269,86,85,150,1306,1157,149,0.8859111791730475,0.11408882082695253,190,141,49,0.7421052631578947,0.2578947368421053
Global Residual STV k=1 clip=5.0,0.8841997264021888,0.8485063224955753,0.8352941176470589,0.8352941176470589,0.8352941176470589,0.8352941176470589,0.9294117647058824,dataset_1,dataset_2,4,30.0,269,86,85,150,1306,1157,149,0.8859111791730475,0.11408882082695253,190,141,49,0.7421052631578947,0.2578947368421053
Global Residual STV k=1 clip=10.0,0.8772913816689466,0.8108526407568368,0.8352941176470589,0.8352941176470589,0.8352941176470589,0.8352941176470589,0.9529411764705882,dataset_1,dataset_2,4,30.0,269,86,85,150,1306,1157,149,0.8859111791730475,0.11408882082695253,190,141,49,0.7421052631578947,0.2578947368421053
Global Weighted Residual STV k=3 clip=10.0,0.8362517099863201,0.8567218462041708,0.7294117647058823,0.7294117647058823,0.7294117647058823,0.7294117647058823,0.9882352941176471,dataset_1,dataset_2,4,30.0,269,86,85,150,1306,1157,149,0.8859111791730475,0.11408882082695253,190,141,49,0.7421052631578947,0.2578947368421053
Global Residual STV k=3 clip=5.0,0.8333789329685363,0.8497914849874717,0.7176470588235294,0.7176470588235294,0.7176470588235294,0.7176470588235294,0.9882352941176471,dataset_1,dataset_2,4,30.0,269,86,85,150,1306,1157,149,0.8859111791730475,0.11408882082695253,190,141,49,0.7421052631578947,0.2578947368421053
Global Weighted Residual STV k=3 clip=5.0,0.8306429548563612,0.8474563315573178,0.7411764705882353,0.7411764705882353,0.7411764705882353,0.7411764705882353,0.9882352941176471,dataset_1,dataset_2,4,30.0,269,86,85,150,1306,1157,149,0.8859111791730475,0.11408882082695253,190,141,49,0.7421052631578947,0.2578947368421053
Global Residual STV k=3 clip=10.0,0.8288645690834474,0.836548048268541,0.7294117647058823,0.7294117647058823,0.7294117647058823,0.7294117647058823,0.9882352941176471,dataset_1,dataset_2,4,30.0,269,86,85,150,1306,1157,149,0.8859111791730475,0.11408882082695253,190,141,49,0.7421052631578947,0.2578947368421053
Global Weighted Residual STV k=5 clip=10.0,0.8191518467852257,0.828154710295088,0.7294117647058823,0.7294117647058823,0.7294117647058823,0.7294117647058823,0.9882352941176471,dataset_1,dataset_2,4,30.0,269,86,85,150,1306,1157,149,0.8859111791730475,0.11408882082695253,190,141,49,0.7421052631578947,0.2578947368421053
Global Weighted Residual STV k=5 clip=5.0,0.8153214774281805,0.8235471422702094,0.7176470588235294,0.7176470588235294,0.7176470588235294,0.7176470588235294,0.9882352941176471,dataset_1,dataset_2,4,30.0,269,86,85,150,1306,1157,149,0.8859111791730475,0.11408882082695253,190,141,49,0.7421052631578947,0.2578947368421053
Global Residual STV k=5 clip=10.0,0.8086183310533516,0.7877651118371127,0.7411764705882353,0.7411764705882353,0.7411764705882353,0.7411764705882353,0.9882352941176471,dataset_1,dataset_2,4,30.0,269,86,85,150,1306,1157,149,0.8859111791730475,0.11408882082695253,190,141,49,0.7421052631578947,0.2578947368421053
Global Residual STV k=5 clip=5.0,0.80109439124487,0.7628802882183967,0.7058823529411765,0.7058823529411765,0.7058823529411765,0.7058823529411765,0.9882352941176471,dataset_1,dataset_2,4,30.0,269,86,85,150,1306,1157,149,0.8859111791730475,0.11408882082695253,190,141,49,0.7421052631578947,0.2578947368421053
Enhanced STV + IF,0.7084131326949386,0.6299932799536823,0.6588235294117647,0.6588235294117647,0.6588235294117647,0.6588235294117647,0.8235294117647058,dataset_1,dataset_2,4,30.0,269,86,85,150,1306,1157,149,0.8859111791730475,0.11408882082695253,190,141,49,0.7421052631578947,0.2578947368421053
Baseline STV + IF,0.5951436388508892,0.5727237624689437,0.5764705882352941,0.5764705882352941,0.5764705882352941,0.5764705882352941,0.8588235294117647,dataset_1,dataset_2,4,30.0,269,86,85,150,1306,1157,149,0.8859111791730475,0.11408882082695253,190,141,49,0.7421052631578947,0.2578947368421053
Global Residual STV k=1 clip=5.0,0.9110608552631578,0.8879098344879226,0.8289473684210527,0.8289473684210527,0.8289473684210527,0.8289473684210527,0.9210526315789473,dataset_1,dataset_3,4,30.0,269,160,152,150,1993,1831,162,0.9187155042649272,0.08128449573507275,181,128,53,0.7071823204419889,0.292817679558011
Global Residual STV k=1 clip=10.0,0.9086348684210527,0.8702766691290945,0.8289473684210527,0.8289473684210527,0.8289473684210527,0.8289473684210527,0.9342105263157895,dataset_1,dataset_3,4,30.0,269,160,152,150,1993,1831,162,0.9187155042649272,0.08128449573507275,181,128,53,0.7071823204419889,0.292817679558011
Global Weighted Residual STV k=1 clip=5.0,0.8913651315789474,0.8922257919342926,0.7960526315789473,0.7960526315789473,0.7960526315789473,0.7960526315789473,0.9210526315789473,dataset_1,dataset_3,4,30.0,269,160,152,150,1993,1831,162,0.9187155042649272,0.08128449573507275,181,128,53,0.7071823204419889,0.292817679558011
Global Weighted Residual STV k=1 clip=10.0,0.8895148026315789,0.8787990906552281,0.8026315789473685,0.8026315789473685,0.8026315789473685,0.8026315789473685,0.9342105263157895,dataset_1,dataset_3,4,30.0,269,160,152,150,1993,1831,162,0.9187155042649272,0.08128449573507275,181,128,53,0.7071823204419889,0.292817679558011
Global Residual STV k=3 clip=10.0,0.8737458881578947,0.8294898119742459,0.8157894736842105,0.8157894736842105,0.8157894736842105,0.8157894736842105,0.9342105263157895,dataset_1,dataset_3,4,30.0,269,160,152,150,1993,1831,162,0.9187155042649272,0.08128449573507275,181,128,53,0.7071823204419889,0.292817679558011
Global Residual STV k=3 clip=5.0,0.8708675986842105,0.8264700336275114,0.8157894736842105,0.8157894736842105,0.8157894736842105,0.8157894736842105,0.9210526315789473,dataset_1,dataset_3,4,30.0,269,160,152,150,1993,1831,162,0.9187155042649272,0.08128449573507275,181,128,53,0.7071823204419889,0.292817679558011
Global Residual STV k=5 clip=10.0,0.8590871710526315,0.7930887844363567,0.7960526315789473,0.7960526315789473,0.7960526315789473,0.7960526315789473,0.9407894736842105,dataset_1,dataset_3,4,30.0,269,160,152,150,1993,1831,162,0.9187155042649272,0.08128449573507275,181,128,53,0.7071823204419889,0.292817679558011
Global Residual STV k=5 clip=5.0,0.8548108552631579,0.7759927649957327,0.7960526315789473,0.7960526315789473,0.7960526315789473,0.7960526315789473,0.9276315789473685,dataset_1,dataset_3,4,30.0,269,160,152,150,1993,1831,162,0.9187155042649272,0.08128449573507275,181,128,53,0.7071823204419889,0.292817679558011
Global Weighted Residual STV k=3 clip=10.0,0.8508018092105263,0.8398361948558628,0.7828947368421053,0.7828947368421053,0.7828947368421053,0.7828947368421053,0.9342105263157895,dataset_1,dataset_3,4,30.0,269,160,152,150,1993,1831,162,0.9187155042649272,0.08128449573507275,181,128,53,0.7071823204419889,0.292817679558011
Global Weighted Residual STV k=3 clip=5.0,0.8468955592105263,0.8491953865255446,0.7697368421052632,0.7697368421052632,0.7697368421052632,0.7697368421052632,0.9210526315789473,dataset_1,dataset_3,4,30.0,269,160,152,150,1993,1831,162,0.9187155042649272,0.08128449573507275,181,128,53,0.7071823204419889,0.292817679558011
Global Weighted Residual STV k=5 clip=10.0,0.8378700657894737,0.8028556245774582,0.7631578947368421,0.7631578947368421,0.7631578947368421,0.7631578947368421,0.9407894736842105,dataset_1,dataset_3,4,30.0,269,160,152,150,1993,1831,162,0.9187155042649272,0.08128449573507275,181,128,53,0.7071823204419889,0.292817679558011
Global Weighted Residual STV k=5 clip=5.0,0.831702302631579,0.7955877257379999,0.756578947368421,0.756578947368421,0.756578947368421,0.756578947368421,0.9407894736842105,dataset_1,dataset_3,4,30.0,269,160,152,150,1993,1831,162,0.9187155042649272,0.08128449573507275,181,128,53,0.7071823204419889,0.292817679558011
Enhanced STV + IF,0.7635074013157894,0.692085592672728,0.6907894736842105,0.6907894736842105,0.6907894736842105,0.6907894736842105,0.8486842105263158,dataset_1,dataset_3,4,30.0,269,160,152,150,1993,1831,162,0.9187155042649272,0.08128449573507275,181,128,53,0.7071823204419889,0.292817679558011
Baseline STV + IF,0.6409745065789473,0.5951980189484534,0.6052631578947368,0.6052631578947368,0.6052631578947368,0.6052631578947368,0.9210526315789473,dataset_1,dataset_3,4,30.0,269,160,152,150,1993,1831,162,0.9187155042649272,0.08128449573507275,181,128,53,0.7071823204419889,0.292817679558011
Global Weighted Residual STV k=1 clip=5.0,0.6107709954257128,0.6437078059905322,0.587360594795539,0.587360594795539,0.587360594795539,0.587360594795539,0.550185873605948,dataset_2,dataset_1,4,30.0,86,269,269,190,3788,3704,84,0.9778247096092925,0.022175290390707498,150,141,9,0.94,0.06
Global Weighted Residual STV k=3 clip=5.0,0.6003855668108511,0.6423413308423949,0.5836431226765799,0.5836431226765799,0.5836431226765799,0.5836431226765799,0.5985130111524164,dataset_2,dataset_1,4,30.0,86,269,269,190,3788,3704,84,0.9778247096092925,0.022175290390707498,150,141,9,0.94,0.06
Global Weighted Residual STV k=1 clip=10.0,0.5979118585978634,0.5905424578507666,0.587360594795539,0.587360594795539,0.587360594795539,0.587360594795539,0.5315985130111525,dataset_2,dataset_1,4,30.0,86,269,269,190,3788,3704,84,0.9778247096092925,0.022175290390707498,150,141,9,0.94,0.06
Global Residual STV k=3 clip=5.0,0.5950995702104724,0.5777263076651615,0.5910780669144982,0.5910780669144982,0.5910780669144982,0.5910780669144982,0.5799256505576208,dataset_2,dataset_1,4,30.0,86,269,269,190,3788,3704,84,0.9778247096092925,0.022175290390707498,150,141,9,0.94,0.06
Global Residual STV k=1 clip=5.0,0.5949682840203977,0.562796025076489,0.5650557620817844,0.5650557620817844,0.5650557620817844,0.5650557620817844,0.5204460966542751,dataset_2,dataset_1,4,30.0,86,269,269,190,3788,3704,84,0.9778247096092925,0.022175290390707498,150,141,9,0.94,0.06
Global Residual STV k=1 clip=10.0,0.5947540802365915,0.562050863010569,0.5650557620817844,0.5650557620817844,0.5650557620817844,0.5650557620817844,0.5241635687732342,dataset_2,dataset_1,4,30.0,86,269,269,190,3788,3704,84,0.9778247096092925,0.022175290390707498,150,141,9,0.94,0.06
Global Weighted Residual STV k=5 clip=5.0,0.5931510067577839,0.6017884594878277,0.5724907063197026,0.5724907063197026,0.5724907063197026,0.5724907063197026,0.6133828996282528,dataset_2,dataset_1,4,30.0,86,269,269,190,3788,3704,84,0.9778247096092925,0.022175290390707498,150,141,9,0.94,0.06
Global Weighted Residual STV k=3 clip=10.0,0.592750238388082,0.5938061946719744,0.5836431226765799,0.5836431226765799,0.5836431226765799,0.5836431226765799,0.5947955390334573,dataset_2,dataset_1,4,30.0,86,269,269,190,3788,3704,84,0.9778247096092925,0.022175290390707498,150,141,9,0.94,0.06
Global Residual STV k=3 clip=10.0,0.5916930390680062,0.5681160532152725,0.5910780669144982,0.5910780669144982,0.5910780669144982,0.5910780669144982,0.5799256505576208,dataset_2,dataset_1,4,30.0,86,269,269,190,3788,3704,84,0.9778247096092925,0.022175290390707498,150,141,9,0.94,0.06
Global Weighted Residual STV k=5 clip=10.0,0.5899794087975567,0.5862345426735484,0.5724907063197026,0.5724907063197026,0.5724907063197026,0.5724907063197026,0.6096654275092936,dataset_2,dataset_1,4,30.0,86,269,269,190,3788,3704,84,0.9778247096092925,0.022175290390707498,150,141,9,0.94,0.06
Enhanced STV + IF,0.5872569478033747,0.5622505973296501,0.587360594795539,0.587360594795539,0.587360594795539,0.587360594795539,0.6022304832713755,dataset_2,dataset_1,4,30.0,86,269,269,190,3788,3704,84,0.9778247096092925,0.022175290390707498,150,141,9,0.94,0.06
Global Residual STV k=5 clip=5.0,0.5869736460247924,0.5658650189256615,0.5910780669144982,0.5910780669144982,0.5910780669144982,0.5910780669144982,0.6022304832713755,dataset_2,dataset_1,4,30.0,86,269,269,190,3788,3704,84,0.9778247096092925,0.022175290390707498,150,141,9,0.94,0.06
Global Residual STV k=5 clip=10.0,0.585439670540761,0.562275636318879,0.5910780669144982,0.5910780669144982,0.5910780669144982,0.5910780669144982,0.6022304832713755,dataset_2,dataset_1,4,30.0,86,269,269,190,3788,3704,84,0.9778247096092925,0.022175290390707498,150,141,9,0.94,0.06
Baseline STV + IF,0.5684415638258178,0.5482216648187341,0.5613382899628253,0.5613382899628253,0.5613382899628253,0.5613382899628253,0.9330855018587361,dataset_2,dataset_1,4,30.0,86,269,269,190,3788,3704,84,0.9778247096092925,0.022175290390707498,150,141,9,0.94,0.06
Global Weighted Residual STV k=1 clip=5.0,0.7941380718954248,0.789265482779411,0.6797385620915033,0.6797385620915033,0.6797385620915033,0.6797385620915033,0.7647058823529411,dataset_2,dataset_3,4,30.0,86,160,153,190,1993,1977,16,0.9919719016557953,0.008028098344204716,181,175,6,0.9668508287292817,0.03314917127071823
Global Residual STV k=1 clip=5.0,0.7824754901960784,0.6736185437298525,0.7189542483660131,0.7189542483660131,0.7189542483660131,0.7189542483660131,0.7516339869281046,dataset_2,dataset_3,4,30.0,86,160,153,190,1993,1977,16,0.9919719016557953,0.008028098344204716,181,175,6,0.9668508287292817,0.03314917127071823
Global Residual STV k=1 clip=10.0,0.7812704248366013,0.6667235152450819,0.7189542483660131,0.7189542483660131,0.7189542483660131,0.7189542483660131,0.7581699346405228,dataset_2,dataset_3,4,30.0,86,160,153,190,1993,1977,16,0.9919719016557953,0.008028098344204716,181,175,6,0.9668508287292817,0.03314917127071823
Global Weighted Residual STV k=1 clip=10.0,0.7756740196078432,0.7036783818075303,0.6797385620915033,0.6797385620915033,0.6797385620915033,0.6797385620915033,0.7516339869281046,dataset_2,dataset_3,4,30.0,86,160,153,190,1993,1977,16,0.9919719016557953,0.008028098344204716,181,175,6,0.9668508287292817,0.03314917127071823
Global Residual STV k=3 clip=5.0,0.7608047385620915,0.6754657609658561,0.7058823529411765,0.7058823529411765,0.7058823529411765,0.7058823529411765,0.7843137254901961,dataset_2,dataset_3,4,30.0,86,160,153,190,1993,1977,16,0.9919719016557953,0.008028098344204716,181,175,6,0.9668508287292817,0.03314917127071823
Global Residual STV k=3 clip=10.0,0.7563929738562092,0.6614688098985801,0.7058823529411765,0.7058823529411765,0.7058823529411765,0.7058823529411765,0.7843137254901961,dataset_2,dataset_3,4,30.0,86,160,153,190,1993,1977,16,0.9919719016557953,0.008028098344204716,181,175,6,0.9668508287292817,0.03314917127071823
Global Residual STV k=5 clip=5.0,0.7548611111111111,0.6689807629980126,0.6928104575163399,0.6928104575163399,0.6928104575163399,0.6928104575163399,0.803921568627451,dataset_2,dataset_3,4,30.0,86,160,153,190,1993,1977,16,0.9919719016557953,0.008028098344204716,181,175,6,0.9668508287292817,0.03314917127071823
Global Residual STV k=5 clip=10.0,0.7509803921568627,0.6556023078459566,0.6928104575163399,0.6928104575163399,0.6928104575163399,0.6928104575163399,0.803921568627451,dataset_2,dataset_3,4,30.0,86,160,153,190,1993,1977,16,0.9919719016557953,0.008028098344204716,181,175,6,0.9668508287292817,0.03314917127071823
Global Weighted Residual STV k=3 clip=5.0,0.7493055555555557,0.7549139796185611,0.6601307189542484,0.6601307189542484,0.6601307189542484,0.6601307189542484,0.7973856209150327,dataset_2,dataset_3,4,30.0,86,160,153,190,1993,1977,16,0.9919719016557953,0.008028098344204716,181,175,6,0.9668508287292817,0.03314917127071823
Global Weighted Residual STV k=5 clip=5.0,0.7398692810457517,0.7046644931458745,0.6535947712418301,0.6535947712418301,0.6535947712418301,0.6535947712418301,0.8169934640522876,dataset_2,dataset_3,4,30.0,86,160,153,190,1993,1977,16,0.9919719016557953,0.008028098344204716,181,175,6,0.9668508287292817,0.03314917127071823
Global Weighted Residual STV k=3 clip=10.0,0.7369485294117648,0.6796713268607051,0.6601307189542484,0.6601307189542484,0.6601307189542484,0.6601307189542484,0.7843137254901961,dataset_2,dataset_3,4,30.0,86,160,153,190,1993,1977,16,0.9919719016557953,0.008028098344204716,181,175,6,0.9668508287292817,0.03314917127071823
Global Weighted Residual STV k=5 clip=10.0,0.7338031045751634,0.6785526780713189,0.6535947712418301,0.6535947712418301,0.6535947712418301,0.6535947712418301,0.8104575163398693,dataset_2,dataset_3,4,30.0,86,160,153,190,1993,1977,16,0.9919719016557953,0.008028098344204716,181,175,6,0.9668508287292817,0.03314917127071823
Enhanced STV + IF,0.6779616013071896,0.6246927462866868,0.673202614379085,0.673202614379085,0.673202614379085,0.673202614379085,0.7058823529411765,dataset_2,dataset_3,4,30.0,86,160,153,190,1993,1977,16,0.9919719016557953,0.008028098344204716,181,175,6,0.9668508287292817,0.03314917127071823
Baseline STV + IF,0.601062091503268,0.5563127382982054,0.5620915032679739,0.5620915032679739,0.5620915032679739,0.5620915032679739,0.8235294117647058,dataset_2,dataset_3,4,30.0,86,160,153,190,1993,1977,16,0.9919719016557953,0.008028098344204716,181,175,6,0.9668508287292817,0.03314917127071823
Global Weighted Residual STV k=1 clip=5.0,0.7611828874398197,0.7516391112786499,0.6844262295081968,0.6844262295081968,0.6844262295081968,0.6844262295081968,0.6147540983606558,dataset_3,dataset_1,4,30.0,160,269,244,181,3788,3534,254,0.9329461457233369,0.06705385427666315,150,128,22,0.8533333333333334,0.14666666666666667
Global Weighted Residual STV k=1 clip=10.0,0.739822658297276,0.6932719489949541,0.6844262295081968,0.6844262295081968,0.6844262295081968,0.6844262295081968,0.610655737704918,dataset_3,dataset_1,4,30.0,160,269,244,181,3788,3534,254,0.9329461457233369,0.06705385427666315,150,128,22,0.8533333333333334,0.14666666666666667
Global Residual STV k=1 clip=5.0,0.7371869096227679,0.6418894553665786,0.6967213114754098,0.6967213114754098,0.6967213114754098,0.6967213114754098,0.5983606557377049,dataset_3,dataset_1,4,30.0,160,269,244,181,3788,3534,254,0.9329461457233369,0.06705385427666315,150,128,22,0.8533333333333334,0.14666666666666667
Global Weighted Residual STV k=3 clip=5.0,0.7367679322323114,0.7415033539663464,0.6639344262295082,0.6639344262295082,0.6639344262295082,0.6639344262295082,0.6926229508196722,dataset_3,dataset_1,4,30.0,160,269,244,181,3788,3534,254,0.9329461457233369,0.06705385427666315,150,128,22,0.8533333333333334,0.14666666666666667
Global Residual STV k=1 clip=10.0,0.7343226278261928,0.6301601962895188,0.6967213114754098,0.6967213114754098,0.6967213114754098,0.6967213114754098,0.610655737704918,dataset_3,dataset_1,4,30.0,160,269,244,181,3788,3534,254,0.9329461457233369,0.06705385427666315,150,128,22,0.8533333333333334,0.14666666666666667
Global Residual STV k=3 clip=5.0,0.7313516972393199,0.6748540783834014,0.6557377049180327,0.6557377049180327,0.6557377049180327,0.6557377049180327,0.680327868852459,dataset_3,dataset_1,4,30.0,160,269,244,181,3788,3534,254,0.9329461457233369,0.06705385427666315,150,128,22,0.8533333333333334,0.14666666666666667
Global Weighted Residual STV k=3 clip=10.0,0.7305061246876713,0.7156704963327831,0.6598360655737705,0.6598360655737705,0.6598360655737705,0.6598360655737705,0.7008196721311475,dataset_3,dataset_1,4,30.0,160,269,244,181,3788,3534,254,0.9329461457233369,0.06705385427666315,150,128,22,0.8533333333333334,0.14666666666666667
Global Weighted Residual STV k=5 clip=5.0,0.7241376683527332,0.7119527354414654,0.6598360655737705,0.6598360655737705,0.6598360655737705,0.6598360655737705,0.7049180327868853,dataset_3,dataset_1,4,30.0,160,269,244,181,3788,3534,254,0.9329461457233369,0.06705385427666315,150,128,22,0.8533333333333334,0.14666666666666667
Global Residual STV k=3 clip=10.0,0.7200088366140531,0.6504779030524912,0.6557377049180327,0.6557377049180327,0.6557377049180327,0.6557377049180327,0.6885245901639344,dataset_3,dataset_1,4,30.0,160,269,244,181,3788,3534,254,0.9329461457233369,0.06705385427666315,150,128,22,0.8533333333333334,0.14666666666666667
Global Weighted Residual STV k=5 clip=10.0,0.7185309890913522,0.6795498426234359,0.6516393442622951,0.6516393442622951,0.6516393442622951,0.6516393442622951,0.7131147540983607,dataset_3,dataset_1,4,30.0,160,269,244,181,3788,3534,254,0.9329461457233369,0.06705385427666315,150,128,22,0.8533333333333334,0.14666666666666667
Global Residual STV k=5 clip=5.0,0.7173502346273386,0.644178746509291,0.6598360655737705,0.6598360655737705,0.6598360655737705,0.6598360655737705,0.7008196721311475,dataset_3,dataset_1,4,30.0,160,269,244,181,3788,3534,254,0.9329461457233369,0.06705385427666315,150,128,22,0.8533333333333334,0.14666666666666667
Global Residual STV k=5 clip=10.0,0.7085669449692242,0.6288859286209892,0.6598360655737705,0.6598360655737705,0.6598360655737705,0.6598360655737705,0.7090163934426229,dataset_3,dataset_1,4,30.0,160,269,244,181,3788,3534,254,0.9329461457233369,0.06705385427666315,150,128,22,0.8533333333333334,0.14666666666666667
Enhanced STV + IF,0.6755515266012555,0.588846738639064,0.6434426229508197,0.6434426229508197,0.6434426229508197,0.6434426229508197,0.7622950819672131,dataset_3,dataset_1,4,30.0,160,269,244,181,3788,3534,254,0.9329461457233369,0.06705385427666315,150,128,22,0.8533333333333334,0.14666666666666667
Baseline STV + IF,0.6273538911572918,0.5635870219942825,0.569672131147541,0.569672131147541,0.569672131147541,0.569672131147541,0.9549180327868853,dataset_3,dataset_1,4,30.0,160,269,244,181,3788,3534,254,0.9329461457233369,0.06705385427666315,150,128,22,0.8533333333333334,0.14666666666666667
Global Weighted Residual STV k=1 clip=5.0,0.8719458345599057,0.8609804148864134,0.7848101265822784,0.7848101265822784,0.7848101265822784,0.7848101265822784,0.8354430379746836,dataset_3,dataset_2,4,30.0,160,86,79,181,1306,1247,59,0.9548238897396631,0.0451761102603369,190,175,15,0.9210526315789473,0.07894736842105263
Global Weighted Residual STV k=1 clip=10.0,0.8568589932293199,0.8329582466989408,0.7974683544303798,0.7974683544303798,0.7974683544303798,0.7974683544303798,0.8227848101265823,dataset_3,dataset_2,4,30.0,160,86,79,181,1306,1247,59,0.9548238897396631,0.0451761102603369,190,175,15,0.9210526315789473,0.07894736842105263
Global Residual STV k=1 clip=5.0,0.855975861053871,0.779625090523167,0.7974683544303798,0.7974683544303798,0.7974683544303798,0.7974683544303798,0.8227848101265823,dataset_3,dataset_2,4,30.0,160,86,79,181,1306,1247,59,0.9548238897396631,0.0451761102603369,190,175,15,0.9210526315789473,0.07894736842105263
Global Residual STV k=1 clip=10.0,0.8496467471298205,0.7441207873372238,0.7974683544303798,0.7974683544303798,0.7974683544303798,0.7974683544303798,0.8227848101265823,dataset_3,dataset_2,4,30.0,160,86,79,181,1306,1247,59,0.9548238897396631,0.0451761102603369,190,175,15,0.9210526315789473,0.07894736842105263
Global Weighted Residual STV k=3 clip=5.0,0.8296290844863115,0.8269081758007985,0.7468354430379747,0.7468354430379747,0.7468354430379747,0.7468354430379747,0.8607594936708861,dataset_3,dataset_2,4,30.0,160,86,79,181,1306,1247,59,0.9548238897396631,0.0451761102603369,190,175,15,0.9210526315789473,0.07894736842105263
Global Residual STV k=3 clip=5.0,0.8209449514277303,0.736115005230868,0.7341772151898734,0.7341772151898734,0.7341772151898734,0.7341772151898734,0.8607594936708861,dataset_3,dataset_2,4,30.0,160,86,79,181,1306,1247,59,0.9548238897396631,0.0451761102603369,190,175,15,0.9210526315789473,0.07894736842105263
Global Residual STV k=3 clip=10.0,0.8195466588166028,0.7327201816684998,0.7341772151898734,0.7341772151898734,0.7341772151898734,0.7341772151898734,0.8734177215189873,dataset_3,dataset_2,4,30.0,160,86,79,181,1306,1247,59,0.9548238897396631,0.0451761102603369,190,175,15,0.9210526315789473,0.07894736842105263
Global Weighted Residual STV k=3 clip=10.0,0.8180747718575213,0.7730711388703632,0.7468354430379747,0.7468354430379747,0.7468354430379747,0.7468354430379747,0.8734177215189873,dataset_3,dataset_2,4,30.0,160,86,79,181,1306,1247,59,0.9548238897396631,0.0451761102603369,190,175,15,0.9210526315789473,0.07894736842105263
Global Weighted Residual STV k=5 clip=5.0,0.8179275831616132,0.8079245002682623,0.7088607594936709,0.7088607594936709,0.7088607594936709,0.7088607594936709,0.8987341772151899,dataset_3,dataset_2,4,30.0,160,86,79,181,1306,1247,59,0.9548238897396631,0.0451761102603369,190,175,15,0.9210526315789473,0.07894736842105263
Global Residual STV k=5 clip=5.0,0.8118928466293789,0.7282637464749189,0.7341772151898734,0.7341772151898734,0.7341772151898734,0.7341772151898734,0.8987341772151899,dataset_3,dataset_2,4,30.0,160,86,79,181,1306,1247,59,0.9548238897396631,0.0451761102603369,190,175,15,0.9210526315789473,0.07894736842105263
Global Residual STV k=5 clip=10.0,0.8117456579334706,0.7343703036677043,0.7341772151898734,0.7341772151898734,0.7341772151898734,0.7341772151898734,0.9113924050632911,dataset_3,dataset_2,4,30.0,160,86,79,181,1306,1247,59,0.9548238897396631,0.0451761102603369,190,175,15,0.9210526315789473,0.07894736842105263
Global Weighted Residual STV k=5 clip=10.0,0.8088018840153076,0.7446491172422998,0.7215189873417721,0.7215189873417721,0.7215189873417721,0.7215189873417721,0.9113924050632911,dataset_3,dataset_2,4,30.0,160,86,79,181,1306,1247,59,0.9548238897396631,0.0451761102603369,190,175,15,0.9210526315789473,0.07894736842105263
Enhanced STV + IF,0.7360170738887254,0.636484751877714,0.6962025316455697,0.6962025316455697,0.6962025316455697,0.6962025316455697,0.759493670886076,dataset_3,dataset_2,4,30.0,160,86,79,181,1306,1247,59,0.9548238897396631,0.0451761102603369,190,175,15,0.9210526315789473,0.07894736842105263
Baseline STV + IF,0.6205475419487784,0.5564014312059898,0.5822784810126582,0.5822784810126582,0.5822784810126582,0.5822784810126582,0.8354430379746836,dataset_3,dataset_2,4,30.0,160,86,79,181,1306,1247,59,0.9548238897396631,0.0451761102603369,190,175,15,0.9210526315789473,0.07894736842105263
