service,service_path,train_count,test_count,train_mean_log_duration,test_mean_log_duration,train_std_log_duration,test_std_log_duration,wasserstein_log_duration,absolute_mean_shift,standardized_mean_shift,train_dataset,test_dataset
ts-admin-basic-info-service,ts-admin-basic-info-service -> ts-admin-basic-info-service,44,20,11.4307222366333,12.139059066772461,1.0602558851242065,1.1265287399291992,0.7176161115819757,0.7083368301391602,0.6680810171180329,dataset_1,dataset_2
ts-admin-basic-info-service,ts-admin-basic-info-service,44,20,12.191496849060059,12.930994987487793,0.7605253458023071,0.9768394827842712,0.7437154986641625,0.7394981384277344,0.972351733587011,dataset_1,dataset_2
ts-admin-order-service,ts-admin-order-service -> ts-admin-order-service,17,5,11.10649585723877,12.57020378112793,1.8029454946517944,0.7346121072769165,1.5132747481851017,1.4637079238891602,0.8118425810603045,dataset_1,dataset_2
ts-admin-order-service,ts-admin-order-service,13,4,12.580058097839355,13.767803192138672,1.1089202165603638,1.1658082008361816,1.1974420914283166,1.1877450942993164,1.0710825509011377,dataset_1,dataset_2
ts-admin-route-service,ts-admin-route-service -> ts-admin-route-service,8,3,12.248291015625,13.045777320861816,0.6976523399353027,0.7322437763214111,0.7974869410196941,0.7974863052368164,1.143099878817538,dataset_1,dataset_2
ts-admin-route-service,ts-admin-route-service,8,3,12.907196044921875,14.287514686584473,1.0801652669906616,1.22579824924469,1.380319118499756,1.3803186416625977,1.2778772691961877,dataset_1,dataset_2
ts-admin-user-service,ts-admin-user-service -> ts-admin-user-service,10,3,11.57443904876709,13.274039268493652,1.9563277959823608,1.264326572418213,1.763544782002767,1.6996002197265625,0.8687706749436211,dataset_1,dataset_2
ts-admin-user-service,ts-admin-user-service,10,3,12.99218463897705,14.651625633239746,1.2970428466796875,1.066321849822998,1.7346049308776854,1.6594409942626953,1.2794033739985649,dataset_1,dataset_2
ts-assurance-service,ts-assurance-service,17,3,11.066365242004395,13.439091682434082,1.40098237991333,1.3158633708953857,2.432266441046023,2.3727264404296875,1.6936161899312916,dataset_1,dataset_2
ts-auth-service,ts-auth-service -> ts-auth-service,2,2,13.307029724121094,15.444770812988281,1.790769100189209,0.019452571868896484,2.1377410888671875,2.1377410888671875,1.19375584973033,dataset_1,dataset_2
ts-auth-service,ts-auth-service,15,7,13.599656105041504,14.446588516235352,0.7526528835296631,1.4422938823699951,0.8469320297241211,0.8469324111938477,1.1252629594960808,dataset_1,dataset_2
ts-basic-service,ts-preserve-service -> ts-preserve-service -> ts-ticketinfo-service -> ts-ticketinfo-service -> ts-basic-service,5,3,13.922889709472656,13.933685302734375,0.24886314570903778,0.05315614119172096,0.1839242935180664,0.01079559326171875,0.043379638358909865,dataset_1,dataset_2
ts-basic-service,ts-preserve-service -> ts-preserve-service -> ts-ticketinfo-service -> ts-ticketinfo-service -> ts-basic-service -> ts-basic-service,35,21,11.223673820495605,11.413330078125,1.0370066165924072,0.7844433784484863,0.2958377928960891,0.18965625762939453,0.18288818469895882,dataset_1,dataset_2
ts-basic-service,ts-preserve-service -> ts-preserve-service -> ts-travel-service -> ts-travel-service -> ts-ticketinfo-service -> ts-ticketinfo-service -> ts-basic-service,38,28,11.991045951843262,12.271162033081055,1.1615830659866333,1.1602717638015747,0.42041885763182685,0.28011608123779297,0.24115027968306862,dataset_1,dataset_2
ts-basic-service,ts-preserve-service -> ts-preserve-service -> ts-travel-service -> ts-travel-service -> ts-ticketinfo-service -> ts-ticketinfo-service -> ts-basic-service -> ts-basic-service,74,52,10.958902359008789,11.195588111877441,1.1953808069229126,1.144038438796997,0.28743331843750886,0.23668575286865234,0.19800029538529781,dataset_1,dataset_2
ts-basic-service,ts-travel-service -> ts-travel-service -> ts-ticketinfo-service -> ts-ticketinfo-service -> ts-basic-service,134,23,11.525586128234863,12.56790828704834,1.4356542825698853,1.4312324523925781,1.0423224685564974,1.0423221588134766,0.7260258764719271,dataset_1,dataset_2
ts-basic-service,ts-travel-service -> ts-travel-service -> ts-ticketinfo-service -> ts-ticketinfo-service -> ts-basic-service -> ts-basic-service,254,41,10.560685157775879,11.455163955688477,1.4140101671218872,1.5065958499908447,0.8960295790373214,0.8944787979125977,0.6325830030863518,dataset_1,dataset_2
ts-basic-service,ts-travel2-service -> ts-travel2-service -> ts-ticketinfo-service -> ts-ticketinfo-service -> ts-basic-service,28,8,10.915373802185059,10.784151077270508,1.2410954236984253,1.3110642433166504,0.6710498843874251,0.13122272491455078,0.10573137440432355,dataset_1,dataset_2
ts-basic-service,ts-travel2-service -> ts-travel2-service -> ts-ticketinfo-service -> ts-ticketinfo-service -> ts-basic-service -> ts-basic-service,34,14,9.983808517456055,10.206900596618652,1.274095058441162,1.2895779609680176,0.30376262023669326,0.22309207916259766,0.1750984572811606,dataset_1,dataset_2
ts-config-service,ts-admin-basic-info-service -> ts-admin-basic-info-service -> ts-config-service,9,4,10.907726287841797,12.32963752746582,1.2267142534255981,0.5064051747322083,1.4219121932983398,1.4219112396240234,1.1591218049789003,dataset_1,dataset_2
ts-config-service,ts-preserve-service -> ts-preserve-service -> ts-travel-service -> ts-travel-service -> ts-seat-service -> ts-seat-service -> ts-config-service,10,8,11.307682991027832,10.887929916381836,1.0450505018234253,0.6603922843933105,0.8279797792434693,0.4197530746459961,0.40165817241712476,dataset_1,dataset_2
ts-config-service,ts-travel-service -> ts-travel-service -> ts-seat-service -> ts-seat-service -> ts-config-service,40,6,10.402437210083008,13.019217491149902,1.6041814088821411,1.5843122005462646,2.617804185549418,2.6167802810668945,1.6312246648528195,dataset_1,dataset_2
ts-config-service,ts-travel2-service -> ts-travel2-service -> ts-seat-service -> ts-seat-service -> ts-config-service,2,2,8.899953842163086,10.319198608398438,0.09607887268066406,1.125394344329834,1.4192452430725098,1.4192447662353516,14.771663391102376,dataset_1,dataset_2
ts-consign-price-service,ts-consign-service -> ts-consign-service -> ts-consign-price-service,7,4,12.487753868103027,12.753693580627441,1.0744787454605103,1.7190725803375244,0.7850817952837261,0.26593971252441406,0.2475057916668562,dataset_1,dataset_2
ts-consign-service,ts-consign-service -> ts-consign-service,7,4,12.37895679473877,12.85152816772461,1.2936358451843262,1.7832868099212646,0.8590604918343678,0.47257137298583984,0.36530479171942287,dataset_1,dataset_2
ts-consign-service,ts-consign-service,11,6,13.033581733703613,13.5257568359375,1.3502787351608276,1.528875708580017,0.5637209921172169,0.4921751022338867,0.3644988915383202,dataset_1,dataset_2
ts-contacts-service,ts-admin-basic-info-service -> ts-admin-basic-info-service -> ts-contacts-service,8,4,11.813669204711914,12.42524528503418,0.5391069054603577,1.051263451576233,0.9429500102996826,0.6115760803222656,1.1344244974937292,dataset_1,dataset_2
ts-contacts-service,ts-contacts-service,17,3,11.777132034301758,13.484118461608887,1.130068063735962,1.7117081880569458,1.7069865582036037,1.706986427307129,1.51051647425899,dataset_1,dataset_2
ts-contacts-service,ts-preserve-service -> ts-preserve-service -> ts-contacts-service,7,5,11.501297950744629,12.076930046081543,1.0387992858886719,0.5953466296195984,0.5773502349853514,0.5756320953369141,0.5541321631199163,dataset_1,dataset_2
ts-execute-service,ts-execute-service -> ts-execute-service,8,4,11.312643051147461,12.239212989807129,1.4202690124511719,1.142770528793335,0.9265695810317993,0.926569938659668,0.6523904489477996,dataset_1,dataset_2
ts-execute-service,ts-execute-service,4,2,13.339330673217773,14.362171173095703,1.3322771787643433,1.3696117401123047,1.0228407382965088,1.0228404998779297,0.7677385128120193,dataset_1,dataset_2
ts-food-map-service,ts-food-service -> ts-food-service -> ts-food-map-service,37,5,11.499391555786133,13.637392044067383,1.2144865989685059,1.4176034927368164,2.138002127570075,2.13800048828125,1.760415051180563,dataset_1,dataset_2
ts-food-service,ts-food-service -> ts-food-service,92,12,11.162726402282715,12.461380004882812,1.2017560005187988,1.6109830141067505,1.2986535784127056,1.2986536026000977,1.0806300131137003,dataset_1,dataset_2
ts-food-service,ts-food-service,19,3,13.485759735107422,14.765284538269043,0.8302815556526184,1.4883204698562622,1.2795252047087016,1.279524803161621,1.5410733798077547,dataset_1,dataset_2
ts-food-service,ts-preserve-service -> ts-preserve-service -> ts-food-service,5,3,12.518356323242188,13.081377983093262,0.9445711970329285,1.0529500246047974,0.5888799031575522,0.5630216598510742,0.5960605845484476,dataset_1,dataset_2
ts-inside-payment-service,ts-inside-payment-service -> ts-inside-payment-service,6,3,12.5065279006958,13.801395416259766,2.32757568359375,2.3247456550598145,1.294868310292562,1.2948675155639648,0.5563159663039203,dataset_1,dataset_2
ts-notification-service,ts-preserve-service -> ts-preserve-service -> ts-notification-service,5,3,15.805013656616211,15.901270866394043,0.5706464052200317,0.6259876489639282,0.21708049774169932,0.09625720977783203,0.16868100613148848,dataset_1,dataset_2
ts-order-other-service,ts-order-other-service -> ts-order-other-service,17,4,11.580093383789062,13.634979248046875,1.0317717790603638,1.5128666162490845,2.0548844898448273,2.0548858642578125,1.9916089061179794,dataset_1,dataset_2
ts-order-other-service,ts-order-other-service,17,4,12.115920066833496,14.019613265991211,1.2126269340515137,1.5608932971954346,1.903693493674783,1.9036931991577148,1.5698918980772398,dataset_1,dataset_2
ts-order-other-service,ts-preserve-service -> ts-preserve-service -> ts-security-service -> ts-security-service -> ts-order-other-service,7,5,12.577203750610352,12.269851684570312,1.206984281539917,0.47884806990623474,0.47861434391566693,0.30735206604003906,0.25464463020836314,dataset_1,dataset_2
ts-order-other-service,ts-travel2-service -> ts-travel2-service -> ts-seat-service -> ts-seat-service -> ts-order-other-service,2,2,10.942598342895508,11.094449996948242,0.5455737113952637,0.684295654296875,0.15185213088989258,0.15185165405273438,0.2783338912433761,dataset_1,dataset_2
ts-order-service,ts-admin-order-service -> ts-admin-order-service -> ts-order-service,8,4,11.105308532714844,11.622499465942383,1.3314348459243774,0.34916722774505615,0.6926988363265991,0.5171909332275391,0.38844629522105384,dataset_1,dataset_2
ts-order-service,ts-execute-service -> ts-execute-service -> ts-order-service,8,4,10.921510696411133,11.654972076416016,1.1326723098754883,0.30241134762763977,0.7346112728118896,0.7334613800048828,0.6475494930087152,dataset_1,dataset_2
ts-order-service,ts-inside-payment-service -> ts-inside-payment-service -> ts-order-service,4,2,10.847023010253906,10.074394226074219,0.9760340452194214,0.6022286415100098,0.9265117645263672,0.7726287841796875,0.7916002397293359,dataset_1,dataset_2
ts-order-service,ts-order-service -> ts-order-service,17,4,12.371474266052246,13.963933944702148,0.825923502445221,1.211448073387146,1.5924592158373663,1.5924596786499023,1.9280958514139408,dataset_1,dataset_2
ts-order-service,ts-order-service,25,7,11.558797836303711,12.625990867614746,1.727291226387024,2.2571866512298584,1.1615088054112026,1.0671930313110352,0.6178419799788386,dataset_1,dataset_2
ts-order-service,ts-preserve-service -> ts-preserve-service -> ts-order-service,5,3,11.754463195800781,12.581372261047363,0.5308385491371155,0.25246503949165344,0.8269100824991862,0.826909065246582,1.5577411749593786,dataset_1,dataset_2
ts-order-service,ts-preserve-service -> ts-preserve-service -> ts-seat-service -> ts-seat-service -> ts-order-service,5,3,11.136601448059082,11.61562442779541,1.1664090156555176,0.22738559544086456,0.7173542658487957,0.4790229797363281,0.41068182199116404,dataset_1,dataset_2
ts-order-service,ts-preserve-service -> ts-preserve-service -> ts-security-service -> ts-security-service -> ts-order-service,7,5,11.681275367736816,12.271230697631836,1.1696107387542725,0.46668878197669983,0.7503767013549802,0.5899553298950195,0.5044031405896362,dataset_1,dataset_2
ts-order-service,ts-preserve-service -> ts-preserve-service -> ts-travel-service -> ts-travel-service -> ts-order-service,5,4,10.526062965393066,11.854715347290039,1.237390160560608,0.4127342402935028,1.3286527633666991,1.3286523818969727,1.073753795888451,dataset_1,dataset_2
ts-order-service,ts-preserve-service -> ts-preserve-service -> ts-travel-service -> ts-travel-service -> ts-seat-service -> ts-seat-service -> ts-order-service,10,8,10.794757843017578,11.644649505615234,0.96589595079422,0.6426265239715576,0.8621676683425903,0.8498916625976562,0.8798998089792407,dataset_1,dataset_2
ts-order-service,ts-travel-service -> ts-travel-service -> ts-order-service,20,3,10.651314735412598,12.437644004821777,1.7409989833831787,0.4730776250362396,2.052222728729248,1.7863292694091797,1.0260369399744929,dataset_1,dataset_2
ts-order-service,ts-travel-service -> ts-travel-service -> ts-seat-service -> ts-seat-service -> ts-order-service,40,6,10.63213062286377,11.503336906433105,1.3266246318817139,1.0928772687911987,0.9258699417114259,0.8712062835693359,0.656708960946698,dataset_1,dataset_2
ts-preserve-service,ts-preserve-service -> ts-preserve-service,62,39,12.930760383605957,13.23732852935791,1.8320505619049072,1.84739089012146,0.3225350857175412,0.3065681457519531,0.16733607255533026,dataset_1,dataset_2
ts-preserve-service,ts-preserve-service,8,5,15.452038764953613,16.68997573852539,2.7029213905334473,0.5719895958900452,1.2488357305526732,1.2379369735717773,0.45799962141239287,dataset_1,dataset_2
ts-price-service,ts-admin-basic-info-service -> ts-admin-basic-info-service -> ts-price-service,8,4,11.969368934631348,11.780721664428711,0.7539410591125488,1.1118077039718628,0.7020801305770874,0.18864727020263672,0.2502148781029252,dataset_1,dataset_2
ts-price-service,ts-preserve-service -> ts-preserve-service -> ts-ticketinfo-service -> ts-ticketinfo-service -> ts-basic-service -> ts-basic-service -> ts-price-service,5,3,11.309483528137207,11.946476936340332,0.986807644367218,0.45658552646636963,0.659044075012207,0.636993408203125,0.6455091950687022,dataset_1,dataset_2
ts-price-service,ts-preserve-service -> ts-preserve-service -> ts-travel-service -> ts-travel-service -> ts-ticketinfo-service -> ts-ticketinfo-service -> ts-basic-service -> ts-basic-service -> ts-price-service,6,4,11.78490161895752,11.732536315917969,0.3621049225330353,0.5334962010383606,0.2568515141805013,0.05236530303955078,0.1446136182663284,dataset_1,dataset_2
ts-price-service,ts-travel-service -> ts-travel-service -> ts-ticketinfo-service -> ts-ticketinfo-service -> ts-basic-service -> ts-basic-service -> ts-price-service,20,3,11.658953666687012,13.776556968688965,1.1722861528396606,1.5208755731582642,2.1176029205322267,2.117603302001953,1.8063877124816539,dataset_1,dataset_2
ts-route-service,ts-admin-route-service -> ts-admin-route-service -> ts-route-service,8,3,10.767017364501953,11.870862007141113,1.426977515220642,1.159550666809082,1.2241883675257363,1.1038446426391602,0.7735543348547307,dataset_1,dataset_2
ts-route-service,ts-food-service -> ts-food-service -> ts-travel-service -> ts-travel-service -> ts-route-service,18,2,10.385921478271484,11.500286102294922,0.9874909520149231,0.09643888473510742,1.114363776312934,1.1143646240234375,1.1284808450645907,dataset_1,dataset_2
ts-route-service,ts-preserve-service -> ts-preserve-service -> ts-seat-service -> ts-seat-service -> ts-travel-service -> ts-travel-service -> ts-route-service,5,3,9.843944549560547,10.045870780944824,0.8442080020904541,0.9546065926551819,0.338606325785319,0.20192623138427734,0.2391901413920045,dataset_1,dataset_2
ts-route-service,ts-preserve-service -> ts-preserve-service -> ts-ticketinfo-service -> ts-ticketinfo-service -> ts-basic-service -> ts-basic-service -> ts-route-service,5,3,10.469503402709961,11.146339416503906,1.269076943397522,0.42564740777015686,1.0030561447143556,0.6768360137939453,0.5333293755869105,dataset_1,dataset_2
ts-route-service,ts-preserve-service -> ts-preserve-service -> ts-travel-service -> ts-travel-service -> ts-route-service,6,4,10.265774726867676,10.581640243530273,1.061682939529419,0.6340011358261108,0.6174225012461344,0.31586551666259766,0.2975139798352624,dataset_1,dataset_2
ts-route-service,ts-preserve-service -> ts-preserve-service -> ts-travel-service -> ts-travel-service -> ts-seat-service -> ts-seat-service -> ts-travel-service -> ts-travel-service -> ts-route-service,10,8,9.993684768676758,11.018872261047363,0.9203752279281616,0.9421754479408264,1.031130504608154,1.0251874923706055,1.1138799277316325,dataset_1,dataset_2
ts-route-service,ts-preserve-service -> ts-preserve-service -> ts-travel-service -> ts-travel-service -> ts-ticketinfo-service -> ts-ticketinfo-service -> ts-basic-service -> ts-basic-service -> ts-route-service,6,4,10.3702392578125,10.941062927246094,1.3460454940795898,0.4548477232456207,1.0510296026865642,0.5708236694335938,0.4240745739607533,dataset_1,dataset_2
ts-route-service,ts-travel-service -> ts-travel-service -> ts-route-service,85,20,10.839975357055664,11.953144073486328,1.6088159084320068,1.1665548086166382,1.1398859136244834,1.113168716430664,0.6919180190824858,dataset_1,dataset_2
ts-route-service,ts-travel-service -> ts-travel-service -> ts-seat-service -> ts-seat-service -> ts-travel-service -> ts-travel-service -> ts-route-service,40,6,9.65110969543457,11.4934663772583,1.1146823167800903,0.06902869045734406,1.873731644948324,1.8423566818237305,1.6528087456752927,dataset_1,dataset_2
ts-route-service,ts-travel-service -> ts-travel-service -> ts-ticketinfo-service -> ts-ticketinfo-service -> ts-basic-service -> ts-basic-service -> ts-route-service,20,3,10.426355361938477,11.005770683288574,1.5853772163391113,1.2094694375991821,0.8574053923288982,0.5794153213500977,0.36547473710266887,dataset_1,dataset_2
ts-route-service,ts-travel2-service -> ts-travel2-service -> ts-route-service,55,5,10.426371574401855,10.282393455505371,1.5282034873962402,1.1153391599655151,0.47294174541126593,0.14397811889648438,0.09421397090370139,dataset_1,dataset_2
ts-route-service,ts-travel2-service -> ts-travel2-service -> ts-seat-service -> ts-seat-service -> ts-travel2-service -> ts-travel2-service -> ts-route-service,2,2,8.699819564819336,8.994298934936523,0.05054616928100586,0.10443973541259766,0.2944788932800293,0.2944793701171875,5.825948322217296,dataset_1,dataset_2
ts-seat-service,ts-preserve-service -> ts-preserve-service -> ts-seat-service,5,3,12.964651107788086,13.39384937286377,0.3995804488658905,0.17904284596443176,0.42919788360595706,0.4291982650756836,1.0741222857471027,dataset_1,dataset_2
ts-seat-service,ts-preserve-service -> ts-preserve-service -> ts-seat-service -> ts-seat-service,15,9,11.222932815551758,11.851531028747559,0.9198973774909973,0.6119213700294495,0.6335324393378365,0.6285982131958008,0.6833351508298573,dataset_1,dataset_2
ts-seat-service,ts-preserve-service -> ts-preserve-service -> ts-travel-service -> ts-travel-service -> ts-seat-service,10,8,13.388422012329102,13.63811206817627,0.25994279980659485,0.3623490631580353,0.2629718542098999,0.24969005584716797,0.9605576920497308,dataset_1,dataset_2
ts-seat-service,ts-preserve-service -> ts-preserve-service -> ts-travel-service -> ts-travel-service -> ts-seat-service -> ts-seat-service,40,32,11.469606399536133,11.727010726928711,0.9159020185470581,0.9054254293441772,0.3439541220664979,0.2574043273925781,0.28103915285710546,dataset_1,dataset_2
ts-seat-service,ts-travel-service -> ts-travel-service -> ts-seat-service,40,6,13.212295532226562,14.790709495544434,0.7655186653137207,1.2716323137283325,1.5784134944279988,1.578413963317871,2.0618882789370185,dataset_1,dataset_2
ts-seat-service,ts-travel-service -> ts-travel-service -> ts-seat-service -> ts-seat-service,160,24,11.241958618164062,12.713821411132812,1.2717022895812988,1.3226027488708496,1.471863011519114,1.47186279296875,1.1573957246340674,dataset_1,dataset_2
ts-seat-service,ts-travel2-service -> ts-travel2-service -> ts-seat-service,2,2,13.453147888183594,13.981531143188477,0.21473264694213867,0.4151639938354492,0.528383731842041,0.5283832550048828,2.4606563674840727,dataset_1,dataset_2
ts-seat-service,ts-travel2-service -> ts-travel2-service -> ts-seat-service -> ts-seat-service,8,8,11.229742050170898,12.290502548217773,1.3300069570541382,0.697526216506958,1.129672884941101,1.060760498046875,0.797560112314282,dataset_1,dataset_2
ts-security-service,ts-preserve-service -> ts-preserve-service -> ts-security-service,7,5,13.679362297058105,14.000307083129883,1.1377819776535034,1.154719591140747,0.3791739600045338,0.32094478607177734,0.2820793371447802,dataset_1,dataset_2
ts-security-service,ts-preserve-service -> ts-preserve-service -> ts-security-service -> ts-security-service,14,10,12.297638893127441,12.514521598815918,1.25054132938385,0.848877489566803,0.4178039823259627,0.21688270568847656,0.1734310578886154,dataset_1,dataset_2
ts-station-service,ts-admin-basic-info-service -> ts-admin-basic-info-service -> ts-station-service,9,4,10.693353652954102,11.130006790161133,1.0752712488174438,1.1847676038742065,0.5014286835988362,0.43665313720703125,0.40608649927843915,dataset_1,dataset_2
ts-station-service,ts-food-service -> ts-food-service -> ts-station-service,36,4,10.165663719177246,10.223376274108887,1.2519601583480835,1.0197982788085938,0.29533534579806864,0.057712554931640625,0.04609775682302085,dataset_1,dataset_2
ts-station-service,ts-order-other-service -> ts-order-other-service -> ts-station-service,16,4,11.142642974853516,13.33971881866455,1.1727432012557983,1.5994620323181152,2.197075843811035,2.197075843811035,1.8734500796579845,dataset_1,dataset_2
ts-station-service,ts-order-service -> ts-order-service -> ts-station-service,16,4,12.378310203552246,13.779441833496094,0.6989550590515137,1.105042815208435,1.4011319875717163,1.4011316299438477,2.0046090400221037,dataset_1,dataset_2
ts-station-service,ts-preserve-service -> ts-preserve-service -> ts-station-service,10,6,11.103214263916016,10.668131828308105,1.1571184396743774,1.1552695035934448,0.5068555514017741,0.43508243560791016,0.37600510085237765,dataset_1,dataset_2
ts-station-service,ts-preserve-service -> ts-preserve-service -> ts-ticketinfo-service -> ts-ticketinfo-service -> ts-basic-service -> ts-basic-service -> ts-station-service,20,12,11.394255638122559,11.456954002380371,1.151479721069336,1.0617060661315918,0.16494456926981613,0.0626983642578125,0.05445025484216681,dataset_1,dataset_2
ts-station-service,ts-preserve-service -> ts-preserve-service -> ts-travel-service -> ts-travel-service -> ts-ticketinfo-service -> ts-ticketinfo-service -> ts-basic-service -> ts-basic-service -> ts-station-service,56,40,10.738717079162598,11.09289836883545,1.3040847778320312,1.239214539527893,0.3822747843606131,0.35418128967285156,0.2715937611522913,dataset_1,dataset_2
ts-station-service,ts-travel-service -> ts-travel-service -> ts-ticketinfo-service -> ts-ticketinfo-service -> ts-basic-service -> ts-basic-service -> ts-station-service,194,32,10.065496444702148,10.968925476074219,1.4834707975387573,1.1077746152877808,0.9367106947087751,0.9034290313720703,0.6089968423180013,dataset_1,dataset_2
ts-station-service,ts-travel2-service -> ts-travel2-service -> ts-ticketinfo-service -> ts-ticketinfo-service -> ts-basic-service -> ts-basic-service -> ts-station-service,31,11,9.463068008422852,9.130474090576172,1.3169375658035278,0.7572280168533325,0.5649289161928239,0.3325939178466797,0.25255101417336207,dataset_1,dataset_2
ts-ticketinfo-service,ts-preserve-service -> ts-preserve-service -> ts-ticketinfo-service,5,3,13.936546325683594,13.950177192687988,0.2483900636434555,0.0497954823076725,0.18672332763671876,0.013630867004394531,0.05487686103241462,dataset_1,dataset_2
ts-ticketinfo-service,ts-preserve-service -> ts-preserve-service -> ts-ticketinfo-service -> ts-ticketinfo-service,5,3,13.924737930297852,13.935006141662598,0.24877354502677917,0.05061427876353264,0.18546155293782554,0.010268211364746094,0.04127533481761807,dataset_1,dataset_2
ts-ticketinfo-service,ts-preserve-service -> ts-preserve-service -> ts-travel-service -> ts-travel-service -> ts-ticketinfo-service,38,28,12.40636157989502,12.605372428894043,1.0098071098327637,0.9984448552131653,0.27286098236428163,0.19901084899902344,0.19707808259736065,dataset_1,dataset_2
ts-ticketinfo-service,ts-preserve-service -> ts-preserve-service -> ts-travel-service -> ts-travel-service -> ts-ticketinfo-service -> ts-ticketinfo-service,38,28,12.0245361328125,12.393689155578613,1.141660451889038,1.0815268754959106,0.4276520811525503,0.3691530227661133,0.3233474735463575,dataset_1,dataset_2
ts-ticketinfo-service,ts-travel-service -> ts-travel-service -> ts-ticketinfo-service,134,23,11.988859176635742,13.149213790893555,1.2153156995773315,1.3385010957717896,1.1634331269360147,1.1603546142578125,0.9547762895364277,dataset_1,dataset_2
ts-ticketinfo-service,ts-travel-service -> ts-travel-service -> ts-ticketinfo-service -> ts-ticketinfo-service,134,23,11.662365913391113,12.7184476852417,1.3532344102859497,1.4277020692825317,1.0560831169583904,1.056081771850586,0.7804130340045278,dataset_1,dataset_2
ts-ticketinfo-service,ts-travel2-service -> ts-travel2-service -> ts-ticketinfo-service,28,8,11.745726585388184,11.816610336303711,0.7766228914260864,1.0942896604537964,0.40353557041713173,0.07088375091552734,0.09127177642853908,dataset_1,dataset_2
ts-ticketinfo-service,ts-travel2-service -> ts-travel2-service -> ts-ticketinfo-service -> ts-ticketinfo-service,28,8,11.31994915008545,10.94729232788086,1.0139877796173096,1.2633991241455078,0.753736138343811,0.37265682220458984,0.36751608815762526,dataset_1,dataset_2
ts-train-service,ts-admin-basic-info-service -> ts-admin-basic-info-service -> ts-train-service,10,4,11.112883567810059,11.410685539245605,1.1335252523422241,1.320855736732483,0.4376473426818848,0.2978019714355469,0.2627219559689501,dataset_1,dataset_2
ts-train-service,ts-preserve-service -> ts-preserve-service -> ts-seat-service -> ts-seat-service -> ts-travel-service -> ts-travel-service -> ts-train-service,5,3,10.52523422241211,10.901284217834473,1.318932056427002,0.693686306476593,0.7881310145060221,0.3760499954223633,0.28511703358024815,dataset_1,dataset_2
ts-train-service,ts-preserve-service -> ts-preserve-service -> ts-ticketinfo-service -> ts-ticketinfo-service -> ts-basic-service -> ts-basic-service -> ts-train-service,5,3,11.85189151763916,10.274304389953613,0.3714311718940735,0.4787047505378723,1.5775857925415038,1.5775871276855469,4.247320222588778,dataset_1,dataset_2
ts-train-service,ts-preserve-service -> ts-preserve-service -> ts-travel-service -> ts-travel-service -> ts-seat-service -> ts-seat-service -> ts-travel-service -> ts-travel-service -> ts-train-service,10,8,11.012476921081543,10.956779479980469,0.99314945936203,1.1030256748199463,0.6739777326583862,0.05569744110107422,0.05608163059047791,dataset_1,dataset_2
ts-train-service,ts-preserve-service -> ts-preserve-service -> ts-travel-service -> ts-travel-service -> ts-ticketinfo-service -> ts-ticketinfo-service -> ts-basic-service -> ts-basic-service -> ts-train-service,6,4,10.765471458435059,11.080120086669922,0.848391056060791,0.5981297492980957,0.5633916060129801,0.3146486282348633,0.3708768804044503,dataset_1,dataset_2
ts-train-service,ts-preserve-service -> ts-preserve-service -> ts-travel-service -> ts-travel-service -> ts-train-service,5,3,11.943726539611816,11.683833122253418,0.414968341588974,0.388774037361145,0.28113117218017575,0.25989341735839844,0.6262969757240487,dataset_1,dataset_2
ts-train-service,ts-travel-service -> ts-travel-service -> ts-seat-service -> ts-seat-service -> ts-travel-service -> ts-travel-service -> ts-train-service,40,6,10.12317180633545,11.264765739440918,1.3641170263290405,0.7090713977813721,1.313076114654541,1.1415939331054688,0.8368738979657772,dataset_1,dataset_2
ts-train-service,ts-travel-service -> ts-travel-service -> ts-ticketinfo-service -> ts-ticketinfo-service -> ts-basic-service -> ts-basic-service -> ts-train-service,20,3,10.778383255004883,13.447306632995605,1.5453401803970337,1.6466407775878906,2.668923838933309,2.6689233779907227,1.7270782264297395,dataset_1,dataset_2
ts-train-service,ts-travel-service -> ts-travel-service -> ts-train-service,20,3,10.625706672668457,12.228816986083984,1.386177897453308,0.5929762721061707,1.603111426035563,1.6031103134155273,1.1564968077768145,dataset_1,dataset_2
ts-train-service,ts-travel2-service -> ts-travel2-service -> ts-seat-service -> ts-seat-service -> ts-travel2-service -> ts-travel2-service -> ts-train-service,2,2,9.230413436889648,11.800257682800293,0.12376785278320312,0.37964534759521484,2.5698442459106445,2.5698442459106445,20.763422715364463,dataset_1,dataset_2
ts-travel-service,ts-food-service -> ts-food-service -> ts-travel-service,19,3,11.55212116241455,12.428866386413574,0.7072251439094543,0.7360755801200867,0.882162796823602,0.8767452239990234,1.2396974733569042,dataset_1,dataset_2
ts-travel-service,ts-food-service -> ts-food-service -> ts-travel-service -> ts-travel-service,18,2,10.745288848876953,11.82276725769043,0.8329852223396301,0.37671899795532227,1.0774786207411022,1.0774784088134766,1.2935144344903637,dataset_1,dataset_2
ts-travel-service,ts-preserve-service -> ts-preserve-service -> ts-seat-service -> ts-seat-service -> ts-travel-service,10,6,11.304326057434082,12.22125244140625,0.909209668636322,0.32908910512924194,0.9250498135884604,0.916926383972168,1.0084872781296088,dataset_1,dataset_2
ts-travel-service,ts-preserve-service -> ts-preserve-service -> ts-seat-service -> ts-seat-service -> ts-travel-service -> ts-travel-service,10,6,10.49718189239502,10.845900535583496,1.1809587478637695,0.8484081625938416,0.5217388788859049,0.34871864318847656,0.29528435588395613,dataset_1,dataset_2
ts-travel-service,ts-preserve-service -> ts-preserve-service -> ts-travel-service,6,4,15.179306983947754,15.739777565002441,0.38597622513771057,0.21946971118450165,0.5604709784189861,0.5604705810546875,1.4520857621598842,dataset_1,dataset_2
ts-travel-service,ts-preserve-service -> ts-preserve-service -> ts-travel-service -> ts-travel-service,64,48,12.197925567626953,12.560145378112793,1.246019959449768,1.2013903856277466,0.363526518146197,0.36221981048583984,0.2907014512398285,dataset_1,dataset_2
ts-travel-service,ts-preserve-service -> ts-preserve-service -> ts-travel-service -> ts-travel-service -> ts-seat-service -> ts-seat-service -> ts-travel-service,20,16,12.011579513549805,12.3544340133667,0.5025679469108582,0.5700610876083374,0.34285371303558354,0.34285449981689453,0.6822052658239017,dataset_1,dataset_2
ts-travel-service,ts-preserve-service -> ts-preserve-service -> ts-travel-service -> ts-travel-service -> ts-seat-service -> ts-seat-service -> ts-travel-service -> ts-travel-service,20,16,10.586164474487305,11.11231803894043,1.1204917430877686,1.0492262840270996,0.5302746176719666,0.526153564453125,0.4695737989136714,dataset_1,dataset_2
ts-travel-service,ts-travel-service -> ts-travel-service,299,55,11.848087310791016,12.85351276397705,1.4056316614151,1.4546034336090088,1.0076052152773427,1.0054254531860352,0.7152837267295453,dataset_1,dataset_2
ts-travel-service,ts-travel-service -> ts-travel-service -> ts-seat-service -> ts-seat-service -> ts-travel-service,80,12,11.757007598876953,12.782233238220215,0.8494846820831299,0.41605135798454285,1.0423648993174235,1.0252256393432617,1.206879489373693,dataset_1,dataset_2
ts-travel-service,ts-travel-service -> ts-travel-service -> ts-seat-service -> ts-seat-service -> ts-travel-service -> ts-travel-service,80,12,10.442355155944824,11.57519817352295,1.2196578979492188,0.6939910054206848,1.1807228604952495,1.132843017578125,0.9288203023839162,dataset_1,dataset_2
ts-travel-service,ts-travel-service,17,4,15.160500526428223,16.152847290039062,1.1858974695205688,1.554455280303955,1.0488222907571232,0.9923467636108398,0.8367896796440782,dataset_1,dataset_2
ts-travel2-service,ts-travel2-service -> ts-travel2-service,87,17,11.400975227355957,11.608094215393066,1.3368771076202393,1.5672779083251953,0.457039655746037,0.20711898803710938,0.15492747003933643,dataset_1,dataset_2
ts-travel2-service,ts-travel2-service -> ts-travel2-service -> ts-seat-service -> ts-seat-service -> ts-travel2-service,4,4,12.182645797729492,12.820943832397461,0.8237519860267639,0.6325646042823792,0.727813720703125,0.6382980346679688,0.774866762685086,dataset_1,dataset_2
ts-travel2-service,ts-travel2-service -> ts-travel2-service -> ts-seat-service -> ts-seat-service -> ts-travel2-service -> ts-travel2-service,4,4,10.482757568359375,11.234025955200195,1.1333825588226318,1.1707804203033447,0.7512674331665039,0.7512683868408203,0.6628550801251475,dataset_1,dataset_2
ts-user-service,ts-admin-user-service -> ts-admin-user-service -> ts-user-service,10,3,11.63880729675293,12.961723327636719,1.6147674322128296,1.0954564809799194,1.379562536875407,1.322916030883789,0.8192610307175343,dataset_1,dataset_2
ts-user-service,ts-preserve-service -> ts-preserve-service -> ts-user-service,5,3,13.14924144744873,12.848800659179688,1.476320505142212,2.2981836795806885,1.1434027353922527,0.30044078826904297,0.2035064792655589,dataset_1,dataset_2
ts-verification-code-service,ts-auth-service -> ts-auth-service -> ts-verification-code-service,2,2,12.407365798950195,13.865605354309082,1.0238652229309082,0.04207611083984375,1.458240032196045,1.4582395553588867,1.4242495229836425,dataset_1,dataset_2
ts-verification-code-service,ts-verification-code-service,13,6,11.944840431213379,12.290566444396973,1.5869253873825073,1.6651781797409058,0.48047741865500426,0.34572601318359375,0.21785902218997086,dataset_1,dataset_2
ts-admin-basic-info-service,ts-admin-basic-info-service -> ts-admin-basic-info-service,44,40,11.4307222366333,11.967796325683594,1.0602558851242065,0.9930031895637512,0.5370744315060703,0.537074089050293,0.5065513868733452,dataset_1,dataset_3
ts-admin-basic-info-service,ts-admin-basic-info-service,44,40,12.191496849060059,12.627050399780273,0.7605253458023071,0.83769690990448,0.43731874119151737,0.43555355072021484,0.572700900928861,dataset_1,dataset_3
ts-admin-order-service,ts-admin-order-service -> ts-admin-order-service,17,10,11.10649585723877,11.601032257080078,1.8029454946517944,1.3853212594985962,0.5230431668898639,0.4945363998413086,0.2742935941814587,dataset_1,dataset_3
ts-admin-order-service,ts-admin-order-service,13,8,12.580058097839355,13.167400360107422,1.1089202165603638,1.1508477926254272,0.6783396555827215,0.5873422622680664,0.5296524073570216,dataset_1,dataset_3
ts-admin-route-service,ts-admin-route-service -> ts-admin-route-service,8,6,12.248291015625,11.812080383300781,0.6976523399353027,1.2639621496200562,0.6305650075276692,0.43621063232421875,0.6252550265432651,dataset_1,dataset_3
ts-admin-route-service,ts-admin-route-service,8,6,12.907196044921875,13.172799110412598,1.0801652669906616,1.1157742738723755,0.35304474830627436,0.26560306549072266,0.24589113685417074,dataset_1,dataset_3
ts-admin-travel-service,ts-admin-travel-service -> ts-admin-travel-service,15,2,11.508854866027832,12.931727409362793,2.282992124557495,0.7894363403320312,1.7462471326192222,1.422872543334961,0.623248993296791,dataset_1,dataset_3
ts-admin-travel-service,ts-admin-travel-service,13,2,12.255640983581543,14.18979263305664,1.817131757736206,1.61409330368042,1.9341511726379395,1.9341516494750977,1.0643981325188414,dataset_1,dataset_3
ts-admin-user-service,ts-admin-user-service -> ts-admin-user-service,10,6,11.57443904876709,12.894206047058105,1.9563277959823608,1.2314776182174683,1.384220790863037,1.3197669982910156,0.6746144490720691,dataset_1,dataset_3
ts-admin-user-service,ts-admin-user-service,10,6,12.99218463897705,13.741374015808105,1.2970428466796875,1.3818546533584595,0.7491888364156087,0.7491893768310547,0.5776134371728057,dataset_1,dataset_3
ts-assurance-service,ts-assurance-service,17,5,11.066365242004395,12.948101997375488,1.40098237991333,2.1031463146209717,1.888796256570255,1.8817367553710938,1.3431551904939054,dataset_1,dataset_3
ts-auth-service,ts-auth-service -> ts-auth-service,2,2,13.307029724121094,13.027669906616211,1.790769100189209,1.3593497276306152,0.43141937255859375,0.2793598175048828,0.15599990946647796,dataset_1,dataset_3
ts-auth-service,ts-auth-service,15,11,13.599656105041504,13.779618263244629,0.7526528835296631,0.8284646272659302,0.2424510146632339,0.179962158203125,0.2391037915900477,dataset_1,dataset_3
ts-basic-service,ts-preserve-service -> ts-preserve-service -> ts-ticketinfo-service -> ts-ticketinfo-service -> ts-basic-service,5,3,13.922889709472656,13.423932075500488,0.24886314570903778,0.22055305540561676,0.4989571253458659,0.49895763397216797,2.0049478702464527,dataset_1,dataset_3
ts-basic-service,ts-preserve-service -> ts-preserve-service -> ts-ticketinfo-service -> ts-ticketinfo-service -> ts-basic-service -> ts-basic-service,35,21,11.223673820495605,10.220105171203613,1.0370066165924072,1.100891351699829,1.0059088843209403,1.0035686492919922,0.96775529995142,dataset_1,dataset_3
ts-basic-service,ts-preserve-service -> ts-preserve-service -> ts-travel-service -> ts-travel-service -> ts-ticketinfo-service -> ts-ticketinfo-service -> ts-basic-service,38,21,11.991045951843262,11.974014282226562,1.1615830659866333,1.0838059186935425,0.1711367078891075,0.01703166961669922,0.014662463766405499,dataset_1,dataset_3
ts-basic-service,ts-preserve-service -> ts-preserve-service -> ts-travel-service -> ts-travel-service -> ts-ticketinfo-service -> ts-ticketinfo-service -> ts-basic-service -> ts-basic-service,74,39,10.958902359008789,10.933258056640625,1.1953808069229126,1.183603048324585,0.19223754635637033,0.025644302368164062,0.021452830946965176,dataset_1,dataset_3
ts-basic-service,ts-travel-service -> ts-travel-service -> ts-ticketinfo-service -> ts-ticketinfo-service -> ts-basic-service,134,50,11.525586128234863,12.319979667663574,1.4356542825698853,1.4099844694137573,0.7943921615828329,0.7943935394287109,0.5533320584721212,dataset_1,dataset_3
ts-basic-service,ts-travel-service -> ts-travel-service -> ts-ticketinfo-service -> ts-ticketinfo-service -> ts-basic-service -> ts-basic-service,254,86,10.560685157775879,11.364775657653809,1.4140101671218872,1.6498347520828247,0.8040904893999113,0.8040904998779297,0.5686596310085918,dataset_1,dataset_3
ts-basic-service,ts-travel2-service -> ts-travel2-service -> ts-ticketinfo-service -> ts-ticketinfo-service -> ts-basic-service,28,32,10.915373802185059,12.228614807128906,1.2410954236984253,1.4424852132797241,1.3132436573505402,1.3132410049438477,1.0581305674550237,dataset_1,dataset_3
ts-basic-service,ts-travel2-service -> ts-travel2-service -> ts-ticketinfo-service -> ts-ticketinfo-service -> ts-basic-service -> ts-basic-service,34,56,9.983808517456055,11.342208862304688,1.274095058441162,1.566924810409546,1.3583994943554665,1.3584003448486328,1.066168757071091,dataset_1,dataset_3
ts-config-service,ts-admin-basic-info-service -> ts-admin-basic-info-service -> ts-config-service,9,8,10.907726287841797,11.605260848999023,1.2267142534255981,1.2095155715942383,0.6986457506815591,0.6975345611572266,0.5686202464912771,dataset_1,dataset_3
ts-config-service,ts-preserve-service -> ts-preserve-service -> ts-travel-service -> ts-travel-service -> ts-seat-service -> ts-seat-service -> ts-config-service,10,6,11.307682991027832,11.092208862304688,1.0450505018234253,0.8714218735694885,0.3460336367289226,0.21547412872314453,0.20618537414907787,dataset_1,dataset_3
ts-config-service,ts-travel-service -> ts-travel-service -> ts-seat-service -> ts-seat-service -> ts-config-service,40,12,10.402437210083008,12.506669044494629,1.6041814088821411,1.8842029571533203,2.104231842358907,2.104231834411621,1.311716881121279,dataset_1,dataset_3
ts-config-service,ts-travel2-service -> ts-travel2-service -> ts-seat-service -> ts-seat-service -> ts-config-service,2,8,8.899953842163086,13.16215991973877,0.09607887268066406,1.880161166191101,4.2622058391571045,4.262206077575684,44.36153296408791,dataset_1,dataset_3
ts-consign-price-service,ts-consign-price-service,2,8,11.908092498779297,11.27010726928711,0.6104159355163574,0.6804631948471069,0.6434404850006104,0.6379852294921875,1.0451647677783984,dataset_1,dataset_3
ts-consign-price-service,ts-consign-service -> ts-consign-service -> ts-consign-price-service,7,10,12.487753868103027,11.924970626831055,1.0744787454605103,1.4857910871505737,0.7267702647617886,0.5627832412719727,0.5237732655481888,dataset_1,dataset_3
ts-consign-service,ts-consign-service -> ts-consign-service,7,10,12.37895679473877,11.8223237991333,1.2936358451843262,1.5021229982376099,0.6127522059849333,0.5566329956054688,0.4302856925908356,dataset_1,dataset_3
ts-consign-service,ts-consign-service,11,16,13.033581733703613,12.684850692749023,1.3502787351608276,1.240246057510376,0.41554491628300066,0.34873104095458984,0.25826596529571616,dataset_1,dataset_3
ts-contacts-service,ts-admin-basic-info-service -> ts-admin-basic-info-service -> ts-contacts-service,8,8,11.813669204711914,12.374357223510742,0.5391069054603577,0.6914390921592712,0.5606882572174072,0.5606880187988281,1.0400312315050793,dataset_1,dataset_3
ts-contacts-service,ts-contacts-service,17,5,11.777132034301758,12.70392894744873,1.130068063735962,1.5814039707183838,0.926796026790843,0.9267969131469727,0.8201248605177085,dataset_1,dataset_3
ts-contacts-service,ts-preserve-service -> ts-preserve-service -> ts-contacts-service,7,3,11.501297950744629,11.844311714172363,1.0387992858886719,0.7512503266334534,0.5024043037777856,0.3430137634277344,0.3302021555918697,dataset_1,dataset_3
ts-execute-service,ts-execute-service -> ts-execute-service,8,10,11.312643051147461,11.605315208435059,1.4202690124511719,1.0023837089538574,0.5121504068374634,0.29267215728759766,0.20606811436552383,dataset_1,dataset_3
ts-execute-service,ts-execute-service,4,4,13.339330673217773,13.854326248168945,1.3322771787643433,0.968254804611206,0.558429479598999,0.5149955749511719,0.38655287590290976,dataset_1,dataset_3
ts-food-map-service,ts-food-service -> ts-food-service -> ts-food-map-service,37,8,11.499391555786133,13.281217575073242,1.2144865989685059,1.5562505722045898,1.781826776427192,1.7818260192871094,1.467143417474066,dataset_1,dataset_3
ts-food-service,ts-food-service -> ts-food-service,92,19,11.162726402282715,12.260446548461914,1.2017560005187988,1.6096391677856445,1.0977210212899566,1.0977201461791992,0.9134301353230712,dataset_1,dataset_3
ts-food-service,ts-food-service,19,5,13.485759735107422,14.763201713562012,0.8302815556526184,1.387383222579956,1.277442761471397,1.2774419784545898,1.5385648034183947,dataset_1,dataset_3
ts-food-service,ts-preserve-service -> ts-preserve-service -> ts-food-service,5,3,12.518356323242188,11.918469429016113,0.9445711970329285,0.3233887851238251,0.5998861948649088,0.5998868942260742,0.6350891241554147,dataset_1,dataset_3
ts-inside-payment-service,ts-inside-payment-service -> ts-inside-payment-service,6,10,12.5065279006958,12.117962837219238,2.32757568359375,1.7105894088745117,0.8304045041402182,0.3885650634765625,0.1669398190638521,dataset_1,dataset_3
ts-inside-payment-service,ts-inside-payment-service,2,6,15.426127433776855,13.117980003356934,1.3552312850952148,1.806967854499817,2.30814790725708,2.308147430419922,1.703139128947837,dataset_1,dataset_3
ts-notification-service,ts-notification-service,3,3,15.069969177246094,15.123480796813965,0.15840357542037964,0.10512172430753708,0.060017903645833336,0.053511619567871094,0.33781825584339986,dataset_1,dataset_3
ts-notification-service,ts-preserve-service -> ts-preserve-service -> ts-notification-service,5,3,15.805013656616211,15.334869384765625,0.5706464052200317,0.11114682257175446,0.4701444625854492,0.47014427185058594,0.8238801954238302,dataset_1,dataset_3
ts-order-other-service,ts-admin-order-service -> ts-admin-order-service -> ts-order-other-service,6,2,11.61853313446045,11.793288230895996,1.2086200714111328,0.37931060791015625,0.5687265396118164,0.17475509643554688,0.14459059597736976,dataset_1,dataset_3
ts-order-other-service,ts-order-other-service -> ts-order-other-service,17,7,11.580093383789062,12.49056339263916,1.0317717790603638,0.9708138704299927,0.910470064948587,0.9104700088500977,0.8824335258319085,dataset_1,dataset_3
ts-order-other-service,ts-order-other-service,17,7,12.115920066833496,12.685592651367188,1.2126269340515137,1.7693573236465454,0.9218838876035033,0.5696725845336914,0.46978387873206445,dataset_1,dataset_3
ts-order-other-service,ts-preserve-service -> ts-preserve-service -> ts-security-service -> ts-security-service -> ts-order-other-service,7,3,12.577203750610352,11.619781494140625,1.206984281539917,0.31992173194885254,0.9574224835350401,0.9574222564697266,0.7932350662000424,dataset_1,dataset_3
ts-order-other-service,ts-travel2-service -> ts-travel2-service -> ts-seat-service -> ts-seat-service -> ts-order-other-service,2,8,10.942598342895508,11.775524139404297,0.5455737113952637,1.3870553970336914,1.098534345626831,0.8329257965087891,1.526697088059181,dataset_1,dataset_3
ts-payment-service,ts-inside-payment-service -> ts-inside-payment-service -> ts-payment-service,2,2,14.557334899902344,14.092057228088379,1.467383861541748,1.5153493881225586,0.46527814865112305,0.46527767181396484,0.3170797253590535,dataset_1,dataset_3
ts-preserve-service,ts-preserve-service -> ts-preserve-service,62,33,12.930760383605957,12.865219116210938,1.8320505619049072,1.452620267868042,0.3438631208760996,0.06554126739501953,0.035774813620248466,dataset_1,dataset_3
ts-preserve-service,ts-preserve-service,8,3,15.452038764953613,16.537294387817383,2.7029213905334473,0.4828684628009796,1.2759544452031457,1.0852556228637695,0.40151209231045526,dataset_1,dataset_3
ts-price-service,ts-admin-basic-info-service -> ts-admin-basic-info-service -> ts-price-service,8,8,11.969368934631348,11.195579528808594,0.7539410591125488,0.7666506767272949,0.8350539207458496,0.7737894058227539,1.026326125192821,dataset_1,dataset_3
ts-price-service,ts-preserve-service -> ts-preserve-service -> ts-ticketinfo-service -> ts-ticketinfo-service -> ts-basic-service -> ts-basic-service -> ts-price-service,5,3,11.309483528137207,10.919078826904297,0.986807644367218,0.47240546345710754,0.8249186833699544,0.39040470123291016,0.3956239125845583,dataset_1,dataset_3
ts-price-service,ts-preserve-service -> ts-preserve-service -> ts-travel-service -> ts-travel-service -> ts-ticketinfo-service -> ts-ticketinfo-service -> ts-basic-service -> ts-basic-service -> ts-price-service,6,3,11.78490161895752,11.459155082702637,0.3621049225330353,0.727921187877655,0.4484041531880696,0.3257465362548828,0.8995915713495017,dataset_1,dataset_3
ts-price-service,ts-travel-service -> ts-travel-service -> ts-ticketinfo-service -> ts-ticketinfo-service -> ts-basic-service -> ts-basic-service -> ts-price-service,20,6,11.658953666687012,12.889107704162598,1.1722861528396606,2.0783016681671143,1.3737412770589192,1.230154037475586,1.049363275763132,dataset_1,dataset_3
ts-route-service,ts-admin-route-service -> ts-admin-route-service -> ts-route-service,8,6,10.767017364501953,10.948067665100098,1.426977515220642,1.1870954036712646,0.5957622130711875,0.18105030059814453,0.12687677182506282,dataset_1,dataset_3
ts-route-service,ts-food-service -> ts-food-service -> ts-travel-service -> ts-travel-service -> ts-route-service,18,3,10.385921478271484,10.528087615966797,0.9874909520149231,0.9309702515602112,0.520809120602078,0.1421661376953125,0.1439670281588201,dataset_1,dataset_3
ts-route-service,ts-preserve-service -> ts-preserve-service -> ts-seat-service -> ts-seat-service -> ts-travel-service -> ts-travel-service -> ts-route-service,5,3,9.843944549560547,9.188971519470215,0.8442080020904541,0.24533572793006897,0.654973030090332,0.654973030090332,0.7758431908587309,dataset_1,dataset_3
ts-route-service,ts-preserve-service -> ts-preserve-service -> ts-ticketinfo-service -> ts-ticketinfo-service -> ts-basic-service -> ts-basic-service -> ts-route-service,5,3,10.469503402709961,10.012125968933105,1.269076943397522,0.4515345096588135,0.9678925196329753,0.45737743377685547,0.3604016574065107,dataset_1,dataset_3
ts-route-service,ts-preserve-service -> ts-preserve-service -> ts-travel-service -> ts-travel-service -> ts-route-service,6,3,10.265774726867676,9.85500717163086,1.061682939529419,0.31370463967323303,0.8069451649983724,0.4107675552368164,0.38690228498810136,dataset_1,dataset_3
ts-route-service,ts-preserve-service -> ts-preserve-service -> ts-travel-service -> ts-travel-service -> ts-seat-service -> ts-seat-service -> ts-travel-service -> ts-travel-service -> ts-route-service,10,6,9.993684768676758,9.69970989227295,0.9203752279281616,0.8354076147079468,0.35590085983276376,0.2939748764038086,0.31940763667180566,dataset_1,dataset_3
ts-route-service,ts-preserve-service -> ts-preserve-service -> ts-travel-service -> ts-travel-service -> ts-ticketinfo-service -> ts-ticketinfo-service -> ts-basic-service -> ts-basic-service -> ts-route-service,6,3,10.3702392578125,10.178187370300293,1.3460454940795898,0.9716766476631165,0.634130318959554,0.19205188751220703,0.14267860065422963,dataset_1,dataset_3
ts-route-service,ts-travel-service -> ts-travel-service -> ts-route-service,85,50,10.839975357055664,12.068315505981445,1.6088159084320068,1.586717963218689,1.2408582047855155,1.2283401489257812,0.763505720255435,dataset_1,dataset_3
ts-route-service,ts-travel-service -> ts-travel-service -> ts-seat-service -> ts-seat-service -> ts-travel-service -> ts-travel-service -> ts-route-service,40,12,9.65110969543457,10.639145851135254,1.1146823167800903,1.2631738185882568,0.9880373318990072,0.9880361557006836,0.8863836277180379,dataset_1,dataset_3
ts-route-service,ts-travel-service -> ts-travel-service -> ts-ticketinfo-service -> ts-ticketinfo-service -> ts-basic-service -> ts-basic-service -> ts-route-service,20,6,10.426355361938477,10.39284610748291,1.5853772163391113,1.4909271001815796,0.6637753963470459,0.033509254455566406,0.021136455166767577,dataset_1,dataset_3
ts-route-service,ts-travel2-service -> ts-travel2-service -> ts-route-service,55,20,10.426371574401855,11.201899528503418,1.5282034873962402,1.6204969882965088,0.7854933001778341,0.7755279541015625,0.5074768906743633,dataset_1,dataset_3
ts-route-service,ts-travel2-service -> ts-travel2-service -> ts-seat-service -> ts-seat-service -> ts-travel2-service -> ts-travel2-service -> ts-route-service,2,8,8.699819564819336,9.922947883605957,0.05054616928100586,1.3374404907226562,1.2231279611587524,1.223128318786621,24.1982396724621,dataset_1,dataset_3
ts-seat-service,ts-preserve-service -> ts-preserve-service -> ts-seat-service,5,3,12.964651107788086,12.985405921936035,0.3995804488658905,0.29147839546203613,0.15908114115397137,0.02075481414794922,0.051941515674394444,dataset_1,dataset_3
ts-seat-service,ts-preserve-service -> ts-preserve-service -> ts-seat-service -> ts-seat-service,15,9,11.222932815551758,11.433579444885254,0.9198973774909973,0.7699692249298096,0.37889876895480684,0.2106466293334961,0.22898927042061015,dataset_1,dataset_3
ts-seat-service,ts-preserve-service -> ts-preserve-service -> ts-travel-service -> ts-travel-service -> ts-seat-service,10,6,13.388422012329102,13.274762153625488,0.25994279980659485,0.16385924816131592,0.1474744478861491,0.11365985870361328,0.4372494979210026,dataset_1,dataset_3
ts-seat-service,ts-preserve-service -> ts-preserve-service -> ts-travel-service -> ts-travel-service -> ts-seat-service -> ts-seat-service,40,24,11.469606399536133,11.14300537109375,0.9159020185470581,1.0270403623580933,0.3396232604980469,0.3266010284423828,0.356589484277463,dataset_1,dataset_3
ts-seat-service,ts-travel-service -> ts-travel-service -> ts-seat-service,40,12,13.212295532226562,14.257063865661621,0.7655186653137207,1.2315388917922974,1.0447678645451863,1.0447683334350586,1.364784923966416,dataset_1,dataset_3
ts-seat-service,ts-travel-service -> ts-travel-service -> ts-seat-service -> ts-seat-service,160,48,11.241958618164062,12.429169654846191,1.2717022895812988,1.2755881547927856,1.1872109770774841,1.187211036682129,0.9335605089403526,dataset_1,dataset_3
ts-seat-service,ts-travel2-service -> ts-travel2-service -> ts-seat-service,2,8,13.453147888183594,14.694730758666992,0.21473264694213867,1.3479902744293213,1.241583228111267,1.2415828704833984,5.781993973268314,dataset_1,dataset_3
ts-seat-service,ts-travel2-service -> ts-travel2-service -> ts-seat-service -> ts-seat-service,8,32,11.229742050170898,12.79569149017334,1.3300069570541382,1.4115314483642578,1.5659494698047638,1.5659494400024414,1.1773994351660366,dataset_1,dataset_3
ts-security-service,ts-preserve-service -> ts-preserve-service -> ts-security-service,7,3,13.679362297058105,12.997296333312988,1.1377819776535034,0.329216867685318,0.6936221349807012,0.6820659637451172,0.5994698256266733,dataset_1,dataset_3
ts-security-service,ts-preserve-service -> ts-preserve-service -> ts-security-service -> ts-security-service,14,6,12.297638893127441,11.614418983459473,1.25054132938385,0.28290310502052307,0.9144519170125327,0.6832199096679688,0.5463393281088884,dataset_1,dataset_3
ts-station-service,ts-admin-basic-info-service -> ts-admin-basic-info-service -> ts-station-service,9,8,10.693353652954102,11.286323547363281,1.0752712488174438,1.2619209289550781,0.632501721382141,0.5929698944091797,0.5514607547270635,dataset_1,dataset_3
ts-station-service,ts-food-service -> ts-food-service -> ts-station-service,36,6,10.165663719177246,10.74238109588623,1.2519601583480835,0.9868488311767578,0.7355352507697211,0.5767173767089844,0.4606515413956481,dataset_1,dataset_3
ts-station-service,ts-order-other-service -> ts-order-other-service -> ts-station-service,16,6,11.142642974853516,11.801872253417969,1.1727432012557983,1.0337742567062378,0.6620862483978271,0.6592292785644531,0.5621258582940719,dataset_1,dataset_3
ts-station-service,ts-preserve-service -> ts-preserve-service -> ts-station-service,10,6,11.103214263916016,10.572279930114746,1.1571184396743774,1.1064672470092773,0.5344010035196938,0.5309343338012695,0.45884182258013173,dataset_1,dataset_3
ts-station-service,ts-preserve-service -> ts-preserve-service -> ts-ticketinfo-service -> ts-ticketinfo-service -> ts-basic-service -> ts-basic-service -> ts-station-service,20,12,11.394255638122559,10.3406982421875,1.151479721069336,1.1856769323349,1.0535587469736736,1.0535573959350586,0.9149595747606041,dataset_1,dataset_3
ts-station-service,ts-preserve-service -> ts-preserve-service -> ts-travel-service -> ts-travel-service -> ts-ticketinfo-service -> ts-ticketinfo-service -> ts-basic-service -> ts-basic-service -> ts-station-service,56,30,10.738717079162598,10.600387573242188,1.3040847778320312,1.3426945209503174,0.2434546368462699,0.13832950592041016,0.10607401318676175,dataset_1,dataset_3
ts-station-service,ts-travel-service -> ts-travel-service -> ts-ticketinfo-service -> ts-ticketinfo-service -> ts-basic-service -> ts-basic-service -> ts-station-service,194,68,10.065496444702148,10.967462539672852,1.4834707975387573,1.4320858716964722,0.9019655216961936,0.9019660949707031,0.6080106844483659,dataset_1,dataset_3
ts-station-service,ts-travel2-service -> ts-travel2-service -> ts-ticketinfo-service -> ts-ticketinfo-service -> ts-basic-service -> ts-basic-service -> ts-station-service,31,44,9.463068008422852,10.523656845092773,1.3169375658035278,1.3249635696411133,1.0792839625014587,1.0605888366699219,0.8053448122446146,dataset_1,dataset_3
ts-ticketinfo-service,ts-preserve-service -> ts-preserve-service -> ts-ticketinfo-service,5,3,13.936546325683594,13.48694133758545,0.2483900636434555,0.16153737902641296,0.44960473378499344,0.44960498809814453,1.8100763835042826,dataset_1,dataset_3
ts-ticketinfo-service,ts-preserve-service -> ts-preserve-service -> ts-ticketinfo-service -> ts-ticketinfo-service,5,3,13.924737930297852,13.474051475524902,0.24877354502677917,0.16277296841144562,0.4506860097249349,0.4506864547729492,1.8116333660978106,dataset_1,dataset_3
ts-ticketinfo-service,ts-preserve-service -> ts-preserve-service -> ts-travel-service -> ts-travel-service -> ts-ticketinfo-service,38,21,12.40636157989502,12.140748977661133,1.0098071098327637,0.9814754724502563,0.30626456779346123,0.2656126022338867,0.26303300862862355,dataset_1,dataset_3
ts-ticketinfo-service,ts-preserve-service -> ts-preserve-service -> ts-travel-service -> ts-travel-service -> ts-ticketinfo-service -> ts-ticketinfo-service,38,21,12.0245361328125,12.049198150634766,1.141660451889038,1.0454620122909546,0.22653389933115256,0.024662017822265625,0.02160188502760067,dataset_1,dataset_3
ts-ticketinfo-service,ts-travel-service -> ts-travel-service -> ts-ticketinfo-service,134,50,11.988859176635742,12.817144393920898,1.2153156995773315,1.285696268081665,0.8282885616928783,0.8282852172851562,0.6815391404663178,dataset_1,dataset_3
ts-ticketinfo-service,ts-travel-service -> ts-travel-service -> ts-ticketinfo-service -> ts-ticketinfo-service,134,50,11.662365913391113,12.455601692199707,1.3532344102859497,1.4059133529663086,0.7932367805936444,0.7932357788085938,0.5861776590804962,dataset_1,dataset_3
ts-ticketinfo-service,ts-travel2-service -> ts-travel2-service -> ts-ticketinfo-service,28,32,11.745726585388184,12.679383277893066,0.7766228914260864,1.2953579425811768,0.9336573311260769,0.9336566925048828,1.2022008400891204,dataset_1,dataset_3
ts-ticketinfo-service,ts-travel2-service -> ts-travel2-service -> ts-ticketinfo-service -> ts-ticketinfo-service,28,32,11.31994915008545,12.4199857711792,1.0139877796173096,1.3559445142745972,1.1000368211950575,1.10003662109375,1.0848618131363637,dataset_1,dataset_3
ts-train-service,ts-admin-basic-info-service -> ts-admin-basic-info-service -> ts-train-service,10,8,11.112883567810059,12.105148315429688,1.1335252523422241,0.512783408164978,0.9941665410995485,0.9922647476196289,0.8753794814621854,dataset_1,dataset_3
ts-train-service,ts-preserve-service -> ts-preserve-service -> ts-seat-service -> ts-seat-service -> ts-travel-service -> ts-travel-service -> ts-train-service,5,3,10.52523422241211,10.564743041992188,1.318932056427002,1.028098464012146,0.6939470926920572,0.039508819580078125,0.02995515909068724,dataset_1,dataset_3
ts-train-service,ts-preserve-service -> ts-preserve-service -> ts-ticketinfo-service -> ts-ticketinfo-service -> ts-basic-service -> ts-basic-service -> ts-train-service,5,3,11.85189151763916,10.467509269714355,0.3714311718940735,1.494540810585022,1.6512598673502605,1.3843822479248047,3.727156880412852,dataset_1,dataset_3
ts-train-service,ts-preserve-service -> ts-preserve-service -> ts-travel-service -> ts-travel-service -> ts-seat-service -> ts-seat-service -> ts-travel-service -> ts-travel-service -> ts-train-service,10,6,11.012476921081543,10.68917465209961,0.99314945936203,1.0453583002090454,0.36465380986531587,0.3233022689819336,0.32553234151646565,dataset_1,dataset_3
ts-train-service,ts-preserve-service -> ts-preserve-service -> ts-travel-service -> ts-travel-service -> ts-ticketinfo-service -> ts-ticketinfo-service -> ts-basic-service -> ts-basic-service -> ts-train-service,6,3,10.765471458435059,10.702807426452637,0.848391056060791,1.3618965148925781,0.8734418551127116,0.06266403198242188,0.07386220250055503,dataset_1,dataset_3
ts-train-service,ts-preserve-service -> ts-preserve-service -> ts-travel-service -> ts-travel-service -> ts-train-service,5,3,11.943726539611816,11.21651840209961,0.414968341588974,1.4366098642349243,1.0678781509399413,0.727208137512207,1.752442450736414,dataset_1,dataset_3
ts-train-service,ts-travel-service -> ts-travel-service -> ts-seat-service -> ts-seat-service -> ts-travel-service -> ts-travel-service -> ts-train-service,40,12,10.12317180633545,11.756831169128418,1.3641170263290405,0.9902213215827942,1.6336587429046632,1.6336593627929688,1.197594730702314,dataset_1,dataset_3
ts-train-service,ts-travel-service -> ts-travel-service -> ts-ticketinfo-service -> ts-ticketinfo-service -> ts-basic-service -> ts-basic-service -> ts-train-service,20,6,10.778383255004883,12.484997749328613,1.5453401803970337,2.4047062397003174,1.7066155910491942,1.7066144943237305,1.1043616906960005,dataset_1,dataset_3
ts-train-service,ts-travel-service -> ts-travel-service -> ts-train-service,20,6,10.625706672668457,12.214447021484375,1.386177897453308,0.564516544342041,1.594845104217529,1.588740348815918,1.146130198537113,dataset_1,dataset_3
ts-train-service,ts-travel2-service -> ts-travel2-service -> ts-seat-service -> ts-seat-service -> ts-travel2-service -> ts-travel2-service -> ts-train-service,2,8,9.230413436889648,11.417984008789062,0.12376785278320312,0.9679816365242004,2.187571167945862,2.187570571899414,17.67478810294344,dataset_1,dataset_3
ts-travel-service,ts-admin-travel-service -> ts-admin-travel-service -> ts-travel-service,5,2,11.192967414855957,11.256417274475098,2.3257484436035156,0.13413715362548828,2.179534721374512,0.06344985961914062,0.027281479987075207,dataset_1,dataset_3
ts-travel-service,ts-food-service -> ts-food-service -> ts-travel-service,19,5,11.55212116241455,12.035542488098145,0.7072251439094543,0.5859273076057434,0.4834207635176808,0.48342132568359375,0.6835465761458926,dataset_1,dataset_3
ts-travel-service,ts-food-service -> ts-food-service -> ts-travel-service -> ts-travel-service,18,3,10.745288848876953,11.035568237304688,0.8329852223396301,1.2195146083831787,0.7411146693759495,0.2902793884277344,0.34848083812629727,dataset_1,dataset_3
ts-travel-service,ts-preserve-service -> ts-preserve-service -> ts-seat-service -> ts-seat-service -> ts-travel-service,10,6,11.304326057434082,11.758216857910156,0.909209668636322,0.5170308351516724,0.5284868240356444,0.4538908004760742,0.49921466536628706,dataset_1,dataset_3
ts-travel-service,ts-preserve-service -> ts-preserve-service -> ts-seat-service -> ts-seat-service -> ts-travel-service -> ts-travel-service,10,6,10.49718189239502,9.834506034851074,1.1809587478637695,1.0313633680343628,0.7257431348164876,0.6626758575439453,0.5611337895948155,dataset_1,dataset_3
ts-travel-service,ts-preserve-service -> ts-preserve-service -> ts-travel-service,6,3,15.179306983947754,15.211909294128418,0.38597622513771057,0.1520451307296753,0.19577185312906903,0.03260231018066406,0.0844671460503352,dataset_1,dataset_3
ts-travel-service,ts-preserve-service -> ts-preserve-service -> ts-travel-service -> ts-travel-service,64,36,12.197925567626953,12.040887832641602,1.246019959449768,1.1747634410858154,0.22529753214783138,0.15703773498535156,0.12603147629729633,dataset_1,dataset_3
ts-travel-service,ts-preserve-service -> ts-preserve-service -> ts-travel-service -> ts-travel-service -> ts-seat-service -> ts-seat-service -> ts-travel-service,20,12,12.011579513549805,11.905853271484375,0.5025679469108582,0.3529391586780548,0.16468210220336915,0.10572624206542969,0.21037203569248447,dataset_1,dataset_3
ts-travel-service,ts-preserve-service -> ts-preserve-service -> ts-travel-service -> ts-travel-service -> ts-seat-service -> ts-seat-service -> ts-travel-service -> ts-travel-service,20,12,10.586164474487305,10.10681438446045,1.1204917430877686,0.8172913789749146,0.5399540742238361,0.47935009002685547,0.4278033220538492,dataset_1,dataset_3
ts-travel-service,ts-travel-service -> ts-travel-service,299,124,11.848087310791016,12.790315628051758,1.4056316614151,1.4680936336517334,0.9422292220372575,0.9422283172607422,0.6703237719561375,dataset_1,dataset_3
ts-travel-service,ts-travel-service -> ts-travel-service -> ts-seat-service -> ts-seat-service -> ts-travel-service,80,24,11.757007598876953,12.523348808288574,0.8494846820831299,0.8047295212745667,0.7663406054178875,0.7663412094116211,0.9021248123419694,dataset_1,dataset_3
ts-travel-service,ts-travel-service -> ts-travel-service -> ts-seat-service -> ts-seat-service -> ts-travel-service -> ts-travel-service,80,24,10.442355155944824,11.280349731445312,1.2196578979492188,1.2520300149917603,0.8379943887392678,0.8379945755004883,0.6870734629026104,dataset_1,dataset_3
ts-travel-service,ts-travel-service,17,10,15.160500526428223,15.80162239074707,1.1858974695205688,1.365219235420227,0.6550801389357621,0.6411218643188477,0.5406216648544149,dataset_1,dataset_3
ts-travel2-service,ts-travel2-service -> ts-travel2-service,87,68,11.400975227355957,12.785186767578125,1.3368771076202393,1.6319172382354736,1.3842118708486086,1.384211540222168,1.035406719385141,dataset_1,dataset_3
ts-travel2-service,ts-travel2-service -> ts-travel2-service -> ts-seat-service -> ts-seat-service -> ts-travel2-service,4,16,12.182645797729492,12.917323112487793,0.8237519860267639,0.7603257298469543,0.7346776127815247,0.7346773147583008,0.8918671241108619,dataset_1,dataset_3
ts-travel2-service,ts-travel2-service -> ts-travel2-service -> ts-seat-service -> ts-seat-service -> ts-travel2-service -> ts-travel2-service,4,16,10.482757568359375,11.245054244995117,1.1333825588226318,1.1184695959091187,0.7692083716392517,0.7622966766357422,0.6725855014282406,dataset_1,dataset_3
ts-travel2-service,ts-travel2-service,11,4,14.420289039611816,16.752824783325195,0.7267088890075684,1.1402493715286255,2.3325352452018047,2.332535743713379,3.2097250756060127,dataset_1,dataset_3
ts-user-service,ts-admin-user-service -> ts-admin-user-service -> ts-user-service,10,6,11.63880729675293,12.508183479309082,1.6147674322128296,1.1382237672805786,0.9416293462117513,0.8693761825561523,0.538390956625119,dataset_1,dataset_3
ts-user-service,ts-preserve-service -> ts-preserve-service -> ts-user-service,5,3,13.14924144744873,12.48327350616455,1.476320505142212,0.3050343692302704,0.7103731791178384,0.6659679412841797,0.45109983839181855,dataset_1,dataset_3
ts-verification-code-service,ts-auth-service -> ts-auth-service -> ts-verification-code-service,2,2,12.407365798950195,12.329544067382812,1.0238652229309082,1.340259075164795,0.3163938522338867,0.07782173156738281,0.07600778874450971,dataset_1,dataset_3
ts-verification-code-service,ts-verification-code-service,13,3,11.944840431213379,13.510123252868652,1.5869253873825073,1.0134540796279907,1.6374465991289187,1.5652828216552734,0.9863619512931661,dataset_1,dataset_3
ts-admin-basic-info-service,ts-admin-basic-info-service -> ts-admin-basic-info-service,20,44,12.139059066772461,11.4307222366333,1.1265287399291992,1.0602558851242065,0.7176161115819757,0.7083368301391602,0.628778303679743,dataset_2,dataset_1
ts-admin-basic-info-service,ts-admin-basic-info-service,20,44,12.930994987487793,12.191496849060059,0.9768394827842712,0.7605253458023071,0.7437154986641625,0.7394981384277344,0.7570313766597084,dataset_2,dataset_1
ts-admin-order-service,ts-admin-order-service -> ts-admin-order-service,5,17,12.57020378112793,11.10649585723877,0.7346121072769165,1.8029454946517944,1.5132747481851017,1.4637079238891602,1.9924908797309089,dataset_2,dataset_1
ts-admin-order-service,ts-admin-order-service,4,13,13.767803192138672,12.580058097839355,1.1658082008361816,1.1089202165603638,1.1974420914283166,1.1877450942993164,1.0188168975371767,dataset_2,dataset_1
ts-admin-route-service,ts-admin-route-service -> ts-admin-route-service,3,8,13.045777320861816,12.248291015625,0.7322437763214111,0.6976523399353027,0.7974869410196941,0.7974863052368164,1.0890994652671075,dataset_2,dataset_1
ts-admin-route-service,ts-admin-route-service,3,8,14.287514686584473,12.907196044921875,1.22579824924469,1.0801652669906616,1.380319118499756,1.3803186416625977,1.1260569531022906,dataset_2,dataset_1
ts-admin-user-service,ts-admin-user-service -> ts-admin-user-service,3,10,13.274039268493652,11.57443904876709,1.264326572418213,1.9563277959823608,1.763544782002767,1.6996002197265625,1.344273114877135,dataset_2,dataset_1
ts-admin-user-service,ts-admin-user-service,3,10,14.651625633239746,12.99218463897705,1.066321849822998,1.2970428466796875,1.7346049308776854,1.6594409942626953,1.5562290077223409,dataset_2,dataset_1
ts-assurance-service,ts-assurance-service,3,17,13.439091682434082,11.066365242004395,1.3158633708953857,1.40098237991333,2.432266441046023,2.3727264404296875,1.8031708252621654,dataset_2,dataset_1
ts-auth-service,ts-auth-service -> ts-auth-service,2,2,15.444770812988281,13.307029724121094,0.019452571868896484,1.790769100189209,2.1377410888671875,2.1377410888671875,109.89503615639171,dataset_2,dataset_1
ts-auth-service,ts-auth-service,7,15,14.446588516235352,13.599656105041504,1.4422938823699951,0.7526528835296631,0.8469320297241211,0.8469324111938477,0.5872120942523571,dataset_2,dataset_1
ts-basic-service,ts-preserve-service -> ts-preserve-service -> ts-ticketinfo-service -> ts-ticketinfo-service -> ts-basic-service,3,5,13.933685302734375,13.922889709472656,0.05315614119172096,0.24886314570903778,0.1839242935180664,0.01079559326171875,0.20309211729236953,dataset_2,dataset_1
ts-basic-service,ts-preserve-service -> ts-preserve-service -> ts-ticketinfo-service -> ts-ticketinfo-service -> ts-basic-service -> ts-basic-service,21,35,11.413330078125,11.223673820495605,0.7844433784484863,1.0370066165924072,0.2958377928960891,0.18965625762939453,0.241771761786691,dataset_2,dataset_1
ts-basic-service,ts-preserve-service -> ts-preserve-service -> ts-travel-service -> ts-travel-service -> ts-ticketinfo-service -> ts-ticketinfo-service -> ts-basic-service,28,38,12.271162033081055,11.991045951843262,1.1602717638015747,1.1615830659866333,0.42041885763182685,0.28011608123779297,0.24142282004692253,dataset_2,dataset_1
ts-basic-service,ts-preserve-service -> ts-preserve-service -> ts-travel-service -> ts-travel-service -> ts-ticketinfo-service -> ts-ticketinfo-service -> ts-basic-service -> ts-basic-service,52,74,11.195588111877441,10.958902359008789,1.144038438796997,1.1953808069229126,0.28743331843750886,0.23668575286865234,0.2068861891717004,dataset_2,dataset_1
ts-basic-service,ts-travel-service -> ts-travel-service -> ts-ticketinfo-service -> ts-ticketinfo-service -> ts-basic-service,23,134,12.56790828704834,11.525586128234863,1.4312324523925781,1.4356542825698853,1.0423224685564974,1.0423221588134766,0.7282689524479662,dataset_2,dataset_1
ts-basic-service,ts-travel-service -> ts-travel-service -> ts-ticketinfo-service -> ts-ticketinfo-service -> ts-basic-service -> ts-basic-service,41,254,11.455163955688477,10.560685157775879,1.5065958499908447,1.4140101671218872,0.8960295790373214,0.8944787979125977,0.5937085237013185,dataset_2,dataset_1
ts-basic-service,ts-travel2-service -> ts-travel2-service -> ts-ticketinfo-service -> ts-ticketinfo-service -> ts-basic-service,8,28,10.784151077270508,10.915373802185059,1.3110642433166504,1.2410954236984253,0.6710498843874251,0.13122272491455078,0.10008870700538025,dataset_2,dataset_1
ts-basic-service,ts-travel2-service -> ts-travel2-service -> ts-ticketinfo-service -> ts-ticketinfo-service -> ts-basic-service -> ts-basic-service,14,34,10.206900596618652,9.983808517456055,1.2895779609680176,1.274095058441162,0.30376262023669326,0.22309207916259766,0.17299619403788066,dataset_2,dataset_1
ts-config-service,ts-admin-basic-info-service -> ts-admin-basic-info-service -> ts-config-service,4,9,12.32963752746582,10.907726287841797,0.5064051747322083,1.2267142534255981,1.4219121932983398,1.4219112396240234,2.807852902324593,dataset_2,dataset_1
ts-config-service,ts-preserve-service -> ts-preserve-service -> ts-travel-service -> ts-travel-service -> ts-seat-service -> ts-seat-service -> ts-config-service,8,10,10.887929916381836,11.307682991027832,0.6603922843933105,1.0450505018234253,0.8279797792434693,0.4197530746459961,0.6356117183162051,dataset_2,dataset_1
ts-config-service,ts-travel-service -> ts-travel-service -> ts-seat-service -> ts-seat-service -> ts-config-service,6,40,13.019217491149902,10.402437210083008,1.5843122005462646,1.6041814088821411,2.617804185549418,2.6167802810668945,1.651682212738524,dataset_2,dataset_1
ts-config-service,ts-travel2-service -> ts-travel2-service -> ts-seat-service -> ts-seat-service -> ts-config-service,2,2,10.319198608398438,8.899953842163086,1.125394344329834,0.09607887268066406,1.4192452430725098,1.4192447662353516,1.2611088489879554,dataset_2,dataset_1
ts-consign-price-service,ts-consign-service -> ts-consign-service -> ts-consign-price-service,4,7,12.753693580627441,12.487753868103027,1.7190725803375244,1.0744787454605103,0.7850817952837261,0.26593971252441406,0.15469952552683913,dataset_2,dataset_1
ts-consign-service,ts-consign-service -> ts-consign-service,4,7,12.85152816772461,12.37895679473877,1.7832868099212646,1.2936358451843262,0.8590604918343678,0.47257137298583984,0.26500020656055023,dataset_2,dataset_1
ts-consign-service,ts-consign-service,6,11,13.5257568359375,13.033581733703613,1.528875708580017,1.3502787351608276,0.5637209921172169,0.4921751022338867,0.32191962987691597,dataset_2,dataset_1
ts-contacts-service,ts-admin-basic-info-service -> ts-admin-basic-info-service -> ts-contacts-service,4,8,12.42524528503418,11.813669204711914,1.051263451576233,0.5391069054603577,0.9429500102996826,0.6115760803222656,0.5817533934098886,dataset_2,dataset_1
ts-contacts-service,ts-contacts-service,3,17,13.484118461608887,11.777132034301758,1.7117081880569458,1.130068063735962,1.7069865582036037,1.706986427307129,0.9972414919886684,dataset_2,dataset_1
ts-contacts-service,ts-preserve-service -> ts-preserve-service -> ts-contacts-service,5,7,12.076930046081543,11.501297950744629,0.5953466296195984,1.0387992858886719,0.5773502349853514,0.5756320953369141,0.9668856204069197,dataset_2,dataset_1
ts-execute-service,ts-execute-service -> ts-execute-service,4,8,12.239212989807129,11.312643051147461,1.142770528793335,1.4202690124511719,0.9265695810317993,0.926569938659668,0.8108101454436738,dataset_2,dataset_1
ts-execute-service,ts-execute-service,2,4,14.362171173095703,13.339330673217773,1.3696117401123047,1.3322771787643433,1.0228407382965088,1.0228404998779297,0.7468105521598839,dataset_2,dataset_1
ts-food-map-service,ts-food-service -> ts-food-service -> ts-food-map-service,5,37,13.637392044067383,11.499391555786133,1.4176034927368164,1.2144865989685059,2.138002127570075,2.13800048828125,1.5081794727760156,dataset_2,dataset_1
ts-food-service,ts-food-service -> ts-food-service,12,92,12.461380004882812,11.162726402282715,1.6109830141067505,1.2017560005187988,1.2986535784127056,1.2986536026000977,0.8061249505601823,dataset_2,dataset_1
ts-food-service,ts-food-service,3,19,14.765284538269043,13.485759735107422,1.4883204698562622,0.8302815556526184,1.2795252047087016,1.279524803161621,0.8597105455958648,dataset_2,dataset_1
ts-food-service,ts-preserve-service -> ts-preserve-service -> ts-food-service,3,5,13.081377983093262,12.518356323242188,1.0529500246047974,0.9445711970329285,0.5888799031575522,0.5630216598510742,0.5347088149434182,dataset_2,dataset_1
ts-inside-payment-service,ts-inside-payment-service -> ts-inside-payment-service,3,6,13.801395416259766,12.5065279006958,2.3247456550598145,2.32757568359375,1.294868310292562,1.2948675155639648,0.5569931974044914,dataset_2,dataset_1
ts-notification-service,ts-preserve-service -> ts-preserve-service -> ts-notification-service,3,5,15.901270866394043,15.805013656616211,0.6259876489639282,0.5706464052200317,0.21708049774169932,0.09625720977783203,0.15376854469436782,dataset_2,dataset_1
ts-order-other-service,ts-order-other-service -> ts-order-other-service,4,17,13.634979248046875,11.580093383789062,1.5128666162490845,1.0317717790603638,2.0548844898448273,2.0548858642578125,1.3582729912783584,dataset_2,dataset_1
ts-order-other-service,ts-order-other-service,4,17,14.019613265991211,12.115920066833496,1.5608932971954346,1.2126269340515137,1.903693493674783,1.9036931991577148,1.2196177679654419,dataset_2,dataset_1
ts-order-other-service,ts-preserve-service -> ts-preserve-service -> ts-security-service -> ts-security-service -> ts-order-other-service,5,7,12.269851684570312,12.577203750610352,0.47884806990623474,1.206984281539917,0.47861434391566693,0.30735206604003906,0.6418571679744328,dataset_2,dataset_1
ts-order-other-service,ts-travel2-service -> ts-travel2-service -> ts-seat-service -> ts-seat-service -> ts-order-other-service,2,2,11.094449996948242,10.942598342895508,0.684295654296875,0.5455737113952637,0.15185213088989258,0.15185165405273438,0.2219094233599429,dataset_2,dataset_1
ts-order-service,ts-admin-order-service -> ts-admin-order-service -> ts-order-service,4,8,11.622499465942383,11.105308532714844,0.34916722774505615,1.3314348459243774,0.6926988363265991,0.5171909332275391,1.4812127030580462,dataset_2,dataset_1
ts-order-service,ts-execute-service -> ts-execute-service -> ts-order-service,4,8,11.654972076416016,10.921510696411133,0.30241134762763977,1.1326723098754883,0.7346112728118896,0.7334613800048828,2.425376513674998,dataset_2,dataset_1
ts-order-service,ts-inside-payment-service -> ts-inside-payment-service -> ts-order-service,2,4,10.074394226074219,10.847023010253906,0.6022286415100098,0.9760340452194214,0.9265117645263672,0.7726287841796875,1.2829492503751094,dataset_2,dataset_1
ts-order-service,ts-order-service -> ts-order-service,4,17,13.963933944702148,12.371474266052246,1.211448073387146,0.825923502445221,1.5924592158373663,1.5924596786499023,1.3145092337284154,dataset_2,dataset_1
ts-order-service,ts-order-service,7,25,12.625990867614746,11.558797836303711,2.2571866512298584,1.727291226387024,1.1615088054112026,1.0671930313110352,0.47279786575450494,dataset_2,dataset_1
ts-order-service,ts-preserve-service -> ts-preserve-service -> ts-order-service,3,5,12.581372261047363,11.754463195800781,0.25246503949165344,0.5308385491371155,0.8269100824991862,0.826909065246582,3.275340882490464,dataset_2,dataset_1
ts-order-service,ts-preserve-service -> ts-preserve-service -> ts-seat-service -> ts-seat-service -> ts-order-service,3,5,11.61562442779541,11.136601448059082,0.22738559544086456,1.1664090156555176,0.7173542658487957,0.4790229797363281,2.106654904008227,dataset_2,dataset_1
ts-order-service,ts-preserve-service -> ts-preserve-service -> ts-security-service -> ts-security-service -> ts-order-service,5,7,12.271230697631836,11.681275367736816,0.46668878197669983,1.1696107387542725,0.7503767013549802,0.5899553298950195,1.2641300855705462,dataset_2,dataset_1
ts-order-service,ts-preserve-service -> ts-preserve-service -> ts-travel-service -> ts-travel-service -> ts-order-service,4,5,11.854715347290039,10.526062965393066,0.4127342402935028,1.237390160560608,1.3286527633666991,1.3286523818969727,3.2191474614564175,dataset_2,dataset_1
ts-order-service,ts-preserve-service -> ts-preserve-service -> ts-travel-service -> ts-travel-service -> ts-seat-service -> ts-seat-service -> ts-order-service,8,10,11.644649505615234,10.794757843017578,0.6426265239715576,0.96589595079422,0.8621676683425903,0.8498916625976562,1.3225281417660129,dataset_2,dataset_1
ts-order-service,ts-travel-service -> ts-travel-service -> ts-order-service,3,20,12.437644004821777,10.651314735412598,0.4730776250362396,1.7409989833831787,2.052222728729248,1.7863292694091797,3.775974966629081,dataset_2,dataset_1
ts-order-service,ts-travel-service -> ts-travel-service -> ts-seat-service -> ts-seat-service -> ts-order-service,6,40,11.503336906433105,10.63213062286377,1.0928772687911987,1.3266246318817139,0.9258699417114259,0.8712062835693359,0.7971675397118956,dataset_2,dataset_1
ts-preserve-service,ts-preserve-service -> ts-preserve-service,39,62,13.23732852935791,12.930760383605957,1.84739089012146,1.8320505619049072,0.3225350857175412,0.3065681457519531,0.165946550560178,dataset_2,dataset_1
ts-preserve-service,ts-preserve-service,5,8,16.68997573852539,15.452038764953613,0.5719895958900452,2.7029213905334473,1.2488357305526732,1.2379369735717773,2.1642648440929837,dataset_2,dataset_1
ts-price-service,ts-admin-basic-info-service -> ts-admin-basic-info-service -> ts-price-service,4,8,11.780721664428711,11.969368934631348,1.1118077039718628,0.7539410591125488,0.7020801305770874,0.18864727020263672,0.16967616749614728,dataset_2,dataset_1
ts-price-service,ts-preserve-service -> ts-preserve-service -> ts-ticketinfo-service -> ts-ticketinfo-service -> ts-basic-service -> ts-basic-service -> ts-price-service,3,5,11.946476936340332,11.309483528137207,0.45658552646636963,0.986807644367218,0.659044075012207,0.636993408203125,1.3951239609651611,dataset_2,dataset_1
ts-price-service,ts-preserve-service -> ts-preserve-service -> ts-travel-service -> ts-travel-service -> ts-ticketinfo-service -> ts-ticketinfo-service -> ts-basic-service -> ts-basic-service -> ts-price-service,4,6,11.732536315917969,11.78490161895752,0.5334962010383606,0.3621049225330353,0.2568515141805013,0.05236530303955078,0.0981549689344189,dataset_2,dataset_1
ts-price-service,ts-travel-service -> ts-travel-service -> ts-ticketinfo-service -> ts-ticketinfo-service -> ts-basic-service -> ts-basic-service -> ts-price-service,3,20,13.776556968688965,11.658953666687012,1.5208755731582642,1.1722861528396606,2.1176029205322267,2.117603302001953,1.3923580201926176,dataset_2,dataset_1
ts-route-service,ts-admin-route-service -> ts-admin-route-service -> ts-route-service,3,8,11.870862007141113,10.767017364501953,1.159550666809082,1.426977515220642,1.2241883675257363,1.1038446426391602,0.9519589563746991,dataset_2,dataset_1
ts-route-service,ts-food-service -> ts-food-service -> ts-travel-service -> ts-travel-service -> ts-route-service,2,18,11.500286102294922,10.385921478271484,0.09643888473510742,0.9874909520149231,1.114363776312934,1.1143646240234375,11.555138024297023,dataset_2,dataset_1
ts-route-service,ts-preserve-service -> ts-preserve-service -> ts-seat-service -> ts-seat-service -> ts-travel-service -> ts-travel-service -> ts-route-service,3,5,10.045870780944824,9.843944549560547,0.9546065926551819,0.8442080020904541,0.338606325785319,0.20192623138427734,0.21152821794644372,dataset_2,dataset_1
ts-route-service,ts-preserve-service -> ts-preserve-service -> ts-ticketinfo-service -> ts-ticketinfo-service -> ts-basic-service -> ts-basic-service -> ts-route-service,3,5,11.146339416503906,10.469503402709961,0.42564740777015686,1.269076943397522,1.0030561447143556,0.6768360137939453,1.5901330571697654,dataset_2,dataset_1
ts-route-service,ts-preserve-service -> ts-preserve-service -> ts-travel-service -> ts-travel-service -> ts-route-service,4,6,10.581640243530273,10.265774726867676,0.6340011358261108,1.061682939529419,0.6174225012461344,0.31586551666259766,0.4982097015504889,dataset_2,dataset_1
ts-route-service,ts-preserve-service -> ts-preserve-service -> ts-travel-service -> ts-travel-service -> ts-seat-service -> ts-seat-service -> ts-travel-service -> ts-travel-service -> ts-route-service,8,10,11.018872261047363,9.993684768676758,0.9421754479408264,0.9203752279281616,1.031130504608154,1.0251874923706055,1.0881067794869907,dataset_2,dataset_1
ts-route-service,ts-preserve-service -> ts-preserve-service -> ts-travel-service -> ts-travel-service -> ts-ticketinfo-service -> ts-ticketinfo-service -> ts-basic-service -> ts-basic-service -> ts-route-service,4,6,10.941062927246094,10.3702392578125,0.4548477232456207,1.3460454940795898,1.0510296026865642,0.5708236694335938,1.2549775238192085,dataset_2,dataset_1
ts-route-service,ts-travel-service -> ts-travel-service -> ts-route-service,20,85,11.953144073486328,10.839975357055664,1.1665548086166382,1.6088159084320068,1.1398859136244834,1.113168716430664,0.9542361046462257,dataset_2,dataset_1
ts-route-service,ts-travel-service -> ts-travel-service -> ts-seat-service -> ts-seat-service -> ts-travel-service -> ts-travel-service -> ts-route-service,6,40,11.4934663772583,9.65110969543457,0.06902869045734406,1.1146823167800903,1.873731644948324,1.8423566818237305,26.689723789012135,dataset_2,dataset_1
ts-route-service,ts-travel-service -> ts-travel-service -> ts-ticketinfo-service -> ts-ticketinfo-service -> ts-basic-service -> ts-basic-service -> ts-route-service,3,20,11.005770683288574,10.426355361938477,1.2094694375991821,1.5853772163391113,0.8574053923288982,0.5794153213500977,0.4790656988408464,dataset_2,dataset_1
ts-route-service,ts-travel2-service -> ts-travel2-service -> ts-route-service,5,55,10.282393455505371,10.426371574401855,1.1153391599655151,1.5282034873962402,0.47294174541126593,0.14397811889648438,0.12908909151987097,dataset_2,dataset_1
ts-route-service,ts-travel2-service -> ts-travel2-service -> ts-seat-service -> ts-seat-service -> ts-travel2-service -> ts-travel2-service -> ts-route-service,2,2,8.994298934936523,8.699819564819336,0.10443973541259766,0.05054616928100586,0.2944788932800293,0.2944793701171875,2.819610457205994,dataset_2,dataset_1
ts-seat-service,ts-preserve-service -> ts-preserve-service -> ts-seat-service,3,5,13.39384937286377,12.964651107788086,0.17904284596443176,0.3995804488658905,0.42919788360595706,0.4291982650756836,2.397181874337203,dataset_2,dataset_1
ts-seat-service,ts-preserve-service -> ts-preserve-service -> ts-seat-service -> ts-seat-service,9,15,11.851531028747559,11.222932815551758,0.6119213700294495,0.9198973774909973,0.6335324393378365,0.6285982131958008,1.027253245242193,dataset_2,dataset_1
ts-seat-service,ts-preserve-service -> ts-preserve-service -> ts-travel-service -> ts-travel-service -> ts-seat-service,8,10,13.63811206817627,13.388422012329102,0.3623490631580353,0.25994279980659485,0.2629718542098999,0.24969005584716797,0.689087074411085,dataset_2,dataset_1
ts-seat-service,ts-preserve-service -> ts-preserve-service -> ts-travel-service -> ts-travel-service -> ts-seat-service -> ts-seat-service,32,40,11.727010726928711,11.469606399536133,0.9054254293441772,0.9159020185470581,0.3439541220664979,0.2574043273925781,0.2842910294434989,dataset_2,dataset_1
ts-seat-service,ts-travel-service -> ts-travel-service -> ts-seat-service,6,40,14.790709495544434,13.212295532226562,1.2716323137283325,0.7655186653137207,1.5784134944279988,1.578413963317871,1.2412502783057449,dataset_2,dataset_1
ts-seat-service,ts-travel-service -> ts-travel-service -> ts-seat-service -> ts-seat-service,24,160,12.713821411132812,11.241958618164062,1.3226027488708496,1.2717022895812988,1.471863011519114,1.47186279296875,1.1128532692264013,dataset_2,dataset_1
ts-seat-service,ts-travel2-service -> ts-travel2-service -> ts-seat-service,2,2,13.981531143188477,13.453147888183594,0.4151639938354492,0.21473264694213867,0.528383731842041,0.5283832550048828,1.2727097312160172,dataset_2,dataset_1
ts-seat-service,ts-travel2-service -> ts-travel2-service -> ts-seat-service -> ts-seat-service,8,8,12.290502548217773,11.229742050170898,0.697526216506958,1.3300069570541382,1.129672884941101,1.060760498046875,1.5207464220612468,dataset_2,dataset_1
ts-security-service,ts-preserve-service -> ts-preserve-service -> ts-security-service,5,7,14.000307083129883,13.679362297058105,1.154719591140747,1.1377819776535034,0.3791739600045338,0.32094478607177734,0.2779417518626458,dataset_2,dataset_1
ts-security-service,ts-preserve-service -> ts-preserve-service -> ts-security-service -> ts-security-service,10,14,12.514521598815918,12.297638893127441,0.848877489566803,1.25054132938385,0.4178039823259627,0.21688270568847656,0.2554935292242884,dataset_2,dataset_1
ts-station-service,ts-admin-basic-info-service -> ts-admin-basic-info-service -> ts-station-service,4,9,11.130006790161133,10.693353652954102,1.1847676038742065,1.0752712488174438,0.5014286835988362,0.43665313720703125,0.36855593939196973,dataset_2,dataset_1
ts-station-service,ts-food-service -> ts-food-service -> ts-station-service,4,36,10.223376274108887,10.165663719177246,1.0197982788085938,1.2519601583480835,0.29533534579806864,0.057712554931640625,0.056592128199181545,dataset_2,dataset_1
ts-station-service,ts-order-other-service -> ts-order-other-service -> ts-station-service,4,16,13.33971881866455,11.142642974853516,1.5994620323181152,1.1727432012557983,2.197075843811035,2.197075843811035,1.3736342591557442,dataset_2,dataset_1
ts-station-service,ts-order-service -> ts-order-service -> ts-station-service,4,16,13.779441833496094,12.378310203552246,1.105042815208435,0.6989550590515137,1.4011319875717163,1.4011316299438477,1.2679432965496127,dataset_2,dataset_1
ts-station-service,ts-preserve-service -> ts-preserve-service -> ts-station-service,6,10,10.668131828308105,11.103214263916016,1.1552695035934448,1.1571184396743774,0.5068555514017741,0.43508243560791016,0.3766068733352643,dataset_2,dataset_1
ts-station-service,ts-preserve-service -> ts-preserve-service -> ts-ticketinfo-service -> ts-ticketinfo-service -> ts-basic-service -> ts-basic-service -> ts-station-service,12,20,11.456954002380371,11.394255638122559,1.0617060661315918,1.151479721069336,0.16494456926981613,0.0626983642578125,0.05905435247842074,dataset_2,dataset_1
ts-station-service,ts-preserve-service -> ts-preserve-service -> ts-travel-service -> ts-travel-service -> ts-ticketinfo-service -> ts-ticketinfo-service -> ts-basic-service -> ts-basic-service -> ts-station-service,40,56,11.09289836883545,10.738717079162598,1.239214539527893,1.3040847778320312,0.3822747843606131,0.35418128967285156,0.2858111153277664,dataset_2,dataset_1
ts-station-service,ts-travel-service -> ts-travel-service -> ts-ticketinfo-service -> ts-ticketinfo-service -> ts-basic-service -> ts-basic-service -> ts-station-service,32,194,10.968925476074219,10.065496444702148,1.1077746152877808,1.4834707975387573,0.9367106947087751,0.9034290313720703,0.8155350546079945,dataset_2,dataset_1
ts-station-service,ts-travel2-service -> ts-travel2-service -> ts-ticketinfo-service -> ts-ticketinfo-service -> ts-basic-service -> ts-basic-service -> ts-station-service,11,31,9.130474090576172,9.463068008422852,0.7572280168533325,1.3169375658035278,0.5649289161928239,0.3325939178466797,0.4392255838984624,dataset_2,dataset_1
ts-ticketinfo-service,ts-preserve-service -> ts-preserve-service -> ts-ticketinfo-service,3,5,13.950177192687988,13.936546325683594,0.0497954823076725,0.2483900636434555,0.18672332763671876,0.013630867004394531,0.2737370213661789,dataset_2,dataset_1
ts-ticketinfo-service,ts-preserve-service -> ts-preserve-service -> ts-ticketinfo-service -> ts-ticketinfo-service,3,5,13.935006141662598,13.924737930297852,0.05061427876353264,0.24877354502677917,0.18546155293782554,0.010268211364746094,0.20287183015525442,dataset_2,dataset_1
ts-ticketinfo-service,ts-preserve-service -> ts-preserve-service -> ts-travel-service -> ts-travel-service -> ts-ticketinfo-service,28,38,12.605372428894043,12.40636157989502,0.9984448552131653,1.0098071098327637,0.27286098236428163,0.19901084899902344,0.19932082173585355,dataset_2,dataset_1
ts-ticketinfo-service,ts-preserve-service -> ts-preserve-service -> ts-travel-service -> ts-travel-service -> ts-ticketinfo-service -> ts-ticketinfo-service,28,38,12.393689155578613,12.0245361328125,1.0815268754959106,1.141660451889038,0.4276520811525503,0.3691530227661133,0.3413257970097564,dataset_2,dataset_1
ts-ticketinfo-service,ts-travel-service -> ts-travel-service -> ts-ticketinfo-service,23,134,13.149213790893555,11.988859176635742,1.3385010957717896,1.2153156995773315,1.1634331269360147,1.1603546142578125,0.8669059875432852,dataset_2,dataset_1
ts-ticketinfo-service,ts-travel-service -> ts-travel-service -> ts-ticketinfo-service -> ts-ticketinfo-service,23,134,12.7184476852417,11.662365913391113,1.4277020692825317,1.3532344102859497,1.0560831169583904,1.056081771850586,0.73970739033901,dataset_2,dataset_1
ts-ticketinfo-service,ts-travel2-service -> ts-travel2-service -> ts-ticketinfo-service,8,28,11.816610336303711,11.745726585388184,1.0942896604537964,0.7766228914260864,0.40353557041713173,0.07088375091552734,0.06477604008990838,dataset_2,dataset_1
ts-ticketinfo-service,ts-travel2-service -> ts-travel2-service -> ts-ticketinfo-service -> ts-ticketinfo-service,8,28,10.94729232788086,11.31994915008545,1.2633991241455078,1.0139877796173096,0.753736138343811,0.37265682220458984,0.29496365406825337,dataset_2,dataset_1
ts-train-service,ts-admin-basic-info-service -> ts-admin-basic-info-service -> ts-train-service,4,10,11.410685539245605,11.112883567810059,1.320855736732483,1.1335252523422241,0.4376473426818848,0.2978019714355469,0.22546139078916053,dataset_2,dataset_1
ts-train-service,ts-preserve-service -> ts-preserve-service -> ts-seat-service -> ts-seat-service -> ts-travel-service -> ts-travel-service -> ts-train-service,3,5,10.901284217834473,10.52523422241211,0.693686306476593,1.318932056427002,0.7881310145060221,0.3760499954223633,0.5421038182696956,dataset_2,dataset_1
ts-train-service,ts-preserve-service -> ts-preserve-service -> ts-ticketinfo-service -> ts-ticketinfo-service -> ts-basic-service -> ts-basic-service -> ts-train-service,3,5,10.274304389953613,11.85189151763916,0.4787047505378723,0.3714311718940735,1.5775857925415038,1.5775871276855469,3.2955326344954194,dataset_2,dataset_1
ts-train-service,ts-preserve-service -> ts-preserve-service -> ts-travel-service -> ts-travel-service -> ts-seat-service -> ts-seat-service -> ts-travel-service -> ts-travel-service -> ts-train-service,8,10,10.956779479980469,11.012476921081543,1.1030256748199463,0.99314945936203,0.6739777326583862,0.05569744110107422,0.050495144739188466,dataset_2,dataset_1
ts-train-service,ts-preserve-service -> ts-preserve-service -> ts-travel-service -> ts-travel-service -> ts-ticketinfo-service -> ts-ticketinfo-service -> ts-basic-service -> ts-basic-service -> ts-train-service,4,6,11.080120086669922,10.765471458435059,0.5981297492980957,0.848391056060791,0.5633916060129801,0.3146486282348633,0.5260541355853022,dataset_2,dataset_1
ts-train-service,ts-preserve-service -> ts-preserve-service -> ts-travel-service -> ts-travel-service -> ts-train-service,3,5,11.683833122253418,11.943726539611816,0.388774037361145,0.414968341588974,0.28113117218017575,0.25989341735839844,0.6684947871582662,dataset_2,dataset_1
ts-train-service,ts-travel-service -> ts-travel-service -> ts-seat-service -> ts-seat-service -> ts-travel-service -> ts-travel-service -> ts-train-service,6,40,11.264765739440918,10.12317180633545,0.7090713977813721,1.3641170263290405,1.313076114654541,1.1415939331054688,1.6099844623227297,dataset_2,dataset_1
ts-train-service,ts-travel-service -> ts-travel-service -> ts-ticketinfo-service -> ts-ticketinfo-service -> ts-basic-service -> ts-basic-service -> ts-train-service,3,20,13.447306632995605,10.778383255004883,1.6466407775878906,1.5453401803970337,2.668923838933309,2.6689233779907227,1.620829153703056,dataset_2,dataset_1
ts-train-service,ts-travel-service -> ts-travel-service -> ts-train-service,3,20,12.228816986083984,10.625706672668457,0.5929762721061707,1.386177897453308,1.603111426035563,1.6031103134155273,2.703498249131451,dataset_2,dataset_1
ts-train-service,ts-travel2-service -> ts-travel2-service -> ts-seat-service -> ts-seat-service -> ts-travel2-service -> ts-travel2-service -> ts-train-service,2,2,11.800257682800293,9.230413436889648,0.37964534759521484,0.12376785278320312,2.5698442459106445,2.5698442459106445,6.7690655560216735,dataset_2,dataset_1
ts-travel-service,ts-food-service -> ts-food-service -> ts-travel-service,3,19,12.428866386413574,11.55212116241455,0.7360755801200867,0.7072251439094543,0.882162796823602,0.8767452239990234,1.1911076086181087,dataset_2,dataset_1
ts-travel-service,ts-food-service -> ts-food-service -> ts-travel-service -> ts-travel-service,2,18,11.82276725769043,10.745288848876953,0.37671899795532227,0.8329852223396301,1.0774786207411022,1.0774784088134766,2.8601647770927183,dataset_2,dataset_1
ts-travel-service,ts-preserve-service -> ts-preserve-service -> ts-seat-service -> ts-seat-service -> ts-travel-service,6,10,12.22125244140625,11.304326057434082,0.32908910512924194,0.909209668636322,0.9250498135884604,0.916926383972168,2.786255666568077,dataset_2,dataset_1
ts-travel-service,ts-preserve-service -> ts-preserve-service -> ts-seat-service -> ts-seat-service -> ts-travel-service -> ts-travel-service,6,10,10.845900535583496,10.49718189239502,0.8484081625938416,1.1809587478637695,0.5217388788859049,0.34871864318847656,0.4110269780082475,dataset_2,dataset_1
ts-travel-service,ts-preserve-service -> ts-preserve-service -> ts-travel-service,4,6,15.739777565002441,15.179306983947754,0.21946971118450165,0.38597622513771057,0.5604709784189861,0.5604705810546875,2.5537491165854616,dataset_2,dataset_1
ts-travel-service,ts-preserve-service -> ts-preserve-service -> ts-travel-service -> ts-travel-service,48,64,12.560145378112793,12.197925567626953,1.2013903856277466,1.246019959449768,0.363526518146197,0.36221981048583984,0.30150050709501386,dataset_2,dataset_1
ts-travel-service,ts-preserve-service -> ts-preserve-service -> ts-travel-service -> ts-travel-service -> ts-seat-service -> ts-seat-service -> ts-travel-service,16,20,12.3544340133667,12.011579513549805,0.5700610876083374,0.5025679469108582,0.34285371303558354,0.34285449981689453,0.6014346659852251,dataset_2,dataset_1
ts-travel-service,ts-preserve-service -> ts-preserve-service -> ts-travel-service -> ts-travel-service -> ts-seat-service -> ts-seat-service -> ts-travel-service -> ts-travel-service,16,20,11.11231803894043,10.586164474487305,1.0492262840270996,1.1204917430877686,0.5302746176719666,0.526153564453125,0.5014681508298313,dataset_2,dataset_1
ts-travel-service,ts-travel-service -> ts-travel-service,55,299,12.85351276397705,11.848087310791016,1.4546034336090088,1.4056316614151,1.0076052152773427,1.0054254531860352,0.6912024473168467,dataset_2,dataset_1
ts-travel-service,ts-travel-service -> ts-travel-service -> ts-seat-service -> ts-seat-service -> ts-travel-service,12,80,12.782233238220215,11.757007598876953,0.41605135798454285,0.8494846820831299,1.0423648993174235,1.0252256393432617,2.4641804903839564,dataset_2,dataset_1
ts-travel-service,ts-travel-service -> ts-travel-service -> ts-seat-service -> ts-seat-service -> ts-travel-service -> ts-travel-service,12,80,11.57519817352295,10.442355155944824,0.6939910054206848,1.2196578979492188,1.1807228604952495,1.132843017578125,1.6323597982244973,dataset_2,dataset_1
ts-travel-service,ts-travel-service,4,17,16.152847290039062,15.160500526428223,1.554455280303955,1.1858974695205688,1.0488222907571232,0.9923467636108398,0.6383887501844365,dataset_2,dataset_1
ts-travel2-service,ts-travel2-service -> ts-travel2-service,17,87,11.608094215393066,11.400975227355957,1.5672779083251953,1.3368771076202393,0.457039655746037,0.20711898803710938,0.1321520497015352,dataset_2,dataset_1
ts-travel2-service,ts-travel2-service -> ts-travel2-service -> ts-seat-service -> ts-seat-service -> ts-travel2-service,4,4,12.820943832397461,12.182645797729492,0.6325646042823792,0.8237519860267639,0.727813720703125,0.6382980346679688,1.009063786286452,dataset_2,dataset_1
ts-travel2-service,ts-travel2-service -> ts-travel2-service -> ts-seat-service -> ts-seat-service -> ts-travel2-service -> ts-travel2-service,4,4,11.234025955200195,10.482757568359375,1.1707804203033447,1.1333825588226318,0.7512674331665039,0.7512683868408203,0.641681714019585,dataset_2,dataset_1
ts-user-service,ts-admin-user-service -> ts-admin-user-service -> ts-user-service,3,10,12.961723327636719,11.63880729675293,1.0954564809799194,1.6147674322128296,1.379562536875407,1.322916030883789,1.207639056277617,dataset_2,dataset_1
ts-user-service,ts-preserve-service -> ts-preserve-service -> ts-user-service,3,5,12.848800659179688,13.14924144744873,2.2981836795806885,1.476320505142212,1.1434027353922527,0.30044078826904297,0.1307296674928348,dataset_2,dataset_1
ts-verification-code-service,ts-auth-service -> ts-auth-service -> ts-verification-code-service,2,2,13.865605354309082,12.407365798950195,0.04207611083984375,1.0238652229309082,1.458240032196045,1.4582395553588867,34.65718495013599,dataset_2,dataset_1
ts-verification-code-service,ts-verification-code-service,6,13,12.290566444396973,11.944840431213379,1.6651781797409058,1.5869253873825073,0.48047741865500426,0.34572601318359375,0.20762103262570206,dataset_2,dataset_1
ts-admin-basic-info-service,ts-admin-basic-info-service -> ts-admin-basic-info-service,20,40,12.139059066772461,11.967796325683594,1.1265287399291992,0.9930031895637512,0.28321471214294436,0.1712627410888672,0.15202696124701692,dataset_2,dataset_3
ts-admin-basic-info-service,ts-admin-basic-info-service,20,40,12.930994987487793,12.627050399780273,0.9768394827842712,0.83769690990448,0.31743001937866216,0.30394458770751953,0.31115100593721984,dataset_2,dataset_3
ts-admin-order-service,ts-admin-order-service -> ts-admin-order-service,5,10,12.57020378112793,11.601032257080078,0.7346121072769165,1.3853212594985962,1.0889116287231444,0.9691715240478516,1.3192969656332065,dataset_2,dataset_3
ts-admin-order-service,ts-admin-order-service,4,8,13.767803192138672,13.167400360107422,1.1658082008361816,1.1508477926254272,0.6641494035720825,0.60040283203125,0.515009957556147,dataset_2,dataset_3
ts-admin-route-service,ts-admin-route-service -> ts-admin-route-service,3,6,13.045777320861816,11.812080383300781,0.7322437763214111,1.2639621496200562,1.2336983680725098,1.2336969375610352,1.68481723908776,dataset_2,dataset_3
ts-admin-route-service,ts-admin-route-service,3,6,14.287514686584473,13.172799110412598,1.22579824924469,1.1157742738723755,1.1147152582804363,1.114715576171875,0.9093793182187512,dataset_2,dataset_3
ts-admin-user-service,ts-admin-user-service -> ts-admin-user-service,3,6,13.274039268493652,12.894206047058105,1.264326572418213,1.2314776182174683,0.3798340161641439,0.3798332214355469,0.30042334767121065,dataset_2,dataset_3
ts-admin-user-service,ts-admin-user-service,3,6,14.651625633239746,13.741374015808105,1.066321849822998,1.3818546533584595,1.0815521876017251,0.9102516174316406,0.8536368429313682,dataset_2,dataset_3
ts-assurance-service,ts-assurance-service,3,5,13.439091682434082,12.948101997375488,1.3158633708953857,2.1031463146209717,1.0035229365030924,0.49098968505859375,0.3731312048943937,dataset_2,dataset_3
ts-auth-service,ts-auth-service -> ts-auth-service,2,2,15.444770812988281,13.027669906616211,0.019452571868896484,1.3593497276306152,2.417099952697754,2.4171009063720703,124.25610981737958,dataset_2,dataset_3
ts-auth-service,ts-auth-service,7,11,14.446588516235352,13.779618263244629,1.4422938823699951,0.8284646272659302,0.6669690392234109,0.6669702529907227,0.4624371365250117,dataset_2,dataset_3
ts-basic-service,ts-preserve-other-service -> ts-preserve-other-service -> ts-ticketinfo-service -> ts-ticketinfo-service -> ts-basic-service -> ts-basic-service,7,7,11.080537796020508,10.77548885345459,1.181186556816101,1.1721194982528687,0.3484245027814593,0.30504894256591797,0.25825636162688825,dataset_2,dataset_3
ts-basic-service,ts-preserve-other-service -> ts-preserve-other-service -> ts-travel2-service -> ts-travel2-service -> ts-ticketinfo-service -> ts-ticketinfo-service -> ts-basic-service,8,8,11.669673919677734,11.817962646484375,0.8283274173736572,0.7294521927833557,0.2714200019836426,0.14828872680664062,0.17902187431730007,dataset_2,dataset_3
ts-basic-service,ts-preserve-other-service -> ts-preserve-other-service -> ts-travel2-service -> ts-travel2-service -> ts-ticketinfo-service -> ts-ticketinfo-service -> ts-basic-service -> ts-basic-service,14,14,10.26499080657959,10.43760871887207,0.9042213559150696,1.0322544574737549,0.23613929748535153,0.17261791229248047,0.1909022731693741,dataset_2,dataset_3
ts-basic-service,ts-preserve-service -> ts-preserve-service -> ts-ticketinfo-service -> ts-ticketinfo-service -> ts-basic-service,3,3,13.933685302734375,13.423932075500488,0.05315614119172096,0.22055305540561676,0.5097535451253254,0.5097532272338867,9.589733487149374,dataset_2,dataset_3
ts-basic-service,ts-preserve-service -> ts-preserve-service -> ts-ticketinfo-service -> ts-ticketinfo-service -> ts-basic-service -> ts-basic-service,21,21,11.413330078125,10.220105171203613,0.7844433784484863,1.100891351699829,1.2022239140101845,1.1932249069213867,1.5211103053497756,dataset_2,dataset_3
ts-basic-service,ts-preserve-service -> ts-preserve-service -> ts-travel-service -> ts-travel-service -> ts-ticketinfo-service -> ts-ticketinfo-service -> ts-basic-service,28,21,12.271162033081055,11.974014282226562,1.1602717638015747,1.0838059186935425,0.4647487004597981,0.2971477508544922,0.2561018548627796,dataset_2,dataset_3
ts-basic-service,ts-preserve-service -> ts-preserve-service -> ts-travel-service -> ts-travel-service -> ts-ticketinfo-service -> ts-ticketinfo-service -> ts-basic-service -> ts-basic-service,52,39,11.195588111877441,10.933258056640625,1.144038438796997,1.183603048324585,0.28078896571428347,0.2623300552368164,0.2293017842238475,dataset_2,dataset_3
ts-basic-service,ts-travel-service -> ts-travel-service -> ts-ticketinfo-service -> ts-ticketinfo-service -> ts-basic-service,23,50,12.56790828704834,12.319979667663574,1.4312324523925781,1.4099844694137573,0.32211703839509404,0.24792861938476562,0.17322736007718775,dataset_2,dataset_3
ts-basic-service,ts-travel-service -> ts-travel-service -> ts-ticketinfo-service -> ts-ticketinfo-service -> ts-basic-service -> ts-basic-service,41,86,11.455163955688477,11.364775657653809,1.5065958499908447,1.6498347520828247,0.3136474284271049,0.09038829803466797,0.059995053109443544,dataset_2,dataset_3
ts-basic-service,ts-travel2-service -> ts-travel2-service -> ts-ticketinfo-service -> ts-ticketinfo-service -> ts-basic-service,8,32,10.784151077270508,12.228614807128906,1.3110642433166504,1.4424852132797241,1.4444643557071686,1.4444637298583984,1.1017490082745924,dataset_2,dataset_3
ts-basic-service,ts-travel2-service -> ts-travel2-service -> ts-ticketinfo-service -> ts-ticketinfo-service -> ts-basic-service -> ts-basic-service,14,56,10.206900596618652,11.342208862304688,1.2895779609680176,1.566924810409546,1.1353068862642561,1.1353082656860352,0.8803719511721646,dataset_2,dataset_3
ts-config-service,ts-admin-basic-info-service -> ts-admin-basic-info-service -> ts-config-service,4,8,12.32963752746582,11.605260848999023,0.5064051747322083,1.2095155715942383,0.8621132373809814,0.7243766784667969,1.430429060780933,dataset_2,dataset_3
ts-config-service,ts-preserve-other-service -> ts-preserve-other-service -> ts-travel2-service -> ts-travel2-service -> ts-seat-service -> ts-seat-service -> ts-config-service,2,2,12.387777328491211,11.77328109741211,0.16025638580322266,0.3641061782836914,0.6144962310791016,0.6144962310791016,3.8344570670253093,dataset_2,dataset_3
ts-config-service,ts-preserve-service -> ts-preserve-service -> ts-travel-service -> ts-travel-service -> ts-seat-service -> ts-seat-service -> ts-config-service,8,6,10.887929916381836,11.092208862304688,0.6603922843933105,0.8714218735694885,0.788291652997335,0.20427894592285156,0.3093296980453347,dataset_2,dataset_3
ts-config-service,ts-travel-service -> ts-travel-service -> ts-seat-service -> ts-seat-service -> ts-config-service,6,12,13.019217491149902,12.506669044494629,1.5843122005462646,1.8842029571533203,0.8120142618815105,0.5125484466552734,0.3235148012358604,dataset_2,dataset_3
ts-config-service,ts-travel2-service -> ts-travel2-service -> ts-seat-service -> ts-seat-service -> ts-config-service,2,8,10.319198608398438,13.16215991973877,1.125394344329834,1.880161166191101,2.8429605960845947,2.842961311340332,2.5261912196949057,dataset_2,dataset_3
ts-consign-price-service,ts-consign-service -> ts-consign-service -> ts-consign-price-service,4,10,12.753693580627441,11.924970626831055,1.7190725803375244,1.4857910871505737,1.016432762145996,0.8287229537963867,0.4820756047622343,dataset_2,dataset_3
ts-consign-service,ts-consign-service -> ts-consign-service,4,10,12.85152816772461,11.8223237991333,1.7832868099212646,1.5021229982376099,1.088783073425293,1.0292043685913086,0.5771390013459191,dataset_2,dataset_3
ts-consign-service,ts-consign-service,6,16,13.5257568359375,12.684850692749023,1.528875708580017,1.240246057510376,0.8521564602851868,0.8409061431884766,0.5500160271167431,dataset_2,dataset_3
ts-contacts-service,ts-admin-basic-info-service -> ts-admin-basic-info-service -> ts-contacts-service,4,8,12.42524528503418,12.374357223510742,1.051263451576233,0.6914390921592712,0.41422390937805176,0.0508880615234375,0.04840657348749019,dataset_2,dataset_3
ts-contacts-service,ts-contacts-service,3,5,13.484118461608887,12.70392894744873,1.7117081880569458,1.5814039707183838,0.8522697448730472,0.7801895141601562,0.4557958649749712,dataset_2,dataset_3
ts-contacts-service,ts-preserve-service -> ts-preserve-service -> ts-contacts-service,5,3,12.076930046081543,11.844311714172363,0.5953466296195984,0.7512503266334534,0.3348206202189127,0.2326183319091797,0.3907275532202359,dataset_2,dataset_3
ts-execute-service,ts-execute-service -> ts-execute-service,4,10,12.239212989807129,11.605315208435059,1.142770528793335,1.0023837089538574,0.6935320854187014,0.6338977813720703,0.5547025981160107,dataset_2,dataset_3
ts-execute-service,ts-execute-service,2,4,14.362171173095703,13.854326248168945,1.3696117401123047,0.968254804611206,0.7345986366271973,0.5078449249267578,0.37079480998397096,dataset_2,dataset_3
ts-food-map-service,ts-food-service -> ts-food-service -> ts-food-map-service,5,8,13.637392044067383,13.281217575073242,1.4176034927368164,1.5562505722045898,0.4916417360305787,0.3561744689941406,0.2512511226298635,dataset_2,dataset_3
ts-food-service,ts-food-service -> ts-food-service,12,19,12.461380004882812,12.260446548461914,1.6109830141067505,1.6096391677856445,0.3586100402631256,0.20093345642089844,0.12472723465201213,dataset_2,dataset_3
ts-food-service,ts-food-service,3,5,14.765284538269043,14.763201713562012,1.4883204698562622,1.387383222579956,0.4745905558268229,0.00208282470703125,0.0013994463888764516,dataset_2,dataset_3
ts-food-service,ts-preserve-service -> ts-preserve-service -> ts-food-service,3,3,13.081377983093262,11.918469429016113,1.0529500246047974,0.3233887851238251,1.162907918294271,1.1629085540771484,1.10442901078199,dataset_2,dataset_3
ts-inside-payment-service,ts-inside-payment-service -> ts-inside-payment-service,3,10,13.801395416259766,12.117962837219238,2.3247456550598145,1.7105894088745117,1.8412439982096356,1.6834325790405273,0.7241362406147668,dataset_2,dataset_3
ts-notification-service,ts-preserve-service -> ts-preserve-service -> ts-notification-service,3,3,15.901270866394043,15.334869384765625,0.6259876489639282,0.11114682257175446,0.5664011637369792,0.566401481628418,0.9048125511196087,dataset_2,dataset_3
ts-order-other-service,ts-order-other-service -> ts-order-other-service,4,7,13.634979248046875,12.49056339263916,1.5128666162490845,0.9708138704299927,1.1564553805759974,1.1444158554077148,0.7564552242187182,dataset_2,dataset_3
ts-order-other-service,ts-order-other-service,4,7,14.019613265991211,12.685592651367188,1.5608932971954346,1.7693573236465454,1.3402636732373918,1.3340206146240234,0.8546520233131573,dataset_2,dataset_3
ts-order-other-service,ts-preserve-other-service -> ts-preserve-other-service -> ts-travel2-service -> ts-travel2-service -> ts-seat-service -> ts-seat-service -> ts-order-other-service,2,2,10.9005708694458,12.033378601074219,0.10081195831298828,0.5776896476745605,1.1328072547912598,1.132807731628418,11.236838868970475,dataset_2,dataset_3
ts-order-other-service,ts-preserve-service -> ts-preserve-service -> ts-security-service -> ts-security-service -> ts-order-other-service,5,3,12.269851684570312,11.619781494140625,0.47884806990623474,0.31992173194885254,0.6500696818033853,0.6500701904296875,1.3575708691004653,dataset_2,dataset_3
ts-order-other-service,ts-travel2-service -> ts-travel2-service -> ts-seat-service -> ts-seat-service -> ts-order-other-service,2,8,11.094449996948242,11.775524139404297,0.684295654296875,1.3870553970336914,1.0226082801818848,0.6810741424560547,0.9952922222717745,dataset_2,dataset_3
ts-preserve-other-service,ts-preserve-other-service -> ts-preserve-other-service,12,11,13.006484031677246,14.088486671447754,1.8258498907089233,2.160689353942871,1.1027322971459592,1.0820026397705078,0.5926021877682389,dataset_2,dataset_3
ts-preserve-service,ts-preserve-service -> ts-preserve-service,39,33,13.23732852935791,12.865219116210938,1.84739089012146,1.452620267868042,0.5438844307319268,0.37210941314697266,0.2014242979852021,dataset_2,dataset_3
ts-preserve-service,ts-preserve-service,5,3,16.68997573852539,16.537294387817383,0.5719895958900452,0.4828684628009796,0.34143810272216796,0.1526813507080078,0.26693029349673364,dataset_2,dataset_3
ts-price-service,ts-admin-basic-info-service -> ts-admin-basic-info-service -> ts-price-service,4,8,11.780721664428711,11.195579528808594,1.1118077039718628,0.7666506767272949,0.5851422548294067,0.5851421356201172,0.5262979681915622,dataset_2,dataset_3
ts-price-service,ts-preserve-service -> ts-preserve-service -> ts-ticketinfo-service -> ts-ticketinfo-service -> ts-basic-service -> ts-basic-service -> ts-price-service,3,3,11.946476936340332,10.919078826904297,0.45658552646636963,0.47240546345710754,1.0273990631103516,1.0273981094360352,2.2501766917303048,dataset_2,dataset_3
ts-price-service,ts-preserve-service -> ts-preserve-service -> ts-travel-service -> ts-travel-service -> ts-ticketinfo-service -> ts-ticketinfo-service -> ts-basic-service -> ts-basic-service -> ts-price-service,4,3,11.732536315917969,11.459155082702637,0.5334962010383606,0.727921187877655,0.4304040273030599,0.27338123321533203,0.5124333269538592,dataset_2,dataset_3
ts-price-service,ts-travel-service -> ts-travel-service -> ts-ticketinfo-service -> ts-ticketinfo-service -> ts-basic-service -> ts-basic-service -> ts-price-service,3,6,13.776556968688965,12.889107704162598,1.5208755731582642,2.0783016681671143,0.9029339154561361,0.8874492645263672,0.5835120769830512,dataset_2,dataset_3
ts-route-service,ts-admin-route-service -> ts-admin-route-service -> ts-route-service,3,6,11.870862007141113,10.948067665100098,1.159550666809082,1.1870954036712646,0.9227949778238933,0.9227943420410156,0.7958206298827925,dataset_2,dataset_3
ts-route-service,ts-food-service -> ts-food-service -> ts-travel-service -> ts-travel-service -> ts-route-service,2,3,11.500286102294922,10.528087615966797,0.09643888473510742,0.9309702515602112,1.0995132128397622,0.972198486328125,10.080980187592399,dataset_2,dataset_3
ts-route-service,ts-preserve-other-service -> ts-preserve-other-service -> ts-travel2-service -> ts-travel2-service -> ts-seat-service -> ts-seat-service -> ts-travel2-service -> ts-travel2-service -> ts-route-service,2,2,9.945417404174805,10.4614896774292,0.6349606513977051,0.17212772369384766,0.5160717964172363,0.5160722732543945,0.8127626052392256,dataset_2,dataset_3
ts-route-service,ts-preserve-service -> ts-preserve-service -> ts-seat-service -> ts-seat-service -> ts-travel-service -> ts-travel-service -> ts-route-service,3,3,10.045870780944824,9.188971519470215,0.9546065926551819,0.24533572793006897,0.8568992614746095,0.8568992614746094,0.8976464944487704,dataset_2,dataset_3
ts-route-service,ts-preserve-service -> ts-preserve-service -> ts-ticketinfo-service -> ts-ticketinfo-service -> ts-basic-service -> ts-basic-service -> ts-route-service,3,3,11.146339416503906,10.012125968933105,0.42564740777015686,0.4515345096588135,1.1342150370279949,1.1342134475708008,2.66467838606751,dataset_2,dataset_3
ts-route-service,ts-preserve-service -> ts-preserve-service -> ts-travel-service -> ts-travel-service -> ts-route-service,4,3,10.581640243530273,9.85500717163086,0.6340011358261108,0.31370463967323303,0.7266331513722737,0.7266330718994141,1.1461068929357716,dataset_2,dataset_3
ts-route-service,ts-preserve-service -> ts-preserve-service -> ts-travel-service -> ts-travel-service -> ts-seat-service -> ts-seat-service -> ts-travel-service -> ts-travel-service -> ts-route-service,8,6,11.018872261047363,9.69970989227295,0.9421754479408264,0.8354076147079468,1.319162686665853,1.319162368774414,1.400123906494817,dataset_2,dataset_3
ts-route-service,ts-preserve-service -> ts-preserve-service -> ts-travel-service -> ts-travel-service -> ts-ticketinfo-service -> ts-ticketinfo-service -> ts-basic-service -> ts-basic-service -> ts-route-service,4,3,10.941062927246094,10.178187370300293,0.4548477232456207,0.9716766476631165,0.890108823776245,0.7628755569458008,1.6772108948951319,dataset_2,dataset_3
ts-route-service,ts-travel-service -> ts-travel-service -> ts-route-service,20,50,11.953144073486328,12.068315505981445,1.1665548086166382,1.586717963218689,0.49071954727172845,0.11517143249511719,0.09872783657005667,dataset_2,dataset_3
ts-route-service,ts-travel-service -> ts-travel-service -> ts-seat-service -> ts-seat-service -> ts-travel-service -> ts-travel-service -> ts-route-service,6,12,11.4934663772583,10.639145851135254,0.06902869045734406,1.2631738185882568,1.3538677692413332,0.8543205261230469,12.376310784150977,dataset_2,dataset_3
ts-route-service,ts-travel-service -> ts-travel-service -> ts-ticketinfo-service -> ts-ticketinfo-service -> ts-basic-service -> ts-basic-service -> ts-route-service,3,6,11.005770683288574,10.39284610748291,1.2094694375991821,1.4909271001815796,1.00297212600708,0.6129245758056641,0.5067714460171313,dataset_2,dataset_3
ts-route-service,ts-travel2-service -> ts-travel2-service -> ts-route-service,5,20,10.282393455505371,11.201899528503418,1.1153391599655151,1.6204969882965088,1.0307629108428957,0.9195060729980469,0.8244183527335998,dataset_2,dataset_3
ts-route-service,ts-travel2-service -> ts-travel2-service -> ts-seat-service -> ts-seat-service -> ts-travel2-service -> ts-travel2-service -> ts-route-service,2,8,8.994298934936523,9.922947883605957,0.10443973541259766,1.3374404907226562,0.9415122270584106,0.9286489486694336,8.891720617643568,dataset_2,dataset_3
ts-seat-service,ts-preserve-other-service -> ts-preserve-other-service -> ts-seat-service -> ts-seat-service,3,3,12.336955070495605,11.974815368652344,1.0761780738830566,0.8042954802513123,0.657385508219401,0.3621397018432617,0.3365053708412701,dataset_2,dataset_3
ts-seat-service,ts-preserve-other-service -> ts-preserve-other-service -> ts-travel2-service -> ts-travel2-service -> ts-seat-service,2,2,13.994071006774902,13.788923263549805,0.004755973815917969,0.0827322006225586,0.20514774322509766,0.20514774322509766,43.13475035091237,dataset_2,dataset_3
ts-seat-service,ts-preserve-other-service -> ts-preserve-other-service -> ts-travel2-service -> ts-travel2-service -> ts-seat-service -> ts-seat-service,8,8,12.180469512939453,12.051305770874023,0.7449784874916077,0.518058717250824,0.39481401443481445,0.1291637420654297,0.17337915689395628,dataset_2,dataset_3
ts-seat-service,ts-preserve-service -> ts-preserve-service -> ts-seat-service,3,3,13.39384937286377,12.985405921936035,0.17904284596443176,0.29147839546203613,0.40844376881917316,0.4084434509277344,2.281260939121102,dataset_2,dataset_3
ts-seat-service,ts-preserve-service -> ts-preserve-service -> ts-seat-service -> ts-seat-service,9,9,11.851531028747559,11.433579444885254,0.6119213700294495,0.7699692249298096,0.44951841566297746,0.4179515838623047,0.6830151786367425,dataset_2,dataset_3
ts-seat-service,ts-preserve-service -> ts-preserve-service -> ts-travel-service -> ts-travel-service -> ts-seat-service,8,6,13.63811206817627,13.274762153625488,0.3623490631580353,0.16385924816131592,0.40714426835378015,0.36334991455078125,1.0027621194436742,dataset_2,dataset_3
ts-seat-service,ts-preserve-service -> ts-preserve-service -> ts-travel-service -> ts-travel-service -> ts-seat-service -> ts-seat-service,32,24,11.727010726928711,11.14300537109375,0.9054254293441772,1.0270403623580933,0.5939184824625651,0.5840053558349609,0.6450065758126221,dataset_2,dataset_3
ts-seat-service,ts-travel-service -> ts-travel-service -> ts-seat-service,6,12,14.790709495544434,14.257063865661621,1.2716323137283325,1.2315388917922974,0.6290658315022788,0.5336456298828125,0.4196540337341717,dataset_2,dataset_3
ts-seat-service,ts-travel-service -> ts-travel-service -> ts-seat-service -> ts-seat-service,24,48,12.713821411132812,12.429169654846191,1.3226027488708496,1.2755881547927856,0.40641196568806964,0.2846517562866211,0.21522090176331318,dataset_2,dataset_3
ts-seat-service,ts-travel2-service -> ts-travel2-service -> ts-seat-service,2,8,13.981531143188477,14.694730758666992,0.4151639938354492,1.3479902744293213,0.7779709100723267,0.7131996154785156,1.7178744449625687,dataset_2,dataset_3
ts-seat-service,ts-travel2-service -> ts-travel2-service -> ts-seat-service -> ts-seat-service,8,32,12.290502548217773,12.79569149017334,0.697526216506958,1.4115314483642578,0.674304336309433,0.5051889419555664,0.7242579991981234,dataset_2,dataset_3
ts-security-service,ts-preserve-other-service -> ts-preserve-other-service -> ts-security-service -> ts-security-service,2,2,12.194244384765625,14.558353424072266,0.006056308746337891,5.197743666940369e-05,2.3641090393066406,2.3641090393066406,390.35477521455005,dataset_2,dataset_3
ts-security-service,ts-preserve-service -> ts-preserve-service -> ts-security-service,5,3,14.000307083129883,12.997296333312988,1.154719591140747,0.329216867685318,1.0030102411905923,1.0030107498168945,0.8686184572533497,dataset_2,dataset_3
ts-security-service,ts-preserve-service -> ts-preserve-service -> ts-security-service -> ts-security-service,10,6,12.514521598815918,11.614418983459473,0.848877489566803,0.28290310502052307,0.9001031239827473,0.9001026153564453,1.0603445449069258,dataset_2,dataset_3
ts-station-service,ts-admin-basic-info-service -> ts-admin-basic-info-service -> ts-station-service,4,8,11.130006790161133,11.286323547363281,1.1847676038742065,1.2619209289550781,0.35520923137664795,0.15631675720214844,0.13193875042750194,dataset_2,dataset_3
ts-station-service,ts-food-service -> ts-food-service -> ts-station-service,4,6,10.223376274108887,10.74238109588623,1.0197982788085938,0.9868488311767578,0.5680603981018068,0.5190048217773438,0.508928905414201,dataset_2,dataset_3
ts-station-service,ts-order-other-service -> ts-order-other-service -> ts-station-service,4,6,13.33971881866455,11.801872253417969,1.5994620323181152,1.0337742567062378,1.5378478368123374,1.537846565246582,0.9614773806276393,dataset_2,dataset_3
ts-station-service,ts-preserve-other-service -> ts-preserve-other-service -> ts-station-service,2,2,9.949153900146484,11.358455657958984,0.9366555213928223,0.08189868927001953,1.4093012809753418,1.4093017578125,1.504610527162478,dataset_2,dataset_3
ts-station-service,ts-preserve-other-service -> ts-preserve-other-service -> ts-ticketinfo-service -> ts-ticketinfo-service -> ts-basic-service -> ts-basic-service -> ts-station-service,4,4,10.286674499511719,10.341632843017578,1.265933871269226,1.251661777496338,0.4641246795654297,0.054958343505859375,0.043413281493730874,dataset_2,dataset_3
ts-station-service,ts-preserve-other-service -> ts-preserve-other-service -> ts-travel2-service -> ts-travel2-service -> ts-ticketinfo-service -> ts-ticketinfo-service -> ts-basic-service -> ts-basic-service -> ts-station-service,11,11,9.776081085205078,9.938971519470215,0.7964110970497131,0.9074950218200684,0.27961869673295453,0.16289043426513672,0.2045305933939904,dataset_2,dataset_3
ts-station-service,ts-preserve-service -> ts-preserve-service -> ts-station-service,6,6,10.668131828308105,10.572279930114746,1.1552695035934448,1.1064672470092773,0.10572322209676106,0.09585189819335938,0.08296929668377273,dataset_2,dataset_3
ts-station-service,ts-preserve-service -> ts-preserve-service -> ts-ticketinfo-service -> ts-ticketinfo-service -> ts-basic-service -> ts-basic-service -> ts-station-service,12,12,11.456954002380371,10.3406982421875,1.0617060661315918,1.1856769323349,1.1162554423014321,1.116255760192871,1.0513792807646238,dataset_2,dataset_3
ts-station-service,ts-preserve-service -> ts-preserve-service -> ts-travel-service -> ts-travel-service -> ts-ticketinfo-service -> ts-ticketinfo-service -> ts-basic-service -> ts-basic-service -> ts-station-service,40,30,11.09289836883545,10.600387573242188,1.239214539527893,1.3426945209503174,0.5165841341018679,0.4925107955932617,0.3974378768836064,dataset_2,dataset_3
ts-station-service,ts-travel-service -> ts-travel-service -> ts-ticketinfo-service -> ts-ticketinfo-service -> ts-basic-service -> ts-basic-service -> ts-station-service,32,68,10.968925476074219,10.967462539672852,1.1077746152877808,1.4320858716964722,0.42663469209390514,0.0014629364013671875,0.0013206083450351873,dataset_2,dataset_3
ts-station-service,ts-travel2-service -> ts-travel2-service -> ts-ticketinfo-service -> ts-ticketinfo-service -> ts-basic-service -> ts-basic-service -> ts-station-service,11,44,9.130474090576172,10.523656845092773,0.7572280168533325,1.3249635696411133,1.3931839899583296,1.3931827545166016,1.8398457578286451,dataset_2,dataset_3
ts-ticketinfo-service,ts-preserve-other-service -> ts-preserve-other-service -> ts-travel2-service -> ts-travel2-service -> ts-ticketinfo-service,8,8,12.156461715698242,12.397770881652832,0.6795560121536255,0.6537799835205078,0.28383195400238037,0.24130916595458984,0.35509827245857356,dataset_2,dataset_3
ts-ticketinfo-service,ts-preserve-other-service -> ts-preserve-other-service -> ts-travel2-service -> ts-travel2-service -> ts-ticketinfo-service -> ts-ticketinfo-service,8,8,11.880279541015625,11.935063362121582,0.7910948395729065,0.7108870148658752,0.1416022777557373,0.05478382110595703,0.06925063641615148,dataset_2,dataset_3
ts-ticketinfo-service,ts-preserve-service -> ts-preserve-service -> ts-ticketinfo-service,3,3,13.950177192687988,13.48694133758545,0.0497954823076725,0.16153737902641296,0.4632355372111003,0.46323585510253906,9.302768717859443,dataset_2,dataset_3
ts-ticketinfo-service,ts-preserve-service -> ts-preserve-service -> ts-ticketinfo-service -> ts-ticketinfo-service,3,3,13.935006141662598,13.474051475524902,0.05061427876353264,0.16277296841144562,0.4609553019205729,0.4609546661376953,9.107206057232432,dataset_2,dataset_3
ts-ticketinfo-service,ts-preserve-service -> ts-preserve-service -> ts-travel-service -> ts-travel-service -> ts-ticketinfo-service,28,21,12.605372428894043,12.140748977661133,0.9984448552131653,0.9814754724502563,0.5384746279035295,0.46462345123291016,0.465347133401488,dataset_2,dataset_3
ts-ticketinfo-service,ts-preserve-service -> ts-preserve-service -> ts-travel-service -> ts-travel-service -> ts-ticketinfo-service -> ts-ticketinfo-service,28,21,12.393689155578613,12.049198150634766,1.0815268754959106,1.0454620122909546,0.4488109974634079,0.34449100494384766,0.3185228335503811,dataset_2,dataset_3
ts-ticketinfo-service,ts-travel-service -> ts-travel-service -> ts-ticketinfo-service,23,50,13.149213790893555,12.817144393920898,1.3385010957717896,1.285696268081665,0.4127692413330078,0.33206939697265625,0.248090493180495,dataset_2,dataset_3
ts-ticketinfo-service,ts-travel-service -> ts-travel-service -> ts-ticketinfo-service -> ts-ticketinfo-service,23,50,12.7184476852417,12.455601692199707,1.4277020692825317,1.4059133529663086,0.32881486809772,0.2628459930419922,0.18410423203636675,dataset_2,dataset_3
ts-ticketinfo-service,ts-travel2-service -> ts-travel2-service -> ts-ticketinfo-service,8,32,11.816610336303711,12.679383277893066,1.0942896604537964,1.2953579425811768,0.8675042390823364,0.8627729415893555,0.788431959808126,dataset_2,dataset_3
ts-ticketinfo-service,ts-travel2-service -> ts-travel2-service -> ts-ticketinfo-service -> ts-ticketinfo-service,8,32,10.94729232788086,12.4199857711792,1.2633991241455078,1.3559445142745972,1.476191133260727,1.4726934432983398,1.1656596994195219,dataset_2,dataset_3
ts-train-service,ts-admin-basic-info-service -> ts-admin-basic-info-service -> ts-train-service,4,8,11.410685539245605,12.105148315429688,1.320855736732483,0.512783408164978,0.8869255781173706,0.694462776184082,0.5257673164989507,dataset_2,dataset_3
ts-train-service,ts-preserve-other-service -> ts-preserve-other-service -> ts-travel2-service -> ts-travel2-service -> ts-seat-service -> ts-seat-service -> ts-travel2-service -> ts-travel2-service -> ts-train-service,2,2,11.447057723999023,11.406752586364746,0.00035762786865234375,0.11194610595703125,0.1115884780883789,0.040305137634277344,112.70133333333334,dataset_2,dataset_3
ts-train-service,ts-preserve-service -> ts-preserve-service -> ts-seat-service -> ts-seat-service -> ts-travel-service -> ts-travel-service -> ts-train-service,3,3,10.901284217834473,10.564743041992188,0.693686306476593,1.028098464012146,0.5450270970662435,0.33654117584228516,0.485148939369529,dataset_2,dataset_3
ts-train-service,ts-preserve-service -> ts-preserve-service -> ts-ticketinfo-service -> ts-ticketinfo-service -> ts-basic-service -> ts-basic-service -> ts-train-service,3,3,10.274304389953613,10.467509269714355,0.4787047505378723,1.494540810585022,1.1036558151245117,0.1932048797607422,0.4035992530754235,dataset_2,dataset_3
ts-train-service,ts-preserve-service -> ts-preserve-service -> ts-travel-service -> ts-travel-service -> ts-seat-service -> ts-seat-service -> ts-travel-service -> ts-travel-service -> ts-train-service,8,6,10.956779479980469,10.68917465209961,1.1030256748199463,1.0453583002090454,0.6906833251317342,0.2676048278808594,0.242609790496982,dataset_2,dataset_3
ts-train-service,ts-preserve-service -> ts-preserve-service -> ts-travel-service -> ts-travel-service -> ts-ticketinfo-service -> ts-ticketinfo-service -> ts-basic-service -> ts-basic-service -> ts-train-service,4,3,11.080120086669922,10.702807426452637,0.5981297492980957,1.3618965148925781,0.963454008102417,0.37731266021728516,0.6308207552960892,dataset_2,dataset_3
ts-train-service,ts-preserve-service -> ts-preserve-service -> ts-travel-service -> ts-travel-service -> ts-train-service,3,3,11.683833122253418,11.21651840209961,0.388774037361145,1.4366098642349243,0.911792755126953,0.4673147201538086,1.2020214192433445,dataset_2,dataset_3
ts-train-service,ts-travel-service -> ts-travel-service -> ts-seat-service -> ts-seat-service -> ts-travel-service -> ts-travel-service -> ts-train-service,6,12,11.264765739440918,11.756831169128418,0.7090713977813721,0.9902213215827942,0.7610297203063965,0.4920654296875,0.6939575213823792,dataset_2,dataset_3
ts-train-service,ts-travel-service -> ts-travel-service -> ts-ticketinfo-service -> ts-ticketinfo-service -> ts-basic-service -> ts-basic-service -> ts-train-service,3,6,13.447306632995605,12.484997749328613,1.6466407775878906,2.4047062397003174,0.9623082478841146,0.9623088836669922,0.584407295607392,dataset_2,dataset_3
ts-train-service,ts-travel-service -> ts-travel-service -> ts-train-service,3,6,12.228816986083984,12.214447021484375,0.5929762721061707,0.564516544342041,0.08861255645751953,0.014369964599609375,0.024233624978903835,dataset_2,dataset_3
ts-train-service,ts-travel2-service -> ts-travel2-service -> ts-seat-service -> ts-seat-service -> ts-travel2-service -> ts-travel2-service -> ts-train-service,2,8,11.800257682800293,11.417984008789062,0.37964534759521484,0.9679816365242004,0.5657271146774292,0.38227367401123047,1.006923109772487,dataset_2,dataset_3
ts-travel-service,ts-food-service -> ts-food-service -> ts-travel-service,3,5,12.428866386413574,12.035542488098145,0.7360755801200867,0.5859273076057434,0.4173824310302735,0.3933238983154297,0.5343525976656651,dataset_2,dataset_3
ts-travel-service,ts-food-service -> ts-food-service -> ts-travel-service -> ts-travel-service,2,3,11.82276725769043,11.035568237304688,0.37671899795532227,1.2195146083831787,1.1497114499409993,0.7871990203857422,2.0896185874838773,dataset_2,dataset_3
ts-travel-service,ts-preserve-service -> ts-preserve-service -> ts-seat-service -> ts-seat-service -> ts-travel-service,6,6,12.22125244140625,11.758216857910156,0.32908910512924194,0.5170308351516724,0.46303606033325195,0.46303558349609375,1.4070219167974203,dataset_2,dataset_3
ts-travel-service,ts-preserve-service -> ts-preserve-service -> ts-seat-service -> ts-seat-service -> ts-travel-service -> ts-travel-service,6,6,10.845900535583496,9.834506034851074,0.8484081625938416,1.0313633680343628,1.0908821423848472,1.0113945007324219,1.1921084040967753,dataset_2,dataset_3
ts-travel-service,ts-preserve-service -> ts-preserve-service -> ts-travel-service,4,3,15.739777565002441,15.211909294128418,0.21946971118450165,0.1520451307296753,0.5278689861297607,0.5278682708740234,2.4051987311828205,dataset_2,dataset_3
ts-travel-service,ts-preserve-service -> ts-preserve-service -> ts-travel-service -> ts-travel-service,48,36,12.560145378112793,12.040887832641602,1.2013903856277466,1.1747634410858154,0.5251335170533922,0.5192575454711914,0.4322138346394962,dataset_2,dataset_3
ts-travel-service,ts-preserve-service -> ts-preserve-service -> ts-travel-service -> ts-travel-service -> ts-seat-service -> ts-seat-service -> ts-travel-service,16,12,12.3544340133667,11.905853271484375,0.5700610876083374,0.3529391586780548,0.4485798279444376,0.4485807418823242,0.7868994246990654,dataset_2,dataset_3
ts-travel-service,ts-preserve-service -> ts-preserve-service -> ts-travel-service -> ts-travel-service -> ts-seat-service -> ts-seat-service -> ts-travel-service -> ts-travel-service,16,12,11.11231803894043,10.10681438446045,1.0492262840270996,0.8172913789749146,1.0055037140846252,1.0055036544799805,0.9583286939979194,dataset_2,dataset_3
ts-travel-service,ts-travel-service -> ts-travel-service,55,124,12.85351276397705,12.790315628051758,1.4546034336090088,1.4680936336517334,0.18452440930251854,0.06319713592529297,0.04344629915281782,dataset_2,dataset_3
ts-travel-service,ts-travel-service -> ts-travel-service -> ts-seat-service -> ts-seat-service -> ts-travel-service,12,24,12.782233238220215,12.523348808288574,0.41605135798454285,0.8047295212745667,0.4609824816385905,0.2588844299316406,0.6222415213009801,dataset_2,dataset_3
ts-travel-service,ts-travel-service -> ts-travel-service -> ts-seat-service -> ts-seat-service -> ts-travel-service -> ts-travel-service,12,24,11.57519817352295,11.280349731445312,0.6939910054206848,1.2520300149917603,0.602326234181722,0.2948484420776367,0.4248591693186354,dataset_2,dataset_3
ts-travel-service,ts-travel-service,4,10,16.152847290039062,15.80162239074707,1.554455280303955,1.365219235420227,0.6981000900268555,0.3512248992919922,0.2259472522254319,dataset_2,dataset_3
ts-travel2-service,ts-preserve-other-service -> ts-preserve-other-service -> ts-seat-service -> ts-seat-service -> ts-travel2-service,2,2,13.009519577026367,12.104557991027832,0.4503636360168457,0.8134889602661133,0.9049620628356934,0.9049615859985352,2.009401989028895,dataset_2,dataset_3
ts-travel2-service,ts-preserve-other-service -> ts-preserve-other-service -> ts-seat-service -> ts-seat-service -> ts-travel2-service -> ts-travel2-service,2,2,11.802104949951172,11.025779724121094,0.810661792755127,1.5580101013183594,0.7763257026672363,0.7763252258300781,0.9576437828550523,dataset_2,dataset_3
ts-travel2-service,ts-preserve-other-service -> ts-preserve-other-service -> ts-travel2-service -> ts-travel2-service,13,13,12.385026931762695,12.59543228149414,1.0630782842636108,0.748607873916626,0.3057778431819036,0.2104053497314453,0.19792084256258896,dataset_2,dataset_3
ts-travel2-service,ts-preserve-other-service -> ts-preserve-other-service -> ts-travel2-service -> ts-travel2-service -> ts-seat-service -> ts-seat-service -> ts-travel2-service,4,4,12.73914623260498,12.359396934509277,0.31702184677124023,0.42220214009284973,0.379749059677124,0.3797492980957031,1.1978647590483769,dataset_2,dataset_3
ts-travel2-service,ts-preserve-other-service -> ts-preserve-other-service -> ts-travel2-service -> ts-travel2-service -> ts-seat-service -> ts-seat-service -> ts-travel2-service -> ts-travel2-service,4,4,11.15037727355957,10.72359848022461,0.656464159488678,0.8892643451690674,0.7310752868652344,0.42677879333496094,0.6501174316468096,dataset_2,dataset_3
ts-travel2-service,ts-travel2-service -> ts-travel2-service,17,68,11.608094215393066,12.785186767578125,1.5672779083251953,1.6319172382354736,1.1815157357384174,1.1770925521850586,0.7510426491259028,dataset_2,dataset_3
ts-travel2-service,ts-travel2-service -> ts-travel2-service -> ts-seat-service -> ts-seat-service -> ts-travel2-service,4,16,12.820943832397461,12.917323112487793,0.6325646042823792,0.7603257298469543,0.3402720093727112,0.09637928009033203,0.1523627459359202,dataset_2,dataset_3
ts-travel2-service,ts-travel2-service -> ts-travel2-service -> ts-seat-service -> ts-seat-service -> ts-travel2-service -> ts-travel2-service,4,16,11.234025955200195,11.245054244995117,1.1707804203033447,1.1184695959091187,0.2695011496543884,0.011028289794921875,0.009419605592707544,dataset_2,dataset_3
ts-user-service,ts-admin-user-service -> ts-admin-user-service -> ts-user-service,3,6,12.961723327636719,12.508183479309082,1.0954564809799194,1.1382237672805786,0.4831220308939617,0.4535398483276367,0.41401904703866593,dataset_2,dataset_3
ts-user-service,ts-preserve-service -> ts-preserve-service -> ts-user-service,3,3,12.848800659179688,12.48327350616455,2.2981836795806885,0.3050343692302704,1.7476514180501304,0.3655271530151367,0.15905045199948004,dataset_2,dataset_3
ts-verification-code-service,ts-auth-service -> ts-auth-service -> ts-verification-code-service,2,2,13.865605354309082,12.329544067382812,0.04207611083984375,1.340259075164795,1.5360617637634277,1.5360612869262695,36.50673164097915,dataset_2,dataset_3
ts-verification-code-service,ts-verification-code-service,6,3,12.290566444396973,13.510123252868652,1.6651781797409058,1.0134540796279907,1.4557925860087078,1.2195568084716797,0.7323881752170432,dataset_2,dataset_3
ts-admin-basic-info-service,ts-admin-basic-info-service -> ts-admin-basic-info-service,40,44,11.967796325683594,11.4307222366333,0.9930031895637512,1.0602558851242065,0.5370744315060703,0.537074089050293,0.5408583725559248,dataset_3,dataset_1
ts-admin-basic-info-service,ts-admin-basic-info-service,40,44,12.627050399780273,12.191496849060059,0.83769690990448,0.7605253458023071,0.43731874119151737,0.43555355072021484,0.5199416943890598,dataset_3,dataset_1
ts-admin-order-service,ts-admin-order-service -> ts-admin-order-service,10,17,11.601032257080078,11.10649585723877,1.3853212594985962,1.8029454946517944,0.5230431668898639,0.4945363998413086,0.356983188159764,dataset_3,dataset_1
ts-admin-order-service,ts-admin-order-service,8,13,13.167400360107422,12.580058097839355,1.1508477926254272,1.1089202165603638,0.6783396555827215,0.5873422622680664,0.510356161806735,dataset_3,dataset_1
ts-admin-route-service,ts-admin-route-service -> ts-admin-route-service,6,8,11.812080383300781,12.248291015625,1.2639621496200562,0.6976523399353027,0.6305650075276692,0.43621063232421875,0.34511368275967963,dataset_3,dataset_1
ts-admin-route-service,ts-admin-route-service,6,8,13.172799110412598,12.907196044921875,1.1157742738723755,1.0801652669906616,0.35304474830627436,0.26560306549072266,0.2380437259670166,dataset_3,dataset_1
ts-admin-travel-service,ts-admin-travel-service -> ts-admin-travel-service,2,15,12.931727409362793,11.508854866027832,0.7894363403320312,2.282992124557495,1.7462471326192222,1.422872543334961,1.8023904786755964,dataset_3,dataset_1
ts-admin-travel-service,ts-admin-travel-service,2,13,14.18979263305664,12.255640983581543,1.61409330368042,1.817131757736206,1.9341511726379395,1.9341516494750977,1.198289866555352,dataset_3,dataset_1
ts-admin-user-service,ts-admin-user-service -> ts-admin-user-service,6,10,12.894206047058105,11.57443904876709,1.2314776182174683,1.9563277959823608,1.384220790863037,1.3197669982910156,1.071693856849257,dataset_3,dataset_1
ts-admin-user-service,ts-admin-user-service,6,10,13.741374015808105,12.99218463897705,1.3818546533584595,1.2970428466796875,0.7491888364156087,0.7491893768310547,0.5421622129434704,dataset_3,dataset_1
ts-assurance-service,ts-assurance-service,5,17,12.948101997375488,11.066365242004395,2.1031463146209717,1.40098237991333,1.888796256570255,1.8817367553710938,0.894724604888091,dataset_3,dataset_1
ts-auth-service,ts-auth-service -> ts-auth-service,2,2,13.027669906616211,13.307029724121094,1.3593497276306152,1.790769100189209,0.43141937255859375,0.2793598175048828,0.20550989331628058,dataset_3,dataset_1
ts-auth-service,ts-auth-service,11,15,13.779618263244629,13.599656105041504,0.8284646272659302,0.7526528835296631,0.2424510146632339,0.179962158203125,0.21722370790534506,dataset_3,dataset_1
ts-basic-service,ts-preserve-service -> ts-preserve-service -> ts-ticketinfo-service -> ts-ticketinfo-service -> ts-basic-service,3,5,13.423932075500488,13.922889709472656,0.22055305540561676,0.24886314570903778,0.4989571253458659,0.49895763397216797,2.2623020708307138,dataset_3,dataset_1
ts-basic-service,ts-preserve-service -> ts-preserve-service -> ts-ticketinfo-service -> ts-ticketinfo-service -> ts-basic-service -> ts-basic-service,21,35,10.220105171203613,11.223673820495605,1.100891351699829,1.0370066165924072,1.0059088843209403,1.0035686492919922,0.9115964511324701,dataset_3,dataset_1
ts-basic-service,ts-preserve-service -> ts-preserve-service -> ts-travel-service -> ts-travel-service -> ts-ticketinfo-service -> ts-ticketinfo-service -> ts-basic-service,21,38,11.974014282226562,11.991045951843262,1.0838059186935425,1.1615830659866333,0.1711367078891075,0.01703166961669922,0.015714685925714254,dataset_3,dataset_1
ts-basic-service,ts-preserve-service -> ts-preserve-service -> ts-travel-service -> ts-travel-service -> ts-ticketinfo-service -> ts-ticketinfo-service -> ts-basic-service -> ts-basic-service,39,74,10.933258056640625,10.958902359008789,1.183603048324585,1.1953808069229126,0.19223754635637033,0.025644302368164062,0.0216663030772556,dataset_3,dataset_1
ts-basic-service,ts-travel-service -> ts-travel-service -> ts-ticketinfo-service -> ts-ticketinfo-service -> ts-basic-service,50,134,12.319979667663574,11.525586128234863,1.4099844694137573,1.4356542825698853,0.7943921615828329,0.7943935394287109,0.563405879044188,dataset_3,dataset_1
ts-basic-service,ts-travel-service -> ts-travel-service -> ts-ticketinfo-service -> ts-ticketinfo-service -> ts-basic-service -> ts-basic-service,86,254,11.364775657653809,10.560685157775879,1.6498347520828247,1.4140101671218872,0.8040904893999113,0.8040904998779297,0.487376386551932,dataset_3,dataset_1
ts-basic-service,ts-travel2-service -> ts-travel2-service -> ts-ticketinfo-service -> ts-ticketinfo-service -> ts-basic-service,32,28,12.228614807128906,10.915373802185059,1.4424852132797241,1.2410954236984253,1.3132436573505402,1.3132410049438477,0.9104017100861513,dataset_3,dataset_1
ts-basic-service,ts-travel2-service -> ts-travel2-service -> ts-ticketinfo-service -> ts-ticketinfo-service -> ts-basic-service -> ts-basic-service,56,34,11.342208862304688,9.983808517456055,1.566924810409546,1.274095058441162,1.3583994943554665,1.3584003448486328,0.8669212050408397,dataset_3,dataset_1
ts-config-service,ts-admin-basic-info-service -> ts-admin-basic-info-service -> ts-config-service,8,9,11.605260848999023,10.907726287841797,1.2095155715942383,1.2267142534255981,0.6986457506815591,0.6975345611572266,0.5767057304089275,dataset_3,dataset_1
ts-config-service,ts-preserve-service -> ts-preserve-service -> ts-travel-service -> ts-travel-service -> ts-seat-service -> ts-seat-service -> ts-config-service,6,10,11.092208862304688,11.307682991027832,0.8714218735694885,1.0450505018234253,0.3460336367289226,0.21547412872314453,0.24726729412991066,dataset_3,dataset_1
ts-config-service,ts-travel-service -> ts-travel-service -> ts-seat-service -> ts-seat-service -> ts-config-service,12,40,12.506669044494629,10.402437210083008,1.8842029571533203,1.6041814088821411,2.104231842358907,2.104231834411621,1.1167755715608914,dataset_3,dataset_1
ts-config-service,ts-travel2-service -> ts-travel2-service -> ts-seat-service -> ts-seat-service -> ts-config-service,8,2,13.16215991973877,8.899953842163086,1.880161166191101,0.09607887268066406,4.2622058391571045,4.262206077575684,2.2669365553433996,dataset_3,dataset_1
ts-consign-price-service,ts-consign-price-service,8,2,11.27010726928711,11.908092498779297,0.6804631948471069,0.6104159355163574,0.6434404850006104,0.6379852294921875,0.9375749259084265,dataset_3,dataset_1
ts-consign-price-service,ts-consign-service -> ts-consign-service -> ts-consign-price-service,10,7,11.924970626831055,12.487753868103027,1.4857910871505737,1.0744787454605103,0.7267702647617886,0.5627832412719727,0.3787768321798654,dataset_3,dataset_1
ts-consign-service,ts-consign-service -> ts-consign-service,10,7,11.8223237991333,12.37895679473877,1.5021229982376099,1.2936358451843262,0.6127522059849333,0.5566329956054688,0.37056419231883636,dataset_3,dataset_1
ts-consign-service,ts-consign-service,16,11,12.684850692749023,13.033581733703613,1.240246057510376,1.3502787351608276,0.41554491628300066,0.34873104095458984,0.2811789151377104,dataset_3,dataset_1
ts-contacts-service,ts-admin-basic-info-service -> ts-admin-basic-info-service -> ts-contacts-service,8,8,12.374357223510742,11.813669204711914,0.6914390921592712,0.5391069054603577,0.5606882572174072,0.5606880187988281,0.8109000852813729,dataset_3,dataset_1
ts-contacts-service,ts-contacts-service,5,17,12.70392894744873,11.777132034301758,1.5814039707183838,1.130068063735962,0.926796026790843,0.9267969131469727,0.5860595586628994,dataset_3,dataset_1
ts-contacts-service,ts-preserve-service -> ts-preserve-service -> ts-contacts-service,3,7,11.844311714172363,11.501297950744629,0.7512503266334534,1.0387992858886719,0.5024043037777856,0.3430137634277344,0.45659050155075154,dataset_3,dataset_1
ts-execute-service,ts-execute-service -> ts-execute-service,10,8,11.605315208435059,11.312643051147461,1.0023837089538574,1.4202690124511719,0.5121504068374634,0.29267215728759766,0.29197617107429485,dataset_3,dataset_1
ts-execute-service,ts-execute-service,4,4,13.854326248168945,13.339330673217773,0.968254804611206,1.3322771787643433,0.558429479598999,0.5149955749511719,0.5318802163423952,dataset_3,dataset_1
ts-food-map-service,ts-food-service -> ts-food-service -> ts-food-map-service,8,37,13.281217575073242,11.499391555786133,1.5562505722045898,1.2144865989685059,1.781826776427192,1.7818260192871094,1.1449480251518678,dataset_3,dataset_1
ts-food-service,ts-food-service -> ts-food-service,19,92,12.260446548461914,11.162726402282715,1.6096391677856445,1.2017560005187988,1.0977210212899566,1.0977201461791992,0.6819665973270989,dataset_3,dataset_1
ts-food-service,ts-food-service,5,19,14.763201713562012,13.485759735107422,1.387383222579956,0.8302815556526184,1.277442761471397,1.2774419784545898,0.9207563978459238,dataset_3,dataset_1
ts-food-service,ts-preserve-service -> ts-preserve-service -> ts-food-service,3,5,11.918469429016113,12.518356323242188,0.3233887851238251,0.9445711970329285,0.5998861948649088,0.5998868942260742,1.8550021578403793,dataset_3,dataset_1
ts-inside-payment-service,ts-inside-payment-service -> ts-inside-payment-service,10,6,12.117962837219238,12.5065279006958,1.7105894088745117,2.32757568359375,0.8304045041402182,0.3885650634765625,0.22715273546105974,dataset_3,dataset_1
ts-inside-payment-service,ts-inside-payment-service,6,2,13.117980003356934,15.426127433776855,1.806967854499817,1.3552312850952148,2.30814790725708,2.308147430419922,1.2773594309782756,dataset_3,dataset_1
ts-notification-service,ts-notification-service,3,3,15.123480796813965,15.069969177246094,0.10512172430753708,0.15840357542037964,0.060017903645833336,0.053511619567871094,0.5090443475919505,dataset_3,dataset_1
ts-notification-service,ts-preserve-service -> ts-preserve-service -> ts-notification-service,3,5,15.334869384765625,15.805013656616211,0.11114682257175446,0.5706464052200317,0.4701444625854492,0.47014427185058594,4.229938930976358,dataset_3,dataset_1
ts-order-other-service,ts-admin-order-service -> ts-admin-order-service -> ts-order-other-service,2,6,11.793288230895996,11.61853313446045,0.37931060791015625,1.2086200714111328,0.5687265396118164,0.17475509643554688,0.4607176619667317,dataset_3,dataset_1
ts-order-other-service,ts-order-other-service -> ts-order-other-service,7,17,12.49056339263916,11.580093383789062,0.9708138704299927,1.0317717790603638,0.910470064948587,0.9104700088500977,0.9378419865868135,dataset_3,dataset_1
ts-order-other-service,ts-order-other-service,7,17,12.685592651367188,12.115920066833496,1.7693573236465454,1.2126269340515137,0.9218838876035033,0.5696725845336914,0.3219658216688692,dataset_3,dataset_1
ts-order-other-service,ts-preserve-service -> ts-preserve-service -> ts-security-service -> ts-security-service -> ts-order-other-service,3,7,11.619781494140625,12.577203750610352,0.31992173194885254,1.206984281539917,0.9574224835350401,0.9574222564697266,2.9926765232153545,dataset_3,dataset_1
ts-order-other-service,ts-travel2-service -> ts-travel2-service -> ts-seat-service -> ts-seat-service -> ts-order-other-service,8,2,11.775524139404297,10.942598342895508,1.3870553970336914,0.5455737113952637,1.098534345626831,0.8329257965087891,0.6004993011022165,dataset_3,dataset_1
ts-payment-service,ts-inside-payment-service -> ts-inside-payment-service -> ts-payment-service,2,2,14.092057228088379,14.557334899902344,1.5153493881225586,1.467383861541748,0.46527814865112305,0.46527767181396484,0.3070431647386748,dataset_3,dataset_1
ts-preserve-service,ts-preserve-service -> ts-preserve-service,33,62,12.865219116210938,12.930760383605957,1.452620267868042,1.8320505619049072,0.3438631208760996,0.06554126739501953,0.04511933975092614,dataset_3,dataset_1
ts-preserve-service,ts-preserve-service,3,8,16.537294387817383,15.452038764953613,0.4828684628009796,2.7029213905334473,1.2759544452031457,1.0852556228637695,2.2475181265069932,dataset_3,dataset_1
ts-price-service,ts-admin-basic-info-service -> ts-admin-basic-info-service -> ts-price-service,8,8,11.195579528808594,11.969368934631348,0.7666506767272949,0.7539410591125488,0.8350539207458496,0.7737894058227539,1.0093115799831196,dataset_3,dataset_1
ts-price-service,ts-preserve-service -> ts-preserve-service -> ts-ticketinfo-service -> ts-ticketinfo-service -> ts-basic-service -> ts-basic-service -> ts-price-service,3,5,10.919078826904297,11.309483528137207,0.47240546345710754,0.986807644367218,0.8249186833699544,0.39040470123291016,0.8264186835941564,dataset_3,dataset_1
ts-price-service,ts-preserve-service -> ts-preserve-service -> ts-travel-service -> ts-travel-service -> ts-ticketinfo-service -> ts-ticketinfo-service -> ts-basic-service -> ts-basic-service -> ts-price-service,3,6,11.459155082702637,11.78490161895752,0.727921187877655,0.3621049225330353,0.4484041531880696,0.3257465362548828,0.44750247922393555,dataset_3,dataset_1
ts-price-service,ts-travel-service -> ts-travel-service -> ts-ticketinfo-service -> ts-ticketinfo-service -> ts-basic-service -> ts-basic-service -> ts-price-service,6,20,12.889107704162598,11.658953666687012,2.0783016681671143,1.1722861528396606,1.3737412770589192,1.230154037475586,0.591903502902193,dataset_3,dataset_1
ts-route-service,ts-admin-route-service -> ts-admin-route-service -> ts-route-service,6,8,10.948067665100098,10.767017364501953,1.1870954036712646,1.426977515220642,0.5957622130711875,0.18105030059814453,0.15251537495488587,dataset_3,dataset_1
ts-route-service,ts-food-service -> ts-food-service -> ts-travel-service -> ts-travel-service -> ts-route-service,3,18,10.528087615966797,10.385921478271484,0.9309702515602112,0.9874909520149231,0.520809120602078,0.1421661376953125,0.1527074978572694,dataset_3,dataset_1
ts-route-service,ts-preserve-service -> ts-preserve-service -> ts-seat-service -> ts-seat-service -> ts-travel-service -> ts-travel-service -> ts-route-service,3,5,9.188971519470215,9.843944549560547,0.24533572793006897,0.8442080020904541,0.654973030090332,0.654973030090332,2.669700966982791,dataset_3,dataset_1
ts-route-service,ts-preserve-service -> ts-preserve-service -> ts-ticketinfo-service -> ts-ticketinfo-service -> ts-basic-service -> ts-basic-service -> ts-route-service,3,5,10.012125968933105,10.469503402709961,0.4515345096588135,1.269076943397522,0.9678925196329753,0.45737743377685547,1.0129401496298853,dataset_3,dataset_1
ts-route-service,ts-preserve-service -> ts-preserve-service -> ts-travel-service -> ts-travel-service -> ts-route-service,3,6,9.85500717163086,10.265774726867676,0.31370463967323303,1.061682939529419,0.8069451649983724,0.4107675552368164,1.3094086069772124,dataset_3,dataset_1
ts-route-service,ts-preserve-service -> ts-preserve-service -> ts-travel-service -> ts-travel-service -> ts-seat-service -> ts-seat-service -> ts-travel-service -> ts-travel-service -> ts-route-service,6,10,9.69970989227295,9.993684768676758,0.8354076147079468,0.9203752279281616,0.35590085983276376,0.2939748764038086,0.3518939392317849,dataset_3,dataset_1
ts-route-service,ts-preserve-service -> ts-preserve-service -> ts-travel-service -> ts-travel-service -> ts-ticketinfo-service -> ts-ticketinfo-service -> ts-basic-service -> ts-basic-service -> ts-route-service,3,6,10.178187370300293,10.3702392578125,0.9716766476631165,1.3460454940795898,0.634130318959554,0.19205188751220703,0.19764999804625547,dataset_3,dataset_1
ts-route-service,ts-travel-service -> ts-travel-service -> ts-route-service,50,85,12.068315505981445,10.839975357055664,1.586717963218689,1.6088159084320068,1.2408582047855155,1.2283401489257812,0.7741389316813864,dataset_3,dataset_1
ts-route-service,ts-travel-service -> ts-travel-service -> ts-seat-service -> ts-seat-service -> ts-travel-service -> ts-travel-service -> ts-route-service,12,40,10.639145851135254,9.65110969543457,1.2631738185882568,1.1146823167800903,0.9880373318990072,0.9880361557006836,0.7821854294011006,dataset_3,dataset_1
ts-route-service,ts-travel-service -> ts-travel-service -> ts-ticketinfo-service -> ts-ticketinfo-service -> ts-basic-service -> ts-basic-service -> ts-route-service,6,20,10.39284610748291,10.426355361938477,1.4909271001815796,1.5853772163391113,0.6637753963470459,0.033509254455566406,0.02247544796220105,dataset_3,dataset_1
ts-route-service,ts-travel2-service -> ts-travel2-service -> ts-route-service,20,55,11.201899528503418,10.426371574401855,1.6204969882965088,1.5282034873962402,0.7854933001778341,0.7755279541015625,0.47857414095956413,dataset_3,dataset_1
ts-route-service,ts-travel2-service -> ts-travel2-service -> ts-seat-service -> ts-seat-service -> ts-travel2-service -> ts-travel2-service -> ts-route-service,8,2,9.922947883605957,8.699819564819336,1.3374404907226562,0.05054616928100586,1.2231279611587524,1.223128318786621,0.914529152714474,dataset_3,dataset_1
ts-seat-service,ts-preserve-service -> ts-preserve-service -> ts-seat-service,3,5,12.985405921936035,12.964651107788086,0.29147839546203613,0.3995804488658905,0.15908114115397137,0.02075481414794922,0.07120532592149681,dataset_3,dataset_1
ts-seat-service,ts-preserve-service -> ts-preserve-service -> ts-seat-service -> ts-seat-service,9,15,11.433579444885254,11.222932815551758,0.7699692249298096,0.9198973774909973,0.37889876895480684,0.2106466293334961,0.2735779853444125,dataset_3,dataset_1
ts-seat-service,ts-preserve-service -> ts-preserve-service -> ts-travel-service -> ts-travel-service -> ts-seat-service,6,10,13.274762153625488,13.388422012329102,0.16385924816131592,0.25994279980659485,0.1474744478861491,0.11365985870361328,0.6936432333176433,dataset_3,dataset_1
ts-seat-service,ts-preserve-service -> ts-preserve-service -> ts-travel-service -> ts-travel-service -> ts-seat-service -> ts-seat-service,24,40,11.14300537109375,11.469606399536133,1.0270403623580933,0.9159020185470581,0.3396232604980469,0.3266010284423828,0.31800213546866274,dataset_3,dataset_1
ts-seat-service,ts-travel-service -> ts-travel-service -> ts-seat-service,12,40,14.257063865661621,13.212295532226562,1.2315388917922974,0.7655186653137207,1.0447678645451863,1.0447683334350586,0.8483437595012321,dataset_3,dataset_1
ts-seat-service,ts-travel-service -> ts-travel-service -> ts-seat-service -> ts-seat-service,48,160,12.429169654846191,11.241958618164062,1.2755881547927856,1.2717022895812988,1.1872109770774841,1.187211036682129,0.930716573544058,dataset_3,dataset_1
ts-seat-service,ts-travel2-service -> ts-travel2-service -> ts-seat-service,8,2,14.694730758666992,13.453147888183594,1.3479902744293213,0.21473264694213867,1.241583228111267,1.2415828704833984,0.9210621871949551,dataset_3,dataset_1
ts-seat-service,ts-travel2-service -> ts-travel2-service -> ts-seat-service -> ts-seat-service,32,8,12.79569149017334,11.229742050170898,1.4115314483642578,1.3300069570541382,1.5659494698047638,1.5659494400024414,1.1093974858421536,dataset_3,dataset_1
ts-security-service,ts-preserve-service -> ts-preserve-service -> ts-security-service,3,7,12.997296333312988,13.679362297058105,0.329216867685318,1.1377819776535034,0.6936221349807012,0.6820659637451172,2.0717831639084485,dataset_3,dataset_1
ts-security-service,ts-preserve-service -> ts-preserve-service -> ts-security-service -> ts-security-service,6,14,11.614418983459473,12.297638893127441,0.28290310502052307,1.25054132938385,0.9144519170125327,0.6832199096679688,2.415031498570526,dataset_3,dataset_1
ts-station-service,ts-admin-basic-info-service -> ts-admin-basic-info-service -> ts-station-service,8,9,11.286323547363281,10.693353652954102,1.2619209289550781,1.0752712488174438,0.632501721382141,0.5929698944091797,0.46989465092728344,dataset_3,dataset_1
ts-station-service,ts-food-service -> ts-food-service -> ts-station-service,6,36,10.74238109588623,10.165663719177246,0.9868488311767578,1.2519601583480835,0.7355352507697211,0.5767173767089844,0.5844029586793791,dataset_3,dataset_1
ts-station-service,ts-order-other-service -> ts-order-other-service -> ts-station-service,6,16,11.801872253417969,11.142642974853516,1.0337742567062378,1.1727432012557983,0.6620862483978271,0.6592292785644531,0.6376917148864376,dataset_3,dataset_1
ts-station-service,ts-preserve-service -> ts-preserve-service -> ts-station-service,6,10,10.572279930114746,11.103214263916016,1.1064672470092773,1.1571184396743774,0.5344010035196938,0.5309343338012695,0.47984640777786874,dataset_3,dataset_1
ts-station-service,ts-preserve-service -> ts-preserve-service -> ts-ticketinfo-service -> ts-ticketinfo-service -> ts-basic-service -> ts-basic-service -> ts-station-service,12,20,10.3406982421875,11.394255638122559,1.1856769323349,1.151479721069336,1.0535587469736736,1.0535573959350586,0.8885703746132058,dataset_3,dataset_1
ts-station-service,ts-preserve-service -> ts-preserve-service -> ts-travel-service -> ts-travel-service -> ts-ticketinfo-service -> ts-ticketinfo-service -> ts-basic-service -> ts-basic-service -> ts-station-service,30,56,10.600387573242188,10.738717079162598,1.3426945209503174,1.3040847778320312,0.2434546368462699,0.13832950592041016,0.10302381052579618,dataset_3,dataset_1
ts-station-service,ts-travel-service -> ts-travel-service -> ts-ticketinfo-service -> ts-ticketinfo-service -> ts-basic-service -> ts-basic-service -> ts-station-service,68,194,10.967462539672852,10.065496444702148,1.4320858716964722,1.4834707975387573,0.9019655216961936,0.9019660949707031,0.6298268230956147,dataset_3,dataset_1
ts-station-service,ts-travel2-service -> ts-travel2-service -> ts-ticketinfo-service -> ts-ticketinfo-service -> ts-basic-service -> ts-basic-service -> ts-station-service,44,31,10.523656845092773,9.463068008422852,1.3249635696411133,1.3169375658035278,1.0792839625014587,1.0605888366699219,0.8004664135461466,dataset_3,dataset_1
ts-ticketinfo-service,ts-preserve-service -> ts-preserve-service -> ts-ticketinfo-service,3,5,13.48694133758545,13.936546325683594,0.16153737902641296,0.2483900636434555,0.44960473378499344,0.44960498809814453,2.7832876254890184,dataset_3,dataset_1
ts-ticketinfo-service,ts-preserve-service -> ts-preserve-service -> ts-ticketinfo-service -> ts-ticketinfo-service,3,5,13.474051475524902,13.924737930297852,0.16277296841144562,0.24877354502677917,0.4506860097249349,0.4506864547729492,2.7688040537157064,dataset_3,dataset_1
ts-ticketinfo-service,ts-preserve-service -> ts-preserve-service -> ts-travel-service -> ts-travel-service -> ts-ticketinfo-service,21,38,12.140748977661133,12.40636157989502,0.9814754724502563,1.0098071098327637,0.30626456779346123,0.2656126022338867,0.27062581764858995,dataset_3,dataset_1
ts-ticketinfo-service,ts-preserve-service -> ts-preserve-service -> ts-travel-service -> ts-travel-service -> ts-ticketinfo-service -> ts-ticketinfo-service,21,38,12.049198150634766,12.0245361328125,1.0454620122909546,1.141660451889038,0.22653389933115256,0.024662017822265625,0.023589587696470148,dataset_3,dataset_1
ts-ticketinfo-service,ts-travel-service -> ts-travel-service -> ts-ticketinfo-service,50,134,12.817144393920898,11.988859176635742,1.285696268081665,1.2153156995773315,0.8282885616928783,0.8282852172851562,0.6442308637334748,dataset_3,dataset_1
ts-ticketinfo-service,ts-travel-service -> ts-travel-service -> ts-ticketinfo-service -> ts-ticketinfo-service,50,134,12.455601692199707,11.662365913391113,1.4059133529663086,1.3532344102859497,0.7932367805936444,0.7932357788085938,0.5642138451384371,dataset_3,dataset_1
ts-ticketinfo-service,ts-travel2-service -> ts-travel2-service -> ts-ticketinfo-service,32,28,12.679383277893066,11.745726585388184,1.2953579425811768,0.7766228914260864,0.9336573311260769,0.9336566925048828,0.7207711952145405,dataset_3,dataset_1
ts-ticketinfo-service,ts-travel2-service -> ts-travel2-service -> ts-ticketinfo-service -> ts-ticketinfo-service,32,28,12.4199857711792,11.31994915008545,1.3559445142745972,1.0139877796173096,1.1000368211950575,1.10003662109375,0.8112696423144182,dataset_3,dataset_1
ts-train-service,ts-admin-basic-info-service -> ts-admin-basic-info-service -> ts-train-service,8,10,12.105148315429688,11.112883567810059,0.512783408164978,1.1335252523422241,0.9941665410995485,0.9922647476196289,1.935056267070925,dataset_3,dataset_1
ts-train-service,ts-preserve-service -> ts-preserve-service -> ts-seat-service -> ts-seat-service -> ts-travel-service -> ts-travel-service -> ts-train-service,3,5,10.564743041992188,10.52523422241211,1.028098464012146,1.318932056427002,0.6939470926920572,0.039508819580078125,0.03842902305864292,dataset_3,dataset_1
ts-train-service,ts-preserve-service -> ts-preserve-service -> ts-ticketinfo-service -> ts-ticketinfo-service -> ts-basic-service -> ts-basic-service -> ts-train-service,3,5,10.467509269714355,11.85189151763916,1.494540810585022,0.3714311718940735,1.6512598673502605,1.3843822479248047,0.9262927034979413,dataset_3,dataset_1
ts-train-service,ts-preserve-service -> ts-preserve-service -> ts-travel-service -> ts-travel-service -> ts-seat-service -> ts-seat-service -> ts-travel-service -> ts-travel-service -> ts-train-service,6,10,10.68917465209961,11.012476921081543,1.0453583002090454,0.99314945936203,0.36465380986531587,0.3233022689819336,0.30927412057404746,dataset_3,dataset_1
ts-train-service,ts-preserve-service -> ts-preserve-service -> ts-travel-service -> ts-travel-service -> ts-ticketinfo-service -> ts-ticketinfo-service -> ts-basic-service -> ts-basic-service -> ts-train-service,3,6,10.702807426452637,10.765471458435059,1.3618965148925781,0.848391056060791,0.8734418551127116,0.06266403198242188,0.046012330083218256,dataset_3,dataset_1
ts-train-service,ts-preserve-service -> ts-preserve-service -> ts-travel-service -> ts-travel-service -> ts-train-service,3,5,11.21651840209961,11.943726539611816,1.4366098642349243,0.414968341588974,1.0678781509399413,0.727208137512207,0.5061973717544299,dataset_3,dataset_1
ts-train-service,ts-travel-service -> ts-travel-service -> ts-seat-service -> ts-seat-service -> ts-travel-service -> ts-travel-service -> ts-train-service,12,40,11.756831169128418,10.12317180633545,0.9902213215827942,1.3641170263290405,1.6336587429046632,1.6336593627929688,1.6497921496799193,dataset_3,dataset_1
ts-train-service,ts-travel-service -> ts-travel-service -> ts-ticketinfo-service -> ts-ticketinfo-service -> ts-basic-service -> ts-basic-service -> ts-train-service,6,20,12.484997749328613,10.778383255004883,2.4047062397003174,1.5453401803970337,1.7066155910491942,1.7066144943237305,0.7096977028414142,dataset_3,dataset_1
ts-train-service,ts-travel-service -> ts-travel-service -> ts-train-service,6,20,12.214447021484375,10.625706672668457,0.564516544342041,1.386177897453308,1.594845104217529,1.588740348815918,2.81433797598906,dataset_3,dataset_1
ts-train-service,ts-travel2-service -> ts-travel2-service -> ts-seat-service -> ts-seat-service -> ts-travel2-service -> ts-travel2-service -> ts-train-service,8,2,11.417984008789062,9.230413436889648,0.9679816365242004,0.12376785278320312,2.187571167945862,2.187570571899414,2.2599298265145578,dataset_3,dataset_1
ts-travel-service,ts-admin-travel-service -> ts-admin-travel-service -> ts-travel-service,2,5,11.256417274475098,11.192967414855957,0.13413715362548828,2.3257484436035156,2.179534721374512,0.06344985961914062,0.47302226045658463,dataset_3,dataset_1
ts-travel-service,ts-food-service -> ts-food-service -> ts-travel-service,5,19,12.035542488098145,11.55212116241455,0.5859273076057434,0.7072251439094543,0.4834207635176808,0.48342132568359375,0.8250534143202565,dataset_3,dataset_1
ts-travel-service,ts-food-service -> ts-food-service -> ts-travel-service -> ts-travel-service,3,18,11.035568237304688,10.745288848876953,1.2195146083831787,0.8329852223396301,0.7411146693759495,0.2902793884277344,0.23802862748203085,dataset_3,dataset_1
ts-travel-service,ts-preserve-service -> ts-preserve-service -> ts-seat-service -> ts-seat-service -> ts-travel-service,6,10,11.758216857910156,11.304326057434082,0.5170308351516724,0.909209668636322,0.5284868240356444,0.4538908004760742,0.8778795569183493,dataset_3,dataset_1
ts-travel-service,ts-preserve-service -> ts-preserve-service -> ts-seat-service -> ts-seat-service -> ts-travel-service -> ts-travel-service,6,10,9.834506034851074,10.49718189239502,1.0313633680343628,1.1809587478637695,0.7257431348164876,0.6626758575439453,0.6425241365775038,dataset_3,dataset_1
ts-travel-service,ts-preserve-service -> ts-preserve-service -> ts-travel-service,3,6,15.211909294128418,15.179306983947754,0.1520451307296753,0.38597622513771057,0.19577185312906903,0.03260231018066406,0.2144252171983626,dataset_3,dataset_1
ts-travel-service,ts-preserve-service -> ts-preserve-service -> ts-travel-service -> ts-travel-service,36,64,12.040887832641602,12.197925567626953,1.1747634410858154,1.246019959449768,0.22529753214783138,0.15703773498535156,0.13367604872024622,dataset_3,dataset_1
ts-travel-service,ts-preserve-service -> ts-preserve-service -> ts-travel-service -> ts-travel-service -> ts-seat-service -> ts-seat-service -> ts-travel-service,12,20,11.905853271484375,12.011579513549805,0.3529391586780548,0.5025679469108582,0.16468210220336915,0.10572624206542969,0.29955939845675045,dataset_3,dataset_1
ts-travel-service,ts-preserve-service -> ts-preserve-service -> ts-travel-service -> ts-travel-service -> ts-seat-service -> ts-seat-service -> ts-travel-service -> ts-travel-service,12,20,10.10681438446045,10.586164474487305,0.8172913789749146,1.1204917430877686,0.5399540742238361,0.47935009002685547,0.5865106403398981,dataset_3,dataset_1
ts-travel-service,ts-travel-service -> ts-travel-service,124,299,12.790315628051758,11.848087310791016,1.4680936336517334,1.4056316614151,0.9422292220372575,0.9422283172607422,0.6418039664929581,dataset_3,dataset_1
ts-travel-service,ts-travel-service -> ts-travel-service -> ts-seat-service -> ts-seat-service -> ts-travel-service,24,80,12.523348808288574,11.757007598876953,0.8047295212745667,0.8494846820831299,0.7663406054178875,0.7663412094116211,0.9522966278133497,dataset_3,dataset_1
ts-travel-service,ts-travel-service -> ts-travel-service -> ts-seat-service -> ts-seat-service -> ts-travel-service -> ts-travel-service,24,80,11.280349731445312,10.442355155944824,1.2520300149917603,1.2196578979492188,0.8379943887392678,0.8379945755004883,0.6693086950523333,dataset_3,dataset_1
ts-travel-service,ts-travel-service,10,17,15.80162239074707,15.160500526428223,1.365219235420227,1.1858974695205688,0.6550801389357621,0.6411218643188477,0.4696109223230395,dataset_3,dataset_1
ts-travel2-service,ts-travel2-service -> ts-travel2-service,68,87,12.785186767578125,11.400975227355957,1.6319172382354736,1.3368771076202393,1.3842118708486086,1.384211540222168,0.8482118503257311,dataset_3,dataset_1
ts-travel2-service,ts-travel2-service -> ts-travel2-service -> ts-seat-service -> ts-seat-service -> ts-travel2-service,16,4,12.917323112487793,12.182645797729492,0.7603257298469543,0.8237519860267639,0.7346776127815247,0.7346773147583008,0.9662665432960997,dataset_3,dataset_1
ts-travel2-service,ts-travel2-service -> ts-travel2-service -> ts-seat-service -> ts-seat-service -> ts-travel2-service -> ts-travel2-service,16,4,11.245054244995117,10.482757568359375,1.1184695959091187,1.1333825588226318,0.7692083716392517,0.7622966766357422,0.6815533291417988,dataset_3,dataset_1
ts-travel2-service,ts-travel2-service,4,11,16.752824783325195,14.420289039611816,1.1402493715286255,0.7267088890075684,2.3325352452018047,2.332535743713379,2.045636508956253,dataset_3,dataset_1
ts-user-service,ts-admin-user-service -> ts-admin-user-service -> ts-user-service,6,10,12.508183479309082,11.63880729675293,1.1382237672805786,1.6147674322128296,0.9416293462117513,0.8693761825561523,0.7638007635644866,dataset_3,dataset_1
ts-user-service,ts-preserve-service -> ts-preserve-service -> ts-user-service,3,5,12.48327350616455,13.14924144744873,0.3050343692302704,1.476320505142212,0.7103731791178384,0.6659679412841797,2.183255424510674,dataset_3,dataset_1
ts-verification-code-service,ts-auth-service -> ts-auth-service -> ts-verification-code-service,2,2,12.329544067382812,12.407365798950195,1.340259075164795,1.0238652229309082,0.3163938522338867,0.07782173156738281,0.05806469287127494,dataset_3,dataset_1
ts-verification-code-service,ts-verification-code-service,3,13,13.510123252868652,11.944840431213379,1.0134540796279907,1.5869253873825073,1.6374465991289187,1.5652828216552734,1.5445029559009156,dataset_3,dataset_1
ts-admin-basic-info-service,ts-admin-basic-info-service -> ts-admin-basic-info-service,40,20,11.967796325683594,12.139059066772461,0.9930031895637512,1.1265287399291992,0.28321471214294436,0.1712627410888672,0.1724694773277685,dataset_3,dataset_2
ts-admin-basic-info-service,ts-admin-basic-info-service,40,20,12.627050399780273,12.930994987487793,0.83769690990448,0.9768394827842712,0.31743001937866216,0.30394458770751953,0.36283360259998737,dataset_3,dataset_2
ts-admin-order-service,ts-admin-order-service -> ts-admin-order-service,10,5,11.601032257080078,12.57020378112793,1.3853212594985962,0.7346121072769165,1.0889116287231444,0.9691715240478516,0.6996005564793208,dataset_3,dataset_2
ts-admin-order-service,ts-admin-order-service,8,4,13.167400360107422,13.767803192138672,1.1508477926254272,1.1658082008361816,0.6641494035720825,0.60040283203125,0.5217048126421235,dataset_3,dataset_2
ts-admin-route-service,ts-admin-route-service -> ts-admin-route-service,6,3,11.812080383300781,13.045777320861816,1.2639621496200562,0.7322437763214111,1.2336983680725098,1.2336969375610352,0.9760552860953007,dataset_3,dataset_2
ts-admin-route-service,ts-admin-route-service,6,3,13.172799110412598,14.287514686584473,1.1157742738723755,1.22579824924469,1.1147152582804363,1.114715576171875,0.999051154229586,dataset_3,dataset_2
ts-admin-user-service,ts-admin-user-service -> ts-admin-user-service,6,3,12.894206047058105,13.274039268493652,1.2314776182174683,1.264326572418213,0.3798340161641439,0.3798332214355469,0.3084369669546618,dataset_3,dataset_2
ts-admin-user-service,ts-admin-user-service,6,3,13.741374015808105,14.651625633239746,1.3818546533584595,1.066321849822998,1.0815521876017251,0.9102516174316406,0.658717337036399,dataset_3,dataset_2
ts-assurance-service,ts-assurance-service,5,3,12.948101997375488,13.439091682434082,2.1031463146209717,1.3158633708953857,1.0035229365030924,0.49098968505859375,0.2334548393733984,dataset_3,dataset_2
ts-auth-service,ts-auth-service -> ts-auth-service,2,2,13.027669906616211,15.444770812988281,1.3593497276306152,0.019452571868896484,2.417099952697754,2.4171009063720703,1.7781302759997937,dataset_3,dataset_2
ts-auth-service,ts-auth-service,11,7,13.779618263244629,14.446588516235352,0.8284646272659302,1.4422938823699951,0.6669690392234109,0.6669702529907227,0.805067870177915,dataset_3,dataset_2
ts-basic-service,ts-preserve-other-service -> ts-preserve-other-service -> ts-ticketinfo-service -> ts-ticketinfo-service -> ts-basic-service -> ts-basic-service,7,7,10.77548885345459,11.080537796020508,1.1721194982528687,1.181186556816101,0.3484245027814593,0.30504894256591797,0.26025413195550123,dataset_3,dataset_2
ts-basic-service,ts-preserve-other-service -> ts-preserve-other-service -> ts-travel2-service -> ts-travel2-service -> ts-ticketinfo-service -> ts-ticketinfo-service -> ts-basic-service,8,8,11.817962646484375,11.669673919677734,0.7294521927833557,0.8283274173736572,0.2714200019836426,0.14828872680664062,0.20328779359867077,dataset_3,dataset_2
ts-basic-service,ts-preserve-other-service -> ts-preserve-other-service -> ts-travel2-service -> ts-travel2-service -> ts-ticketinfo-service -> ts-ticketinfo-service -> ts-basic-service -> ts-basic-service,14,14,10.43760871887207,10.26499080657959,1.0322544574737549,0.9042213559150696,0.23613929748535153,0.17261791229248047,0.16722418686854573,dataset_3,dataset_2
ts-basic-service,ts-preserve-service -> ts-preserve-service -> ts-ticketinfo-service -> ts-ticketinfo-service -> ts-basic-service,3,3,13.423932075500488,13.933685302734375,0.22055305540561676,0.05315614119172096,0.5097535451253254,0.5097532272338867,2.311249899922742,dataset_3,dataset_2
ts-basic-service,ts-preserve-service -> ts-preserve-service -> ts-ticketinfo-service -> ts-ticketinfo-service -> ts-basic-service -> ts-basic-service,21,21,10.220105171203613,11.413330078125,1.100891351699829,0.7844433784484863,1.2022239140101845,1.1932249069213867,1.083871632817344,dataset_3,dataset_2
ts-basic-service,ts-preserve-service -> ts-preserve-service -> ts-travel-service -> ts-travel-service -> ts-ticketinfo-service -> ts-ticketinfo-service -> ts-basic-service,21,28,11.974014282226562,12.271162033081055,1.0838059186935425,1.1602717638015747,0.4647487004597981,0.2971477508544922,0.27417062938047476,dataset_3,dataset_2
ts-basic-service,ts-preserve-service -> ts-preserve-service -> ts-travel-service -> ts-travel-service -> ts-ticketinfo-service -> ts-ticketinfo-service -> ts-basic-service -> ts-basic-service,39,52,10.933258056640625,11.195588111877441,1.183603048324585,1.144038438796997,0.28078896571428347,0.2623300552368164,0.22163685334213198,dataset_3,dataset_2
ts-basic-service,ts-travel-service -> ts-travel-service -> ts-ticketinfo-service -> ts-ticketinfo-service -> ts-basic-service,50,23,12.319979667663574,12.56790828704834,1.4099844694137573,1.4312324523925781,0.32211703839509404,0.24792861938476562,0.17583783705635372,dataset_3,dataset_2
ts-basic-service,ts-travel-service -> ts-travel-service -> ts-ticketinfo-service -> ts-ticketinfo-service -> ts-basic-service -> ts-basic-service,86,41,11.364775657653809,11.455163955688477,1.6498347520828247,1.5065958499908447,0.3136474284271049,0.09038829803466797,0.054786273546825075,dataset_3,dataset_2
ts-basic-service,ts-travel2-service -> ts-travel2-service -> ts-ticketinfo-service -> ts-ticketinfo-service -> ts-basic-service,32,8,12.228614807128906,10.784151077270508,1.4424852132797241,1.3110642433166504,1.4444643557071686,1.4444637298583984,1.0013716026760342,dataset_3,dataset_2
ts-basic-service,ts-travel2-service -> ts-travel2-service -> ts-ticketinfo-service -> ts-ticketinfo-service -> ts-basic-service -> ts-basic-service,56,14,11.342208862304688,10.206900596618652,1.566924810409546,1.2895779609680176,1.1353068862642561,1.1353082656860352,0.7245454651964446,dataset_3,dataset_2
ts-config-service,ts-admin-basic-info-service -> ts-admin-basic-info-service -> ts-config-service,8,4,11.605260848999023,12.32963752746582,1.2095155715942383,0.5064051747322083,0.8621132373809814,0.7243766784667969,0.5988981832718453,dataset_3,dataset_2
ts-config-service,ts-preserve-other-service -> ts-preserve-other-service -> ts-travel2-service -> ts-travel2-service -> ts-seat-service -> ts-seat-service -> ts-config-service,2,2,11.77328109741211,12.387777328491211,0.3641061782836914,0.16025638580322266,0.6144962310791016,0.6144962310791016,1.6876841639317641,dataset_3,dataset_2
ts-config-service,ts-preserve-service -> ts-preserve-service -> ts-travel-service -> ts-travel-service -> ts-seat-service -> ts-seat-service -> ts-config-service,6,8,11.092208862304688,10.887929916381836,0.8714218735694885,0.6603922843933105,0.788291652997335,0.20427894592285156,0.23442026430446497,dataset_3,dataset_2
ts-config-service,ts-travel-service -> ts-travel-service -> ts-seat-service -> ts-seat-service -> ts-config-service,12,6,12.506669044494629,13.019217491149902,1.8842029571533203,1.5843122005462646,0.8120142618815105,0.5125484466552734,0.2720240113780729,dataset_3,dataset_2
ts-config-service,ts-travel2-service -> ts-travel2-service -> ts-seat-service -> ts-seat-service -> ts-config-service,8,2,13.16215991973877,10.319198608398438,1.880161166191101,1.125394344329834,2.8429605960845947,2.842961311340332,1.5120838375253258,dataset_3,dataset_2
ts-consign-price-service,ts-consign-service -> ts-consign-service -> ts-consign-price-service,10,4,11.924970626831055,12.753693580627441,1.4857910871505737,1.7190725803375244,1.016432762145996,0.8287229537963867,0.5577654631013423,dataset_3,dataset_2
ts-consign-service,ts-consign-service -> ts-consign-service,10,4,11.8223237991333,12.85152816772461,1.5021229982376099,1.7832868099212646,1.088783073425293,1.0292043685913086,0.6851665075355609,dataset_3,dataset_2
ts-consign-service,ts-consign-service,16,6,12.684850692749023,13.5257568359375,1.240246057510376,1.528875708580017,0.8521564602851868,0.8409061431884766,0.6780155744872759,dataset_3,dataset_2
ts-contacts-service,ts-admin-basic-info-service -> ts-admin-basic-info-service -> ts-contacts-service,8,4,12.374357223510742,12.42524528503418,0.6914390921592712,1.051263451576233,0.41422390937805176,0.0508880615234375,0.07359731623579588,dataset_3,dataset_2
ts-contacts-service,ts-contacts-service,5,3,12.70392894744873,13.484118461608887,1.5814039707183838,1.7117081880569458,0.8522697448730472,0.7801895141601562,0.4933524441612094,dataset_3,dataset_2
ts-contacts-service,ts-preserve-service -> ts-preserve-service -> ts-contacts-service,3,5,11.844311714172363,12.076930046081543,0.7512503266334534,0.5953466296195984,0.3348206202189127,0.2326183319091797,0.30964157174027795,dataset_3,dataset_2
ts-execute-service,ts-execute-service -> ts-execute-service,10,4,11.605315208435059,12.239212989807129,1.0023837089538574,1.142770528793335,0.6935320854187014,0.6338977813720703,0.6323903468399749,dataset_3,dataset_2
ts-execute-service,ts-execute-service,4,2,13.854326248168945,14.362171173095703,0.968254804611206,1.3696117401123047,0.7345986366271973,0.5078449249267578,0.5244951251552822,dataset_3,dataset_2
ts-food-map-service,ts-food-service -> ts-food-service -> ts-food-map-service,8,5,13.281217575073242,13.637392044067383,1.5562505722045898,1.4176034927368164,0.4916417360305787,0.3561744689941406,0.22886704452071793,dataset_3,dataset_2
ts-food-service,ts-food-service -> ts-food-service,19,12,12.260446548461914,12.461380004882812,1.6096391677856445,1.6109830141067505,0.3586100402631256,0.20093345642089844,0.12483136621067656,dataset_3,dataset_2
ts-food-service,ts-food-service,5,3,14.763201713562012,14.765284538269043,1.387383222579956,1.4883204698562622,0.4745905558268229,0.00208282470703125,0.0015012612759999085,dataset_3,dataset_2
ts-food-service,ts-preserve-service -> ts-preserve-service -> ts-food-service,3,3,11.918469429016113,13.081377983093262,0.3233887851238251,1.0529500246047974,1.162907918294271,1.1629085540771484,3.596007677359227,dataset_3,dataset_2
ts-inside-payment-service,ts-inside-payment-service -> ts-inside-payment-service,10,3,12.117962837219238,13.801395416259766,1.7105894088745117,2.3247456550598145,1.8412439982096356,1.6834325790405273,0.9841242850604036,dataset_3,dataset_2
ts-notification-service,ts-preserve-service -> ts-preserve-service -> ts-notification-service,3,3,15.334869384765625,15.901270866394043,0.11114682257175446,0.6259876489639282,0.5664011637369792,0.566401481628418,5.095975472108157,dataset_3,dataset_2
ts-order-other-service,ts-order-other-service -> ts-order-other-service,7,4,12.49056339263916,13.634979248046875,0.9708138704299927,1.5128666162490845,1.1564553805759974,1.1444158554077148,1.1788210801941164,dataset_3,dataset_2
ts-order-other-service,ts-order-other-service,7,4,12.685592651367188,14.019613265991211,1.7693573236465454,1.5608932971954346,1.3402636732373918,1.3340206146240234,0.753957720577708,dataset_3,dataset_2
ts-order-other-service,ts-preserve-other-service -> ts-preserve-other-service -> ts-travel2-service -> ts-travel2-service -> ts-seat-service -> ts-seat-service -> ts-order-other-service,2,2,12.033378601074219,10.9005708694458,0.5776896476745605,0.10081195831298828,1.1328072547912598,1.132807731628418,1.960927872238038,dataset_3,dataset_2
ts-order-other-service,ts-preserve-service -> ts-preserve-service -> ts-security-service -> ts-security-service -> ts-order-other-service,3,5,11.619781494140625,12.269851684570312,0.31992173194885254,0.47884806990623474,0.6500696818033853,0.6500701904296875,2.031966338984491,dataset_3,dataset_2
ts-order-other-service,ts-travel2-service -> ts-travel2-service -> ts-seat-service -> ts-seat-service -> ts-order-other-service,8,2,11.775524139404297,11.094449996948242,1.3870553970336914,0.684295654296875,1.0226082801818848,0.6810741424560547,0.49102158710645316,dataset_3,dataset_2
ts-preserve-other-service,ts-preserve-other-service -> ts-preserve-other-service,11,12,14.088486671447754,13.006484031677246,2.160689353942871,1.8258498907089233,1.1027322971459592,1.0820026397705078,0.5007673304799909,dataset_3,dataset_2
ts-preserve-service,ts-preserve-service -> ts-preserve-service,33,39,12.865219116210938,13.23732852935791,1.452620267868042,1.84739089012146,0.5438844307319268,0.37210941314697266,0.2561642718183357,dataset_3,dataset_2
ts-preserve-service,ts-preserve-service,3,5,16.537294387817383,16.68997573852539,0.4828684628009796,0.5719895958900452,0.34143810272216796,0.1526813507080078,0.3161965679480239,dataset_3,dataset_2
ts-price-service,ts-admin-basic-info-service -> ts-admin-basic-info-service -> ts-price-service,8,4,11.195579528808594,11.780721664428711,0.7666506767272949,1.1118077039718628,0.5851422548294067,0.5851421356201172,0.7632447911191995,dataset_3,dataset_2
ts-price-service,ts-preserve-service -> ts-preserve-service -> ts-ticketinfo-service -> ts-ticketinfo-service -> ts-basic-service -> ts-basic-service -> ts-price-service,3,3,10.919078826904297,11.946476936340332,0.47240546345710754,0.45658552646636963,1.0273990631103516,1.0273981094360352,2.1748226659307437,dataset_3,dataset_2
ts-price-service,ts-preserve-service -> ts-preserve-service -> ts-travel-service -> ts-travel-service -> ts-ticketinfo-service -> ts-ticketinfo-service -> ts-basic-service -> ts-basic-service -> ts-price-service,3,4,11.459155082702637,11.732536315917969,0.727921187877655,0.5334962010383606,0.4304040273030599,0.27338123321533203,0.3755643299962309,dataset_3,dataset_2
ts-price-service,ts-travel-service -> ts-travel-service -> ts-ticketinfo-service -> ts-ticketinfo-service -> ts-basic-service -> ts-basic-service -> ts-price-service,6,3,12.889107704162598,13.776556968688965,2.0783016681671143,1.5208755731582642,0.9029339154561361,0.8874492645263672,0.42700695386008236,dataset_3,dataset_2
ts-route-service,ts-admin-route-service -> ts-admin-route-service -> ts-route-service,6,3,10.948067665100098,11.870862007141113,1.1870954036712646,1.159550666809082,0.9227949778238933,0.9227943420410156,0.7773548269053526,dataset_3,dataset_2
ts-route-service,ts-food-service -> ts-food-service -> ts-travel-service -> ts-travel-service -> ts-route-service,3,2,10.528087615966797,11.500286102294922,0.9309702515602112,0.09643888473510742,1.0995132128397622,0.972198486328125,1.0442852332808912,dataset_3,dataset_2
ts-route-service,ts-preserve-other-service -> ts-preserve-other-service -> ts-travel2-service -> ts-travel2-service -> ts-seat-service -> ts-seat-service -> ts-travel2-service -> ts-travel2-service -> ts-route-service,2,2,10.4614896774292,9.945417404174805,0.17212772369384766,0.6349606513977051,0.5160717964172363,0.5160722732543945,2.9981937957437848,dataset_3,dataset_2
ts-route-service,ts-preserve-service -> ts-preserve-service -> ts-seat-service -> ts-seat-service -> ts-travel-service -> ts-travel-service -> ts-route-service,3,3,9.188971519470215,10.045870780944824,0.24533572793006897,0.9546065926551819,0.8568992614746095,0.8568992614746094,3.4927618113528975,dataset_3,dataset_2
ts-route-service,ts-preserve-service -> ts-preserve-service -> ts-ticketinfo-service -> ts-ticketinfo-service -> ts-basic-service -> ts-basic-service -> ts-route-service,3,3,10.012125968933105,11.146339416503906,0.4515345096588135,0.42564740777015686,1.1342150370279949,1.1342134475708008,2.5119086654701768,dataset_3,dataset_2
ts-route-service,ts-preserve-service -> ts-preserve-service -> ts-travel-service -> ts-travel-service -> ts-route-service,3,4,9.85500717163086,10.581640243530273,0.31370463967323303,0.6340011358261108,0.7266331513722737,0.7266330718994141,2.3162968601812945,dataset_3,dataset_2
ts-route-service,ts-preserve-service -> ts-preserve-service -> ts-travel-service -> ts-travel-service -> ts-seat-service -> ts-seat-service -> ts-travel-service -> ts-travel-service -> ts-route-service,6,8,9.69970989227295,11.018872261047363,0.8354076147079468,0.9421754479408264,1.319162686665853,1.319162368774414,1.5790643340443873,dataset_3,dataset_2
ts-route-service,ts-preserve-service -> ts-preserve-service -> ts-travel-service -> ts-travel-service -> ts-ticketinfo-service -> ts-ticketinfo-service -> ts-basic-service -> ts-basic-service -> ts-route-service,3,4,10.178187370300293,10.941062927246094,0.9716766476631165,0.4548477232456207,0.890108823776245,0.7628755569458008,0.785112577090864,dataset_3,dataset_2
ts-route-service,ts-travel-service -> ts-travel-service -> ts-route-service,50,20,12.068315505981445,11.953144073486328,1.586717963218689,1.1665548086166382,0.49071954727172845,0.11517143249511719,0.07258469064123384,dataset_3,dataset_2
ts-route-service,ts-travel-service -> ts-travel-service -> ts-seat-service -> ts-seat-service -> ts-travel-service -> ts-travel-service -> ts-route-service,12,6,10.639145851135254,11.4934663772583,1.2631738185882568,0.06902869045734406,1.3538677692413332,0.8543205261230469,0.6763285571243466,dataset_3,dataset_2
ts-route-service,ts-travel-service -> ts-travel-service -> ts-ticketinfo-service -> ts-ticketinfo-service -> ts-basic-service -> ts-basic-service -> ts-route-service,6,3,10.39284610748291,11.005770683288574,1.4909271001815796,1.2094694375991821,1.00297212600708,0.6129245758056641,0.41110298131344997,dataset_3,dataset_2
ts-route-service,ts-travel2-service -> ts-travel2-service -> ts-route-service,20,5,11.201899528503418,10.282393455505371,1.6204969882965088,1.1153391599655151,1.0307629108428957,0.9195060729980469,0.5674222659090812,dataset_3,dataset_2
ts-route-service,ts-travel2-service -> ts-travel2-service -> ts-seat-service -> ts-seat-service -> ts-travel2-service -> ts-travel2-service -> ts-route-service,8,2,9.922947883605957,8.994298934936523,1.3374404907226562,0.10443973541259766,0.9415122270584106,0.9286489486694336,0.694347864530151,dataset_3,dataset_2
ts-seat-service,ts-preserve-other-service -> ts-preserve-other-service -> ts-seat-service -> ts-seat-service,3,3,11.974815368652344,12.336955070495605,0.8042954802513123,1.0761780738830566,0.657385508219401,0.3621397018432617,0.45025703952744656,dataset_3,dataset_2
ts-seat-service,ts-preserve-other-service -> ts-preserve-other-service -> ts-travel2-service -> ts-travel2-service -> ts-seat-service,2,2,13.788923263549805,13.994071006774902,0.0827322006225586,0.004755973815917969,0.20514774322509766,0.20514774322509766,2.4796601768279327,dataset_3,dataset_2
ts-seat-service,ts-preserve-other-service -> ts-preserve-other-service -> ts-travel2-service -> ts-travel2-service -> ts-seat-service -> ts-seat-service,8,8,12.051305770874023,12.180469512939453,0.518058717250824,0.7449784874916077,0.39481401443481445,0.1291637420654297,0.24932259175342397,dataset_3,dataset_2
ts-seat-service,ts-preserve-service -> ts-preserve-service -> ts-seat-service,3,3,12.985405921936035,13.39384937286377,0.29147839546203613,0.17904284596443176,0.40844376881917316,0.4084434509277344,1.4012820754014768,dataset_3,dataset_2
ts-seat-service,ts-preserve-service -> ts-preserve-service -> ts-seat-service -> ts-seat-service,9,9,11.433579444885254,11.851531028747559,0.7699692249298096,0.6119213700294495,0.44951841566297746,0.4179515838623047,0.542815959820219,dataset_3,dataset_2
ts-seat-service,ts-preserve-service -> ts-preserve-service -> ts-travel-service -> ts-travel-service -> ts-seat-service,6,8,13.274762153625488,13.63811206817627,0.16385924816131592,0.3623490631580353,0.40714426835378015,0.36334991455078125,2.2174513713932766,dataset_3,dataset_2
ts-seat-service,ts-preserve-service -> ts-preserve-service -> ts-travel-service -> ts-travel-service -> ts-seat-service -> ts-seat-service,24,32,11.14300537109375,11.727010726928711,1.0270403623580933,0.9054254293441772,0.5939184824625651,0.5840053558349609,0.568629410526846,dataset_3,dataset_2
ts-seat-service,ts-travel-service -> ts-travel-service -> ts-seat-service,12,6,14.257063865661621,14.790709495544434,1.2315388917922974,1.2716323137283325,0.6290658315022788,0.5336456298828125,0.4333161002379561,dataset_3,dataset_2
ts-seat-service,ts-travel-service -> ts-travel-service -> ts-seat-service -> ts-seat-service,48,24,12.429169654846191,12.713821411132812,1.2755881547927856,1.3226027488708496,0.40641196568806964,0.2846517562866211,0.22315333927890046,dataset_3,dataset_2
ts-seat-service,ts-travel2-service -> ts-travel2-service -> ts-seat-service,8,2,14.694730758666992,13.981531143188477,1.3479902744293213,0.4151639938354492,0.7779709100723267,0.7131996154785156,0.5290836506817176,dataset_3,dataset_2
ts-seat-service,ts-travel2-service -> ts-travel2-service -> ts-seat-service -> ts-seat-service,32,8,12.79569149017334,12.290502548217773,1.4115314483642578,0.697526216506958,0.674304336309433,0.5051889419555664,0.3579013011300603,dataset_3,dataset_2
ts-security-service,ts-preserve-other-service -> ts-preserve-other-service -> ts-security-service -> ts-security-service,2,2,14.558353424072266,12.194244384765625,5.197743666940369e-05,0.006056308746337891,2.3641090393066406,2.3641090393066406,45483.37107009096,dataset_3,dataset_2
ts-security-service,ts-preserve-service -> ts-preserve-service -> ts-security-service,3,5,12.997296333312988,14.000307083129883,0.329216867685318,1.154719591140747,1.0030102411905923,1.0030107498168945,3.0466566214208153,dataset_3,dataset_2
ts-security-service,ts-preserve-service -> ts-preserve-service -> ts-security-service -> ts-security-service,6,10,11.614418983459473,12.514521598815918,0.28290310502052307,0.848877489566803,0.9001031239827473,0.9001026153564453,3.1816639668594227,dataset_3,dataset_2
ts-station-service,ts-admin-basic-info-service -> ts-admin-basic-info-service -> ts-station-service,8,4,11.286323547363281,11.130006790161133,1.2619209289550781,1.1847676038742065,0.35520923137664795,0.15631675720214844,0.12387206964828222,dataset_3,dataset_2
ts-station-service,ts-food-service -> ts-food-service -> ts-station-service,6,4,10.74238109588623,10.223376274108887,0.9868488311767578,1.0197982788085938,0.5680603981018068,0.5190048217773438,0.525921301602457,dataset_3,dataset_2
ts-station-service,ts-order-other-service -> ts-order-other-service -> ts-station-service,6,4,11.801872253417969,13.33971881866455,1.0337742567062378,1.5994620323181152,1.5378478368123374,1.537846565246582,1.4876038509088003,dataset_3,dataset_2
ts-station-service,ts-preserve-other-service -> ts-preserve-other-service -> ts-station-service,2,2,11.358455657958984,9.949153900146484,0.08189868927001953,0.9366555213928223,1.4093012809753418,1.4093017578125,17.207867065686973,dataset_3,dataset_2
ts-station-service,ts-preserve-other-service -> ts-preserve-other-service -> ts-ticketinfo-service -> ts-ticketinfo-service -> ts-basic-service -> ts-basic-service -> ts-station-service,4,4,10.341632843017578,10.286674499511719,1.251661777496338,1.265933871269226,0.4641246795654297,0.054958343505859375,0.04390830214196596,dataset_3,dataset_2
ts-station-service,ts-preserve-other-service -> ts-preserve-other-service -> ts-travel2-service -> ts-travel2-service -> ts-ticketinfo-service -> ts-ticketinfo-service -> ts-basic-service -> ts-basic-service -> ts-station-service,11,11,9.938971519470215,9.776081085205078,0.9074950218200684,0.7964110970497131,0.27961869673295453,0.16289043426513672,0.1794945761117723,dataset_3,dataset_2
ts-station-service,ts-preserve-service -> ts-preserve-service -> ts-station-service,6,6,10.572279930114746,10.668131828308105,1.1064672470092773,1.1552695035934448,0.10572322209676106,0.09585189819335938,0.08662877139150933,dataset_3,dataset_2
ts-station-service,ts-preserve-service -> ts-preserve-service -> ts-ticketinfo-service -> ts-ticketinfo-service -> ts-basic-service -> ts-basic-service -> ts-station-service,12,12,10.3406982421875,11.456954002380371,1.1856769323349,1.0617060661315918,1.1162554423014321,1.116255760192871,0.9414501790084413,dataset_3,dataset_2
ts-station-service,ts-preserve-service -> ts-preserve-service -> ts-travel-service -> ts-travel-service -> ts-ticketinfo-service -> ts-ticketinfo-service -> ts-basic-service -> ts-basic-service -> ts-station-service,30,40,10.600387573242188,11.09289836883545,1.3426945209503174,1.239214539527893,0.5165841341018679,0.4925107955932617,0.3668077793634534,dataset_3,dataset_2
ts-station-service,ts-travel-service -> ts-travel-service -> ts-ticketinfo-service -> ts-ticketinfo-service -> ts-basic-service -> ts-basic-service -> ts-station-service,68,32,10.967462539672852,10.968925476074219,1.4320858716964722,1.1077746152877808,0.42663469209390514,0.0014629364013671875,0.0010215423741553775,dataset_3,dataset_2
ts-station-service,ts-travel2-service -> ts-travel2-service -> ts-ticketinfo-service -> ts-ticketinfo-service -> ts-basic-service -> ts-basic-service -> ts-station-service,44,11,10.523656845092773,9.130474090576172,1.3249635696411133,0.7572280168533325,1.3931839899583296,1.3931827545166016,1.0514875928958307,dataset_3,dataset_2
ts-ticketinfo-service,ts-preserve-other-service -> ts-preserve-other-service -> ts-travel2-service -> ts-travel2-service -> ts-ticketinfo-service,8,8,12.397770881652832,12.156461715698242,0.6537799835205078,0.6795560121536255,0.28383195400238037,0.24130916595458984,0.3690984307215647,dataset_3,dataset_2
ts-ticketinfo-service,ts-preserve-other-service -> ts-preserve-other-service -> ts-travel2-service -> ts-travel2-service -> ts-ticketinfo-service -> ts-ticketinfo-service,8,8,11.935063362121582,11.880279541015625,0.7108870148658752,0.7910948395729065,0.1416022777557373,0.05478382110595703,0.07706403403119302,dataset_3,dataset_2
ts-ticketinfo-service,ts-preserve-service -> ts-preserve-service -> ts-ticketinfo-service,3,3,13.48694133758545,13.950177192687988,0.16153737902641296,0.0497954823076725,0.4632355372111003,0.46323585510253906,2.867669748602244,dataset_3,dataset_2
ts-ticketinfo-service,ts-preserve-service -> ts-preserve-service -> ts-ticketinfo-service -> ts-ticketinfo-service,3,3,13.474051475524902,13.935006141662598,0.16277296841144562,0.05061427876353264,0.4609553019205729,0.4609546661376953,2.8318870795089746,dataset_3,dataset_2
ts-ticketinfo-service,ts-preserve-service -> ts-preserve-service -> ts-travel-service -> ts-travel-service -> ts-ticketinfo-service,21,28,12.140748977661133,12.605372428894043,0.9814754724502563,0.9984448552131653,0.5384746279035295,0.46462345123291016,0.47339282974945507,dataset_3,dataset_2
ts-ticketinfo-service,ts-preserve-service -> ts-preserve-service -> ts-travel-service -> ts-travel-service -> ts-ticketinfo-service -> ts-ticketinfo-service,21,28,12.049198150634766,12.393689155578613,1.0454620122909546,1.0815268754959106,0.4488109974634079,0.34449100494384766,0.32951078173462606,dataset_3,dataset_2
ts-ticketinfo-service,ts-travel-service -> ts-travel-service -> ts-ticketinfo-service,50,23,12.817144393920898,13.149213790893555,1.285696268081665,1.3385010957717896,0.4127692413330078,0.33206939697265625,0.25827981710495546,dataset_3,dataset_2
ts-ticketinfo-service,ts-travel-service -> ts-travel-service -> ts-ticketinfo-service -> ts-ticketinfo-service,50,23,12.455601692199707,12.7184476852417,1.4059133529663086,1.4277020692825317,0.32881486809772,0.2628459930419922,0.18695746255444454,dataset_3,dataset_2
ts-ticketinfo-service,ts-travel2-service -> ts-travel2-service -> ts-ticketinfo-service,32,8,12.679383277893066,11.816610336303711,1.2953579425811768,1.0942896604537964,0.8675042390823364,0.8627729415893555,0.6660498331991257,dataset_3,dataset_2
ts-ticketinfo-service,ts-travel2-service -> ts-travel2-service -> ts-ticketinfo-service -> ts-ticketinfo-service,32,8,12.4199857711792,10.94729232788086,1.3559445142745972,1.2633991241455078,1.476191133260727,1.4726934432983398,1.0861015534151122,dataset_3,dataset_2
ts-train-service,ts-admin-basic-info-service -> ts-admin-basic-info-service -> ts-train-service,8,4,12.105148315429688,11.410685539245605,0.512783408164978,1.320855736732483,0.8869255781173706,0.694462776184082,1.3543004027163301,dataset_3,dataset_2
ts-train-service,ts-preserve-other-service -> ts-preserve-other-service -> ts-travel2-service -> ts-travel2-service -> ts-seat-service -> ts-seat-service -> ts-travel2-service -> ts-travel2-service -> ts-train-service,2,2,11.406752586364746,11.447057723999023,0.11194610595703125,0.00035762786865234375,0.1115884780883789,0.040305137634277344,0.36004055067130103,dataset_3,dataset_2
ts-train-service,ts-preserve-service -> ts-preserve-service -> ts-seat-service -> ts-seat-service -> ts-travel-service -> ts-travel-service -> ts-train-service,3,3,10.564743041992188,10.901284217834473,1.028098464012146,0.693686306476593,0.5450270970662435,0.33654117584228516,0.3273433310355663,dataset_3,dataset_2
ts-train-service,ts-preserve-service -> ts-preserve-service -> ts-ticketinfo-service -> ts-ticketinfo-service -> ts-basic-service -> ts-basic-service -> ts-train-service,3,3,10.467509269714355,10.274304389953613,1.494540810585022,0.4787047505378723,1.1036558151245117,0.1932048797607422,0.12927373972820067,dataset_3,dataset_2
ts-train-service,ts-preserve-service -> ts-preserve-service -> ts-travel-service -> ts-travel-service -> ts-seat-service -> ts-seat-service -> ts-travel-service -> ts-travel-service -> ts-train-service,6,8,10.68917465209961,10.956779479980469,1.0453583002090454,1.1030256748199463,0.6906833251317342,0.2676048278808594,0.25599340228833034,dataset_3,dataset_2
ts-train-service,ts-preserve-service -> ts-preserve-service -> ts-travel-service -> ts-travel-service -> ts-ticketinfo-service -> ts-ticketinfo-service -> ts-basic-service -> ts-basic-service -> ts-train-service,3,4,10.702807426452637,11.080120086669922,1.3618965148925781,0.5981297492980957,0.963454008102417,0.37731266021728516,0.2770494351746295,dataset_3,dataset_2
ts-train-service,ts-preserve-service -> ts-preserve-service -> ts-travel-service -> ts-travel-service -> ts-train-service,3,3,11.21651840209961,11.683833122253418,1.4366098642349243,0.388774037361145,0.911792755126953,0.4673147201538086,0.3252899285935782,dataset_3,dataset_2
ts-train-service,ts-travel-service -> ts-travel-service -> ts-seat-service -> ts-seat-service -> ts-travel-service -> ts-travel-service -> ts-train-service,12,6,11.756831169128418,11.264765739440918,0.9902213215827942,0.7090713977813721,0.7610297203063965,0.4920654296875,0.4969246964920635,dataset_3,dataset_2
ts-train-service,ts-travel-service -> ts-travel-service -> ts-ticketinfo-service -> ts-ticketinfo-service -> ts-basic-service -> ts-basic-service -> ts-train-service,6,3,12.484997749328613,13.447306632995605,2.4047062397003174,1.6466407775878906,0.9623082478841146,0.9623088836669922,0.4001773138771904,dataset_3,dataset_2
ts-train-service,ts-travel-service -> ts-travel-service -> ts-train-service,6,3,12.214447021484375,12.228816986083984,0.564516544342041,0.5929762721061707,0.08861255645751953,0.014369964599609375,0.02545534713487972,dataset_3,dataset_2
ts-train-service,ts-travel2-service -> ts-travel2-service -> ts-seat-service -> ts-seat-service -> ts-travel2-service -> ts-travel2-service -> ts-train-service,8,2,11.417984008789062,11.800257682800293,0.9679816365242004,0.37964534759521484,0.5657271146774292,0.38227367401123047,0.3949183120703481,dataset_3,dataset_2
ts-travel-service,ts-food-service -> ts-food-service -> ts-travel-service,5,3,12.035542488098145,12.428866386413574,0.5859273076057434,0.7360755801200867,0.4173824310302735,0.3933238983154297,0.6712844634646863,dataset_3,dataset_2
ts-travel-service,ts-food-service -> ts-food-service -> ts-travel-service -> ts-travel-service,3,2,11.035568237304688,11.82276725769043,1.2195146083831787,0.37671899795532227,1.1497114499409993,0.7871990203857422,0.6455019193492101,dataset_3,dataset_2
ts-travel-service,ts-preserve-service -> ts-preserve-service -> ts-seat-service -> ts-seat-service -> ts-travel-service,6,6,11.758216857910156,12.22125244140625,0.5170308351516724,0.32908910512924194,0.46303606033325195,0.46303558349609375,0.8955666703326525,dataset_3,dataset_2
ts-travel-service,ts-preserve-service -> ts-preserve-service -> ts-seat-service -> ts-seat-service -> ts-travel-service -> ts-travel-service,6,6,9.834506034851074,10.845900535583496,1.0313633680343628,0.8484081625938416,1.0908821423848472,1.0113945007324219,0.9806383783631962,dataset_3,dataset_2
ts-travel-service,ts-preserve-service -> ts-preserve-service -> ts-travel-service,3,4,15.211909294128418,15.739777565002441,0.1520451307296753,0.21946971118450165,0.5278689861297607,0.5278682708740234,3.471786753977233,dataset_3,dataset_2
ts-travel-service,ts-preserve-service -> ts-preserve-service -> ts-travel-service -> ts-travel-service,36,48,12.040887832641602,12.560145378112793,1.1747634410858154,1.2013903856277466,0.5251335170533922,0.5192575454711914,0.4420103037861391,dataset_3,dataset_2
ts-travel-service,ts-preserve-service -> ts-preserve-service -> ts-travel-service -> ts-travel-service -> ts-seat-service -> ts-seat-service -> ts-travel-service,12,16,11.905853271484375,12.3544340133667,0.3529391586780548,0.5700610876083374,0.4485798279444376,0.4485807418823242,1.270986034993958,dataset_3,dataset_2
ts-travel-service,ts-preserve-service -> ts-preserve-service -> ts-travel-service -> ts-travel-service -> ts-seat-service -> ts-seat-service -> ts-travel-service -> ts-travel-service,12,16,10.10681438446045,11.11231803894043,0.8172913789749146,1.0492262840270996,1.0055037140846252,1.0055036544799805,1.2302878512448407,dataset_3,dataset_2
ts-travel-service,ts-travel-service -> ts-travel-service,124,55,12.790315628051758,12.85351276397705,1.4680936336517334,1.4546034336090088,0.18452440930251854,0.06319713592529297,0.04304707443495721,dataset_3,dataset_2
ts-travel-service,ts-travel-service -> ts-travel-service -> ts-seat-service -> ts-seat-service -> ts-travel-service,24,12,12.523348808288574,12.782233238220215,0.8047295212745667,0.41605135798454285,0.4609824816385905,0.2588844299316406,0.3217036570518848,dataset_3,dataset_2
ts-travel-service,ts-travel-service -> ts-travel-service -> ts-seat-service -> ts-seat-service -> ts-travel-service -> ts-travel-service,24,12,11.280349731445312,11.57519817352295,1.2520300149917603,0.6939910054206848,0.602326234181722,0.2948484420776367,0.23549630483864809,dataset_3,dataset_2
ts-travel-service,ts-travel-service,10,4,15.80162239074707,16.152847290039062,1.365219235420227,1.554455280303955,0.6981000900268555,0.3512248992919922,0.25726629846662097,dataset_3,dataset_2
ts-travel2-service,ts-preserve-other-service -> ts-preserve-other-service -> ts-seat-service -> ts-seat-service -> ts-travel2-service,2,2,12.104557991027832,13.009519577026367,0.8134889602661133,0.4503636360168457,0.9049620628356934,0.9049615859985352,1.1124448274042942,dataset_3,dataset_2
ts-travel2-service,ts-preserve-other-service -> ts-preserve-other-service -> ts-seat-service -> ts-seat-service -> ts-travel2-service -> ts-travel2-service,2,2,11.025779724121094,11.802104949951172,1.5580101013183594,0.810661792755127,0.7763257026672363,0.7763252258300781,0.4982799695413823,dataset_3,dataset_2
ts-travel2-service,ts-preserve-other-service -> ts-preserve-other-service -> ts-travel2-service -> ts-travel2-service,13,13,12.59543228149414,12.385026931762695,0.748607873916626,1.0630782842636108,0.3057778431819036,0.2104053497314453,0.2810621649364038,dataset_3,dataset_2
ts-travel2-service,ts-preserve-other-service -> ts-preserve-other-service -> ts-travel2-service -> ts-travel2-service -> ts-seat-service -> ts-seat-service -> ts-travel2-service,4,4,12.359396934509277,12.73914623260498,0.42220214009284973,0.31702184677124023,0.379749059677124,0.3797492980957031,0.8994490127695457,dataset_3,dataset_2
ts-travel2-service,ts-preserve-other-service -> ts-preserve-other-service -> ts-travel2-service -> ts-travel2-service -> ts-seat-service -> ts-seat-service -> ts-travel2-service -> ts-travel2-service,4,4,10.72359848022461,11.15037727355957,0.8892643451690674,0.656464159488678,0.7310752868652344,0.42677879333496094,0.4799234284534612,dataset_3,dataset_2
ts-travel2-service,ts-travel2-service -> ts-travel2-service,68,17,12.785186767578125,11.608094215393066,1.6319172382354736,1.5672779083251953,1.1815157357384174,1.1770925521850586,0.7212942694678569,dataset_3,dataset_2
ts-travel2-service,ts-travel2-service -> ts-travel2-service -> ts-seat-service -> ts-seat-service -> ts-travel2-service,16,4,12.917323112487793,12.820943832397461,0.7603257298469543,0.6325646042823792,0.3402720093727112,0.09637928009033203,0.12676051369421915,dataset_3,dataset_2
ts-travel2-service,ts-travel2-service -> ts-travel2-service -> ts-seat-service -> ts-seat-service -> ts-travel2-service -> ts-travel2-service,16,4,11.245054244995117,11.234025955200195,1.1184695959091187,1.1707804203033447,0.2695011496543884,0.011028289794921875,0.009860160558014829,dataset_3,dataset_2
ts-user-service,ts-admin-user-service -> ts-admin-user-service -> ts-user-service,6,3,12.508183479309082,12.961723327636719,1.1382237672805786,1.0954564809799194,0.4831220308939617,0.4535398483276367,0.3984628166843019,dataset_3,dataset_2
ts-user-service,ts-preserve-service -> ts-preserve-service -> ts-user-service,3,3,12.48327350616455,12.848800659179688,0.3050343692302704,2.2981836795806885,1.7476514180501304,0.3655271530151367,1.1983146487312724,dataset_3,dataset_2
ts-verification-code-service,ts-auth-service -> ts-auth-service -> ts-verification-code-service,2,2,12.329544067382812,13.865605354309082,1.340259075164795,0.04207611083984375,1.5360617637634277,1.5360612869262695,1.1460928080172852,dataset_3,dataset_2
ts-verification-code-service,ts-verification-code-service,3,6,13.510123252868652,12.290566444396973,1.0134540796279907,1.6651781797409058,1.4557925860087078,1.2195568084716797,1.2033666181691658,dataset_3,dataset_2
