method,roc_auc,average_precision,precision_at_k,precision,recall,f1,pairwise_win_rate,dataset,random_seed,num_train_traces,num_test_normal,num_test_injected,stv_vocab_size,injection_factor
Baseline STV + IF,0.5569529085872575,0.5526589128260644,0.5368421052631579,0.5368421052631579,0.5368421052631579,0.5368421052631579,0.8842105263157894,dataset_1,0,174,95,95,150,5.0
Enhanced STV + IF,0.6182825484764544,0.6003923362263615,0.5684210526315789,0.5684210526315789,0.5684210526315789,0.5684210526315789,0.6631578947368421,dataset_1,0,174,95,95,150,5.0
Request-Aware Enhanced STV + IF,0.6078116343490305,0.6385681577854438,0.5473684210526316,0.5473684210526316,0.5473684210526316,0.5473684210526316,0.7263157894736842,dataset_1,0,174,95,95,150,5.0
Global Residual STV k=1 clip=5.0,0.7273130193905817,0.6723370018596477,0.6842105263157895,0.6842105263157895,0.6842105263157895,0.6842105263157895,0.7894736842105263,dataset_1,0,174,95,95,150,5.0
Request-Aware Residual STV k=1 clip=5.0,0.7257617728531855,0.6594869318203495,0.6842105263157895,0.6842105263157895,0.6842105263157895,0.6842105263157895,0.7684210526315789,dataset_1,0,174,95,95,150,5.0
Global Weighted Residual STV k=1 clip=5.0,0.7163434903047091,0.699049244800225,0.631578947368421,0.631578947368421,0.631578947368421,0.631578947368421,0.8210526315789474,dataset_1,0,174,95,95,150,5.0
Request-Aware Weighted Residual STV k=1 clip=5.0,0.7147368421052632,0.677840131281614,0.631578947368421,0.631578947368421,0.631578947368421,0.631578947368421,0.8,dataset_1,0,174,95,95,150,5.0
Global Residual STV k=3 clip=5.0,0.7011080332409972,0.6811639721764022,0.6631578947368421,0.6631578947368421,0.6631578947368421,0.6631578947368421,0.8526315789473684,dataset_1,0,174,95,95,150,5.0
Request-Aware Residual STV k=3 clip=5.0,0.7029916897506925,0.6766971145748862,0.6631578947368421,0.6631578947368421,0.6631578947368421,0.6631578947368421,0.8526315789473684,dataset_1,0,174,95,95,150,5.0
Global Weighted Residual STV k=3 clip=5.0,0.7026592797783935,0.7325287013966751,0.6,0.6,0.6,0.6,0.8526315789473684,dataset_1,0,174,95,95,150,5.0
Request-Aware Weighted Residual STV k=3 clip=5.0,0.7016620498614959,0.7182922820040619,0.6,0.6,0.6,0.6,0.8526315789473684,dataset_1,0,174,95,95,150,5.0
Global Residual STV k=5 clip=5.0,0.6907479224376731,0.6720419524486099,0.6526315789473685,0.6526315789473685,0.6526315789473685,0.6526315789473685,0.8631578947368421,dataset_1,0,174,95,95,150,5.0
Request-Aware Residual STV k=5 clip=5.0,0.691191135734072,0.6666606314410117,0.6526315789473685,0.6526315789473685,0.6526315789473685,0.6526315789473685,0.8631578947368421,dataset_1,0,174,95,95,150,5.0
Global Weighted Residual STV k=5 clip=5.0,0.6962880886426592,0.7199898721869088,0.6,0.6,0.6,0.6,0.8631578947368421,dataset_1,0,174,95,95,150,5.0
Request-Aware Weighted Residual STV k=5 clip=5.0,0.6937396121883657,0.6988234691164001,0.6,0.6,0.6,0.6,0.8631578947368421,dataset_1,0,174,95,95,150,5.0
Global Residual STV k=1 clip=10.0,0.7273130193905817,0.6755634245597546,0.6842105263157895,0.6842105263157895,0.6842105263157895,0.6842105263157895,0.8210526315789474,dataset_1,0,174,95,95,150,5.0
Request-Aware Residual STV k=1 clip=10.0,0.7265373961218836,0.6665097773958267,0.6842105263157895,0.6842105263157895,0.6842105263157895,0.6842105263157895,0.8105263157894737,dataset_1,0,174,95,95,150,5.0
Global Weighted Residual STV k=1 clip=10.0,0.7131301939058172,0.6965192068022021,0.631578947368421,0.631578947368421,0.631578947368421,0.631578947368421,0.8526315789473684,dataset_1,0,174,95,95,150,5.0
Request-Aware Weighted Residual STV k=1 clip=10.0,0.7115235457063712,0.675339514081756,0.631578947368421,0.631578947368421,0.631578947368421,0.631578947368421,0.8421052631578947,dataset_1,0,174,95,95,150,5.0
Global Residual STV k=3 clip=10.0,0.6995013850415512,0.6834313781351293,0.6631578947368421,0.6631578947368421,0.6631578947368421,0.6631578947368421,0.8631578947368421,dataset_1,0,174,95,95,150,5.0
Request-Aware Residual STV k=3 clip=10.0,0.7003878116343489,0.6746336247752727,0.6631578947368421,0.6631578947368421,0.6631578947368421,0.6631578947368421,0.8631578947368421,dataset_1,0,174,95,95,150,5.0
Global Weighted Residual STV k=3 clip=10.0,0.6979501385041551,0.7131997346643538,0.6,0.6,0.6,0.6,0.8631578947368421,dataset_1,0,174,95,95,150,5.0
Request-Aware Weighted Residual STV k=3 clip=10.0,0.6967313019390582,0.7036580383138448,0.6,0.6,0.6,0.6,0.8631578947368421,dataset_1,0,174,95,95,150,5.0
Global Residual STV k=5 clip=10.0,0.6892520775623268,0.6672265341823866,0.6526315789473685,0.6526315789473685,0.6526315789473685,0.6526315789473685,0.8736842105263158,dataset_1,0,174,95,95,150,5.0
Request-Aware Residual STV k=5 clip=10.0,0.6885872576177284,0.6560558410533122,0.6526315789473685,0.6526315789473685,0.6526315789473685,0.6526315789473685,0.8736842105263158,dataset_1,0,174,95,95,150,5.0
Global Weighted Residual STV k=5 clip=10.0,0.6929085872576177,0.7117897346506005,0.6,0.6,0.6,0.6,0.8736842105263158,dataset_1,0,174,95,95,150,5.0
Request-Aware Weighted Residual STV k=5 clip=10.0,0.6902493074792244,0.6911646710135337,0.6,0.6,0.6,0.6,0.8736842105263158,dataset_1,0,174,95,95,150,5.0
Baseline STV + IF,0.603110599078341,0.5639034447950232,0.5357142857142857,0.5357142857142857,0.5357142857142857,0.5357142857142857,0.8928571428571429,dataset_2,0,55,31,28,162,5.0
Enhanced STV + IF,0.5408986175115207,0.5436092012496677,0.5,0.5,0.5,0.5,0.42857142857142855,dataset_2,0,55,31,28,162,5.0
Request-Aware Enhanced STV + IF,0.5149769585253456,0.5254727099935725,0.4642857142857143,0.4642857142857143,0.4642857142857143,0.4642857142857143,0.39285714285714285,dataset_2,0,55,31,28,162,5.0
Global Residual STV k=1 clip=5.0,0.5558755760368663,0.5270172552561119,0.5,0.5,0.5,0.5,0.35714285714285715,dataset_2,0,55,31,28,162,5.0
Request-Aware Residual STV k=1 clip=5.0,0.5489631336405529,0.5235650936550453,0.5,0.5,0.5,0.5,0.32142857142857145,dataset_2,0,55,31,28,162,5.0
Global Weighted Residual STV k=1 clip=5.0,0.5754608294930875,0.534006971390206,0.5357142857142857,0.5357142857142857,0.5357142857142857,0.5357142857142857,0.39285714285714285,dataset_2,0,55,31,28,162,5.0
Request-Aware Weighted Residual STV k=1 clip=5.0,0.570852534562212,0.5317274499185247,0.5357142857142857,0.5357142857142857,0.5357142857142857,0.5357142857142857,0.35714285714285715,dataset_2,0,55,31,28,162,5.0
Global Residual STV k=3 clip=5.0,0.5679723502304148,0.5435977082135837,0.4642857142857143,0.4642857142857143,0.4642857142857143,0.4642857142857143,0.42857142857142855,dataset_2,0,55,31,28,162,5.0
Request-Aware Residual STV k=3 clip=5.0,0.5656682027649769,0.543029913528142,0.4642857142857143,0.4642857142857143,0.4642857142857143,0.4642857142857143,0.39285714285714285,dataset_2,0,55,31,28,162,5.0
Global Weighted Residual STV k=3 clip=5.0,0.5835253456221199,0.5751750465239045,0.5714285714285714,0.5714285714285714,0.5714285714285714,0.5714285714285714,0.42857142857142855,dataset_2,0,55,31,28,162,5.0
Request-Aware Weighted Residual STV k=3 clip=5.0,0.5800691244239632,0.5732720331765827,0.5714285714285714,0.5714285714285714,0.5714285714285714,0.5714285714285714,0.39285714285714285,dataset_2,0,55,31,28,162,5.0
Global Residual STV k=5 clip=5.0,0.5679723502304148,0.5519529442473912,0.4642857142857143,0.4642857142857143,0.4642857142857143,0.4642857142857143,0.5,dataset_2,0,55,31,28,162,5.0
Request-Aware Residual STV k=5 clip=5.0,0.5656682027649769,0.5513851495619495,0.4642857142857143,0.4642857142857143,0.4642857142857143,0.4642857142857143,0.4642857142857143,dataset_2,0,55,31,28,162,5.0
Global Weighted Residual STV k=5 clip=5.0,0.5771889400921659,0.5628893950838414,0.5714285714285714,0.5714285714285714,0.5714285714285714,0.5714285714285714,0.5,dataset_2,0,55,31,28,162,5.0
Request-Aware Weighted Residual STV k=5 clip=5.0,0.5748847926267282,0.5615265978229542,0.5714285714285714,0.5714285714285714,0.5714285714285714,0.5714285714285714,0.4642857142857143,dataset_2,0,55,31,28,162,5.0
Global Residual STV k=1 clip=10.0,0.5535714285714286,0.5190807473196039,0.5,0.5,0.5,0.5,0.35714285714285715,dataset_2,0,55,31,28,162,5.0
Request-Aware Residual STV k=1 clip=10.0,0.5466589861751152,0.5156285857185374,0.5,0.5,0.5,0.5,0.32142857142857145,dataset_2,0,55,31,28,162,5.0
Global Weighted Residual STV k=1 clip=10.0,0.5777649769585254,0.5360773647649472,0.5357142857142857,0.5357142857142857,0.5357142857142857,0.5357142857142857,0.39285714285714285,dataset_2,0,55,31,28,162,5.0
Request-Aware Weighted Residual STV k=1 clip=10.0,0.5731566820276497,0.5337978432932659,0.5357142857142857,0.5357142857142857,0.5357142857142857,0.5357142857142857,0.35714285714285715,dataset_2,0,55,31,28,162,5.0
Global Residual STV k=3 clip=10.0,0.5662442396313365,0.558559432996737,0.4642857142857143,0.4642857142857143,0.4642857142857143,0.4642857142857143,0.5,dataset_2,0,55,31,28,162,5.0
Request-Aware Residual STV k=3 clip=10.0,0.5639400921658986,0.5579916383112953,0.4642857142857143,0.4642857142857143,0.4642857142857143,0.4642857142857143,0.4642857142857143,dataset_2,0,55,31,28,162,5.0
Global Weighted Residual STV k=3 clip=10.0,0.5777649769585254,0.5708971436378085,0.5714285714285714,0.5714285714285714,0.5714285714285714,0.5714285714285714,0.5,dataset_2,0,55,31,28,162,5.0
Request-Aware Weighted Residual STV k=3 clip=10.0,0.5743087557603687,0.5689941302904866,0.5714285714285714,0.5714285714285714,0.5714285714285714,0.5714285714285714,0.4642857142857143,dataset_2,0,55,31,28,162,5.0
Global Residual STV k=5 clip=10.0,0.5668202764976957,0.5634836754209794,0.4642857142857143,0.4642857142857143,0.4642857142857143,0.4642857142857143,0.5357142857142857,dataset_2,0,55,31,28,162,5.0
Request-Aware Residual STV k=5 clip=10.0,0.564516129032258,0.5629158807355377,0.4642857142857143,0.4642857142857143,0.4642857142857143,0.4642857142857143,0.5,dataset_2,0,55,31,28,162,5.0
Global Weighted Residual STV k=5 clip=10.0,0.5737327188940092,0.5709786156205409,0.5714285714285714,0.5714285714285714,0.5714285714285714,0.5714285714285714,0.5357142857142857,dataset_2,0,55,31,28,162,5.0
Request-Aware Weighted Residual STV k=5 clip=10.0,0.5714285714285715,0.5696158183596537,0.5714285714285714,0.5714285714285714,0.5714285714285714,0.5714285714285714,0.5,dataset_2,0,55,31,28,162,5.0
Baseline STV + IF,0.5655293367346939,0.5503847835304816,0.5535714285714286,0.5535714285714286,0.5535714285714286,0.5535714285714286,0.7678571428571429,dataset_3,0,104,56,56,181,5.0
Enhanced STV + IF,0.5475127551020409,0.5285301735141835,0.5714285714285714,0.5714285714285714,0.5714285714285714,0.5714285714285714,0.39285714285714285,dataset_3,0,104,56,56,181,5.0
Request-Aware Enhanced STV + IF,0.5212053571428572,0.5456935408094316,0.48214285714285715,0.48214285714285715,0.48214285714285715,0.48214285714285715,0.44642857142857145,dataset_3,0,104,56,56,181,5.0
Global Residual STV k=1 clip=5.0,0.5750956632653063,0.5546410445235241,0.6071428571428571,0.6071428571428571,0.6071428571428571,0.6071428571428571,0.5357142857142857,dataset_3,0,104,56,56,181,5.0
Request-Aware Residual STV k=1 clip=5.0,0.5623405612244897,0.5503496893067263,0.6071428571428571,0.6071428571428571,0.6071428571428571,0.6071428571428571,0.5357142857142857,dataset_3,0,104,56,56,181,5.0
Global Weighted Residual STV k=1 clip=5.0,0.5738201530612245,0.5758549593877557,0.625,0.625,0.625,0.625,0.5535714285714286,dataset_3,0,104,56,56,181,5.0
Request-Aware Weighted Residual STV k=1 clip=5.0,0.5613839285714285,0.5705020600527412,0.625,0.625,0.625,0.625,0.5535714285714286,dataset_3,0,104,56,56,181,5.0
Global Residual STV k=3 clip=5.0,0.5618622448979592,0.544175695516506,0.5535714285714286,0.5535714285714286,0.5535714285714286,0.5535714285714286,0.5357142857142857,dataset_3,0,104,56,56,181,5.0
Request-Aware Residual STV k=3 clip=5.0,0.5484693877551021,0.5391016761888233,0.5535714285714286,0.5535714285714286,0.5535714285714286,0.5535714285714286,0.5357142857142857,dataset_3,0,104,56,56,181,5.0
Global Weighted Residual STV k=3 clip=5.0,0.5735012755102041,0.5870166400652633,0.5714285714285714,0.5714285714285714,0.5714285714285714,0.5714285714285714,0.6071428571428571,dataset_3,0,104,56,56,181,5.0
Request-Aware Weighted Residual STV k=3 clip=5.0,0.5572385204081632,0.5806356080379724,0.5535714285714286,0.5535714285714286,0.5535714285714286,0.5535714285714286,0.6071428571428571,dataset_3,0,104,56,56,181,5.0
Global Residual STV k=5 clip=5.0,0.5612244897959183,0.5418138626254548,0.5535714285714286,0.5535714285714286,0.5535714285714286,0.5535714285714286,0.5357142857142857,dataset_3,0,104,56,56,181,5.0
Request-Aware Residual STV k=5 clip=5.0,0.5478316326530612,0.5367398432977721,0.5535714285714286,0.5535714285714286,0.5535714285714286,0.5535714285714286,0.5357142857142857,dataset_3,0,104,56,56,181,5.0
Global Weighted Residual STV k=5 clip=5.0,0.5703125,0.5715118656739221,0.5714285714285714,0.5714285714285714,0.5714285714285714,0.5714285714285714,0.6071428571428571,dataset_3,0,104,56,56,181,5.0
Request-Aware Weighted Residual STV k=5 clip=5.0,0.5540497448979592,0.5651308336466311,0.5535714285714286,0.5535714285714286,0.5535714285714286,0.5535714285714286,0.6071428571428571,dataset_3,0,104,56,56,181,5.0
Global Residual STV k=1 clip=10.0,0.5763711734693877,0.5579222375368601,0.6071428571428571,0.6071428571428571,0.6071428571428571,0.6071428571428571,0.5535714285714286,dataset_3,0,104,56,56,181,5.0
Request-Aware Residual STV k=1 clip=10.0,0.5636160714285714,0.5536308823200623,0.6071428571428571,0.6071428571428571,0.6071428571428571,0.6071428571428571,0.5535714285714286,dataset_3,0,104,56,56,181,5.0
Global Weighted Residual STV k=1 clip=10.0,0.5723852040816326,0.5945081550395649,0.625,0.625,0.625,0.625,0.5714285714285714,dataset_3,0,104,56,56,181,5.0
Request-Aware Weighted Residual STV k=1 clip=10.0,0.5609056122448979,0.5848677569638603,0.625,0.625,0.625,0.625,0.5714285714285714,dataset_3,0,104,56,56,181,5.0
Global Residual STV k=3 clip=10.0,0.5629783163265306,0.5449910799148784,0.5535714285714286,0.5535714285714286,0.5535714285714286,0.5535714285714286,0.5535714285714286,dataset_3,0,104,56,56,181,5.0
Request-Aware Residual STV k=3 clip=10.0,0.549904336734694,0.5400321197861059,0.5535714285714286,0.5535714285714286,0.5535714285714286,0.5535714285714286,0.5535714285714286,dataset_3,0,104,56,56,181,5.0
Global Weighted Residual STV k=3 clip=10.0,0.5725446428571429,0.5704904950234141,0.5714285714285714,0.5714285714285714,0.5714285714285714,0.5714285714285714,0.5892857142857143,dataset_3,0,104,56,56,181,5.0
Request-Aware Weighted Residual STV k=3 clip=10.0,0.5569196428571429,0.5644782672769942,0.5535714285714286,0.5535714285714286,0.5535714285714286,0.5535714285714286,0.5892857142857143,dataset_3,0,104,56,56,181,5.0
Global Residual STV k=5 clip=10.0,0.564094387755102,0.551926575621725,0.5535714285714286,0.5535714285714286,0.5535714285714286,0.5535714285714286,0.5714285714285714,dataset_3,0,104,56,56,181,5.0
Request-Aware Residual STV k=5 clip=10.0,0.5513392857142858,0.5473911050468768,0.5535714285714286,0.5535714285714286,0.5535714285714286,0.5535714285714286,0.5714285714285714,dataset_3,0,104,56,56,181,5.0
Global Weighted Residual STV k=5 clip=10.0,0.5707908163265306,0.5683017411396483,0.5714285714285714,0.5714285714285714,0.5714285714285714,0.5714285714285714,0.6071428571428571,dataset_3,0,104,56,56,181,5.0
Request-Aware Weighted Residual STV k=5 clip=10.0,0.5551658163265306,0.5622895133932284,0.5535714285714286,0.5535714285714286,0.5535714285714286,0.5535714285714286,0.6071428571428571,dataset_3,0,104,56,56,181,5.0
Baseline STV + IF,0.5588365650969528,0.5543411666820905,0.5789473684210527,0.5789473684210527,0.5789473684210527,0.5789473684210527,0.9052631578947369,dataset_1,1,174,95,95,150,5.0
Enhanced STV + IF,0.6277562326869806,0.6128772385120141,0.5789473684210527,0.5789473684210527,0.5789473684210527,0.5789473684210527,0.6842105263157895,dataset_1,1,174,95,95,150,5.0
Request-Aware Enhanced STV + IF,0.6249307479224377,0.69256630887194,0.5368421052631579,0.5368421052631579,0.5368421052631579,0.5368421052631579,0.7368421052631579,dataset_1,1,174,95,95,150,5.0
Global Residual STV k=1 clip=5.0,0.683213296398892,0.6574322079606636,0.631578947368421,0.631578947368421,0.631578947368421,0.631578947368421,0.7157894736842105,dataset_1,1,174,95,95,150,5.0
Request-Aware Residual STV k=1 clip=5.0,0.6757894736842105,0.640027269567716,0.6421052631578947,0.6421052631578947,0.6421052631578947,0.6421052631578947,0.7157894736842105,dataset_1,1,174,95,95,150,5.0
Global Weighted Residual STV k=1 clip=5.0,0.7078670360110803,0.658104991143496,0.6526315789473685,0.6526315789473685,0.6526315789473685,0.6526315789473685,0.7578947368421053,dataset_1,1,174,95,95,150,5.0
Request-Aware Weighted Residual STV k=1 clip=5.0,0.6973407202216065,0.6383398470883561,0.6526315789473685,0.6526315789473685,0.6526315789473685,0.6526315789473685,0.7473684210526316,dataset_1,1,174,95,95,150,5.0
Global Residual STV k=3 clip=5.0,0.6529639889196676,0.6648686337398898,0.5894736842105263,0.5894736842105263,0.5894736842105263,0.5894736842105263,0.7684210526315789,dataset_1,1,174,95,95,150,5.0
Request-Aware Residual STV k=3 clip=5.0,0.653185595567867,0.6523802346701841,0.6105263157894737,0.6105263157894737,0.6105263157894737,0.6105263157894737,0.7684210526315789,dataset_1,1,174,95,95,150,5.0
Global Weighted Residual STV k=3 clip=5.0,0.6621606648199446,0.6781990230562689,0.6,0.6,0.6,0.6,0.7789473684210526,dataset_1,1,174,95,95,150,5.0
Request-Aware Weighted Residual STV k=3 clip=5.0,0.6612742382271467,0.6559292409220558,0.6105263157894737,0.6105263157894737,0.6105263157894737,0.6105263157894737,0.7789473684210526,dataset_1,1,174,95,95,150,5.0
Global Residual STV k=5 clip=5.0,0.6443213296398892,0.643709467475292,0.5894736842105263,0.5894736842105263,0.5894736842105263,0.5894736842105263,0.7684210526315789,dataset_1,1,174,95,95,150,5.0
Request-Aware Residual STV k=5 clip=5.0,0.645207756232687,0.6318332703093288,0.6,0.6,0.6,0.6,0.7684210526315789,dataset_1,1,174,95,95,150,5.0
Global Weighted Residual STV k=5 clip=5.0,0.6535180055401661,0.6514991489124232,0.6,0.6,0.6,0.6,0.7789473684210526,dataset_1,1,174,95,95,150,5.0
Request-Aware Weighted Residual STV k=5 clip=5.0,0.6518559556786703,0.6413821439029097,0.6,0.6,0.6,0.6,0.7789473684210526,dataset_1,1,174,95,95,150,5.0
Global Residual STV k=1 clip=10.0,0.683213296398892,0.6574322079606635,0.631578947368421,0.631578947368421,0.631578947368421,0.631578947368421,0.7157894736842105,dataset_1,1,174,95,95,150,5.0
Request-Aware Residual STV k=1 clip=10.0,0.6751246537396122,0.6285402186069808,0.6421052631578947,0.6421052631578947,0.6421052631578947,0.6421052631578947,0.7157894736842105,dataset_1,1,174,95,95,150,5.0
Global Weighted Residual STV k=1 clip=10.0,0.7089750692520775,0.676679837349921,0.6526315789473685,0.6526315789473685,0.6526315789473685,0.6526315789473685,0.7578947368421053,dataset_1,1,174,95,95,150,5.0
Request-Aware Weighted Residual STV k=1 clip=10.0,0.6983379501385041,0.6430802119866157,0.6526315789473685,0.6526315789473685,0.6526315789473685,0.6526315789473685,0.7473684210526316,dataset_1,1,174,95,95,150,5.0
Global Residual STV k=3 clip=10.0,0.6542936288088642,0.6722949149713005,0.5894736842105263,0.5894736842105263,0.5894736842105263,0.5894736842105263,0.7684210526315789,dataset_1,1,174,95,95,150,5.0
Request-Aware Residual STV k=3 clip=10.0,0.6545152354570637,0.6556976342465667,0.6105263157894737,0.6105263157894737,0.6105263157894737,0.6105263157894737,0.7684210526315789,dataset_1,1,174,95,95,150,5.0
Global Weighted Residual STV k=3 clip=10.0,0.6631578947368421,0.6806117131127489,0.6,0.6,0.6,0.6,0.7789473684210526,dataset_1,1,174,95,95,150,5.0
Request-Aware Weighted Residual STV k=3 clip=10.0,0.6622714681440443,0.6575030451158952,0.6105263157894737,0.6105263157894737,0.6105263157894737,0.6105263157894737,0.7789473684210526,dataset_1,1,174,95,95,150,5.0
Global Residual STV k=5 clip=10.0,0.6448753462603878,0.6446095019089889,0.5894736842105263,0.5894736842105263,0.5894736842105263,0.5894736842105263,0.7684210526315789,dataset_1,1,174,95,95,150,5.0
Request-Aware Residual STV k=5 clip=10.0,0.6463157894736842,0.6388984458077103,0.6,0.6,0.6,0.6,0.7684210526315789,dataset_1,1,174,95,95,150,5.0
Global Weighted Residual STV k=5 clip=10.0,0.6542936288088643,0.653362605656705,0.6,0.6,0.6,0.6,0.7789473684210526,dataset_1,1,174,95,95,150,5.0
Request-Aware Weighted Residual STV k=5 clip=10.0,0.6524099722991689,0.6413770370557491,0.6,0.6,0.6,0.6,0.7789473684210526,dataset_1,1,174,95,95,150,5.0
Baseline STV + IF,0.5720046082949308,0.5229947790153995,0.5,0.5,0.5,0.5,0.5,dataset_2,1,55,31,28,182,5.0
Enhanced STV + IF,0.5552995391705069,0.5308281705143537,0.5357142857142857,0.5357142857142857,0.5357142857142857,0.5357142857142857,0.32142857142857145,dataset_2,1,55,31,28,182,5.0
Request-Aware Enhanced STV + IF,0.5576036866359447,0.5355928509501924,0.5357142857142857,0.5357142857142857,0.5357142857142857,0.5357142857142857,0.32142857142857145,dataset_2,1,55,31,28,182,5.0
Global Residual STV k=1 clip=5.0,0.5996543778801843,0.5310761648016638,0.5714285714285714,0.5714285714285714,0.5714285714285714,0.5714285714285714,0.42857142857142855,dataset_2,1,55,31,28,182,5.0
Request-Aware Residual STV k=1 clip=5.0,0.5950460829493087,0.5296475933730924,0.5714285714285714,0.5714285714285714,0.5714285714285714,0.5714285714285714,0.42857142857142855,dataset_2,1,55,31,28,182,5.0
Global Weighted Residual STV k=1 clip=5.0,0.6319124423963134,0.5863749020955621,0.6071428571428571,0.6071428571428571,0.6071428571428571,0.6071428571428571,0.5357142857142857,dataset_2,1,55,31,28,182,5.0
Request-Aware Weighted Residual STV k=1 clip=5.0,0.6238479262672811,0.5836968385078793,0.6071428571428571,0.6071428571428571,0.6071428571428571,0.6071428571428571,0.5357142857142857,dataset_2,1,55,31,28,182,5.0
Global Residual STV k=3 clip=5.0,0.6100230414746545,0.5482221041104994,0.5714285714285714,0.5714285714285714,0.5714285714285714,0.5714285714285714,0.5357142857142857,dataset_2,1,55,31,28,182,5.0
Request-Aware Residual STV k=3 clip=5.0,0.6042626728110599,0.546155449526588,0.5714285714285714,0.5714285714285714,0.5714285714285714,0.5714285714285714,0.5357142857142857,dataset_2,1,55,31,28,182,5.0
Global Weighted Residual STV k=3 clip=5.0,0.6261520737327189,0.5759509679476115,0.6071428571428571,0.6071428571428571,0.6071428571428571,0.6071428571428571,0.6071428571428571,dataset_2,1,55,31,28,182,5.0
Request-Aware Weighted Residual STV k=3 clip=5.0,0.6192396313364055,0.5731867777500999,0.6071428571428571,0.6071428571428571,0.6071428571428571,0.6071428571428571,0.6071428571428571,dataset_2,1,55,31,28,182,5.0
Global Residual STV k=5 clip=5.0,0.6054147465437788,0.5492573288064384,0.5714285714285714,0.5714285714285714,0.5714285714285714,0.5714285714285714,0.5714285714285714,dataset_2,1,55,31,28,182,5.0
Request-Aware Residual STV k=5 clip=5.0,0.5996543778801844,0.547190674222527,0.5714285714285714,0.5714285714285714,0.5714285714285714,0.5714285714285714,0.5714285714285714,dataset_2,1,55,31,28,182,5.0
Global Weighted Residual STV k=5 clip=5.0,0.6169354838709677,0.5632099767750149,0.6071428571428571,0.6071428571428571,0.6071428571428571,0.6071428571428571,0.6428571428571429,dataset_2,1,55,31,28,182,5.0
Request-Aware Weighted Residual STV k=5 clip=5.0,0.6111751152073732,0.5611370308171347,0.6071428571428571,0.6071428571428571,0.6071428571428571,0.6071428571428571,0.6428571428571429,dataset_2,1,55,31,28,182,5.0
Global Residual STV k=1 clip=10.0,0.6008064516129032,0.5336402673657664,0.5714285714285714,0.5714285714285714,0.5714285714285714,0.5714285714285714,0.4642857142857143,dataset_2,1,55,31,28,182,5.0
Request-Aware Residual STV k=1 clip=10.0,0.5961981566820276,0.532211695937195,0.5714285714285714,0.5714285714285714,0.5714285714285714,0.5714285714285714,0.4642857142857143,dataset_2,1,55,31,28,182,5.0
Global Weighted Residual STV k=1 clip=10.0,0.6157834101382489,0.5641562406768785,0.6071428571428571,0.6071428571428571,0.6071428571428571,0.6071428571428571,0.5357142857142857,dataset_2,1,55,31,28,182,5.0
Request-Aware Weighted Residual STV k=1 clip=10.0,0.6077188940092166,0.5614781770891957,0.6071428571428571,0.6071428571428571,0.6071428571428571,0.6071428571428571,0.5357142857142857,dataset_2,1,55,31,28,182,5.0
Global Residual STV k=3 clip=10.0,0.6048387096774194,0.5492616892716136,0.5357142857142857,0.5357142857142857,0.5357142857142857,0.5357142857142857,0.5714285714285714,dataset_2,1,55,31,28,182,5.0
Request-Aware Residual STV k=3 clip=10.0,0.5990783410138248,0.5471950346877021,0.5357142857142857,0.5357142857142857,0.5357142857142857,0.5357142857142857,0.5714285714285714,dataset_2,1,55,31,28,182,5.0
Global Weighted Residual STV k=3 clip=10.0,0.6163594470046083,0.5637797807205981,0.6428571428571429,0.6428571428571429,0.6428571428571429,0.6428571428571429,0.6428571428571429,dataset_2,1,55,31,28,182,5.0
Request-Aware Weighted Residual STV k=3 clip=10.0,0.6105990783410138,0.5617068347627179,0.6428571428571429,0.6428571428571429,0.6428571428571429,0.6428571428571429,0.6428571428571429,dataset_2,1,55,31,28,182,5.0
Global Residual STV k=5 clip=10.0,0.6002304147465438,0.5450679384367196,0.5357142857142857,0.5357142857142857,0.5357142857142857,0.5357142857142857,0.6071428571428571,dataset_2,1,55,31,28,182,5.0
Request-Aware Residual STV k=5 clip=10.0,0.5944700460829493,0.5430012838528081,0.5357142857142857,0.5357142857142857,0.5357142857142857,0.5357142857142857,0.6071428571428571,dataset_2,1,55,31,28,182,5.0
Global Weighted Residual STV k=5 clip=10.0,0.6048387096774194,0.5514190344172358,0.6071428571428571,0.6071428571428571,0.6071428571428571,0.6071428571428571,0.6785714285714286,dataset_2,1,55,31,28,182,5.0
Request-Aware Weighted Residual STV k=5 clip=10.0,0.6002304147465438,0.549988675039442,0.6071428571428571,0.6071428571428571,0.6071428571428571,0.6071428571428571,0.6785714285714286,dataset_2,1,55,31,28,182,5.0
Baseline STV + IF,0.5705862533692723,0.54121364376455,0.5283018867924528,0.5283018867924528,0.5283018867924528,0.5283018867924528,0.8113207547169812,dataset_3,1,104,56,53,180,5.0
Enhanced STV + IF,0.6179245283018867,0.602001939429973,0.5849056603773585,0.5849056603773585,0.5849056603773585,0.5849056603773585,0.49056603773584906,dataset_3,1,104,56,53,180,5.0
Request-Aware Enhanced STV + IF,0.5953504043126684,0.6011879056572675,0.5471698113207547,0.5471698113207547,0.5471698113207547,0.5471698113207547,0.5283018867924528,dataset_3,1,104,56,53,180,5.0
Global Residual STV k=1 clip=5.0,0.6903638814016173,0.6384557987323808,0.5849056603773585,0.5849056603773585,0.5849056603773585,0.5849056603773585,0.6981132075471698,dataset_3,1,104,56,53,180,5.0
Request-Aware Residual STV k=1 clip=5.0,0.6698113207547169,0.6296299131092277,0.5660377358490566,0.5660377358490566,0.5660377358490566,0.5660377358490566,0.660377358490566,dataset_3,1,104,56,53,180,5.0
Global Weighted Residual STV k=1 clip=5.0,0.6890161725067385,0.682001624259043,0.6226415094339622,0.6226415094339622,0.6226415094339622,0.6226415094339622,0.6981132075471698,dataset_3,1,104,56,53,180,5.0
Request-Aware Weighted Residual STV k=1 clip=5.0,0.6623989218328841,0.6704603055139249,0.6226415094339622,0.6226415094339622,0.6226415094339622,0.6226415094339622,0.660377358490566,dataset_3,1,104,56,53,180,5.0
Global Residual STV k=3 clip=5.0,0.6814353099730458,0.6512886582193896,0.6226415094339622,0.6226415094339622,0.6226415094339622,0.6226415094339622,0.7924528301886793,dataset_3,1,104,56,53,180,5.0
Request-Aware Residual STV k=3 clip=5.0,0.6693059299191375,0.6462296561228571,0.6226415094339622,0.6226415094339622,0.6226415094339622,0.6226415094339622,0.7547169811320755,dataset_3,1,104,56,53,180,5.0
Global Weighted Residual STV k=3 clip=5.0,0.6817722371967655,0.7199339967437169,0.6415094339622641,0.6415094339622641,0.6415094339622641,0.6415094339622641,0.7924528301886793,dataset_3,1,104,56,53,180,5.0
Request-Aware Weighted Residual STV k=3 clip=5.0,0.6655997304582211,0.7125356731511531,0.6226415094339622,0.6226415094339622,0.6226415094339622,0.6226415094339622,0.7547169811320755,dataset_3,1,104,56,53,180,5.0
Global Residual STV k=5 clip=5.0,0.67705525606469,0.6381175812659333,0.6226415094339622,0.6226415094339622,0.6226415094339622,0.6226415094339622,0.7924528301886793,dataset_3,1,104,56,53,180,5.0
Request-Aware Residual STV k=5 clip=5.0,0.6649258760107817,0.6329575606002822,0.6226415094339622,0.6226415094339622,0.6226415094339622,0.6226415094339622,0.7547169811320755,dataset_3,1,104,56,53,180,5.0
Global Weighted Residual STV k=5 clip=5.0,0.6706536388140163,0.663786148329774,0.6415094339622641,0.6415094339622641,0.6415094339622641,0.6415094339622641,0.7924528301886793,dataset_3,1,104,56,53,180,5.0
Request-Aware Weighted Residual STV k=5 clip=5.0,0.6548180592991915,0.6566479621115231,0.6226415094339622,0.6226415094339622,0.6226415094339622,0.6226415094339622,0.7547169811320755,dataset_3,1,104,56,53,180,5.0
Global Residual STV k=1 clip=10.0,0.6888477088948788,0.6267082695320214,0.5849056603773585,0.5849056603773585,0.5849056603773585,0.5849056603773585,0.6981132075471698,dataset_3,1,104,56,53,180,5.0
Request-Aware Residual STV k=1 clip=10.0,0.6682951482479784,0.6178823839088684,0.5660377358490566,0.5660377358490566,0.5660377358490566,0.5660377358490566,0.660377358490566,dataset_3,1,104,56,53,180,5.0
Global Weighted Residual STV k=1 clip=10.0,0.6842991913746631,0.6504032523304826,0.6226415094339622,0.6226415094339622,0.6226415094339622,0.6226415094339622,0.6981132075471698,dataset_3,1,104,56,53,180,5.0
Request-Aware Weighted Residual STV k=1 clip=10.0,0.6576819407008087,0.6388619335853644,0.6226415094339622,0.6226415094339622,0.6226415094339622,0.6226415094339622,0.660377358490566,dataset_3,1,104,56,53,180,5.0
Global Residual STV k=3 clip=10.0,0.6773921832884097,0.6384395789295453,0.6226415094339622,0.6226415094339622,0.6226415094339622,0.6226415094339622,0.7924528301886793,dataset_3,1,104,56,53,180,5.0
Request-Aware Residual STV k=3 clip=10.0,0.6652628032345014,0.6333805768330126,0.6226415094339622,0.6226415094339622,0.6226415094339622,0.6226415094339622,0.7547169811320755,dataset_3,1,104,56,53,180,5.0
Global Weighted Residual STV k=3 clip=10.0,0.673012129380054,0.6584857505500729,0.6415094339622641,0.6415094339622641,0.6415094339622641,0.6415094339622641,0.7924528301886793,dataset_3,1,104,56,53,180,5.0
Request-Aware Weighted Residual STV k=3 clip=10.0,0.6568396226415094,0.651087426957509,0.6226415094339622,0.6226415094339622,0.6226415094339622,0.6226415094339622,0.7547169811320755,dataset_3,1,104,56,53,180,5.0
Global Residual STV k=5 clip=10.0,0.6741913746630728,0.6412525539147566,0.6226415094339622,0.6226415094339622,0.6226415094339622,0.6226415094339622,0.8113207547169812,dataset_3,1,104,56,53,180,5.0
Request-Aware Residual STV k=5 clip=10.0,0.6620619946091644,0.6360925332491054,0.6226415094339622,0.6226415094339622,0.6226415094339622,0.6226415094339622,0.7735849056603774,dataset_3,1,104,56,53,180,5.0
Global Weighted Residual STV k=5 clip=10.0,0.6671159029649596,0.6565775406003079,0.6415094339622641,0.6415094339622641,0.6415094339622641,0.6415094339622641,0.8113207547169812,dataset_3,1,104,56,53,180,5.0
Request-Aware Weighted Residual STV k=5 clip=10.0,0.6512803234501348,0.649439354382057,0.6226415094339622,0.6226415094339622,0.6226415094339622,0.6226415094339622,0.7735849056603774,dataset_3,1,104,56,53,180,5.0
Baseline STV + IF,0.5752908587257618,0.5624979523317805,0.6,0.6,0.6,0.6,0.8631578947368421,dataset_1,2,174,95,95,150,5.0
Enhanced STV + IF,0.6051523545706371,0.6184119754760042,0.5789473684210527,0.5789473684210527,0.5789473684210527,0.5789473684210527,0.6421052631578947,dataset_1,2,174,95,95,150,5.0
Request-Aware Enhanced STV + IF,0.5970083102493075,0.5936681647523743,0.5578947368421052,0.5578947368421052,0.5578947368421052,0.5578947368421052,0.6631578947368421,dataset_1,2,174,95,95,150,5.0
Global Residual STV k=1 clip=5.0,0.658393351800554,0.6095170836923132,0.6631578947368421,0.6631578947368421,0.6631578947368421,0.6631578947368421,0.6421052631578947,dataset_1,2,174,95,95,150,5.0
Request-Aware Residual STV k=1 clip=5.0,0.6609418282548477,0.6044309815744962,0.6631578947368421,0.6631578947368421,0.6631578947368421,0.6631578947368421,0.631578947368421,dataset_1,2,174,95,95,150,5.0
Global Weighted Residual STV k=1 clip=5.0,0.6593905817174515,0.650840510319111,0.6421052631578947,0.6421052631578947,0.6421052631578947,0.6421052631578947,0.6947368421052632,dataset_1,2,174,95,95,150,5.0
Request-Aware Weighted Residual STV k=1 clip=5.0,0.6677008310249307,0.6441164974410098,0.6421052631578947,0.6421052631578947,0.6421052631578947,0.6421052631578947,0.6842105263157895,dataset_1,2,174,95,95,150,5.0
Global Residual STV k=3 clip=5.0,0.643601108033241,0.6382314336498984,0.6,0.6,0.6,0.6,0.7578947368421053,dataset_1,2,174,95,95,150,5.0
Request-Aware Residual STV k=3 clip=5.0,0.64398891966759,0.627876131020181,0.6105263157894737,0.6105263157894737,0.6105263157894737,0.6105263157894737,0.7684210526315789,dataset_1,2,174,95,95,150,5.0
Global Weighted Residual STV k=3 clip=5.0,0.6475900277008311,0.6836227081879129,0.6,0.6,0.6,0.6,0.7684210526315789,dataset_1,2,174,95,95,150,5.0
Request-Aware Weighted Residual STV k=3 clip=5.0,0.6486980609418281,0.6688255831328997,0.6210526315789474,0.6210526315789474,0.6210526315789474,0.6210526315789474,0.7789473684210526,dataset_1,2,174,95,95,150,5.0
Global Residual STV k=5 clip=5.0,0.64005540166205,0.6379220093676616,0.6,0.6,0.6,0.6,0.7789473684210526,dataset_1,2,174,95,95,150,5.0
Request-Aware Residual STV k=5 clip=5.0,0.6395567867036009,0.6271802568735675,0.6,0.6,0.6,0.6,0.7894736842105263,dataset_1,2,174,95,95,150,5.0
Global Weighted Residual STV k=5 clip=5.0,0.6429362880886426,0.6631259241286911,0.6,0.6,0.6,0.6,0.7789473684210526,dataset_1,2,174,95,95,150,5.0
Request-Aware Weighted Residual STV k=5 clip=5.0,0.6449307479224377,0.653103245665943,0.6210526315789474,0.6210526315789474,0.6210526315789474,0.6210526315789474,0.7894736842105263,dataset_1,2,174,95,95,150,5.0
Global Residual STV k=1 clip=10.0,0.6586149584487535,0.6121751995702434,0.6631578947368421,0.6631578947368421,0.6631578947368421,0.6631578947368421,0.6736842105263158,dataset_1,2,174,95,95,150,5.0
Request-Aware Residual STV k=1 clip=10.0,0.6626592797783935,0.6131046773080829,0.6631578947368421,0.6631578947368421,0.6631578947368421,0.6631578947368421,0.6842105263157895,dataset_1,2,174,95,95,150,5.0
Global Weighted Residual STV k=1 clip=10.0,0.6501939058171745,0.6180816913439813,0.6421052631578947,0.6421052631578947,0.6421052631578947,0.6421052631578947,0.7052631578947368,dataset_1,2,174,95,95,150,5.0
Request-Aware Weighted Residual STV k=1 clip=10.0,0.6596675900277009,0.6329036010283269,0.6421052631578947,0.6421052631578947,0.6421052631578947,0.6421052631578947,0.7157894736842105,dataset_1,2,174,95,95,150,5.0
Global Residual STV k=3 clip=10.0,0.6363434903047092,0.6185384128415476,0.6,0.6,0.6,0.6,0.7789473684210526,dataset_1,2,174,95,95,150,5.0
Request-Aware Residual STV k=3 clip=10.0,0.6370083102493075,0.6128845054180895,0.6105263157894737,0.6105263157894737,0.6105263157894737,0.6105263157894737,0.7894736842105263,dataset_1,2,174,95,95,150,5.0
Global Weighted Residual STV k=3 clip=10.0,0.635623268698061,0.6384604751098829,0.6,0.6,0.6,0.6,0.7894736842105263,dataset_1,2,174,95,95,150,5.0
Request-Aware Weighted Residual STV k=3 clip=10.0,0.637174515235457,0.6382151319765245,0.6210526315789474,0.6210526315789474,0.6210526315789474,0.6210526315789474,0.8,dataset_1,2,174,95,95,150,5.0
Global Residual STV k=5 clip=10.0,0.6322991689750693,0.6206122490738354,0.6,0.6,0.6,0.6,0.7894736842105263,dataset_1,2,174,95,95,150,5.0
Request-Aware Residual STV k=5 clip=10.0,0.6324099722991687,0.6147229778020744,0.6,0.6,0.6,0.6,0.8,dataset_1,2,174,95,95,150,5.0
Global Weighted Residual STV k=5 clip=10.0,0.6304155124653739,0.6357772649012322,0.6,0.6,0.6,0.6,0.7894736842105263,dataset_1,2,174,95,95,150,5.0
Request-Aware Weighted Residual STV k=5 clip=10.0,0.6322991689750691,0.6324737602162313,0.6210526315789474,0.6210526315789474,0.6210526315789474,0.6210526315789474,0.8,dataset_1,2,174,95,95,150,5.0
Baseline STV + IF,0.6240694789081886,0.5827221077151952,0.5384615384615384,0.5384615384615384,0.5384615384615384,0.5384615384615384,0.6538461538461539,dataset_2,2,55,31,26,181,5.0
Enhanced STV + IF,0.5477667493796526,0.5087563564644183,0.5,0.5,0.5,0.5,0.34615384615384615,dataset_2,2,55,31,26,181,5.0
Request-Aware Enhanced STV + IF,0.5502481389578163,0.501017557771902,0.46153846153846156,0.46153846153846156,0.46153846153846156,0.46153846153846156,0.38461538461538464,dataset_2,2,55,31,26,181,5.0
Global Residual STV k=1 clip=5.0,0.5998759305210918,0.5407972625929283,0.5384615384615384,0.5384615384615384,0.5384615384615384,0.5384615384615384,0.46153846153846156,dataset_2,2,55,31,26,181,5.0
Request-Aware Residual STV k=1 clip=5.0,0.5918114143920595,0.5249682607164632,0.5384615384615384,0.5384615384615384,0.5384615384615384,0.5384615384615384,0.4230769230769231,dataset_2,2,55,31,26,181,5.0
Global Weighted Residual STV k=1 clip=5.0,0.6135235732009925,0.5546057223899815,0.5769230769230769,0.5769230769230769,0.5769230769230769,0.5769230769230769,0.5,dataset_2,2,55,31,26,181,5.0
Request-Aware Weighted Residual STV k=1 clip=5.0,0.6060794044665012,0.5361798515704937,0.5769230769230769,0.5769230769230769,0.5769230769230769,0.5769230769230769,0.46153846153846156,dataset_2,2,55,31,26,181,5.0
Global Residual STV k=3 clip=5.0,0.5905707196029777,0.5756018822558373,0.5384615384615384,0.5384615384615384,0.5384615384615384,0.5384615384615384,0.5,dataset_2,2,55,31,26,181,5.0
Request-Aware Residual STV k=3 clip=5.0,0.586848635235732,0.5697745240348621,0.5384615384615384,0.5384615384615384,0.5384615384615384,0.5384615384615384,0.5,dataset_2,2,55,31,26,181,5.0
Global Weighted Residual STV k=3 clip=5.0,0.5967741935483871,0.5859190661810342,0.5,0.5,0.5,0.5,0.5,dataset_2,2,55,31,26,181,5.0
Request-Aware Weighted Residual STV k=3 clip=5.0,0.5893300248138957,0.5679510708194218,0.5,0.5,0.5,0.5,0.5,dataset_2,2,55,31,26,181,5.0
Global Residual STV k=5 clip=5.0,0.586848635235732,0.556371113025068,0.5384615384615384,0.5384615384615384,0.5384615384615384,0.5384615384615384,0.5,dataset_2,2,55,31,26,181,5.0
Request-Aware Residual STV k=5 clip=5.0,0.5843672456575683,0.5532910075513456,0.5384615384615384,0.5384615384615384,0.5384615384615384,0.5384615384615384,0.5,dataset_2,2,55,31,26,181,5.0
Global Weighted Residual STV k=5 clip=5.0,0.5918114143920595,0.5640173567793249,0.5,0.5,0.5,0.5,0.5,dataset_2,2,55,31,26,181,5.0
Request-Aware Weighted Residual STV k=5 clip=5.0,0.586848635235732,0.5589461868145378,0.5,0.5,0.5,0.5,0.5,dataset_2,2,55,31,26,181,5.0
Global Residual STV k=1 clip=10.0,0.5961538461538463,0.527549399345065,0.5384615384615384,0.5384615384615384,0.5384615384615384,0.5384615384615384,0.46153846153846156,dataset_2,2,55,31,26,181,5.0
Request-Aware Residual STV k=1 clip=10.0,0.5911910669975187,0.5220754270543987,0.5384615384615384,0.5384615384615384,0.5384615384615384,0.5384615384615384,0.46153846153846156,dataset_2,2,55,31,26,181,5.0
Global Weighted Residual STV k=1 clip=10.0,0.6098014888337469,0.5360922913765505,0.5769230769230769,0.5769230769230769,0.5769230769230769,0.5769230769230769,0.5,dataset_2,2,55,31,26,181,5.0
Request-Aware Weighted Residual STV k=1 clip=10.0,0.6085607940446651,0.5590266628788435,0.5769230769230769,0.5769230769230769,0.5769230769230769,0.5769230769230769,0.5,dataset_2,2,55,31,26,181,5.0
Global Residual STV k=3 clip=10.0,0.5918114143920595,0.5612875107299273,0.5384615384615384,0.5384615384615384,0.5384615384615384,0.5384615384615384,0.5,dataset_2,2,55,31,26,181,5.0
Request-Aware Residual STV k=3 clip=10.0,0.5880893300248139,0.5689038669142049,0.5384615384615384,0.5384615384615384,0.5384615384615384,0.5384615384615384,0.5,dataset_2,2,55,31,26,181,5.0
Global Weighted Residual STV k=3 clip=10.0,0.5930521091811414,0.5675673886188303,0.5,0.5,0.5,0.5,0.5,dataset_2,2,55,31,26,181,5.0
Request-Aware Weighted Residual STV k=3 clip=10.0,0.5893300248138957,0.5749490436068683,0.5,0.5,0.5,0.5,0.5,dataset_2,2,55,31,26,181,5.0
Global Residual STV k=5 clip=10.0,0.5918114143920596,0.5601886096310262,0.5384615384615384,0.5384615384615384,0.5384615384615384,0.5384615384615384,0.5,dataset_2,2,55,31,26,181,5.0
Request-Aware Residual STV k=5 clip=10.0,0.5880893300248139,0.5584032564135945,0.5384615384615384,0.5384615384615384,0.5384615384615384,0.5384615384615384,0.5,dataset_2,2,55,31,26,181,5.0
Global Weighted Residual STV k=5 clip=10.0,0.5918114143920594,0.5631481966996384,0.5,0.5,0.5,0.5,0.5,dataset_2,2,55,31,26,181,5.0
Request-Aware Weighted Residual STV k=5 clip=10.0,0.5893300248138957,0.5676924113502361,0.5,0.5,0.5,0.5,0.5,dataset_2,2,55,31,26,181,5.0
Baseline STV + IF,0.5902597402597404,0.5641038839593985,0.6,0.6,0.6,0.6,0.9090909090909091,dataset_3,2,104,56,55,178,5.0
Enhanced STV + IF,0.5980519480519481,0.5716891875083768,0.5636363636363636,0.5636363636363636,0.5636363636363636,0.5636363636363636,0.6181818181818182,dataset_3,2,104,56,55,178,5.0
Request-Aware Enhanced STV + IF,0.5886363636363636,0.6330004662639815,0.5272727272727272,0.5272727272727272,0.5272727272727272,0.5272727272727272,0.6363636363636364,dataset_3,2,104,56,55,178,5.0
Global Residual STV k=1 clip=5.0,0.6399350649350649,0.6571723881178398,0.5636363636363636,0.5636363636363636,0.5636363636363636,0.5636363636363636,0.6545454545454545,dataset_3,2,104,56,55,178,5.0
Request-Aware Residual STV k=1 clip=5.0,0.6327922077922078,0.6542837534247902,0.5636363636363636,0.5636363636363636,0.5636363636363636,0.5636363636363636,0.6545454545454545,dataset_3,2,104,56,55,178,5.0
Global Weighted Residual STV k=1 clip=5.0,0.6301948051948052,0.6866172765880779,0.5636363636363636,0.5636363636363636,0.5636363636363636,0.5636363636363636,0.6363636363636364,dataset_3,2,104,56,55,178,5.0
Request-Aware Weighted Residual STV k=1 clip=5.0,0.6159090909090909,0.6779454141496859,0.5454545454545454,0.5454545454545454,0.5454545454545454,0.5454545454545454,0.6363636363636364,dataset_3,2,104,56,55,178,5.0
Global Residual STV k=3 clip=5.0,0.6279220779220779,0.6638074050085373,0.5454545454545454,0.5454545454545454,0.5454545454545454,0.5454545454545454,0.6727272727272727,dataset_3,2,104,56,55,178,5.0
Request-Aware Residual STV k=3 clip=5.0,0.6243506493506493,0.6627155477302649,0.5454545454545454,0.5454545454545454,0.5454545454545454,0.5454545454545454,0.6727272727272727,dataset_3,2,104,56,55,178,5.0
Global Weighted Residual STV k=3 clip=5.0,0.6073051948051948,0.6727612077344001,0.509090909090909,0.509090909090909,0.509090909090909,0.509090909090909,0.6909090909090909,dataset_3,2,104,56,55,178,5.0
Request-Aware Weighted Residual STV k=3 clip=5.0,0.6027597402597403,0.6725570383453079,0.509090909090909,0.509090909090909,0.509090909090909,0.509090909090909,0.6909090909090909,dataset_3,2,104,56,55,178,5.0
Global Residual STV k=5 clip=5.0,0.6269480519480519,0.6486834449017261,0.5454545454545454,0.5454545454545454,0.5454545454545454,0.5454545454545454,0.7090909090909091,dataset_3,2,104,56,55,178,5.0
Request-Aware Residual STV k=5 clip=5.0,0.6243506493506493,0.6494464934282029,0.5454545454545454,0.5454545454545454,0.5454545454545454,0.5454545454545454,0.7090909090909091,dataset_3,2,104,56,55,178,5.0
Global Weighted Residual STV k=5 clip=5.0,0.611038961038961,0.666020143554162,0.5272727272727272,0.5272727272727272,0.5272727272727272,0.5272727272727272,0.7090909090909091,dataset_3,2,104,56,55,178,5.0
Request-Aware Weighted Residual STV k=5 clip=5.0,0.6071428571428572,0.6651563522804228,0.509090909090909,0.509090909090909,0.509090909090909,0.509090909090909,0.7090909090909091,dataset_3,2,104,56,55,178,5.0
Global Residual STV k=1 clip=10.0,0.6399350649350649,0.6571723881178398,0.5636363636363636,0.5636363636363636,0.5636363636363636,0.5636363636363636,0.6545454545454545,dataset_3,2,104,56,55,178,5.0
Request-Aware Residual STV k=1 clip=10.0,0.6327922077922078,0.6542837534247902,0.5636363636363636,0.5636363636363636,0.5636363636363636,0.5636363636363636,0.6545454545454545,dataset_3,2,104,56,55,178,5.0
Global Weighted Residual STV k=1 clip=10.0,0.6308441558441559,0.6893312293020305,0.5636363636363636,0.5636363636363636,0.5636363636363636,0.5636363636363636,0.6363636363636364,dataset_3,2,104,56,55,178,5.0
Request-Aware Weighted Residual STV k=1 clip=10.0,0.6165584415584416,0.6806593668636386,0.5454545454545454,0.5454545454545454,0.5454545454545454,0.5454545454545454,0.6363636363636364,dataset_3,2,104,56,55,178,5.0
Global Residual STV k=3 clip=10.0,0.6295454545454544,0.6682469880660733,0.5454545454545454,0.5454545454545454,0.5454545454545454,0.5454545454545454,0.6727272727272727,dataset_3,2,104,56,55,178,5.0
Request-Aware Residual STV k=3 clip=10.0,0.6259740259740258,0.6670449379503354,0.5454545454545454,0.5454545454545454,0.5454545454545454,0.5454545454545454,0.6727272727272727,dataset_3,2,104,56,55,178,5.0
Global Weighted Residual STV k=3 clip=10.0,0.6125,0.6793465027162463,0.509090909090909,0.509090909090909,0.509090909090909,0.509090909090909,0.6909090909090909,dataset_3,2,104,56,55,178,5.0
Request-Aware Weighted Residual STV k=3 clip=10.0,0.60762987012987,0.6789230994937296,0.509090909090909,0.509090909090909,0.509090909090909,0.509090909090909,0.6909090909090909,dataset_3,2,104,56,55,178,5.0
Global Residual STV k=5 clip=10.0,0.6298701298701298,0.6552214850776413,0.5454545454545454,0.5454545454545454,0.5454545454545454,0.5454545454545454,0.7090909090909091,dataset_3,2,104,56,55,178,5.0
Request-Aware Residual STV k=5 clip=10.0,0.6272727272727272,0.6558225743512497,0.5454545454545454,0.5454545454545454,0.5454545454545454,0.5454545454545454,0.7090909090909091,dataset_3,2,104,56,55,178,5.0
Global Weighted Residual STV k=5 clip=10.0,0.6172077922077922,0.6726577479019763,0.5272727272727272,0.5272727272727272,0.5272727272727272,0.5272727272727272,0.7090909090909091,dataset_3,2,104,56,55,178,5.0
Request-Aware Weighted Residual STV k=5 clip=10.0,0.6129870129870131,0.6716068707745727,0.509090909090909,0.509090909090909,0.509090909090909,0.509090909090909,0.7090909090909091,dataset_3,2,104,56,55,178,5.0
Baseline STV + IF,0.5555124653739613,0.5451293228801984,0.5578947368421052,0.5578947368421052,0.5578947368421052,0.5578947368421052,0.8526315789473684,dataset_1,3,174,95,95,137,5.0
Enhanced STV + IF,0.6004986149584487,0.5700673991305365,0.5789473684210527,0.5789473684210527,0.5789473684210527,0.5789473684210527,0.6736842105263158,dataset_1,3,174,95,95,137,5.0
Request-Aware Enhanced STV + IF,0.6017728531855955,0.6070720751704283,0.5894736842105263,0.5894736842105263,0.5894736842105263,0.5894736842105263,0.6842105263157895,dataset_1,3,174,95,95,137,5.0
Global Residual STV k=1 clip=5.0,0.6614958448753462,0.5977451385721968,0.6526315789473685,0.6526315789473685,0.6526315789473685,0.6526315789473685,0.6,dataset_1,3,174,95,95,137,5.0
Request-Aware Residual STV k=1 clip=5.0,0.6574515235457065,0.5872971792356757,0.6421052631578947,0.6421052631578947,0.6421052631578947,0.6421052631578947,0.5894736842105263,dataset_1,3,174,95,95,137,5.0
Global Weighted Residual STV k=1 clip=5.0,0.6712465373961218,0.6512888717368529,0.6105263157894737,0.6105263157894737,0.6105263157894737,0.6105263157894737,0.6105263157894737,dataset_1,3,174,95,95,137,5.0
Request-Aware Weighted Residual STV k=1 clip=5.0,0.6653739612188365,0.6307224073796954,0.6421052631578947,0.6421052631578947,0.6421052631578947,0.6421052631578947,0.5894736842105263,dataset_1,3,174,95,95,137,5.0
Global Residual STV k=3 clip=5.0,0.6339612188365651,0.5902175777467908,0.5684210526315789,0.5684210526315789,0.5684210526315789,0.5684210526315789,0.6842105263157895,dataset_1,3,174,95,95,137,5.0
Request-Aware Residual STV k=3 clip=5.0,0.6322991689750692,0.5882129282008545,0.5894736842105263,0.5894736842105263,0.5894736842105263,0.5894736842105263,0.6947368421052632,dataset_1,3,174,95,95,137,5.0
Global Weighted Residual STV k=3 clip=5.0,0.6509695290858725,0.6576118146486363,0.5789473684210527,0.5789473684210527,0.5789473684210527,0.5789473684210527,0.6947368421052632,dataset_1,3,174,95,95,137,5.0
Request-Aware Weighted Residual STV k=3 clip=5.0,0.6465373961218837,0.6414166735589413,0.6,0.6,0.6,0.6,0.6947368421052632,dataset_1,3,174,95,95,137,5.0
Global Residual STV k=5 clip=5.0,0.6253739612188366,0.5778455401090614,0.5789473684210527,0.5789473684210527,0.5789473684210527,0.5789473684210527,0.6947368421052632,dataset_1,3,174,95,95,137,5.0
Request-Aware Residual STV k=5 clip=5.0,0.6222714681440443,0.5744503822152338,0.5894736842105263,0.5894736842105263,0.5894736842105263,0.5894736842105263,0.7052631578947368,dataset_1,3,174,95,95,137,5.0
Global Weighted Residual STV k=5 clip=5.0,0.6354570637119112,0.6042871393587133,0.5789473684210527,0.5789473684210527,0.5789473684210527,0.5789473684210527,0.7052631578947368,dataset_1,3,174,95,95,137,5.0
Request-Aware Weighted Residual STV k=5 clip=5.0,0.6311357340720222,0.5962040749682945,0.5894736842105263,0.5894736842105263,0.5894736842105263,0.5894736842105263,0.7052631578947368,dataset_1,3,174,95,95,137,5.0
Global Residual STV k=1 clip=10.0,0.6601662049861495,0.5934087498147553,0.6526315789473685,0.6526315789473685,0.6526315789473685,0.6526315789473685,0.6210526315789474,dataset_1,3,174,95,95,137,5.0
Request-Aware Residual STV k=1 clip=10.0,0.6582825484764543,0.5919090839029432,0.6421052631578947,0.6421052631578947,0.6421052631578947,0.6421052631578947,0.631578947368421,dataset_1,3,174,95,95,137,5.0
Global Weighted Residual STV k=1 clip=10.0,0.6608310249307479,0.6190542746749307,0.6105263157894737,0.6105263157894737,0.6105263157894737,0.6105263157894737,0.631578947368421,dataset_1,3,174,95,95,137,5.0
Request-Aware Weighted Residual STV k=1 clip=10.0,0.6536288088642659,0.6029031498999088,0.6421052631578947,0.6421052631578947,0.6421052631578947,0.6421052631578947,0.631578947368421,dataset_1,3,174,95,95,137,5.0
Global Residual STV k=3 clip=10.0,0.6345152354570637,0.5898895492712612,0.5684210526315789,0.5684210526315789,0.5684210526315789,0.5684210526315789,0.6947368421052632,dataset_1,3,174,95,95,137,5.0
Request-Aware Residual STV k=3 clip=10.0,0.6321883656509696,0.5868276561593102,0.5894736842105263,0.5894736842105263,0.5894736842105263,0.5894736842105263,0.7052631578947368,dataset_1,3,174,95,95,137,5.0
Global Weighted Residual STV k=3 clip=10.0,0.6398337950138504,0.6041279089902735,0.5789473684210527,0.5789473684210527,0.5789473684210527,0.5789473684210527,0.7052631578947368,dataset_1,3,174,95,95,137,5.0
Request-Aware Weighted Residual STV k=3 clip=10.0,0.6349584487534626,0.6009033937626265,0.6,0.6,0.6,0.6,0.7052631578947368,dataset_1,3,174,95,95,137,5.0
Global Residual STV k=5 clip=10.0,0.6264265927977839,0.5795263128991592,0.5789473684210527,0.5789473684210527,0.5789473684210527,0.5789473684210527,0.7052631578947368,dataset_1,3,174,95,95,137,5.0
Request-Aware Residual STV k=5 clip=10.0,0.6234349030470915,0.576763311952617,0.5894736842105263,0.5894736842105263,0.5894736842105263,0.5894736842105263,0.7157894736842105,dataset_1,3,174,95,95,137,5.0
Global Weighted Residual STV k=5 clip=10.0,0.629972299168975,0.5907161827810428,0.5789473684210527,0.5789473684210527,0.5789473684210527,0.5789473684210527,0.7157894736842105,dataset_1,3,174,95,95,137,5.0
Request-Aware Weighted Residual STV k=5 clip=10.0,0.6255401662049862,0.584354072868051,0.5894736842105263,0.5894736842105263,0.5894736842105263,0.5894736842105263,0.7157894736842105,dataset_1,3,174,95,95,137,5.0
Baseline STV + IF,0.5881336405529953,0.5478555840351043,0.5714285714285714,0.5714285714285714,0.5714285714285714,0.5714285714285714,0.75,dataset_2,3,55,31,28,136,5.0
Enhanced STV + IF,0.5483870967741935,0.5202000144428296,0.5714285714285714,0.5714285714285714,0.5714285714285714,0.5714285714285714,0.35714285714285715,dataset_2,3,55,31,28,136,5.0
Request-Aware Enhanced STV + IF,0.5455069124423964,0.530634678788066,0.5714285714285714,0.5714285714285714,0.5714285714285714,0.5714285714285714,0.42857142857142855,dataset_2,3,55,31,28,136,5.0
Global Residual STV k=1 clip=5.0,0.5685483870967742,0.5489457034055306,0.5357142857142857,0.5357142857142857,0.5357142857142857,0.5357142857142857,0.4642857142857143,dataset_2,3,55,31,28,136,5.0
Request-Aware Residual STV k=1 clip=5.0,0.5673963133640553,0.5485106456615028,0.5357142857142857,0.5357142857142857,0.5357142857142857,0.5357142857142857,0.4642857142857143,dataset_2,3,55,31,28,136,5.0
Global Weighted Residual STV k=1 clip=5.0,0.5662442396313364,0.5924739519616029,0.5357142857142857,0.5357142857142857,0.5357142857142857,0.5357142857142857,0.5,dataset_2,3,55,31,28,136,5.0
Request-Aware Weighted Residual STV k=1 clip=5.0,0.5697004608294931,0.593362454250379,0.5357142857142857,0.5357142857142857,0.5357142857142857,0.5357142857142857,0.5,dataset_2,3,55,31,28,136,5.0
Global Residual STV k=3 clip=5.0,0.5852534562211982,0.5571045048205866,0.5357142857142857,0.5357142857142857,0.5357142857142857,0.5357142857142857,0.5,dataset_2,3,55,31,28,136,5.0
Request-Aware Residual STV k=3 clip=5.0,0.5910138248847926,0.5592283352691223,0.5357142857142857,0.5357142857142857,0.5357142857142857,0.5357142857142857,0.5,dataset_2,3,55,31,28,136,5.0
Global Weighted Residual STV k=3 clip=5.0,0.5691244239631337,0.591947192236982,0.5357142857142857,0.5357142857142857,0.5357142857142857,0.5357142857142857,0.5,dataset_2,3,55,31,28,136,5.0
Request-Aware Weighted Residual STV k=3 clip=5.0,0.5725806451612903,0.5932055314348487,0.5357142857142857,0.5357142857142857,0.5357142857142857,0.5357142857142857,0.5,dataset_2,3,55,31,28,136,5.0
Global Residual STV k=5 clip=5.0,0.5829493087557605,0.5474106272695661,0.5357142857142857,0.5357142857142857,0.5357142857142857,0.5357142857142857,0.5,dataset_2,3,55,31,28,136,5.0
Request-Aware Residual STV k=5 clip=5.0,0.5887096774193549,0.5495344577181018,0.5357142857142857,0.5357142857142857,0.5357142857142857,0.5357142857142857,0.5,dataset_2,3,55,31,28,136,5.0
Global Weighted Residual STV k=5 clip=5.0,0.5668202764976958,0.5740900493798392,0.5357142857142857,0.5357142857142857,0.5357142857142857,0.5357142857142857,0.5,dataset_2,3,55,31,28,136,5.0
Request-Aware Weighted Residual STV k=5 clip=5.0,0.5702764976958525,0.5753483885777059,0.5357142857142857,0.5357142857142857,0.5357142857142857,0.5357142857142857,0.5,dataset_2,3,55,31,28,136,5.0
Global Residual STV k=1 clip=10.0,0.5650921658986174,0.5336395809565511,0.5357142857142857,0.5357142857142857,0.5357142857142857,0.5357142857142857,0.4642857142857143,dataset_2,3,55,31,28,136,5.0
Request-Aware Residual STV k=1 clip=10.0,0.5639400921658986,0.5332045232125232,0.5357142857142857,0.5357142857142857,0.5357142857142857,0.5357142857142857,0.4642857142857143,dataset_2,3,55,31,28,136,5.0
Global Weighted Residual STV k=1 clip=10.0,0.559331797235023,0.550382115226909,0.5357142857142857,0.5357142857142857,0.5357142857142857,0.5357142857142857,0.4642857142857143,dataset_2,3,55,31,28,136,5.0
Request-Aware Weighted Residual STV k=1 clip=10.0,0.5627880184331797,0.5512706175156852,0.5357142857142857,0.5357142857142857,0.5357142857142857,0.5357142857142857,0.4642857142857143,dataset_2,3,55,31,28,136,5.0
Global Residual STV k=3 clip=10.0,0.5841013824884793,0.549111307541675,0.5357142857142857,0.5357142857142857,0.5357142857142857,0.5357142857142857,0.5,dataset_2,3,55,31,28,136,5.0
Request-Aware Residual STV k=3 clip=10.0,0.5898617511520737,0.5512351379902106,0.5357142857142857,0.5357142857142857,0.5357142857142857,0.5357142857142857,0.5,dataset_2,3,55,31,28,136,5.0
Global Weighted Residual STV k=3 clip=10.0,0.5691244239631337,0.561437424227214,0.5357142857142857,0.5357142857142857,0.5357142857142857,0.5357142857142857,0.4642857142857143,dataset_2,3,55,31,28,136,5.0
Request-Aware Weighted Residual STV k=3 clip=10.0,0.5725806451612903,0.5626957634250808,0.5357142857142857,0.5357142857142857,0.5357142857142857,0.5357142857142857,0.4642857142857143,dataset_2,3,55,31,28,136,5.0
Global Residual STV k=5 clip=10.0,0.5841013824884793,0.549111307541675,0.5357142857142857,0.5357142857142857,0.5357142857142857,0.5357142857142857,0.5,dataset_2,3,55,31,28,136,5.0
Request-Aware Residual STV k=5 clip=10.0,0.5898617511520737,0.5512351379902106,0.5357142857142857,0.5357142857142857,0.5357142857142857,0.5357142857142857,0.5,dataset_2,3,55,31,28,136,5.0
Global Weighted Residual STV k=5 clip=10.0,0.5679723502304147,0.5580360636829963,0.5357142857142857,0.5357142857142857,0.5357142857142857,0.5357142857142857,0.4642857142857143,dataset_2,3,55,31,28,136,5.0
Request-Aware Weighted Residual STV k=5 clip=10.0,0.5714285714285714,0.5592944028808631,0.5357142857142857,0.5357142857142857,0.5357142857142857,0.5357142857142857,0.4642857142857143,dataset_2,3,55,31,28,136,5.0
Baseline STV + IF,0.5642857142857143,0.5633438596109572,0.5636363636363636,0.5636363636363636,0.5636363636363636,0.5636363636363636,0.8363636363636363,dataset_3,3,104,56,55,176,5.0
Enhanced STV + IF,0.5771103896103896,0.5518654990434287,0.5818181818181818,0.5818181818181818,0.5818181818181818,0.5818181818181818,0.6,dataset_3,3,104,56,55,176,5.0
Request-Aware Enhanced STV + IF,0.5573051948051948,0.5730314938470573,0.5272727272727272,0.5272727272727272,0.5272727272727272,0.5272727272727272,0.5818181818181818,dataset_3,3,104,56,55,176,5.0
Global Residual STV k=1 clip=5.0,0.6595779220779221,0.6336988668679789,0.6545454545454545,0.6545454545454545,0.6545454545454545,0.6545454545454545,0.6181818181818182,dataset_3,3,104,56,55,176,5.0
Request-Aware Residual STV k=1 clip=5.0,0.6426948051948053,0.6274699035404597,0.6,0.6,0.6,0.6,0.5818181818181818,dataset_3,3,104,56,55,176,5.0
Global Weighted Residual STV k=1 clip=5.0,0.6344155844155844,0.6492587379110613,0.5818181818181818,0.5818181818181818,0.5818181818181818,0.5818181818181818,0.6363636363636364,dataset_3,3,104,56,55,176,5.0
Request-Aware Weighted Residual STV k=1 clip=5.0,0.6129870129870131,0.6252499565081849,0.5636363636363636,0.5636363636363636,0.5636363636363636,0.5636363636363636,0.5818181818181818,dataset_3,3,104,56,55,176,5.0
Global Residual STV k=3 clip=5.0,0.6310064935064934,0.621333915406362,0.6,0.6,0.6,0.6,0.6909090909090909,dataset_3,3,104,56,55,176,5.0
Request-Aware Residual STV k=3 clip=5.0,0.6209415584415583,0.6157262947005768,0.5818181818181818,0.5818181818181818,0.5818181818181818,0.5818181818181818,0.6909090909090909,dataset_3,3,104,56,55,176,5.0
Global Weighted Residual STV k=3 clip=5.0,0.6188311688311688,0.6624375613525705,0.5818181818181818,0.5818181818181818,0.5818181818181818,0.5818181818181818,0.7090909090909091,dataset_3,3,104,56,55,176,5.0
Request-Aware Weighted Residual STV k=3 clip=5.0,0.6136363636363636,0.6671519034324405,0.5818181818181818,0.5818181818181818,0.5818181818181818,0.5818181818181818,0.7090909090909091,dataset_3,3,104,56,55,176,5.0
Global Residual STV k=5 clip=5.0,0.6334415584415585,0.6204152619067892,0.6,0.6,0.6,0.6,0.7090909090909091,dataset_3,3,104,56,55,176,5.0
Request-Aware Residual STV k=5 clip=5.0,0.623051948051948,0.6143365800115463,0.5818181818181818,0.5818181818181818,0.5818181818181818,0.5818181818181818,0.7090909090909091,dataset_3,3,104,56,55,176,5.0
Global Weighted Residual STV k=5 clip=5.0,0.6142857142857143,0.635814245424715,0.5818181818181818,0.5818181818181818,0.5818181818181818,0.5818181818181818,0.7090909090909091,dataset_3,3,104,56,55,176,5.0
Request-Aware Weighted Residual STV k=5 clip=5.0,0.6077922077922078,0.6350352622847077,0.5636363636363636,0.5636363636363636,0.5636363636363636,0.5636363636363636,0.7090909090909091,dataset_3,3,104,56,55,176,5.0
Global Residual STV k=1 clip=10.0,0.6569805194805195,0.6219933116576389,0.6545454545454545,0.6545454545454545,0.6545454545454545,0.6545454545454545,0.6545454545454545,dataset_3,3,104,56,55,176,5.0
Request-Aware Residual STV k=1 clip=10.0,0.6381493506493506,0.6154907812135113,0.6,0.6,0.6,0.6,0.6181818181818182,dataset_3,3,104,56,55,176,5.0
Global Weighted Residual STV k=1 clip=10.0,0.624512987012987,0.6233895901149784,0.5818181818181818,0.5818181818181818,0.5818181818181818,0.5818181818181818,0.6545454545454545,dataset_3,3,104,56,55,176,5.0
Request-Aware Weighted Residual STV k=1 clip=10.0,0.6063311688311688,0.6204330232292159,0.5636363636363636,0.5636363636363636,0.5636363636363636,0.5636363636363636,0.6181818181818182,dataset_3,3,104,56,55,176,5.0
Global Residual STV k=3 clip=10.0,0.6258116883116883,0.6083424126457064,0.6,0.6,0.6,0.6,0.6909090909090909,dataset_3,3,104,56,55,176,5.0
Request-Aware Residual STV k=3 clip=10.0,0.6141233766233767,0.6029615196940464,0.5818181818181818,0.5818181818181818,0.5818181818181818,0.5818181818181818,0.6909090909090909,dataset_3,3,104,56,55,176,5.0
Global Weighted Residual STV k=3 clip=10.0,0.6107142857142858,0.6337154063032041,0.5818181818181818,0.5818181818181818,0.5818181818181818,0.5818181818181818,0.7090909090909091,dataset_3,3,104,56,55,176,5.0
Request-Aware Weighted Residual STV k=3 clip=10.0,0.6032467532467533,0.6259465519442245,0.5818181818181818,0.5818181818181818,0.5818181818181818,0.5818181818181818,0.7090909090909091,dataset_3,3,104,56,55,176,5.0
Global Residual STV k=5 clip=10.0,0.6285714285714286,0.6110601227824972,0.6,0.6,0.6,0.6,0.7090909090909091,dataset_3,3,104,56,55,176,5.0
Request-Aware Residual STV k=5 clip=10.0,0.6165584415584415,0.6052081686413796,0.5818181818181818,0.5818181818181818,0.5818181818181818,0.5818181818181818,0.7090909090909091,dataset_3,3,104,56,55,176,5.0
Global Weighted Residual STV k=5 clip=10.0,0.6103896103896104,0.6150016944629706,0.5818181818181818,0.5818181818181818,0.5818181818181818,0.5818181818181818,0.7090909090909091,dataset_3,3,104,56,55,176,5.0
Request-Aware Weighted Residual STV k=5 clip=10.0,0.6042207792207792,0.6119450137001996,0.5636363636363636,0.5636363636363636,0.5636363636363636,0.5636363636363636,0.7090909090909091,dataset_3,3,104,56,55,176,5.0
Baseline STV + IF,0.5706371191135735,0.5526362095222025,0.6,0.6,0.6,0.6,0.8736842105263158,dataset_1,4,174,95,95,136,5.0
Enhanced STV + IF,0.5859279778393351,0.5539923954766955,0.5789473684210527,0.5789473684210527,0.5789473684210527,0.5789473684210527,0.7052631578947368,dataset_1,4,174,95,95,136,5.0
Request-Aware Enhanced STV + IF,0.6122437673130193,0.6667780854716941,0.5368421052631579,0.5368421052631579,0.5368421052631579,0.5368421052631579,0.7684210526315789,dataset_1,4,174,95,95,136,5.0
Global Residual STV k=1 clip=5.0,0.6332963988919666,0.5764635752913712,0.5789473684210527,0.5789473684210527,0.5789473684210527,0.5789473684210527,0.6105263157894737,dataset_1,4,174,95,95,136,5.0
Request-Aware Residual STV k=1 clip=5.0,0.627590027700831,0.5725667656118946,0.5894736842105263,0.5894736842105263,0.5894736842105263,0.5894736842105263,0.5789473684210527,dataset_1,4,174,95,95,136,5.0
Global Weighted Residual STV k=1 clip=5.0,0.6798337950138504,0.6621549115639233,0.6210526315789474,0.6210526315789474,0.6210526315789474,0.6210526315789474,0.6947368421052632,dataset_1,4,174,95,95,136,5.0
Request-Aware Weighted Residual STV k=1 clip=5.0,0.6741828254847646,0.6556021566384479,0.6210526315789474,0.6210526315789474,0.6210526315789474,0.6210526315789474,0.6736842105263158,dataset_1,4,174,95,95,136,5.0
Global Residual STV k=3 clip=5.0,0.6419390581717452,0.6513978580923849,0.5684210526315789,0.5684210526315789,0.5684210526315789,0.5684210526315789,0.7578947368421053,dataset_1,4,174,95,95,136,5.0
Request-Aware Residual STV k=3 clip=5.0,0.6450415512465374,0.6510789478192418,0.5894736842105263,0.5894736842105263,0.5894736842105263,0.5894736842105263,0.7368421052631579,dataset_1,4,174,95,95,136,5.0
Global Weighted Residual STV k=3 clip=5.0,0.6701385041551247,0.7089995020673503,0.6,0.6,0.6,0.6,0.7684210526315789,dataset_1,4,174,95,95,136,5.0
Request-Aware Weighted Residual STV k=3 clip=5.0,0.6716897506925208,0.7099858372540867,0.6105263157894737,0.6105263157894737,0.6105263157894737,0.6105263157894737,0.7473684210526316,dataset_1,4,174,95,95,136,5.0
Global Residual STV k=5 clip=5.0,0.639224376731302,0.6399610507771525,0.5789473684210527,0.5789473684210527,0.5789473684210527,0.5789473684210527,0.7684210526315789,dataset_1,4,174,95,95,136,5.0
Request-Aware Residual STV k=5 clip=5.0,0.6402216066481994,0.6373049745097865,0.5789473684210527,0.5789473684210527,0.5789473684210527,0.5789473684210527,0.7473684210526316,dataset_1,4,174,95,95,136,5.0
Global Weighted Residual STV k=5 clip=5.0,0.6615512465373962,0.6756263720933264,0.5894736842105263,0.5894736842105263,0.5894736842105263,0.5894736842105263,0.7894736842105263,dataset_1,4,174,95,95,136,5.0
Request-Aware Weighted Residual STV k=5 clip=5.0,0.6626592797783933,0.676757461239669,0.5789473684210527,0.5789473684210527,0.5789473684210527,0.5789473684210527,0.7684210526315789,dataset_1,4,174,95,95,136,5.0
Global Residual STV k=1 clip=10.0,0.6339058171745153,0.5786849352543517,0.5789473684210527,0.5789473684210527,0.5789473684210527,0.5789473684210527,0.6526315789473685,dataset_1,4,174,95,95,136,5.0
Request-Aware Residual STV k=1 clip=10.0,0.6289196675900277,0.5764934941369777,0.5894736842105263,0.5894736842105263,0.5894736842105263,0.5894736842105263,0.631578947368421,dataset_1,4,174,95,95,136,5.0
Global Weighted Residual STV k=1 clip=10.0,0.6612742382271468,0.6096509817178443,0.6210526315789474,0.6210526315789474,0.6210526315789474,0.6210526315789474,0.6842105263157895,dataset_1,4,174,95,95,136,5.0
Request-Aware Weighted Residual STV k=1 clip=10.0,0.6560664819944598,0.607312459278594,0.6210526315789474,0.6210526315789474,0.6210526315789474,0.6210526315789474,0.6736842105263158,dataset_1,4,174,95,95,136,5.0
Global Residual STV k=3 clip=10.0,0.6233795013850416,0.6175495168353419,0.5684210526315789,0.5684210526315789,0.5684210526315789,0.5684210526315789,0.7578947368421053,dataset_1,4,174,95,95,136,5.0
Request-Aware Residual STV k=3 clip=10.0,0.6259279778393352,0.6164260860072921,0.5894736842105263,0.5894736842105263,0.5894736842105263,0.5894736842105263,0.7368421052631579,dataset_1,4,174,95,95,136,5.0
Global Weighted Residual STV k=3 clip=10.0,0.6496398891966759,0.6680072183994489,0.6,0.6,0.6,0.6,0.7684210526315789,dataset_1,4,174,95,95,136,5.0
Request-Aware Weighted Residual STV k=3 clip=10.0,0.6510803324099723,0.6648226192172966,0.6,0.6,0.6,0.6,0.7473684210526316,dataset_1,4,174,95,95,136,5.0
Global Residual STV k=5 clip=10.0,0.6197229916897506,0.6159575974219842,0.5789473684210527,0.5789473684210527,0.5789473684210527,0.5789473684210527,0.7684210526315789,dataset_1,4,174,95,95,136,5.0
Request-Aware Residual STV k=5 clip=10.0,0.6220498614958448,0.6155711824158968,0.5789473684210527,0.5789473684210527,0.5789473684210527,0.5789473684210527,0.7473684210526316,dataset_1,4,174,95,95,136,5.0
Global Weighted Residual STV k=5 clip=10.0,0.6467036011080333,0.6559419073319428,0.5789473684210527,0.5789473684210527,0.5789473684210527,0.5789473684210527,0.7894736842105263,dataset_1,4,174,95,95,136,5.0
Request-Aware Weighted Residual STV k=5 clip=10.0,0.6474792243767313,0.6509526768944491,0.5684210526315789,0.5684210526315789,0.5684210526315789,0.5684210526315789,0.7684210526315789,dataset_1,4,174,95,95,136,5.0
Baseline STV + IF,0.6361290322580646,0.5691314734457149,0.56,0.56,0.56,0.56,0.64,dataset_2,4,55,31,25,132,5.0
Enhanced STV + IF,0.6167741935483871,0.5560715880715881,0.56,0.56,0.56,0.56,0.4,dataset_2,4,55,31,25,132,5.0
Request-Aware Enhanced STV + IF,0.6187096774193549,0.5962405004086317,0.48,0.48,0.48,0.48,0.52,dataset_2,4,55,31,25,132,5.0
Global Residual STV k=1 clip=5.0,0.6838709677419355,0.5653652826869253,0.56,0.56,0.56,0.56,0.56,dataset_2,4,55,31,25,132,5.0
Request-Aware Residual STV k=1 clip=5.0,0.6851612903225807,0.5658746957544778,0.56,0.56,0.56,0.56,0.56,dataset_2,4,55,31,25,132,5.0
Global Weighted Residual STV k=1 clip=5.0,0.6890322580645161,0.5810023885383693,0.64,0.64,0.64,0.64,0.56,dataset_2,4,55,31,25,132,5.0
Request-Aware Weighted Residual STV k=1 clip=5.0,0.6929032258064516,0.5820746384647912,0.6,0.6,0.6,0.6,0.56,dataset_2,4,55,31,25,132,5.0
Global Residual STV k=3 clip=5.0,0.7,0.6049066323456805,0.64,0.64,0.64,0.64,0.6,dataset_2,4,55,31,25,132,5.0
Request-Aware Residual STV k=3 clip=5.0,0.7038709677419355,0.6065985121389724,0.64,0.64,0.64,0.64,0.6,dataset_2,4,55,31,25,132,5.0
Global Weighted Residual STV k=3 clip=5.0,0.6922580645161291,0.6290078681031087,0.6,0.6,0.6,0.6,0.6,dataset_2,4,55,31,25,132,5.0
Request-Aware Weighted Residual STV k=3 clip=5.0,0.6974193548387098,0.6311139459215488,0.6,0.6,0.6,0.6,0.6,dataset_2,4,55,31,25,132,5.0
Global Residual STV k=5 clip=5.0,0.7012903225806452,0.6115732990123471,0.64,0.64,0.64,0.64,0.6,dataset_2,4,55,31,25,132,5.0
Request-Aware Residual STV k=5 clip=5.0,0.7051612903225806,0.613265178805639,0.64,0.64,0.64,0.64,0.6,dataset_2,4,55,31,25,132,5.0
Global Weighted Residual STV k=5 clip=5.0,0.6909677419354838,0.6223412014364421,0.6,0.6,0.6,0.6,0.6,dataset_2,4,55,31,25,132,5.0
Request-Aware Weighted Residual STV k=5 clip=5.0,0.6961290322580644,0.6244472792548822,0.6,0.6,0.6,0.6,0.6,dataset_2,4,55,31,25,132,5.0
Global Residual STV k=1 clip=10.0,0.6883870967741935,0.5801345134561561,0.56,0.56,0.56,0.56,0.6,dataset_2,4,55,31,25,132,5.0
Request-Aware Residual STV k=1 clip=10.0,0.6896774193548387,0.5806439265237087,0.56,0.56,0.56,0.56,0.6,dataset_2,4,55,31,25,132,5.0
Global Weighted Residual STV k=1 clip=10.0,0.6909677419354838,0.5906653922013729,0.64,0.64,0.64,0.64,0.6,dataset_2,4,55,31,25,132,5.0
Request-Aware Weighted Residual STV k=1 clip=10.0,0.6948387096774193,0.5917376421277949,0.6,0.6,0.6,0.6,0.6,dataset_2,4,55,31,25,132,5.0
Global Residual STV k=3 clip=10.0,0.6980645161290322,0.6074837349816067,0.64,0.64,0.64,0.64,0.64,dataset_2,4,55,31,25,132,5.0
Request-Aware Residual STV k=3 clip=10.0,0.7019354838709677,0.6091756147748986,0.64,0.64,0.64,0.64,0.64,dataset_2,4,55,31,25,132,5.0
Global Weighted Residual STV k=3 clip=10.0,0.6864516129032259,0.6183716565334606,0.6,0.6,0.6,0.6,0.64,dataset_2,4,55,31,25,132,5.0
Request-Aware Weighted Residual STV k=3 clip=10.0,0.6903225806451614,0.6191093132992692,0.6,0.6,0.6,0.6,0.64,dataset_2,4,55,31,25,132,5.0
Global Residual STV k=5 clip=10.0,0.6993548387096775,0.6114837349816067,0.64,0.64,0.64,0.64,0.64,dataset_2,4,55,31,25,132,5.0
Request-Aware Residual STV k=5 clip=10.0,0.7032258064516128,0.6131756147748986,0.64,0.64,0.64,0.64,0.64,dataset_2,4,55,31,25,132,5.0
Global Weighted Residual STV k=5 clip=10.0,0.6864516129032259,0.615704989866794,0.6,0.6,0.6,0.6,0.64,dataset_2,4,55,31,25,132,5.0
Request-Aware Weighted Residual STV k=5 clip=10.0,0.6903225806451614,0.6164426466326026,0.6,0.6,0.6,0.6,0.64,dataset_2,4,55,31,25,132,5.0
Baseline STV + IF,0.5764824797843666,0.53977421515594,0.5283018867924528,0.5283018867924528,0.5283018867924528,0.5283018867924528,0.6792452830188679,dataset_3,4,104,56,53,175,5.0
Enhanced STV + IF,0.6369609164420486,0.576222094054078,0.6415094339622641,0.6415094339622641,0.6415094339622641,0.6415094339622641,0.5283018867924528,dataset_3,4,104,56,53,175,5.0
Request-Aware Enhanced STV + IF,0.6030997304582211,0.6176507551905293,0.5094339622641509,0.5094339622641509,0.5094339622641509,0.5094339622641509,0.5471698113207547,dataset_3,4,104,56,53,175,5.0
Global Residual STV k=1 clip=5.0,0.6378032345013476,0.596341098573007,0.5660377358490566,0.5660377358490566,0.5660377358490566,0.5660377358490566,0.5660377358490566,dataset_3,4,104,56,53,175,5.0
Request-Aware Residual STV k=1 clip=5.0,0.6340970350404312,0.5998605043484568,0.5660377358490566,0.5660377358490566,0.5660377358490566,0.5660377358490566,0.5660377358490566,dataset_3,4,104,56,53,175,5.0
Global Weighted Residual STV k=1 clip=5.0,0.6489218328840971,0.6125168366587279,0.6037735849056604,0.6037735849056604,0.6037735849056604,0.6037735849056604,0.5660377358490566,dataset_3,4,104,56,53,175,5.0
Request-Aware Weighted Residual STV k=1 clip=5.0,0.6506064690026954,0.6447163982967261,0.6226415094339622,0.6226415094339622,0.6226415094339622,0.6226415094339622,0.5849056603773585,dataset_3,4,104,56,53,175,5.0
Global Residual STV k=3 clip=5.0,0.6460579514824798,0.5896140697314622,0.6037735849056604,0.6037735849056604,0.6037735849056604,0.6037735849056604,0.6037735849056604,dataset_3,4,104,56,53,175,5.0
Request-Aware Residual STV k=3 clip=5.0,0.6359501347708895,0.5836939869855553,0.6037735849056604,0.6037735849056604,0.6037735849056604,0.6037735849056604,0.6037735849056604,dataset_3,4,104,56,53,175,5.0
Global Weighted Residual STV k=3 clip=5.0,0.6413409703504044,0.6208792293996236,0.5849056603773585,0.5849056603773585,0.5849056603773585,0.5849056603773585,0.6037735849056604,dataset_3,4,104,56,53,175,5.0
Request-Aware Weighted Residual STV k=3 clip=5.0,0.6346024258760108,0.6331331697621269,0.5849056603773585,0.5849056603773585,0.5849056603773585,0.5849056603773585,0.6037735849056604,dataset_3,4,104,56,53,175,5.0
Global Residual STV k=5 clip=5.0,0.6474056603773586,0.5913740890150034,0.6037735849056604,0.6037735849056604,0.6037735849056604,0.6037735849056604,0.6037735849056604,dataset_3,4,104,56,53,175,5.0
Request-Aware Residual STV k=5 clip=5.0,0.6366239892183289,0.5844874398231772,0.6037735849056604,0.6037735849056604,0.6037735849056604,0.6037735849056604,0.6037735849056604,dataset_3,4,104,56,53,175,5.0
Global Weighted Residual STV k=5 clip=5.0,0.6386455525606468,0.6039035530843246,0.5849056603773585,0.5849056603773585,0.5849056603773585,0.5849056603773585,0.6037735849056604,dataset_3,4,104,56,53,175,5.0
Request-Aware Weighted Residual STV k=5 clip=5.0,0.6285377358490566,0.6033408956577866,0.5849056603773585,0.5849056603773585,0.5849056603773585,0.5849056603773585,0.6037735849056604,dataset_3,4,104,56,53,175,5.0
Global Residual STV k=1 clip=10.0,0.636455525606469,0.5922063967967959,0.5660377358490566,0.5660377358490566,0.5660377358490566,0.5660377358490566,0.5849056603773585,dataset_3,4,104,56,53,175,5.0
Request-Aware Residual STV k=1 clip=10.0,0.6319070080862534,0.5891744398888075,0.5660377358490566,0.5660377358490566,0.5660377358490566,0.5660377358490566,0.5660377358490566,dataset_3,4,104,56,53,175,5.0
Global Weighted Residual STV k=1 clip=10.0,0.6480795148247979,0.6121848266148733,0.6037735849056604,0.6037735849056604,0.6037735849056604,0.6037735849056604,0.5849056603773585,dataset_3,4,104,56,53,175,5.0
Request-Aware Weighted Residual STV k=1 clip=10.0,0.6465633423180592,0.6167839855065118,0.6226415094339622,0.6226415094339622,0.6226415094339622,0.6226415094339622,0.5660377358490566,dataset_3,4,104,56,53,175,5.0
Global Residual STV k=3 clip=10.0,0.6526280323450135,0.5970272443491921,0.6037735849056604,0.6037735849056604,0.6037735849056604,0.6037735849056604,0.6226415094339622,dataset_3,4,104,56,53,175,5.0
Request-Aware Residual STV k=3 clip=10.0,0.6425202156334231,0.5918252795015655,0.6037735849056604,0.6037735849056604,0.6037735849056604,0.6037735849056604,0.6226415094339622,dataset_3,4,104,56,53,175,5.0
Global Weighted Residual STV k=3 clip=10.0,0.6421832884097035,0.6026435372736857,0.5849056603773585,0.5849056603773585,0.5849056603773585,0.5849056603773585,0.6226415094339622,dataset_3,4,104,56,53,175,5.0
Request-Aware Weighted Residual STV k=3 clip=10.0,0.6330862533692722,0.6068240008539625,0.5849056603773585,0.5849056603773585,0.5849056603773585,0.5849056603773585,0.6226415094339622,dataset_3,4,104,56,53,175,5.0
Global Residual STV k=5 clip=10.0,0.6529649595687332,0.5969172302861427,0.6037735849056604,0.6037735849056604,0.6037735849056604,0.6037735849056604,0.6226415094339622,dataset_3,4,104,56,53,175,5.0
Request-Aware Residual STV k=5 clip=10.0,0.6425202156334232,0.5915978390598959,0.6037735849056604,0.6037735849056604,0.6037735849056604,0.6037735849056604,0.6226415094339622,dataset_3,4,104,56,53,175,5.0
Global Weighted Residual STV k=5 clip=10.0,0.6418463611859838,0.5937441449232891,0.5849056603773585,0.5849056603773585,0.5849056603773585,0.5849056603773585,0.6226415094339622,dataset_3,4,104,56,53,175,5.0
Request-Aware Weighted Residual STV k=5 clip=10.0,0.6317385444743935,0.5928889490626972,0.5849056603773585,0.5849056603773585,0.5849056603773585,0.5849056603773585,0.6226415094339622,dataset_3,4,104,56,53,175,5.0
Baseline STV + IF,0.5702493074792244,0.5643477605189946,0.5578947368421052,0.5578947368421052,0.5578947368421052,0.5578947368421052,0.8842105263157894,dataset_1,0,174,95,95,150,10.0
Enhanced STV + IF,0.6603878116343491,0.6397641699842765,0.631578947368421,0.631578947368421,0.631578947368421,0.631578947368421,0.7368421052631579,dataset_1,0,174,95,95,150,10.0
Request-Aware Enhanced STV + IF,0.6325207756232687,0.6718408924538677,0.5578947368421052,0.5578947368421052,0.5578947368421052,0.5578947368421052,0.7684210526315789,dataset_1,0,174,95,95,150,10.0
Global Residual STV k=1 clip=5.0,0.8108587257617729,0.7570016450253597,0.7578947368421053,0.7578947368421053,0.7578947368421053,0.7578947368421053,0.8421052631578947,dataset_1,0,174,95,95,150,10.0
Request-Aware Residual STV k=1 clip=5.0,0.8054847645429364,0.7423254091365663,0.7578947368421053,0.7578947368421053,0.7578947368421053,0.7578947368421053,0.8210526315789474,dataset_1,0,174,95,95,150,10.0
Global Weighted Residual STV k=1 clip=5.0,0.7935734072022159,0.7953010512847679,0.7473684210526316,0.7473684210526316,0.7473684210526316,0.7473684210526316,0.8631578947368421,dataset_1,0,174,95,95,150,10.0
Request-Aware Weighted Residual STV k=1 clip=5.0,0.7901385041551247,0.7750137906994049,0.7473684210526316,0.7473684210526316,0.7473684210526316,0.7473684210526316,0.8421052631578947,dataset_1,0,174,95,95,150,10.0
Global Residual STV k=3 clip=5.0,0.7676454293628809,0.759103745289007,0.6736842105263158,0.6736842105263158,0.6736842105263158,0.6736842105263158,0.9052631578947369,dataset_1,0,174,95,95,150,10.0
Request-Aware Residual STV k=3 clip=5.0,0.7621052631578948,0.7475466097504597,0.6842105263157895,0.6842105263157895,0.6842105263157895,0.6842105263157895,0.9052631578947369,dataset_1,0,174,95,95,150,10.0
Global Weighted Residual STV k=3 clip=5.0,0.7498614958448755,0.7952533095487613,0.631578947368421,0.631578947368421,0.631578947368421,0.631578947368421,0.9052631578947369,dataset_1,0,174,95,95,150,10.0
Request-Aware Weighted Residual STV k=3 clip=5.0,0.745983379501385,0.7812299499516066,0.6421052631578947,0.6421052631578947,0.6421052631578947,0.6421052631578947,0.9052631578947369,dataset_1,0,174,95,95,150,10.0
Global Residual STV k=5 clip=5.0,0.7579501385041552,0.753316335976242,0.6736842105263158,0.6736842105263158,0.6736842105263158,0.6736842105263158,0.9052631578947369,dataset_1,0,174,95,95,150,10.0
Request-Aware Residual STV k=5 clip=5.0,0.7525207756232688,0.7440893640419219,0.6736842105263158,0.6736842105263158,0.6736842105263158,0.6736842105263158,0.9052631578947369,dataset_1,0,174,95,95,150,10.0
Global Weighted Residual STV k=5 clip=5.0,0.7450969529085871,0.7739844951083115,0.631578947368421,0.631578947368421,0.631578947368421,0.631578947368421,0.9052631578947369,dataset_1,0,174,95,95,150,10.0
Request-Aware Weighted Residual STV k=5 clip=5.0,0.7390027700831026,0.7563691048187364,0.631578947368421,0.631578947368421,0.631578947368421,0.631578947368421,0.9052631578947369,dataset_1,0,174,95,95,150,10.0
Global Residual STV k=1 clip=10.0,0.8102493074792243,0.7532940488719435,0.7578947368421053,0.7578947368421053,0.7578947368421053,0.7578947368421053,0.8736842105263158,dataset_1,0,174,95,95,150,10.0
Request-Aware Residual STV k=1 clip=10.0,0.8048199445983379,0.7376919982713646,0.7578947368421053,0.7578947368421053,0.7578947368421053,0.7578947368421053,0.8631578947368421,dataset_1,0,174,95,95,150,10.0
Global Weighted Residual STV k=1 clip=10.0,0.7904709141274238,0.7865266411867462,0.7473684210526316,0.7473684210526316,0.7473684210526316,0.7473684210526316,0.8947368421052632,dataset_1,0,174,95,95,150,10.0
Request-Aware Weighted Residual STV k=1 clip=10.0,0.786759002770083,0.7631030442556821,0.7473684210526316,0.7473684210526316,0.7473684210526316,0.7473684210526316,0.8842105263157894,dataset_1,0,174,95,95,150,10.0
Global Residual STV k=3 clip=10.0,0.766371191135734,0.7541679008008482,0.6736842105263158,0.6736842105263158,0.6736842105263158,0.6736842105263158,0.9157894736842105,dataset_1,0,174,95,95,150,10.0
Request-Aware Residual STV k=3 clip=10.0,0.7607202216066482,0.7438379490966277,0.6842105263157895,0.6842105263157895,0.6842105263157895,0.6842105263157895,0.9157894736842105,dataset_1,0,174,95,95,150,10.0
Global Weighted Residual STV k=3 clip=10.0,0.7466481994459834,0.7860182671285472,0.631578947368421,0.631578947368421,0.631578947368421,0.631578947368421,0.9157894736842105,dataset_1,0,174,95,95,150,10.0
Request-Aware Weighted Residual STV k=3 clip=10.0,0.7421052631578948,0.761798922793046,0.6421052631578947,0.6421052631578947,0.6421052631578947,0.6421052631578947,0.9157894736842105,dataset_1,0,174,95,95,150,10.0
Global Residual STV k=5 clip=10.0,0.7560664819944598,0.7398675107123034,0.6736842105263158,0.6736842105263158,0.6736842105263158,0.6736842105263158,0.9157894736842105,dataset_1,0,174,95,95,150,10.0
Request-Aware Residual STV k=5 clip=10.0,0.7500831024930749,0.7261624023288604,0.6736842105263158,0.6736842105263158,0.6736842105263158,0.6736842105263158,0.9157894736842105,dataset_1,0,174,95,95,150,10.0
Global Weighted Residual STV k=5 clip=10.0,0.7437673130193907,0.7697231853713542,0.631578947368421,0.631578947368421,0.631578947368421,0.631578947368421,0.9157894736842105,dataset_1,0,174,95,95,150,10.0
Request-Aware Weighted Residual STV k=5 clip=10.0,0.7368975069252077,0.749225900763832,0.631578947368421,0.631578947368421,0.631578947368421,0.631578947368421,0.9157894736842105,dataset_1,0,174,95,95,150,10.0
Baseline STV + IF,0.626152073732719,0.5770120169159132,0.6071428571428571,0.6071428571428571,0.6071428571428571,0.6071428571428571,0.8928571428571429,dataset_2,0,55,31,28,162,10.0
Enhanced STV + IF,0.5817972350230414,0.5668099747611474,0.5,0.5,0.5,0.5,0.5,dataset_2,0,55,31,28,162,10.0
Request-Aware Enhanced STV + IF,0.5627880184331797,0.5518570713286366,0.5357142857142857,0.5357142857142857,0.5357142857142857,0.5357142857142857,0.5,dataset_2,0,55,31,28,162,10.0
Global Residual STV k=1 clip=5.0,0.5570276497695853,0.5527536974857021,0.5,0.5,0.5,0.5,0.35714285714285715,dataset_2,0,55,31,28,162,10.0
Request-Aware Residual STV k=1 clip=5.0,0.5558755760368663,0.5518206227120533,0.5,0.5,0.5,0.5,0.35714285714285715,dataset_2,0,55,31,28,162,10.0
Global Weighted Residual STV k=1 clip=5.0,0.603110599078341,0.6158628613595925,0.5714285714285714,0.5714285714285714,0.5714285714285714,0.5714285714285714,0.42857142857142855,dataset_2,0,55,31,28,162,10.0
Request-Aware Weighted Residual STV k=1 clip=5.0,0.5973502304147466,0.6057639107144234,0.5714285714285714,0.5714285714285714,0.5714285714285714,0.5714285714285714,0.42857142857142855,dataset_2,0,55,31,28,162,10.0
Global Residual STV k=3 clip=5.0,0.5714285714285714,0.5622774040323073,0.5357142857142857,0.5357142857142857,0.5357142857142857,0.5357142857142857,0.4642857142857143,dataset_2,0,55,31,28,162,10.0
Request-Aware Residual STV k=3 clip=5.0,0.5656682027649771,0.560482028123484,0.5357142857142857,0.5357142857142857,0.5357142857142857,0.5357142857142857,0.4642857142857143,dataset_2,0,55,31,28,162,10.0
Global Weighted Residual STV k=3 clip=5.0,0.6054147465437788,0.6341949794702237,0.5714285714285714,0.5714285714285714,0.5714285714285714,0.5714285714285714,0.5,dataset_2,0,55,31,28,162,10.0
Request-Aware Weighted Residual STV k=3 clip=5.0,0.5973502304147466,0.6314761279906931,0.5714285714285714,0.5714285714285714,0.5714285714285714,0.5714285714285714,0.5,dataset_2,0,55,31,28,162,10.0
Global Residual STV k=5 clip=5.0,0.5656682027649769,0.562988448939781,0.5357142857142857,0.5357142857142857,0.5357142857142857,0.5357142857142857,0.5357142857142857,dataset_2,0,55,31,28,162,10.0
Request-Aware Residual STV k=5 clip=5.0,0.5599078341013825,0.5611930730309576,0.5357142857142857,0.5357142857142857,0.5357142857142857,0.5357142857142857,0.5357142857142857,dataset_2,0,55,31,28,162,10.0
Global Weighted Residual STV k=5 clip=5.0,0.5933179723502304,0.5866564855143959,0.5714285714285714,0.5714285714285714,0.5714285714285714,0.5714285714285714,0.5714285714285714,dataset_2,0,55,31,28,162,10.0
Request-Aware Weighted Residual STV k=5 clip=5.0,0.5829493087557603,0.5814783499259646,0.5714285714285714,0.5714285714285714,0.5714285714285714,0.5714285714285714,0.5714285714285714,dataset_2,0,55,31,28,162,10.0
Global Residual STV k=1 clip=10.0,0.5501152073732719,0.5290884738204784,0.5,0.5,0.5,0.5,0.35714285714285715,dataset_2,0,55,31,28,162,10.0
Request-Aware Residual STV k=1 clip=10.0,0.5489631336405529,0.5281553990468296,0.5,0.5,0.5,0.5,0.35714285714285715,dataset_2,0,55,31,28,162,10.0
Global Weighted Residual STV k=1 clip=10.0,0.5835253456221199,0.5497185329481833,0.5714285714285714,0.5714285714285714,0.5714285714285714,0.5714285714285714,0.42857142857142855,dataset_2,0,55,31,28,162,10.0
Request-Aware Weighted Residual STV k=1 clip=10.0,0.5823732718894009,0.5498236639356672,0.5714285714285714,0.5714285714285714,0.5714285714285714,0.5714285714285714,0.42857142857142855,dataset_2,0,55,31,28,162,10.0
Global Residual STV k=3 clip=10.0,0.5650921658986175,0.570354925772202,0.5357142857142857,0.5357142857142857,0.5357142857142857,0.5357142857142857,0.5357142857142857,dataset_2,0,55,31,28,162,10.0
Request-Aware Residual STV k=3 clip=10.0,0.559331797235023,0.5685595498633786,0.5357142857142857,0.5357142857142857,0.5357142857142857,0.5357142857142857,0.5357142857142857,dataset_2,0,55,31,28,162,10.0
Global Weighted Residual STV k=3 clip=10.0,0.592741935483871,0.595506725215019,0.5714285714285714,0.5714285714285714,0.5714285714285714,0.5714285714285714,0.5714285714285714,dataset_2,0,55,31,28,162,10.0
Request-Aware Weighted Residual STV k=3 clip=10.0,0.5846774193548387,0.5927878737354884,0.5714285714285714,0.5714285714285714,0.5714285714285714,0.5714285714285714,0.5714285714285714,dataset_2,0,55,31,28,162,10.0
Global Residual STV k=5 clip=10.0,0.5599078341013826,0.5722377272610958,0.5357142857142857,0.5357142857142857,0.5357142857142857,0.5357142857142857,0.5714285714285714,dataset_2,0,55,31,28,162,10.0
Request-Aware Residual STV k=5 clip=10.0,0.554147465437788,0.5704423513522725,0.5357142857142857,0.5357142857142857,0.5357142857142857,0.5357142857142857,0.5714285714285714,dataset_2,0,55,31,28,162,10.0
Global Weighted Residual STV k=5 clip=10.0,0.5956221198156681,0.607595083625705,0.5714285714285714,0.5714285714285714,0.5714285714285714,0.5714285714285714,0.6071428571428571,dataset_2,0,55,31,28,162,10.0
Request-Aware Weighted Residual STV k=5 clip=10.0,0.5852534562211982,0.6025643754292833,0.5714285714285714,0.5714285714285714,0.5714285714285714,0.5714285714285714,0.6071428571428571,dataset_2,0,55,31,28,162,10.0
Baseline STV + IF,0.578125,0.5628629529476039,0.5714285714285714,0.5714285714285714,0.5714285714285714,0.5714285714285714,0.8035714285714286,dataset_3,0,104,56,56,181,10.0
Enhanced STV + IF,0.5994897959183674,0.5595592218537682,0.6071428571428571,0.6071428571428571,0.6071428571428571,0.6071428571428571,0.5,dataset_3,0,104,56,56,181,10.0
Request-Aware Enhanced STV + IF,0.5481505102040816,0.5721916156826609,0.48214285714285715,0.48214285714285715,0.48214285714285715,0.48214285714285715,0.5357142857142857,dataset_3,0,104,56,56,181,10.0
Global Residual STV k=1 clip=5.0,0.6532206632653061,0.6081683150090874,0.6607142857142857,0.6607142857142857,0.6607142857142857,0.6607142857142857,0.5892857142857143,dataset_3,0,104,56,56,181,10.0
Request-Aware Residual STV k=1 clip=5.0,0.6449298469387755,0.6055324366070861,0.6607142857142857,0.6607142857142857,0.6607142857142857,0.6607142857142857,0.5714285714285714,dataset_3,0,104,56,56,181,10.0
Global Weighted Residual STV k=1 clip=5.0,0.6691645408163265,0.665640926188385,0.625,0.625,0.625,0.625,0.6785714285714286,dataset_3,0,104,56,56,181,10.0
Request-Aware Weighted Residual STV k=1 clip=5.0,0.6481186224489796,0.6580549345901788,0.625,0.625,0.625,0.625,0.625,dataset_3,0,104,56,56,181,10.0
Global Residual STV k=3 clip=5.0,0.6544961734693878,0.6150475182160178,0.6428571428571429,0.6428571428571429,0.6428571428571429,0.6428571428571429,0.6964285714285714,dataset_3,0,104,56,56,181,10.0
Request-Aware Residual STV k=3 clip=5.0,0.6446109693877551,0.6108157522722951,0.6428571428571429,0.6428571428571429,0.6428571428571429,0.6428571428571429,0.6428571428571429,dataset_3,0,104,56,56,181,10.0
Global Weighted Residual STV k=3 clip=5.0,0.6554528061224489,0.6604173636688082,0.6071428571428571,0.6071428571428571,0.6071428571428571,0.6071428571428571,0.7142857142857143,dataset_3,0,104,56,56,181,10.0
Request-Aware Weighted Residual STV k=3 clip=5.0,0.6446109693877551,0.6556680965479215,0.6071428571428571,0.6071428571428571,0.6071428571428571,0.6071428571428571,0.6607142857142857,dataset_3,0,104,56,56,181,10.0
Global Residual STV k=5 clip=5.0,0.6524234693877551,0.6075162075494853,0.6428571428571429,0.6428571428571429,0.6428571428571429,0.6428571428571429,0.6964285714285714,dataset_3,0,104,56,56,181,10.0
Request-Aware Residual STV k=5 clip=5.0,0.6425382653061225,0.6032844416057627,0.6428571428571429,0.6428571428571429,0.6428571428571429,0.6428571428571429,0.6428571428571429,dataset_3,0,104,56,56,181,10.0
Global Weighted Residual STV k=5 clip=5.0,0.650031887755102,0.6365181088989716,0.6071428571428571,0.6071428571428571,0.6071428571428571,0.6071428571428571,0.7142857142857143,dataset_3,0,104,56,56,181,10.0
Request-Aware Weighted Residual STV k=5 clip=5.0,0.6388711734693877,0.6314336851929284,0.6071428571428571,0.6071428571428571,0.6071428571428571,0.6071428571428571,0.6607142857142857,dataset_3,0,104,56,56,181,10.0
Global Residual STV k=1 clip=10.0,0.6541772959183673,0.6092327221852814,0.6607142857142857,0.6607142857142857,0.6607142857142857,0.6607142857142857,0.6071428571428571,dataset_3,0,104,56,56,181,10.0
Request-Aware Residual STV k=1 clip=10.0,0.6458864795918368,0.60659684378328,0.6607142857142857,0.6607142857142857,0.6607142857142857,0.6607142857142857,0.5892857142857143,dataset_3,0,104,56,56,181,10.0
Global Weighted Residual STV k=1 clip=10.0,0.6568877551020408,0.6641340677161329,0.625,0.625,0.625,0.625,0.7142857142857143,dataset_3,0,104,56,56,181,10.0
Request-Aware Weighted Residual STV k=1 clip=10.0,0.6358418367346939,0.6564662361394701,0.625,0.625,0.625,0.625,0.6607142857142857,dataset_3,0,104,56,56,181,10.0
Global Residual STV k=3 clip=10.0,0.6519451530612245,0.6069919531825251,0.6428571428571429,0.6428571428571429,0.6428571428571429,0.6428571428571429,0.6964285714285714,dataset_3,0,104,56,56,181,10.0
Request-Aware Residual STV k=3 clip=10.0,0.6420599489795918,0.6022993550778366,0.6428571428571429,0.6428571428571429,0.6428571428571429,0.6428571428571429,0.6428571428571429,dataset_3,0,104,56,56,181,10.0
Global Weighted Residual STV k=3 clip=10.0,0.6509885204081634,0.6413471996334925,0.6071428571428571,0.6071428571428571,0.6071428571428571,0.6071428571428571,0.7142857142857143,dataset_3,0,104,56,56,181,10.0
Request-Aware Weighted Residual STV k=3 clip=10.0,0.6404655612244898,0.63690049349838,0.6071428571428571,0.6071428571428571,0.6071428571428571,0.6071428571428571,0.6607142857142857,dataset_3,0,104,56,56,181,10.0
Global Residual STV k=5 clip=10.0,0.6511479591836734,0.6101305065334263,0.6428571428571429,0.6428571428571429,0.6428571428571429,0.6428571428571429,0.7142857142857143,dataset_3,0,104,56,56,181,10.0
Request-Aware Residual STV k=5 clip=10.0,0.6412627551020409,0.605526361642191,0.6428571428571429,0.6428571428571429,0.6428571428571429,0.6428571428571429,0.6607142857142857,dataset_3,0,104,56,56,181,10.0
Global Weighted Residual STV k=5 clip=10.0,0.6485969387755102,0.6345887646007873,0.6071428571428571,0.6071428571428571,0.6071428571428571,0.6071428571428571,0.7321428571428571,dataset_3,0,104,56,56,181,10.0
Request-Aware Weighted Residual STV k=5 clip=10.0,0.6377551020408163,0.6298275524507515,0.6071428571428571,0.6071428571428571,0.6071428571428571,0.6071428571428571,0.6785714285714286,dataset_3,0,104,56,56,181,10.0
Baseline STV + IF,0.5769529085872577,0.5686025754092642,0.5894736842105263,0.5894736842105263,0.5894736842105263,0.5894736842105263,0.9263157894736842,dataset_1,1,174,95,95,150,10.0
Enhanced STV + IF,0.6697506925207757,0.6473659622155689,0.6421052631578947,0.6421052631578947,0.6421052631578947,0.6421052631578947,0.7578947368421053,dataset_1,1,174,95,95,150,10.0
Request-Aware Enhanced STV + IF,0.6523545706371192,0.7358858128750401,0.5368421052631579,0.5368421052631579,0.5368421052631579,0.5368421052631579,0.7368421052631579,dataset_1,1,174,95,95,150,10.0
Global Residual STV k=1 clip=5.0,0.758836565096953,0.7418778678871527,0.7473684210526316,0.7473684210526316,0.7473684210526316,0.7473684210526316,0.8105263157894737,dataset_1,1,174,95,95,150,10.0
Request-Aware Residual STV k=1 clip=5.0,0.7537396121883657,0.7154237707038976,0.7578947368421053,0.7578947368421053,0.7578947368421053,0.7578947368421053,0.7789473684210526,dataset_1,1,174,95,95,150,10.0
Global Weighted Residual STV k=1 clip=5.0,0.7695290858725762,0.7399972202274578,0.7263157894736842,0.7263157894736842,0.7263157894736842,0.7263157894736842,0.8421052631578947,dataset_1,1,174,95,95,150,10.0
Request-Aware Weighted Residual STV k=1 clip=5.0,0.7633240997229918,0.7137107809621666,0.7263157894736842,0.7263157894736842,0.7263157894736842,0.7263157894736842,0.8210526315789474,dataset_1,1,174,95,95,150,10.0
Global Residual STV k=3 clip=5.0,0.7280886426592799,0.7522961113127447,0.6526315789473685,0.6526315789473685,0.6526315789473685,0.6526315789473685,0.8421052631578947,dataset_1,1,174,95,95,150,10.0
Request-Aware Residual STV k=3 clip=5.0,0.7273130193905818,0.7337654997268943,0.6842105263157895,0.6842105263157895,0.6842105263157895,0.6842105263157895,0.8526315789473684,dataset_1,1,174,95,95,150,10.0
Global Weighted Residual STV k=3 clip=5.0,0.7246537396121884,0.7495901426028683,0.6421052631578947,0.6421052631578947,0.6421052631578947,0.6421052631578947,0.8631578947368421,dataset_1,1,174,95,95,150,10.0
Request-Aware Weighted Residual STV k=3 clip=5.0,0.7254293628808864,0.7242634278446629,0.6736842105263158,0.6736842105263158,0.6736842105263158,0.6736842105263158,0.8736842105263158,dataset_1,1,174,95,95,150,10.0
Global Residual STV k=5 clip=5.0,0.7146814404432134,0.7205439274060128,0.6421052631578947,0.6421052631578947,0.6421052631578947,0.6421052631578947,0.8421052631578947,dataset_1,1,174,95,95,150,10.0
Request-Aware Residual STV k=5 clip=5.0,0.7137950138504154,0.7022113353070212,0.6736842105263158,0.6736842105263158,0.6736842105263158,0.6736842105263158,0.8526315789473684,dataset_1,1,174,95,95,150,10.0
Global Weighted Residual STV k=5 clip=5.0,0.7153462603878116,0.7210349465249031,0.6421052631578947,0.6421052631578947,0.6421052631578947,0.6421052631578947,0.8631578947368421,dataset_1,1,174,95,95,150,10.0
Request-Aware Weighted Residual STV k=5 clip=5.0,0.7153462603878118,0.7064006322155125,0.6736842105263158,0.6736842105263158,0.6736842105263158,0.6736842105263158,0.8736842105263158,dataset_1,1,174,95,95,150,10.0
Global Residual STV k=1 clip=10.0,0.7588365650969531,0.7418778678871526,0.7473684210526316,0.7473684210526316,0.7473684210526316,0.7473684210526316,0.8105263157894737,dataset_1,1,174,95,95,150,10.0
Request-Aware Residual STV k=1 clip=10.0,0.7529639889196678,0.7038312112166012,0.7578947368421053,0.7578947368421053,0.7578947368421053,0.7578947368421053,0.7789473684210526,dataset_1,1,174,95,95,150,10.0
Global Weighted Residual STV k=1 clip=10.0,0.7725207756232688,0.7598088370093399,0.7263157894736842,0.7263157894736842,0.7263157894736842,0.7263157894736842,0.8421052631578947,dataset_1,1,174,95,95,150,10.0
Request-Aware Weighted Residual STV k=1 clip=10.0,0.7655401662049862,0.7176839916052342,0.7368421052631579,0.7368421052631579,0.7368421052631579,0.7368421052631579,0.8210526315789474,dataset_1,1,174,95,95,150,10.0
Global Residual STV k=3 clip=10.0,0.7301939058171746,0.7587659574950405,0.6526315789473685,0.6526315789473685,0.6526315789473685,0.6526315789473685,0.8421052631578947,dataset_1,1,174,95,95,150,10.0
Request-Aware Residual STV k=3 clip=10.0,0.7289750692520777,0.7319248939855012,0.6842105263157895,0.6842105263157895,0.6842105263157895,0.6842105263157895,0.8526315789473684,dataset_1,1,174,95,95,150,10.0
Global Weighted Residual STV k=3 clip=10.0,0.7267590027700832,0.754196867879398,0.6421052631578947,0.6421052631578947,0.6421052631578947,0.6421052631578947,0.8631578947368421,dataset_1,1,174,95,95,150,10.0
Request-Aware Weighted Residual STV k=3 clip=10.0,0.7269806094182827,0.7256920166916285,0.6736842105263158,0.6736842105263158,0.6736842105263158,0.6736842105263158,0.8736842105263158,dataset_1,1,174,95,95,150,10.0
Global Residual STV k=5 clip=10.0,0.7162326869806095,0.728838384605438,0.6421052631578947,0.6421052631578947,0.6421052631578947,0.6421052631578947,0.8421052631578947,dataset_1,1,174,95,95,150,10.0
Request-Aware Residual STV k=5 clip=10.0,0.7153462603878118,0.7073293942862151,0.6736842105263158,0.6736842105263158,0.6736842105263158,0.6736842105263158,0.8526315789473684,dataset_1,1,174,95,95,150,10.0
Global Weighted Residual STV k=5 clip=10.0,0.7171191135734072,0.7297099425764417,0.6421052631578947,0.6421052631578947,0.6421052631578947,0.6421052631578947,0.8631578947368421,dataset_1,1,174,95,95,150,10.0
Request-Aware Weighted Residual STV k=5 clip=10.0,0.716454293628809,0.7070806324183618,0.6736842105263158,0.6736842105263158,0.6736842105263158,0.6736842105263158,0.8736842105263158,dataset_1,1,174,95,95,150,10.0
Baseline STV + IF,0.5783410138248848,0.5270461984139627,0.5,0.5,0.5,0.5,0.5714285714285714,dataset_2,1,55,31,28,182,10.0
Enhanced STV + IF,0.5702764976958525,0.5349426735109802,0.5714285714285714,0.5714285714285714,0.5714285714285714,0.5714285714285714,0.35714285714285715,dataset_2,1,55,31,28,182,10.0
Request-Aware Enhanced STV + IF,0.5599078341013825,0.5339073555581227,0.5357142857142857,0.5357142857142857,0.5357142857142857,0.5357142857142857,0.32142857142857145,dataset_2,1,55,31,28,182,10.0
Global Residual STV k=1 clip=5.0,0.6405529953917051,0.5724733436872582,0.6071428571428571,0.6071428571428571,0.6071428571428571,0.6071428571428571,0.5,dataset_2,1,55,31,28,182,10.0
Request-Aware Residual STV k=1 clip=5.0,0.6405529953917051,0.5724733436872582,0.6071428571428571,0.6071428571428571,0.6071428571428571,0.6071428571428571,0.5,dataset_2,1,55,31,28,182,10.0
Global Weighted Residual STV k=1 clip=5.0,0.6670506912442397,0.625880689556279,0.6071428571428571,0.6071428571428571,0.6071428571428571,0.6071428571428571,0.5714285714285714,dataset_2,1,55,31,28,182,10.0
Request-Aware Weighted Residual STV k=1 clip=5.0,0.662442396313364,0.6241896722402616,0.6071428571428571,0.6071428571428571,0.6071428571428571,0.6071428571428571,0.5714285714285714,dataset_2,1,55,31,28,182,10.0
Global Residual STV k=3 clip=5.0,0.6376728110599078,0.568965864575754,0.5714285714285714,0.5714285714285714,0.5714285714285714,0.5714285714285714,0.6071428571428571,dataset_2,1,55,31,28,182,10.0
Request-Aware Residual STV k=3 clip=5.0,0.6342165898617512,0.5675954326820664,0.5714285714285714,0.5714285714285714,0.5714285714285714,0.5714285714285714,0.6071428571428571,dataset_2,1,55,31,28,182,10.0
Global Weighted Residual STV k=3 clip=5.0,0.6474654377880185,0.596687888725973,0.6071428571428571,0.6071428571428571,0.6071428571428571,0.6071428571428571,0.6428571428571429,dataset_2,1,55,31,28,182,10.0
Request-Aware Weighted Residual STV k=3 clip=5.0,0.6417050691244239,0.5936890500025664,0.5714285714285714,0.5714285714285714,0.5714285714285714,0.5714285714285714,0.6071428571428571,dataset_2,1,55,31,28,182,10.0
Global Residual STV k=5 clip=5.0,0.6284562211981567,0.5651087894710263,0.6071428571428571,0.6071428571428571,0.6071428571428571,0.6071428571428571,0.6428571428571429,dataset_2,1,55,31,28,182,10.0
Request-Aware Residual STV k=5 clip=5.0,0.625,0.5637383575773386,0.6071428571428571,0.6071428571428571,0.6071428571428571,0.6071428571428571,0.6428571428571429,dataset_2,1,55,31,28,182,10.0
Global Weighted Residual STV k=5 clip=5.0,0.6394009216589861,0.5797085067174506,0.6071428571428571,0.6071428571428571,0.6071428571428571,0.6071428571428571,0.6785714285714286,dataset_2,1,55,31,28,182,10.0
Request-Aware Weighted Residual STV k=5 clip=5.0,0.6336405529953917,0.5768114841991723,0.6071428571428571,0.6071428571428571,0.6071428571428571,0.6071428571428571,0.6428571428571429,dataset_2,1,55,31,28,182,10.0
Global Residual STV k=1 clip=10.0,0.6313364055299538,0.5535859051085879,0.6071428571428571,0.6071428571428571,0.6071428571428571,0.6071428571428571,0.5357142857142857,dataset_2,1,55,31,28,182,10.0
Request-Aware Residual STV k=1 clip=10.0,0.6313364055299538,0.5535859051085879,0.6071428571428571,0.6071428571428571,0.6071428571428571,0.6071428571428571,0.5357142857142857,dataset_2,1,55,31,28,182,10.0
Global Weighted Residual STV k=1 clip=10.0,0.6440092165898618,0.5883262173011765,0.6071428571428571,0.6071428571428571,0.6071428571428571,0.6071428571428571,0.5714285714285714,dataset_2,1,55,31,28,182,10.0
Request-Aware Weighted Residual STV k=1 clip=10.0,0.6394009216589862,0.5866351999851591,0.6071428571428571,0.6071428571428571,0.6071428571428571,0.6071428571428571,0.5714285714285714,dataset_2,1,55,31,28,182,10.0
Global Residual STV k=3 clip=10.0,0.6330645161290323,0.5735643408091116,0.6071428571428571,0.6071428571428571,0.6071428571428571,0.6071428571428571,0.6428571428571429,dataset_2,1,55,31,28,182,10.0
Request-Aware Residual STV k=3 clip=10.0,0.6296082949308756,0.572193908915424,0.6071428571428571,0.6071428571428571,0.6071428571428571,0.6071428571428571,0.6428571428571429,dataset_2,1,55,31,28,182,10.0
Global Weighted Residual STV k=3 clip=10.0,0.6457373271889402,0.594917557479041,0.6071428571428571,0.6071428571428571,0.6071428571428571,0.6071428571428571,0.7142857142857143,dataset_2,1,55,31,28,182,10.0
Request-Aware Weighted Residual STV k=3 clip=10.0,0.6411290322580645,0.592616584108672,0.6071428571428571,0.6071428571428571,0.6071428571428571,0.6071428571428571,0.6785714285714286,dataset_2,1,55,31,28,182,10.0
Global Residual STV k=5 clip=10.0,0.6238479262672811,0.5672568379657182,0.5714285714285714,0.5714285714285714,0.5714285714285714,0.5714285714285714,0.6785714285714286,dataset_2,1,55,31,28,182,10.0
Request-Aware Residual STV k=5 clip=10.0,0.6203917050691244,0.5658864060720304,0.5714285714285714,0.5714285714285714,0.5714285714285714,0.5714285714285714,0.6785714285714286,dataset_2,1,55,31,28,182,10.0
Global Weighted Residual STV k=5 clip=10.0,0.6422811059907835,0.5896458289036312,0.6071428571428571,0.6071428571428571,0.6071428571428571,0.6071428571428571,0.75,dataset_2,1,55,31,28,182,10.0
Request-Aware Weighted Residual STV k=5 clip=10.0,0.6376728110599079,0.5873968478600072,0.6071428571428571,0.6071428571428571,0.6071428571428571,0.6071428571428571,0.7142857142857143,dataset_2,1,55,31,28,182,10.0
Baseline STV + IF,0.5891172506738545,0.5536322203786084,0.5660377358490566,0.5660377358490566,0.5660377358490566,0.5660377358490566,0.8113207547169812,dataset_3,1,104,56,53,180,10.0
Enhanced STV + IF,0.6455525606469001,0.6328180543598358,0.6037735849056604,0.6037735849056604,0.6037735849056604,0.6037735849056604,0.5471698113207547,dataset_3,1,104,56,53,180,10.0
Request-Aware Enhanced STV + IF,0.616576819407008,0.6326112726156322,0.5471698113207547,0.5471698113207547,0.5471698113207547,0.5471698113207547,0.6037735849056604,dataset_3,1,104,56,53,180,10.0
Global Residual STV k=1 clip=5.0,0.7786388140161725,0.7278603626682203,0.7169811320754716,0.7169811320754716,0.7169811320754716,0.7169811320754716,0.7547169811320755,dataset_3,1,104,56,53,180,10.0
Request-Aware Residual STV k=1 clip=5.0,0.7668463611859839,0.7217832757407092,0.6981132075471698,0.6981132075471698,0.6981132075471698,0.6981132075471698,0.7547169811320755,dataset_3,1,104,56,53,180,10.0
Global Weighted Residual STV k=1 clip=5.0,0.8003706199460917,0.797192999265043,0.7358490566037735,0.7358490566037735,0.7358490566037735,0.7358490566037735,0.8113207547169812,dataset_3,1,104,56,53,180,10.0
Request-Aware Weighted Residual STV k=1 clip=5.0,0.7882412398921833,0.7893174766234423,0.7169811320754716,0.7169811320754716,0.7169811320754716,0.7169811320754716,0.8113207547169812,dataset_3,1,104,56,53,180,10.0
Global Residual STV k=3 clip=5.0,0.7516846361185985,0.7168134813333668,0.6792452830188679,0.6792452830188679,0.6792452830188679,0.6792452830188679,0.8113207547169812,dataset_3,1,104,56,53,180,10.0
Request-Aware Residual STV k=3 clip=5.0,0.7456199460916442,0.7144493686164288,0.6792452830188679,0.6792452830188679,0.6792452830188679,0.6792452830188679,0.8113207547169812,dataset_3,1,104,56,53,180,10.0
Global Weighted Residual STV k=3 clip=5.0,0.7575808625336927,0.7886465778332872,0.7169811320754716,0.7169811320754716,0.7169811320754716,0.7169811320754716,0.8113207547169812,dataset_3,1,104,56,53,180,10.0
Request-Aware Weighted Residual STV k=3 clip=5.0,0.7535377358490567,0.7877342402490496,0.7169811320754716,0.7169811320754716,0.7169811320754716,0.7169811320754716,0.8113207547169812,dataset_3,1,104,56,53,180,10.0
Global Residual STV k=5 clip=5.0,0.746799191374663,0.6964050974568978,0.6792452830188679,0.6792452830188679,0.6792452830188679,0.6792452830188679,0.8113207547169812,dataset_3,1,104,56,53,180,10.0
Request-Aware Residual STV k=5 clip=5.0,0.7407345013477089,0.6940317761307829,0.6792452830188679,0.6792452830188679,0.6792452830188679,0.6792452830188679,0.8113207547169812,dataset_3,1,104,56,53,180,10.0
Global Weighted Residual STV k=5 clip=5.0,0.7441037735849056,0.7380903412373494,0.6981132075471698,0.6981132075471698,0.6981132075471698,0.6981132075471698,0.8113207547169812,dataset_3,1,104,56,53,180,10.0
Request-Aware Weighted Residual STV k=5 clip=5.0,0.7393867924528302,0.7363332076703002,0.6981132075471698,0.6981132075471698,0.6981132075471698,0.6981132075471698,0.8113207547169812,dataset_3,1,104,56,53,180,10.0
Global Residual STV k=1 clip=10.0,0.7745956873315364,0.6997395840757435,0.7169811320754716,0.7169811320754716,0.7169811320754716,0.7169811320754716,0.7547169811320755,dataset_3,1,104,56,53,180,10.0
Request-Aware Residual STV k=1 clip=10.0,0.7628032345013478,0.6936624971482327,0.6981132075471698,0.6981132075471698,0.6981132075471698,0.6981132075471698,0.7547169811320755,dataset_3,1,104,56,53,180,10.0
Global Weighted Residual STV k=1 clip=10.0,0.789588948787062,0.7334195852577338,0.7358490566037735,0.7358490566037735,0.7358490566037735,0.7358490566037735,0.8113207547169812,dataset_3,1,104,56,53,180,10.0
Request-Aware Weighted Residual STV k=1 clip=10.0,0.7774595687331537,0.7255440626161332,0.7169811320754716,0.7169811320754716,0.7169811320754716,0.7169811320754716,0.8113207547169812,dataset_3,1,104,56,53,180,10.0
Global Residual STV k=3 clip=10.0,0.7461253369272238,0.6949763228579765,0.6792452830188679,0.6792452830188679,0.6792452830188679,0.6792452830188679,0.8113207547169812,dataset_3,1,104,56,53,180,10.0
Request-Aware Residual STV k=3 clip=10.0,0.7397237196765498,0.6917489717639268,0.6792452830188679,0.6792452830188679,0.6792452830188679,0.6792452830188679,0.8113207547169812,dataset_3,1,104,56,53,180,10.0
Global Weighted Residual STV k=3 clip=10.0,0.7467991913746631,0.7346528464545692,0.7169811320754716,0.7169811320754716,0.7169811320754716,0.7169811320754716,0.8113207547169812,dataset_3,1,104,56,53,180,10.0
Request-Aware Weighted Residual STV k=3 clip=10.0,0.742756064690027,0.7336791636299876,0.7169811320754716,0.7169811320754716,0.7169811320754716,0.7169811320754716,0.8113207547169812,dataset_3,1,104,56,53,180,10.0
Global Residual STV k=5 clip=10.0,0.7425876010781671,0.696163819989415,0.6792452830188679,0.6792452830188679,0.6792452830188679,0.6792452830188679,0.8301886792452831,dataset_3,1,104,56,53,180,10.0
Request-Aware Residual STV k=5 clip=10.0,0.7361859838274932,0.6930181274837792,0.6792452830188679,0.6792452830188679,0.6792452830188679,0.6792452830188679,0.8301886792452831,dataset_3,1,104,56,53,180,10.0
Global Weighted Residual STV k=5 clip=10.0,0.7419137466307276,0.7294649006697052,0.6981132075471698,0.6981132075471698,0.6981132075471698,0.6981132075471698,0.8301886792452831,dataset_3,1,104,56,53,180,10.0
Request-Aware Weighted Residual STV k=5 clip=10.0,0.7371967654986523,0.7276801015241687,0.6981132075471698,0.6981132075471698,0.6981132075471698,0.6981132075471698,0.8301886792452831,dataset_3,1,104,56,53,180,10.0
Baseline STV + IF,0.596398891966759,0.5768494692469187,0.631578947368421,0.631578947368421,0.631578947368421,0.631578947368421,0.8631578947368421,dataset_1,2,174,95,95,150,10.0
Enhanced STV + IF,0.661994459833795,0.6612186080882189,0.631578947368421,0.631578947368421,0.631578947368421,0.631578947368421,0.7157894736842105,dataset_1,2,174,95,95,150,10.0
Request-Aware Enhanced STV + IF,0.6336842105263158,0.6375536839923301,0.5578947368421052,0.5578947368421052,0.5578947368421052,0.5578947368421052,0.7473684210526316,dataset_1,2,174,95,95,150,10.0
Global Residual STV k=1 clip=5.0,0.7467590027700831,0.681106813788747,0.7263157894736842,0.7263157894736842,0.7263157894736842,0.7263157894736842,0.7578947368421053,dataset_1,2,174,95,95,150,10.0
Request-Aware Residual STV k=1 clip=5.0,0.7508587257617728,0.6698344671274544,0.7263157894736842,0.7263157894736842,0.7263157894736842,0.7263157894736842,0.7368421052631579,dataset_1,2,174,95,95,150,10.0
Global Weighted Residual STV k=1 clip=5.0,0.7605540166204986,0.7553284995604368,0.7052631578947368,0.7052631578947368,0.7052631578947368,0.7052631578947368,0.8,dataset_1,2,174,95,95,150,10.0
Request-Aware Weighted Residual STV k=1 clip=5.0,0.7698614958448754,0.7391719247148263,0.7052631578947368,0.7052631578947368,0.7052631578947368,0.7052631578947368,0.7789473684210526,dataset_1,2,174,95,95,150,10.0
Global Residual STV k=3 clip=5.0,0.7284764542936287,0.711859323824761,0.6947368421052632,0.6947368421052632,0.6947368421052632,0.6947368421052632,0.8315789473684211,dataset_1,2,174,95,95,150,10.0
Request-Aware Residual STV k=3 clip=5.0,0.7278670360110804,0.6973195383230515,0.6947368421052632,0.6947368421052632,0.6947368421052632,0.6947368421052632,0.8315789473684211,dataset_1,2,174,95,95,150,10.0
Global Weighted Residual STV k=3 clip=5.0,0.7338504155124653,0.7695852081884731,0.6736842105263158,0.6736842105263158,0.6736842105263158,0.6736842105263158,0.8526315789473684,dataset_1,2,174,95,95,150,10.0
Request-Aware Weighted Residual STV k=3 clip=5.0,0.7332963988919666,0.7533765929791889,0.6736842105263158,0.6736842105263158,0.6736842105263158,0.6736842105263158,0.8526315789473684,dataset_1,2,174,95,95,150,10.0
Global Residual STV k=5 clip=5.0,0.7235457063711912,0.7123249396290097,0.6842105263157895,0.6842105263157895,0.6842105263157895,0.6842105263157895,0.8631578947368421,dataset_1,2,174,95,95,150,10.0
Request-Aware Residual STV k=5 clip=5.0,0.7222714681440443,0.6972292172619741,0.6631578947368421,0.6631578947368421,0.6631578947368421,0.6631578947368421,0.8631578947368421,dataset_1,2,174,95,95,150,10.0
Global Weighted Residual STV k=5 clip=5.0,0.7268698060941828,0.741175301981479,0.6631578947368421,0.6631578947368421,0.6631578947368421,0.6631578947368421,0.8631578947368421,dataset_1,2,174,95,95,150,10.0
Request-Aware Weighted Residual STV k=5 clip=5.0,0.7273130193905817,0.7288076542543755,0.6631578947368421,0.6631578947368421,0.6631578947368421,0.6631578947368421,0.8631578947368421,dataset_1,2,174,95,95,150,10.0
Global Residual STV k=1 clip=10.0,0.7447091412742382,0.672372592147518,0.7263157894736842,0.7263157894736842,0.7263157894736842,0.7263157894736842,0.7894736842105263,dataset_1,2,174,95,95,150,10.0
Request-Aware Residual STV k=1 clip=10.0,0.7503047091412742,0.6690871040261722,0.7263157894736842,0.7263157894736842,0.7263157894736842,0.7263157894736842,0.7894736842105263,dataset_1,2,174,95,95,150,10.0
Global Weighted Residual STV k=1 clip=10.0,0.7420498614958448,0.6847146224554588,0.7052631578947368,0.7052631578947368,0.7052631578947368,0.7052631578947368,0.8,dataset_1,2,174,95,95,150,10.0
Request-Aware Weighted Residual STV k=1 clip=10.0,0.7509695290858726,0.7012882646990346,0.7052631578947368,0.7052631578947368,0.7052631578947368,0.7052631578947368,0.8,dataset_1,2,174,95,95,150,10.0
Global Residual STV k=3 clip=10.0,0.7175069252077563,0.6821143650069845,0.6947368421052632,0.6947368421052632,0.6947368421052632,0.6947368421052632,0.8526315789473684,dataset_1,2,174,95,95,150,10.0
Request-Aware Residual STV k=3 clip=10.0,0.7181717451523546,0.6754742586941915,0.6947368421052632,0.6947368421052632,0.6947368421052632,0.6947368421052632,0.8526315789473684,dataset_1,2,174,95,95,150,10.0
Global Weighted Residual STV k=3 clip=10.0,0.7176731301939058,0.7082542825738187,0.6736842105263158,0.6736842105263158,0.6736842105263158,0.6736842105263158,0.8736842105263158,dataset_1,2,174,95,95,150,10.0
Request-Aware Weighted Residual STV k=3 clip=10.0,0.7177839335180055,0.7054620990220972,0.6736842105263158,0.6736842105263158,0.6736842105263158,0.6736842105263158,0.8736842105263158,dataset_1,2,174,95,95,150,10.0
Global Residual STV k=5 clip=10.0,0.710803324099723,0.6828921658745667,0.6842105263157895,0.6842105263157895,0.6842105263157895,0.6842105263157895,0.8736842105263158,dataset_1,2,174,95,95,150,10.0
Request-Aware Residual STV k=5 clip=10.0,0.7103601108033241,0.6752805627281901,0.6631578947368421,0.6631578947368421,0.6631578947368421,0.6631578947368421,0.8736842105263158,dataset_1,2,174,95,95,150,10.0
Global Weighted Residual STV k=5 clip=10.0,0.7124653739612189,0.7079248430515502,0.6631578947368421,0.6631578947368421,0.6631578947368421,0.6631578947368421,0.8736842105263158,dataset_1,2,174,95,95,150,10.0
Request-Aware Weighted Residual STV k=5 clip=10.0,0.7123545706371192,0.6991829860602083,0.6631578947368421,0.6631578947368421,0.6631578947368421,0.6631578947368421,0.8736842105263158,dataset_1,2,174,95,95,150,10.0
Baseline STV + IF,0.6333746898263027,0.5949060133687873,0.5384615384615384,0.5384615384615384,0.5384615384615384,0.5384615384615384,0.6923076923076923,dataset_2,2,55,31,26,181,10.0
Enhanced STV + IF,0.6048387096774193,0.5408887631396624,0.5384615384615384,0.5384615384615384,0.5384615384615384,0.5384615384615384,0.5384615384615384,dataset_2,2,55,31,26,181,10.0
Request-Aware Enhanced STV + IF,0.5986352357320099,0.5580056487546096,0.5,0.5,0.5,0.5,0.5769230769230769,dataset_2,2,55,31,26,181,10.0
Global Residual STV k=1 clip=5.0,0.6699751861042184,0.6011827404823383,0.5384615384615384,0.5384615384615384,0.5384615384615384,0.5384615384615384,0.6538461538461539,dataset_2,2,55,31,26,181,10.0
Request-Aware Residual STV k=1 clip=5.0,0.6575682382133995,0.5826883645298644,0.5384615384615384,0.5384615384615384,0.5384615384615384,0.5384615384615384,0.6153846153846154,dataset_2,2,55,31,26,181,10.0
Global Weighted Residual STV k=1 clip=5.0,0.674937965260546,0.626526773922947,0.5769230769230769,0.5769230769230769,0.5769230769230769,0.5769230769230769,0.6538461538461539,dataset_2,2,55,31,26,181,10.0
Request-Aware Weighted Residual STV k=1 clip=5.0,0.6637717121588089,0.5857479629573465,0.5769230769230769,0.5769230769230769,0.5769230769230769,0.5769230769230769,0.6153846153846154,dataset_2,2,55,31,26,181,10.0
Global Residual STV k=3 clip=5.0,0.6476426799007444,0.6215349392184985,0.5769230769230769,0.5769230769230769,0.5769230769230769,0.5769230769230769,0.7307692307692307,dataset_2,2,55,31,26,181,10.0
Request-Aware Residual STV k=3 clip=5.0,0.6426799007444168,0.6153641453454801,0.5769230769230769,0.5769230769230769,0.5769230769230769,0.5769230769230769,0.7307692307692307,dataset_2,2,55,31,26,181,10.0
Global Weighted Residual STV k=3 clip=5.0,0.6588089330024813,0.6541978997282516,0.5384615384615384,0.5384615384615384,0.5384615384615384,0.5384615384615384,0.7307692307692307,dataset_2,2,55,31,26,181,10.0
Request-Aware Weighted Residual STV k=3 clip=5.0,0.6538461538461539,0.6486106669572412,0.5384615384615384,0.5384615384615384,0.5384615384615384,0.5384615384615384,0.7307692307692307,dataset_2,2,55,31,26,181,10.0
Global Residual STV k=5 clip=5.0,0.641439205955335,0.5935129611965205,0.5769230769230769,0.5769230769230769,0.5769230769230769,0.5769230769230769,0.7307692307692307,dataset_2,2,55,31,26,181,10.0
Request-Aware Residual STV k=5 clip=5.0,0.6377171215880894,0.5900131074944424,0.5769230769230769,0.5769230769230769,0.5769230769230769,0.5769230769230769,0.7307692307692307,dataset_2,2,55,31,26,181,10.0
Global Weighted Residual STV k=5 clip=5.0,0.6476426799007444,0.6040605370908891,0.5384615384615384,0.5384615384615384,0.5384615384615384,0.5384615384615384,0.7307692307692307,dataset_2,2,55,31,26,181,10.0
Request-Aware Weighted Residual STV k=5 clip=5.0,0.6439205955334988,0.6010374068839812,0.5384615384615384,0.5384615384615384,0.5384615384615384,0.5384615384615384,0.7307692307692307,dataset_2,2,55,31,26,181,10.0
Global Residual STV k=1 clip=10.0,0.6606699751861043,0.5731974778816913,0.5384615384615384,0.5384615384615384,0.5384615384615384,0.5384615384615384,0.6538461538461539,dataset_2,2,55,31,26,181,10.0
Request-Aware Residual STV k=1 clip=10.0,0.6507444168734491,0.56578721012871,0.5384615384615384,0.5384615384615384,0.5384615384615384,0.5384615384615384,0.6538461538461539,dataset_2,2,55,31,26,181,10.0
Global Weighted Residual STV k=1 clip=10.0,0.6705955334987593,0.5837575333595889,0.5769230769230769,0.5769230769230769,0.5769230769230769,0.5769230769230769,0.6538461538461539,dataset_2,2,55,31,26,181,10.0
Request-Aware Weighted Residual STV k=1 clip=10.0,0.6643920595533499,0.5995989686635558,0.5769230769230769,0.5769230769230769,0.5769230769230769,0.5769230769230769,0.6538461538461539,dataset_2,2,55,31,26,181,10.0
Global Residual STV k=3 clip=10.0,0.6476426799007444,0.6057715921292405,0.5769230769230769,0.5769230769230769,0.5769230769230769,0.5769230769230769,0.7307692307692307,dataset_2,2,55,31,26,181,10.0
Request-Aware Residual STV k=3 clip=10.0,0.641439205955335,0.6072885165208635,0.5769230769230769,0.5769230769230769,0.5769230769230769,0.5769230769230769,0.7307692307692307,dataset_2,2,55,31,26,181,10.0
Global Weighted Residual STV k=3 clip=10.0,0.6451612903225805,0.6102397054589715,0.5384615384615384,0.5384615384615384,0.5384615384615384,0.5384615384615384,0.7307692307692307,dataset_2,2,55,31,26,181,10.0
Request-Aware Weighted Residual STV k=3 clip=10.0,0.6414392059553349,0.6150478465448733,0.5384615384615384,0.5384615384615384,0.5384615384615384,0.5384615384615384,0.7307692307692307,dataset_2,2,55,31,26,181,10.0
Global Residual STV k=5 clip=10.0,0.6451612903225806,0.5973314211890696,0.5769230769230769,0.5769230769230769,0.5769230769230769,0.5769230769230769,0.7307692307692307,dataset_2,2,55,31,26,181,10.0
Request-Aware Residual STV k=5 clip=10.0,0.6401985111662531,0.5971000938324408,0.5769230769230769,0.5769230769230769,0.5769230769230769,0.5769230769230769,0.7307692307692307,dataset_2,2,55,31,26,181,10.0
Global Weighted Residual STV k=5 clip=10.0,0.6426799007444168,0.5999375076567737,0.5384615384615384,0.5384615384615384,0.5384615384615384,0.5384615384615384,0.7307692307692307,dataset_2,2,55,31,26,181,10.0
Request-Aware Weighted Residual STV k=5 clip=10.0,0.641439205955335,0.6126127816098084,0.5384615384615384,0.5384615384615384,0.5384615384615384,0.5384615384615384,0.7307692307692307,dataset_2,2,55,31,26,181,10.0
Baseline STV + IF,0.6196428571428572,0.5834646705445282,0.6181818181818182,0.6181818181818182,0.6181818181818182,0.6181818181818182,0.9272727272727272,dataset_3,2,104,56,55,178,10.0
Enhanced STV + IF,0.6905844155844155,0.6342253107499914,0.6545454545454545,0.6545454545454545,0.6545454545454545,0.6545454545454545,0.7272727272727273,dataset_3,2,104,56,55,178,10.0
Request-Aware Enhanced STV + IF,0.6222402597402598,0.6572673953206012,0.5272727272727272,0.5272727272727272,0.5272727272727272,0.5272727272727272,0.7090909090909091,dataset_3,2,104,56,55,178,10.0
Global Residual STV k=1 clip=5.0,0.7373376623376624,0.7545398438226903,0.6363636363636364,0.6363636363636364,0.6363636363636364,0.6363636363636364,0.7454545454545455,dataset_3,2,104,56,55,178,10.0
Request-Aware Residual STV k=1 clip=5.0,0.7337662337662337,0.7520840195442613,0.6363636363636364,0.6363636363636364,0.6363636363636364,0.6363636363636364,0.7454545454545455,dataset_3,2,104,56,55,178,10.0
Global Weighted Residual STV k=1 clip=5.0,0.7175324675324675,0.7627929161177571,0.6363636363636364,0.6363636363636364,0.6363636363636364,0.6363636363636364,0.7454545454545455,dataset_3,2,104,56,55,178,10.0
Request-Aware Weighted Residual STV k=1 clip=5.0,0.7087662337662338,0.7556228182506138,0.6363636363636364,0.6363636363636364,0.6363636363636364,0.6363636363636364,0.7454545454545455,dataset_3,2,104,56,55,178,10.0
Global Residual STV k=3 clip=5.0,0.7025974025974026,0.73347921100915,0.5818181818181818,0.5818181818181818,0.5818181818181818,0.5818181818181818,0.7818181818181819,dataset_3,2,104,56,55,178,10.0
Request-Aware Residual STV k=3 clip=5.0,0.7009740259740259,0.7335847776717914,0.6,0.6,0.6,0.6,0.7818181818181819,dataset_3,2,104,56,55,178,10.0
Global Weighted Residual STV k=3 clip=5.0,0.6792207792207792,0.7318455369799327,0.5818181818181818,0.5818181818181818,0.5818181818181818,0.5818181818181818,0.7818181818181819,dataset_3,2,104,56,55,178,10.0
Request-Aware Weighted Residual STV k=3 clip=5.0,0.6795454545454546,0.7315488665381745,0.5818181818181818,0.5818181818181818,0.5818181818181818,0.5818181818181818,0.7818181818181819,dataset_3,2,104,56,55,178,10.0
Global Residual STV k=5 clip=5.0,0.700974025974026,0.7119821686486878,0.6,0.6,0.6,0.6,0.7818181818181819,dataset_3,2,104,56,55,178,10.0
Request-Aware Residual STV k=5 clip=5.0,0.6983766233766233,0.7100143104777923,0.6,0.6,0.6,0.6,0.7818181818181819,dataset_3,2,104,56,55,178,10.0
Global Weighted Residual STV k=5 clip=5.0,0.6805194805194805,0.7302272934971389,0.5818181818181818,0.5818181818181818,0.5818181818181818,0.5818181818181818,0.7818181818181819,dataset_3,2,104,56,55,178,10.0
Request-Aware Weighted Residual STV k=5 clip=5.0,0.6805194805194805,0.7296729113579282,0.6,0.6,0.6,0.6,0.7818181818181819,dataset_3,2,104,56,55,178,10.0
Global Residual STV k=1 clip=10.0,0.7373376623376624,0.7545398438226902,0.6363636363636364,0.6363636363636364,0.6363636363636364,0.6363636363636364,0.7454545454545455,dataset_3,2,104,56,55,178,10.0
Request-Aware Residual STV k=1 clip=10.0,0.7337662337662337,0.7520840195442613,0.6363636363636364,0.6363636363636364,0.6363636363636364,0.6363636363636364,0.7454545454545455,dataset_3,2,104,56,55,178,10.0
Global Weighted Residual STV k=1 clip=10.0,0.7181818181818181,0.7648799630577452,0.6363636363636364,0.6363636363636364,0.6363636363636364,0.6363636363636364,0.7454545454545455,dataset_3,2,104,56,55,178,10.0
Request-Aware Weighted Residual STV k=1 clip=10.0,0.7094155844155844,0.757709865190602,0.6363636363636364,0.6363636363636364,0.6363636363636364,0.6363636363636364,0.7454545454545455,dataset_3,2,104,56,55,178,10.0
Global Residual STV k=3 clip=10.0,0.7042207792207792,0.7369208697826165,0.5818181818181818,0.5818181818181818,0.5818181818181818,0.5818181818181818,0.7818181818181819,dataset_3,2,104,56,55,178,10.0
Request-Aware Residual STV k=3 clip=10.0,0.7025974025974026,0.7370461992911077,0.6,0.6,0.6,0.6,0.7818181818181819,dataset_3,2,104,56,55,178,10.0
Global Weighted Residual STV k=3 clip=10.0,0.6844155844155845,0.7378781451698442,0.5818181818181818,0.5818181818181818,0.5818181818181818,0.5818181818181818,0.7818181818181819,dataset_3,2,104,56,55,178,10.0
Request-Aware Weighted Residual STV k=3 clip=10.0,0.6844155844155844,0.737373945530409,0.5818181818181818,0.5818181818181818,0.5818181818181818,0.5818181818181818,0.7818181818181819,dataset_3,2,104,56,55,178,10.0
Global Residual STV k=5 clip=10.0,0.7038961038961039,0.7171138781164478,0.6,0.6,0.6,0.6,0.7818181818181819,dataset_3,2,104,56,55,178,10.0
Request-Aware Residual STV k=5 clip=10.0,0.7012987012987014,0.7151561321914822,0.6,0.6,0.6,0.6,0.7818181818181819,dataset_3,2,104,56,55,178,10.0
Global Weighted Residual STV k=5 clip=10.0,0.6866883116883117,0.736438759112824,0.5818181818181818,0.5818181818181818,0.5818181818181818,0.5818181818181818,0.7818181818181819,dataset_3,2,104,56,55,178,10.0
Request-Aware Weighted Residual STV k=5 clip=10.0,0.6863636363636364,0.7357103165321733,0.6,0.6,0.6,0.6,0.7818181818181819,dataset_3,2,104,56,55,178,10.0
Baseline STV + IF,0.5659833795013851,0.5518279646055759,0.5578947368421052,0.5578947368421052,0.5578947368421052,0.5578947368421052,0.8631578947368421,dataset_1,3,174,95,95,137,10.0
Enhanced STV + IF,0.6444321329639889,0.599119566076615,0.6,0.6,0.6,0.6,0.7368421052631579,dataset_1,3,174,95,95,137,10.0
Request-Aware Enhanced STV + IF,0.6378393351800553,0.6616832180383582,0.6105263157894737,0.6105263157894737,0.6105263157894737,0.6105263157894737,0.7368421052631579,dataset_1,3,174,95,95,137,10.0
Global Residual STV k=1 clip=5.0,0.7305263157894737,0.65387316388204,0.7157894736842105,0.7157894736842105,0.7157894736842105,0.7157894736842105,0.7263157894736842,dataset_1,3,174,95,95,137,10.0
Request-Aware Residual STV k=1 clip=5.0,0.7258171745152353,0.6402060502413467,0.7157894736842105,0.7157894736842105,0.7157894736842105,0.7157894736842105,0.7052631578947368,dataset_1,3,174,95,95,137,10.0
Global Weighted Residual STV k=1 clip=5.0,0.7655955678670361,0.75944412389962,0.7052631578947368,0.7052631578947368,0.7052631578947368,0.7052631578947368,0.7263157894736842,dataset_1,3,174,95,95,137,10.0
Request-Aware Weighted Residual STV k=1 clip=5.0,0.7626592797783934,0.7397749186344477,0.7157894736842105,0.7157894736842105,0.7157894736842105,0.7157894736842105,0.6947368421052632,dataset_1,3,174,95,95,137,10.0
Global Residual STV k=3 clip=5.0,0.7027146814404431,0.6432787234114826,0.631578947368421,0.631578947368421,0.631578947368421,0.631578947368421,0.7789473684210526,dataset_1,3,174,95,95,137,10.0
Request-Aware Residual STV k=3 clip=5.0,0.7010526315789474,0.6405626771894051,0.631578947368421,0.631578947368421,0.631578947368421,0.631578947368421,0.7578947368421053,dataset_1,3,174,95,95,137,10.0
Global Weighted Residual STV k=3 clip=5.0,0.7285318559556787,0.7404242819166544,0.6421052631578947,0.6421052631578947,0.6421052631578947,0.6421052631578947,0.7894736842105263,dataset_1,3,174,95,95,137,10.0
Request-Aware Weighted Residual STV k=3 clip=5.0,0.7287534626038781,0.7313955496798548,0.6631578947368421,0.6631578947368421,0.6631578947368421,0.6631578947368421,0.7684210526315789,dataset_1,3,174,95,95,137,10.0
Global Residual STV k=5 clip=5.0,0.6884764542936287,0.6230290815585173,0.631578947368421,0.631578947368421,0.631578947368421,0.631578947368421,0.7789473684210526,dataset_1,3,174,95,95,137,10.0
Request-Aware Residual STV k=5 clip=5.0,0.6884764542936287,0.6220638533843496,0.6421052631578947,0.6421052631578947,0.6421052631578947,0.6421052631578947,0.7578947368421053,dataset_1,3,174,95,95,137,10.0
Global Weighted Residual STV k=5 clip=5.0,0.7083102493074793,0.6765172435809916,0.6421052631578947,0.6421052631578947,0.6421052631578947,0.6421052631578947,0.7894736842105263,dataset_1,3,174,95,95,137,10.0
Request-Aware Weighted Residual STV k=5 clip=5.0,0.706426592797784,0.6729675122874821,0.6421052631578947,0.6421052631578947,0.6421052631578947,0.6421052631578947,0.7684210526315789,dataset_1,3,174,95,95,137,10.0
Global Residual STV k=1 clip=10.0,0.7267590027700831,0.6401701687395507,0.7157894736842105,0.7157894736842105,0.7157894736842105,0.7157894736842105,0.7473684210526316,dataset_1,3,174,95,95,137,10.0
Request-Aware Residual STV k=1 clip=10.0,0.724321329639889,0.6365148541982635,0.7157894736842105,0.7157894736842105,0.7157894736842105,0.7157894736842105,0.7473684210526316,dataset_1,3,174,95,95,137,10.0
Global Weighted Residual STV k=1 clip=10.0,0.7370637119113574,0.6888257677797806,0.7052631578947368,0.7052631578947368,0.7052631578947368,0.7052631578947368,0.7473684210526316,dataset_1,3,174,95,95,137,10.0
Request-Aware Weighted Residual STV k=1 clip=10.0,0.7301939058171745,0.6705485381361831,0.7157894736842105,0.7157894736842105,0.7157894736842105,0.7157894736842105,0.7368421052631579,dataset_1,3,174,95,95,137,10.0
Global Residual STV k=3 clip=10.0,0.7026592797783934,0.638689713966405,0.631578947368421,0.631578947368421,0.631578947368421,0.631578947368421,0.7894736842105263,dataset_1,3,174,95,95,137,10.0
Request-Aware Residual STV k=3 clip=10.0,0.7002216066481993,0.635193558696644,0.631578947368421,0.631578947368421,0.631578947368421,0.631578947368421,0.7684210526315789,dataset_1,3,174,95,95,137,10.0
Global Weighted Residual STV k=3 clip=10.0,0.7128531855955679,0.6710894677430222,0.6421052631578947,0.6421052631578947,0.6421052631578947,0.6421052631578947,0.8,dataset_1,3,174,95,95,137,10.0
Request-Aware Weighted Residual STV k=3 clip=10.0,0.7108587257617729,0.6663068010912357,0.6631578947368421,0.6631578947368421,0.6631578947368421,0.6631578947368421,0.7789473684210526,dataset_1,3,174,95,95,137,10.0
Global Residual STV k=5 clip=10.0,0.6905263157894737,0.6257150887566898,0.631578947368421,0.631578947368421,0.631578947368421,0.631578947368421,0.7894736842105263,dataset_1,3,174,95,95,137,10.0
Request-Aware Residual STV k=5 clip=10.0,0.6890858725761771,0.6230989752483205,0.6421052631578947,0.6421052631578947,0.6421052631578947,0.6421052631578947,0.7684210526315789,dataset_1,3,174,95,95,137,10.0
Global Weighted Residual STV k=5 clip=10.0,0.6983933518005541,0.6495329746644871,0.6421052631578947,0.6421052631578947,0.6421052631578947,0.6421052631578947,0.8,dataset_1,3,174,95,95,137,10.0
Request-Aware Weighted Residual STV k=5 clip=10.0,0.6975069252077561,0.6444845794014471,0.6421052631578947,0.6421052631578947,0.6421052631578947,0.6421052631578947,0.7789473684210526,dataset_1,3,174,95,95,137,10.0
Baseline STV + IF,0.5921658986175116,0.5597541952640726,0.5714285714285714,0.5714285714285714,0.5714285714285714,0.5714285714285714,0.75,dataset_2,3,55,31,28,136,10.0
Enhanced STV + IF,0.543778801843318,0.5217852680917979,0.5,0.5,0.5,0.5,0.39285714285714285,dataset_2,3,55,31,28,136,10.0
Request-Aware Enhanced STV + IF,0.5466589861751152,0.5282026478279065,0.5714285714285714,0.5714285714285714,0.5714285714285714,0.5714285714285714,0.4642857142857143,dataset_2,3,55,31,28,136,10.0
Global Residual STV k=1 clip=5.0,0.6152073732718893,0.5927667553237135,0.5714285714285714,0.5714285714285714,0.5714285714285714,0.5714285714285714,0.5714285714285714,dataset_2,3,55,31,28,136,10.0
Request-Aware Residual STV k=1 clip=5.0,0.6152073732718893,0.5927043204449118,0.5714285714285714,0.5714285714285714,0.5714285714285714,0.5714285714285714,0.5714285714285714,dataset_2,3,55,31,28,136,10.0
Global Weighted Residual STV k=1 clip=5.0,0.6549539170506913,0.6661297079625428,0.6071428571428571,0.6071428571428571,0.6071428571428571,0.6071428571428571,0.6428571428571429,dataset_2,3,55,31,28,136,10.0
Request-Aware Weighted Residual STV k=1 clip=5.0,0.6457373271889401,0.6622328965386577,0.6071428571428571,0.6071428571428571,0.6071428571428571,0.6071428571428571,0.6428571428571429,dataset_2,3,55,31,28,136,10.0
Global Residual STV k=3 clip=5.0,0.6129032258064516,0.5929426827855211,0.6071428571428571,0.6071428571428571,0.6071428571428571,0.6071428571428571,0.5357142857142857,dataset_2,3,55,31,28,136,10.0
Request-Aware Residual STV k=3 clip=5.0,0.6094470046082949,0.5919349527704381,0.6071428571428571,0.6071428571428571,0.6071428571428571,0.6071428571428571,0.5357142857142857,dataset_2,3,55,31,28,136,10.0
Global Weighted Residual STV k=3 clip=5.0,0.6025345622119815,0.6429694512973543,0.5714285714285714,0.5714285714285714,0.5714285714285714,0.5714285714285714,0.6071428571428571,dataset_2,3,55,31,28,136,10.0
Request-Aware Weighted Residual STV k=3 clip=5.0,0.6036866359447005,0.6435034567326964,0.5714285714285714,0.5714285714285714,0.5714285714285714,0.5714285714285714,0.6071428571428571,dataset_2,3,55,31,28,136,10.0
Global Residual STV k=5 clip=5.0,0.6105990783410138,0.5836353234781618,0.6071428571428571,0.6071428571428571,0.6071428571428571,0.6071428571428571,0.5357142857142857,dataset_2,3,55,31,28,136,10.0
Request-Aware Residual STV k=5 clip=5.0,0.6071428571428571,0.5826275934630788,0.6071428571428571,0.6071428571428571,0.6071428571428571,0.6071428571428571,0.5357142857142857,dataset_2,3,55,31,28,136,10.0
Global Weighted Residual STV k=5 clip=5.0,0.6002304147465438,0.62868373701164,0.5714285714285714,0.5714285714285714,0.5714285714285714,0.5714285714285714,0.6071428571428571,dataset_2,3,55,31,28,136,10.0
Request-Aware Weighted Residual STV k=5 clip=5.0,0.6013824884792627,0.6292177424469821,0.5714285714285714,0.5714285714285714,0.5714285714285714,0.5714285714285714,0.6071428571428571,dataset_2,3,55,31,28,136,10.0
Global Residual STV k=1 clip=10.0,0.6100230414746544,0.5700201566842577,0.5714285714285714,0.5714285714285714,0.5714285714285714,0.5714285714285714,0.5714285714285714,dataset_2,3,55,31,28,136,10.0
Request-Aware Residual STV k=1 clip=10.0,0.6100230414746544,0.5699577218054561,0.5714285714285714,0.5714285714285714,0.5714285714285714,0.5714285714285714,0.5714285714285714,dataset_2,3,55,31,28,136,10.0
Global Weighted Residual STV k=1 clip=10.0,0.6474654377880185,0.627488289856839,0.6071428571428571,0.6071428571428571,0.6071428571428571,0.6071428571428571,0.6071428571428571,dataset_2,3,55,31,28,136,10.0
Request-Aware Weighted Residual STV k=1 clip=10.0,0.6382488479262672,0.6235914784329539,0.6071428571428571,0.6071428571428571,0.6071428571428571,0.6071428571428571,0.6071428571428571,dataset_2,3,55,31,28,136,10.0
Global Residual STV k=3 clip=10.0,0.608294930875576,0.5771629997001657,0.6071428571428571,0.6071428571428571,0.6071428571428571,0.6071428571428571,0.5357142857142857,dataset_2,3,55,31,28,136,10.0
Request-Aware Residual STV k=3 clip=10.0,0.6048387096774194,0.5761552696850828,0.6071428571428571,0.6071428571428571,0.6071428571428571,0.6071428571428571,0.5357142857142857,dataset_2,3,55,31,28,136,10.0
Global Weighted Residual STV k=3 clip=10.0,0.5990783410138248,0.605264478003689,0.5714285714285714,0.5714285714285714,0.5714285714285714,0.5714285714285714,0.5714285714285714,dataset_2,3,55,31,28,136,10.0
Request-Aware Weighted Residual STV k=3 clip=10.0,0.6002304147465438,0.6057984834390312,0.5714285714285714,0.5714285714285714,0.5714285714285714,0.5714285714285714,0.5714285714285714,dataset_2,3,55,31,28,136,10.0
Global Residual STV k=5 clip=10.0,0.608294930875576,0.5771629997001657,0.6071428571428571,0.6071428571428571,0.6071428571428571,0.6071428571428571,0.5357142857142857,dataset_2,3,55,31,28,136,10.0
Request-Aware Residual STV k=5 clip=10.0,0.6048387096774194,0.5761552696850828,0.6071428571428571,0.6071428571428571,0.6071428571428571,0.6071428571428571,0.5357142857142857,dataset_2,3,55,31,28,136,10.0
Global Weighted Residual STV k=5 clip=10.0,0.5990783410138248,0.605264478003689,0.5714285714285714,0.5714285714285714,0.5714285714285714,0.5714285714285714,0.5714285714285714,dataset_2,3,55,31,28,136,10.0
Request-Aware Weighted Residual STV k=5 clip=10.0,0.6002304147465438,0.6057984834390312,0.5714285714285714,0.5714285714285714,0.5714285714285714,0.5714285714285714,0.5714285714285714,dataset_2,3,55,31,28,136,10.0
Baseline STV + IF,0.5689935064935064,0.5673570965815008,0.5636363636363636,0.5636363636363636,0.5636363636363636,0.5636363636363636,0.8545454545454545,dataset_3,3,104,56,55,176,10.0
Enhanced STV + IF,0.6311688311688312,0.5851316700724295,0.6,0.6,0.6,0.6,0.6545454545454545,dataset_3,3,104,56,55,176,10.0
Request-Aware Enhanced STV + IF,0.5926948051948051,0.6098294937563035,0.5272727272727272,0.5272727272727272,0.5272727272727272,0.5272727272727272,0.6545454545454545,dataset_3,3,104,56,55,176,10.0
Global Residual STV k=1 clip=5.0,0.7277597402597402,0.6887186383510957,0.6727272727272727,0.6727272727272727,0.6727272727272727,0.6727272727272727,0.7090909090909091,dataset_3,3,104,56,55,176,10.0
Request-Aware Residual STV k=1 clip=5.0,0.706655844155844,0.6698531252637937,0.6545454545454545,0.6545454545454545,0.6545454545454545,0.6545454545454545,0.6727272727272727,dataset_3,3,104,56,55,176,10.0
Global Weighted Residual STV k=1 clip=5.0,0.7053571428571428,0.7145512425479368,0.6363636363636364,0.6363636363636364,0.6363636363636364,0.6363636363636364,0.7272727272727273,dataset_3,3,104,56,55,176,10.0
Request-Aware Weighted Residual STV k=1 clip=5.0,0.6787337662337662,0.6872628549087919,0.6363636363636364,0.6363636363636364,0.6363636363636364,0.6363636363636364,0.6727272727272727,dataset_3,3,104,56,55,176,10.0
Global Residual STV k=3 clip=5.0,0.688961038961039,0.668447836072332,0.6363636363636364,0.6363636363636364,0.6363636363636364,0.6363636363636364,0.8,dataset_3,3,104,56,55,176,10.0
Request-Aware Residual STV k=3 clip=5.0,0.6762987012987014,0.660101547740137,0.6181818181818182,0.6181818181818182,0.6181818181818182,0.6181818181818182,0.8,dataset_3,3,104,56,55,176,10.0
Global Weighted Residual STV k=3 clip=5.0,0.6788961038961039,0.7247200327763361,0.6181818181818182,0.6181818181818182,0.6181818181818182,0.6181818181818182,0.8,dataset_3,3,104,56,55,176,10.0
Request-Aware Weighted Residual STV k=3 clip=5.0,0.6662337662337663,0.7151515189227763,0.6,0.6,0.6,0.6,0.8,dataset_3,3,104,56,55,176,10.0
Global Residual STV k=5 clip=5.0,0.6892857142857143,0.663792111946282,0.6363636363636364,0.6363636363636364,0.6363636363636364,0.6363636363636364,0.8,dataset_3,3,104,56,55,176,10.0
Request-Aware Residual STV k=5 clip=5.0,0.675974025974026,0.6546773148919236,0.6181818181818182,0.6181818181818182,0.6181818181818182,0.6181818181818182,0.8,dataset_3,3,104,56,55,176,10.0
Global Weighted Residual STV k=5 clip=5.0,0.6753246753246753,0.7055121523889742,0.6181818181818182,0.6181818181818182,0.6181818181818182,0.6181818181818182,0.8,dataset_3,3,104,56,55,176,10.0
Request-Aware Weighted Residual STV k=5 clip=5.0,0.6616883116883117,0.6943952392797467,0.6,0.6,0.6,0.6,0.8,dataset_3,3,104,56,55,176,10.0
Global Residual STV k=1 clip=10.0,0.7248376623376623,0.6747419173830996,0.6727272727272727,0.6727272727272727,0.6727272727272727,0.6727272727272727,0.7454545454545455,dataset_3,3,104,56,55,176,10.0
Request-Aware Residual STV k=1 clip=10.0,0.7034090909090908,0.6615951200117853,0.6545454545454545,0.6545454545454545,0.6545454545454545,0.6545454545454545,0.7090909090909091,dataset_3,3,104,56,55,176,10.0
Global Weighted Residual STV k=1 clip=10.0,0.6948051948051948,0.6795231335580899,0.6363636363636364,0.6363636363636364,0.6363636363636364,0.6363636363636364,0.7454545454545455,dataset_3,3,104,56,55,176,10.0
Request-Aware Weighted Residual STV k=1 clip=10.0,0.6694805194805195,0.6607135018955991,0.6363636363636364,0.6363636363636364,0.6363636363636364,0.6363636363636364,0.7090909090909091,dataset_3,3,104,56,55,176,10.0
Global Residual STV k=3 clip=10.0,0.6827922077922078,0.6526369131846301,0.6363636363636364,0.6363636363636364,0.6363636363636364,0.6363636363636364,0.8,dataset_3,3,104,56,55,176,10.0
Request-Aware Residual STV k=3 clip=10.0,0.6694805194805195,0.643923782239528,0.6181818181818182,0.6181818181818182,0.6181818181818182,0.6181818181818182,0.8,dataset_3,3,104,56,55,176,10.0
Global Weighted Residual STV k=3 clip=10.0,0.6691558441558442,0.6992322245033715,0.6181818181818182,0.6181818181818182,0.6181818181818182,0.6181818181818182,0.8,dataset_3,3,104,56,55,176,10.0
Request-Aware Weighted Residual STV k=3 clip=10.0,0.6587662337662338,0.6865472270218949,0.6,0.6,0.6,0.6,0.8,dataset_3,3,104,56,55,176,10.0
Global Residual STV k=5 clip=10.0,0.6834415584415584,0.6536204695641705,0.6363636363636364,0.6363636363636364,0.6363636363636364,0.6363636363636364,0.8,dataset_3,3,104,56,55,176,10.0
Request-Aware Residual STV k=5 clip=10.0,0.6694805194805195,0.6442052550970205,0.6181818181818182,0.6181818181818182,0.6181818181818182,0.6181818181818182,0.8,dataset_3,3,104,56,55,176,10.0
Global Weighted Residual STV k=5 clip=10.0,0.6675324675324675,0.6594648736125235,0.6181818181818182,0.6181818181818182,0.6181818181818182,0.6181818181818182,0.8,dataset_3,3,104,56,55,176,10.0
Request-Aware Weighted Residual STV k=5 clip=10.0,0.6548701298701298,0.6457455213026139,0.6,0.6,0.6,0.6,0.8,dataset_3,3,104,56,55,176,10.0
Baseline STV + IF,0.5899168975069252,0.565076696215733,0.631578947368421,0.631578947368421,0.631578947368421,0.631578947368421,0.8947368421052632,dataset_1,4,174,95,95,136,10.0
Enhanced STV + IF,0.6277562326869806,0.5789928674336716,0.6105263157894737,0.6105263157894737,0.6105263157894737,0.6105263157894737,0.7789473684210526,dataset_1,4,174,95,95,136,10.0
Request-Aware Enhanced STV + IF,0.6339612188365651,0.7084227240878475,0.5473684210526316,0.5473684210526316,0.5473684210526316,0.5473684210526316,0.8105263157894737,dataset_1,4,174,95,95,136,10.0
Global Residual STV k=1 clip=5.0,0.7137396121883657,0.6410148170053874,0.6631578947368421,0.6631578947368421,0.6631578947368421,0.6631578947368421,0.7157894736842105,dataset_1,4,174,95,95,136,10.0
Request-Aware Residual STV k=1 clip=5.0,0.7118005540166205,0.6358729153798771,0.6526315789473685,0.6526315789473685,0.6526315789473685,0.6526315789473685,0.7052631578947368,dataset_1,4,174,95,95,136,10.0
Global Weighted Residual STV k=1 clip=5.0,0.7785041551246538,0.7568254080467571,0.6631578947368421,0.6631578947368421,0.6631578947368421,0.6631578947368421,0.8210526315789474,dataset_1,4,174,95,95,136,10.0
Request-Aware Weighted Residual STV k=1 clip=5.0,0.7768421052631579,0.750723356404224,0.6631578947368421,0.6631578947368421,0.6631578947368421,0.6631578947368421,0.8105263157894737,dataset_1,4,174,95,95,136,10.0
Global Residual STV k=3 clip=5.0,0.7107479224376732,0.7213693554009496,0.6210526315789474,0.6210526315789474,0.6210526315789474,0.6210526315789474,0.8526315789473684,dataset_1,4,174,95,95,136,10.0
Request-Aware Residual STV k=3 clip=5.0,0.7161772853185595,0.7238481831323852,0.6421052631578947,0.6421052631578947,0.6421052631578947,0.6421052631578947,0.8421052631578947,dataset_1,4,174,95,95,136,10.0
Global Weighted Residual STV k=3 clip=5.0,0.7424930747922438,0.7801044646982918,0.6631578947368421,0.6631578947368421,0.6631578947368421,0.6631578947368421,0.8736842105263158,dataset_1,4,174,95,95,136,10.0
Request-Aware Weighted Residual STV k=3 clip=5.0,0.7485872576177286,0.7810214355162151,0.6631578947368421,0.6631578947368421,0.6631578947368421,0.6631578947368421,0.8631578947368421,dataset_1,4,174,95,95,136,10.0
Global Residual STV k=5 clip=5.0,0.7017728531855956,0.705287557711892,0.6,0.6,0.6,0.6,0.8736842105263158,dataset_1,4,174,95,95,136,10.0
Request-Aware Residual STV k=5 clip=5.0,0.7062049861495845,0.7064071443641992,0.6105263157894737,0.6105263157894737,0.6105263157894737,0.6105263157894737,0.8631578947368421,dataset_1,4,174,95,95,136,10.0
Global Weighted Residual STV k=5 clip=5.0,0.728808864265928,0.760936176771166,0.631578947368421,0.631578947368421,0.631578947368421,0.631578947368421,0.8947368421052632,dataset_1,4,174,95,95,136,10.0
Request-Aware Weighted Residual STV k=5 clip=5.0,0.7335734072022161,0.7620303737436412,0.6526315789473685,0.6526315789473685,0.6526315789473685,0.6526315789473685,0.8842105263157894,dataset_1,4,174,95,95,136,10.0
Global Residual STV k=1 clip=10.0,0.7112465373961219,0.6327948565095871,0.6631578947368421,0.6631578947368421,0.6631578947368421,0.6631578947368421,0.7578947368421053,dataset_1,4,174,95,95,136,10.0
Request-Aware Residual STV k=1 clip=10.0,0.7103601108033241,0.6307634108413409,0.6526315789473685,0.6526315789473685,0.6526315789473685,0.6526315789473685,0.7578947368421053,dataset_1,4,174,95,95,136,10.0
Global Weighted Residual STV k=1 clip=10.0,0.753573407202216,0.7019106363490859,0.6631578947368421,0.6631578947368421,0.6631578947368421,0.6631578947368421,0.8421052631578947,dataset_1,4,174,95,95,136,10.0
Request-Aware Weighted Residual STV k=1 clip=10.0,0.7513573407202216,0.6928028518373548,0.6631578947368421,0.6631578947368421,0.6631578947368421,0.6631578947368421,0.8421052631578947,dataset_1,4,174,95,95,136,10.0
Global Residual STV k=3 clip=10.0,0.6896398891966758,0.686734045326208,0.6210526315789474,0.6210526315789474,0.6210526315789474,0.6210526315789474,0.8526315789473684,dataset_1,4,174,95,95,136,10.0
Request-Aware Residual STV k=3 clip=10.0,0.6950692520775623,0.6890422517802126,0.6421052631578947,0.6421052631578947,0.6421052631578947,0.6421052631578947,0.8421052631578947,dataset_1,4,174,95,95,136,10.0
Global Weighted Residual STV k=3 clip=10.0,0.7225484764542937,0.7514003512580716,0.631578947368421,0.631578947368421,0.631578947368421,0.631578947368421,0.8736842105263158,dataset_1,4,174,95,95,136,10.0
Request-Aware Weighted Residual STV k=3 clip=10.0,0.7283102493074792,0.7533711304508628,0.6631578947368421,0.6631578947368421,0.6631578947368421,0.6631578947368421,0.8631578947368421,dataset_1,4,174,95,95,136,10.0
Global Residual STV k=5 clip=10.0,0.6806094182825484,0.6772916575233435,0.6,0.6,0.6,0.6,0.8736842105263158,dataset_1,4,174,95,95,136,10.0
Request-Aware Residual STV k=5 clip=10.0,0.6867036011080332,0.6802605484437718,0.6105263157894737,0.6105263157894737,0.6105263157894737,0.6105263157894737,0.8631578947368421,dataset_1,4,174,95,95,136,10.0
Global Weighted Residual STV k=5 clip=10.0,0.714404432132964,0.7335745669683322,0.631578947368421,0.631578947368421,0.631578947368421,0.631578947368421,0.8947368421052632,dataset_1,4,174,95,95,136,10.0
Request-Aware Weighted Residual STV k=5 clip=10.0,0.7188365650969528,0.7344645665102639,0.631578947368421,0.631578947368421,0.631578947368421,0.631578947368421,0.8842105263157894,dataset_1,4,174,95,95,136,10.0
Baseline STV + IF,0.6419354838709678,0.5753335874651664,0.56,0.56,0.56,0.56,0.64,dataset_2,4,55,31,25,132,10.0
Enhanced STV + IF,0.6425806451612903,0.5794171199171199,0.6,0.6,0.6,0.6,0.44,dataset_2,4,55,31,25,132,10.0
Request-Aware Enhanced STV + IF,0.6251612903225807,0.6088544969549652,0.56,0.56,0.56,0.56,0.56,dataset_2,4,55,31,25,132,10.0
Global Residual STV k=1 clip=5.0,0.7329032258064516,0.6251019606242559,0.6,0.6,0.6,0.6,0.64,dataset_2,4,55,31,25,132,10.0
Request-Aware Residual STV k=1 clip=5.0,0.7354838709677419,0.6261166138734895,0.6,0.6,0.6,0.6,0.64,dataset_2,4,55,31,25,132,10.0
Global Weighted Residual STV k=1 clip=5.0,0.7619354838709678,0.6754288722694296,0.68,0.68,0.68,0.68,0.64,dataset_2,4,55,31,25,132,10.0
Request-Aware Weighted Residual STV k=1 clip=5.0,0.7645161290322581,0.6765260154363402,0.68,0.68,0.68,0.68,0.64,dataset_2,4,55,31,25,132,10.0
Global Residual STV k=3 clip=5.0,0.7425806451612904,0.6481731681268907,0.68,0.68,0.68,0.68,0.68,dataset_2,4,55,31,25,132,10.0
Request-Aware Residual STV k=3 clip=5.0,0.7425806451612903,0.6463748888867511,0.68,0.68,0.68,0.68,0.68,dataset_2,4,55,31,25,132,10.0
Global Weighted Residual STV k=3 clip=5.0,0.7361290322580645,0.6863959993237558,0.64,0.64,0.64,0.64,0.68,dataset_2,4,55,31,25,132,10.0
Request-Aware Weighted Residual STV k=3 clip=5.0,0.7412903225806451,0.6884684522611519,0.64,0.64,0.64,0.64,0.68,dataset_2,4,55,31,25,132,10.0
Global Residual STV k=5 clip=5.0,0.7438709677419355,0.6548398347935575,0.68,0.68,0.68,0.68,0.68,dataset_2,4,55,31,25,132,10.0
Request-Aware Residual STV k=5 clip=5.0,0.7438709677419355,0.6530415555534177,0.68,0.68,0.68,0.68,0.68,dataset_2,4,55,31,25,132,10.0
Global Weighted Residual STV k=5 clip=5.0,0.7309677419354839,0.6550626659904226,0.64,0.64,0.64,0.64,0.68,dataset_2,4,55,31,25,132,10.0
Request-Aware Weighted Residual STV k=5 clip=5.0,0.7361290322580645,0.6571351189278186,0.64,0.64,0.64,0.64,0.68,dataset_2,4,55,31,25,132,10.0
Global Residual STV k=1 clip=10.0,0.7309677419354839,0.6218412017752617,0.6,0.6,0.6,0.6,0.68,dataset_2,4,55,31,25,132,10.0
Request-Aware Residual STV k=1 clip=10.0,0.7335483870967743,0.6228558550244954,0.6,0.6,0.6,0.6,0.68,dataset_2,4,55,31,25,132,10.0
Global Weighted Residual STV k=1 clip=10.0,0.7483870967741936,0.6378729546748122,0.68,0.68,0.68,0.68,0.68,dataset_2,4,55,31,25,132,10.0
Request-Aware Weighted Residual STV k=1 clip=10.0,0.7509677419354839,0.6389700978417229,0.68,0.68,0.68,0.68,0.68,dataset_2,4,55,31,25,132,10.0
Global Residual STV k=3 clip=10.0,0.7329032258064516,0.633729099019408,0.68,0.68,0.68,0.68,0.72,dataset_2,4,55,31,25,132,10.0
Request-Aware Residual STV k=3 clip=10.0,0.7316129032258065,0.6314661265777329,0.68,0.68,0.68,0.68,0.72,dataset_2,4,55,31,25,132,10.0
Global Weighted Residual STV k=3 clip=10.0,0.7367741935483871,0.6672503695149682,0.64,0.64,0.64,0.64,0.72,dataset_2,4,55,31,25,132,10.0
Request-Aware Weighted Residual STV k=3 clip=10.0,0.7419354838709677,0.6693228224523642,0.64,0.64,0.64,0.64,0.72,dataset_2,4,55,31,25,132,10.0
Global Residual STV k=5 clip=10.0,0.7341935483870967,0.637729099019408,0.68,0.68,0.68,0.68,0.72,dataset_2,4,55,31,25,132,10.0
Request-Aware Residual STV k=5 clip=10.0,0.7329032258064516,0.6354661265777329,0.68,0.68,0.68,0.68,0.72,dataset_2,4,55,31,25,132,10.0
Global Weighted Residual STV k=5 clip=10.0,0.7341935483870968,0.6545837028483016,0.64,0.64,0.64,0.64,0.72,dataset_2,4,55,31,25,132,10.0
Request-Aware Weighted Residual STV k=5 clip=10.0,0.7393548387096774,0.6566561557856976,0.64,0.64,0.64,0.64,0.72,dataset_2,4,55,31,25,132,10.0
Baseline STV + IF,0.5835579514824798,0.5440688778411696,0.5471698113207547,0.5471698113207547,0.5471698113207547,0.5471698113207547,0.7169811320754716,dataset_3,4,104,56,53,175,10.0
Enhanced STV + IF,0.6784029649595686,0.6083626593318373,0.6415094339622641,0.6415094339622641,0.6415094339622641,0.6415094339622641,0.6415094339622641,dataset_3,4,104,56,53,175,10.0
Request-Aware Enhanced STV + IF,0.6093328840970351,0.6246369591545552,0.5094339622641509,0.5094339622641509,0.5094339622641509,0.5094339622641509,0.6037735849056604,dataset_3,4,104,56,53,175,10.0
Global Residual STV k=1 clip=5.0,0.7350067385444744,0.6862211005945075,0.6415094339622641,0.6415094339622641,0.6415094339622641,0.6415094339622641,0.7358490566037735,dataset_3,4,104,56,53,175,10.0
Request-Aware Residual STV k=1 clip=5.0,0.7338274932614555,0.6913572036062728,0.6415094339622641,0.6415094339622641,0.6415094339622641,0.6415094339622641,0.7358490566037735,dataset_3,4,104,56,53,175,10.0
Global Weighted Residual STV k=1 clip=5.0,0.7382075471698113,0.711244257371241,0.6792452830188679,0.6792452830188679,0.6792452830188679,0.6792452830188679,0.7547169811320755,dataset_3,4,104,56,53,175,10.0
Request-Aware Weighted Residual STV k=1 clip=5.0,0.7351752021563343,0.7326793558854043,0.6792452830188679,0.6792452830188679,0.6792452830188679,0.6792452830188679,0.7735849056603774,dataset_3,4,104,56,53,175,10.0
Global Residual STV k=3 clip=5.0,0.7144541778975741,0.6419557745358859,0.660377358490566,0.660377358490566,0.660377358490566,0.660377358490566,0.7358490566037735,dataset_3,4,104,56,53,175,10.0
Request-Aware Residual STV k=3 clip=5.0,0.7060309973045823,0.6427694666376765,0.660377358490566,0.660377358490566,0.660377358490566,0.660377358490566,0.7358490566037735,dataset_3,4,104,56,53,175,10.0
Global Weighted Residual STV k=3 clip=5.0,0.710411051212938,0.7009282124920041,0.6226415094339622,0.6226415094339622,0.6226415094339622,0.6226415094339622,0.7358490566037735,dataset_3,4,104,56,53,175,10.0
Request-Aware Weighted Residual STV k=3 clip=5.0,0.6977762803234502,0.695557145477607,0.6226415094339622,0.6226415094339622,0.6226415094339622,0.6226415094339622,0.7358490566037735,dataset_3,4,104,56,53,175,10.0
Global Residual STV k=5 clip=5.0,0.7144541778975741,0.6416727231769687,0.660377358490566,0.660377358490566,0.660377358490566,0.660377358490566,0.7358490566037735,dataset_3,4,104,56,53,175,10.0
Request-Aware Residual STV k=5 clip=5.0,0.7048517520215634,0.6383402675971156,0.660377358490566,0.660377358490566,0.660377358490566,0.660377358490566,0.7358490566037735,dataset_3,4,104,56,53,175,10.0
Global Weighted Residual STV k=5 clip=5.0,0.7014824797843666,0.6632641214991194,0.6226415094339622,0.6226415094339622,0.6226415094339622,0.6226415094339622,0.7547169811320755,dataset_3,4,104,56,53,175,10.0
Request-Aware Weighted Residual STV k=5 clip=5.0,0.6891846361185985,0.6622788071868093,0.6226415094339622,0.6226415094339622,0.6226415094339622,0.6226415094339622,0.7547169811320755,dataset_3,4,104,56,53,175,10.0
Global Residual STV k=1 clip=10.0,0.7304582210242587,0.6659128339670926,0.6415094339622641,0.6415094339622641,0.6415094339622641,0.6415094339622641,0.7547169811320755,dataset_3,4,104,56,53,175,10.0
Request-Aware Residual STV k=1 clip=10.0,0.7289420485175202,0.6669780285757746,0.6415094339622641,0.6415094339622641,0.6415094339622641,0.6415094339622641,0.7358490566037735,dataset_3,4,104,56,53,175,10.0
Global Weighted Residual STV k=1 clip=10.0,0.7309636118598383,0.6925221164546803,0.6792452830188679,0.6792452830188679,0.6792452830188679,0.6792452830188679,0.7735849056603774,dataset_3,4,104,56,53,175,10.0
Request-Aware Weighted Residual STV k=1 clip=10.0,0.7306266846361186,0.7053555152231891,0.6792452830188679,0.6792452830188679,0.6792452830188679,0.6792452830188679,0.7735849056603774,dataset_3,4,104,56,53,175,10.0
Global Residual STV k=3 clip=10.0,0.7254043126684636,0.6546789733629605,0.660377358490566,0.660377358490566,0.660377358490566,0.660377358490566,0.7547169811320755,dataset_3,4,104,56,53,175,10.0
Request-Aware Residual STV k=3 clip=10.0,0.7159703504043127,0.6501473780920881,0.660377358490566,0.660377358490566,0.660377358490566,0.660377358490566,0.7547169811320755,dataset_3,4,104,56,53,175,10.0
Global Weighted Residual STV k=3 clip=10.0,0.7072102425876011,0.657172601412459,0.6226415094339622,0.6226415094339622,0.6226415094339622,0.6226415094339622,0.7547169811320755,dataset_3,4,104,56,53,175,10.0
Request-Aware Weighted Residual STV k=3 clip=10.0,0.6967654986522911,0.6582306508013851,0.6226415094339622,0.6226415094339622,0.6226415094339622,0.6226415094339622,0.7547169811320755,dataset_3,4,104,56,53,175,10.0
Global Residual STV k=5 clip=10.0,0.7243935309973046,0.6528026119503991,0.660377358490566,0.660377358490566,0.660377358490566,0.660377358490566,0.7547169811320755,dataset_3,4,104,56,53,175,10.0
Request-Aware Residual STV k=5 clip=10.0,0.7149595687331537,0.6484480251898096,0.660377358490566,0.660377358490566,0.660377358490566,0.660377358490566,0.7547169811320755,dataset_3,4,104,56,53,175,10.0
Global Weighted Residual STV k=5 clip=10.0,0.7060309973045823,0.6437049032673153,0.6226415094339622,0.6226415094339622,0.6226415094339622,0.6226415094339622,0.7735849056603774,dataset_3,4,104,56,53,175,10.0
Request-Aware Weighted Residual STV k=5 clip=10.0,0.6952493261455526,0.6511015741592673,0.6226415094339622,0.6226415094339622,0.6226415094339622,0.6226415094339622,0.7735849056603774,dataset_3,4,104,56,53,175,10.0
Baseline STV + IF,0.5797229916897507,0.5716015042285512,0.5789473684210527,0.5789473684210527,0.5789473684210527,0.5789473684210527,0.8947368421052632,dataset_1,0,174,95,95,150,20.0
Enhanced STV + IF,0.686426592797784,0.6622614477623647,0.6631578947368421,0.6631578947368421,0.6631578947368421,0.6631578947368421,0.7368421052631579,dataset_1,0,174,95,95,150,20.0
Request-Aware Enhanced STV + IF,0.6445983379501385,0.6929657261694964,0.5578947368421052,0.5578947368421052,0.5578947368421052,0.5578947368421052,0.7684210526315789,dataset_1,0,174,95,95,150,20.0
Global Residual STV k=1 clip=5.0,0.8646537396121883,0.8167736935614575,0.8315789473684211,0.8315789473684211,0.8315789473684211,0.8315789473684211,0.8842105263157894,dataset_1,0,174,95,95,150,20.0
Request-Aware Residual STV k=1 clip=5.0,0.8606648199445983,0.800630380881308,0.8315789473684211,0.8315789473684211,0.8315789473684211,0.8315789473684211,0.8631578947368421,dataset_1,0,174,95,95,150,20.0
Global Weighted Residual STV k=1 clip=5.0,0.8470914127423823,0.8565921287109572,0.7789473684210526,0.7789473684210526,0.7789473684210526,0.7789473684210526,0.8842105263157894,dataset_1,0,174,95,95,150,20.0
Request-Aware Weighted Residual STV k=1 clip=5.0,0.8454293628808864,0.8436920475174753,0.8,0.8,0.8,0.8,0.8631578947368421,dataset_1,0,174,95,95,150,20.0
Global Residual STV k=3 clip=5.0,0.8201108033240997,0.8140258025795187,0.7052631578947368,0.7052631578947368,0.7052631578947368,0.7052631578947368,0.9157894736842105,dataset_1,0,174,95,95,150,20.0
Request-Aware Residual STV k=3 clip=5.0,0.814016620498615,0.8022542697653203,0.7263157894736842,0.7263157894736842,0.7263157894736842,0.7263157894736842,0.9157894736842105,dataset_1,0,174,95,95,150,20.0
Global Weighted Residual STV k=3 clip=5.0,0.7932409972299168,0.8316988653495552,0.6526315789473685,0.6526315789473685,0.6526315789473685,0.6526315789473685,0.9157894736842105,dataset_1,0,174,95,95,150,20.0
Request-Aware Weighted Residual STV k=3 clip=5.0,0.7901385041551247,0.8218367032879673,0.6736842105263158,0.6736842105263158,0.6736842105263158,0.6736842105263158,0.9157894736842105,dataset_1,0,174,95,95,150,20.0
Global Residual STV k=5 clip=5.0,0.8093074792243766,0.8081122121727252,0.6842105263157895,0.6842105263157895,0.6842105263157895,0.6842105263157895,0.9157894736842105,dataset_1,0,174,95,95,150,20.0
Request-Aware Residual STV k=5 clip=5.0,0.8069806094182826,0.8027780620533371,0.7052631578947368,0.7052631578947368,0.7052631578947368,0.7052631578947368,0.9157894736842105,dataset_1,0,174,95,95,150,20.0
Global Weighted Residual STV k=5 clip=5.0,0.7796121883656509,0.7970463098841609,0.6421052631578947,0.6421052631578947,0.6421052631578947,0.6421052631578947,0.9157894736842105,dataset_1,0,174,95,95,150,20.0
Request-Aware Weighted Residual STV k=5 clip=5.0,0.7777285318559557,0.7890717354222339,0.6631578947368421,0.6631578947368421,0.6631578947368421,0.6631578947368421,0.9157894736842105,dataset_1,0,174,95,95,150,20.0
Global Residual STV k=1 clip=10.0,0.8647091412742381,0.8183787605535664,0.8315789473684211,0.8315789473684211,0.8315789473684211,0.8315789473684211,0.9157894736842105,dataset_1,0,174,95,95,150,20.0
Request-Aware Residual STV k=1 clip=10.0,0.8614958448753463,0.8020749921286067,0.8315789473684211,0.8315789473684211,0.8315789473684211,0.8315789473684211,0.9052631578947369,dataset_1,0,174,95,95,150,20.0
Global Weighted Residual STV k=1 clip=10.0,0.8443213296398893,0.8513841699419173,0.7894736842105263,0.7894736842105263,0.7894736842105263,0.7894736842105263,0.9157894736842105,dataset_1,0,174,95,95,150,20.0
Request-Aware Weighted Residual STV k=1 clip=10.0,0.8419390581717452,0.826274042688529,0.8105263157894737,0.8105263157894737,0.8105263157894737,0.8105263157894737,0.9052631578947369,dataset_1,0,174,95,95,150,20.0
Global Residual STV k=3 clip=10.0,0.8198891966759003,0.8052088772948282,0.7052631578947368,0.7052631578947368,0.7052631578947368,0.7052631578947368,0.9263157894736842,dataset_1,0,174,95,95,150,20.0
Request-Aware Residual STV k=3 clip=10.0,0.81202216066482,0.7901023097820075,0.7263157894736842,0.7263157894736842,0.7263157894736842,0.7263157894736842,0.9263157894736842,dataset_1,0,174,95,95,150,20.0
Global Weighted Residual STV k=3 clip=10.0,0.7932963988919668,0.8309396591394724,0.6526315789473685,0.6526315789473685,0.6526315789473685,0.6526315789473685,0.9263157894736842,dataset_1,0,174,95,95,150,20.0
Request-Aware Weighted Residual STV k=3 clip=10.0,0.7878670360110803,0.8099615180981732,0.6736842105263158,0.6736842105263158,0.6736842105263158,0.6736842105263158,0.9263157894736842,dataset_1,0,174,95,95,150,20.0
Global Residual STV k=5 clip=10.0,0.808808864265928,0.8008747645988744,0.6842105263157895,0.6842105263157895,0.6842105263157895,0.6842105263157895,0.9263157894736842,dataset_1,0,174,95,95,150,20.0
Request-Aware Residual STV k=5 clip=10.0,0.8038227146814404,0.7869812727724128,0.7052631578947368,0.7052631578947368,0.7052631578947368,0.7052631578947368,0.9263157894736842,dataset_1,0,174,95,95,150,20.0
Global Weighted Residual STV k=5 clip=10.0,0.7829916897506924,0.8005408763670608,0.6421052631578947,0.6421052631578947,0.6421052631578947,0.6421052631578947,0.9263157894736842,dataset_1,0,174,95,95,150,20.0
Request-Aware Weighted Residual STV k=5 clip=10.0,0.7783379501385042,0.7899570504583262,0.6631578947368421,0.6631578947368421,0.6631578947368421,0.6631578947368421,0.9263157894736842,dataset_1,0,174,95,95,150,20.0
Baseline STV + IF,0.6411290322580645,0.5874350604365546,0.6071428571428571,0.6071428571428571,0.6071428571428571,0.6071428571428571,0.8928571428571429,dataset_2,0,55,31,28,162,20.0
Enhanced STV + IF,0.6163594470046083,0.600255517964833,0.5714285714285714,0.5714285714285714,0.5714285714285714,0.5714285714285714,0.5357142857142857,dataset_2,0,55,31,28,162,20.0
Request-Aware Enhanced STV + IF,0.5835253456221199,0.5782240170642302,0.5714285714285714,0.5714285714285714,0.5714285714285714,0.5714285714285714,0.5357142857142857,dataset_2,0,55,31,28,162,20.0
Global Residual STV k=1 clip=5.0,0.5915898617511521,0.5856469672279665,0.5,0.5,0.5,0.5,0.4642857142857143,dataset_2,0,55,31,28,162,20.0
Request-Aware Residual STV k=1 clip=5.0,0.581221198156682,0.5802184803671606,0.5,0.5,0.5,0.5,0.4642857142857143,dataset_2,0,55,31,28,162,20.0
Global Weighted Residual STV k=1 clip=5.0,0.6319124423963134,0.6804199637385367,0.6071428571428571,0.6071428571428571,0.6071428571428571,0.6071428571428571,0.5,dataset_2,0,55,31,28,162,20.0
Request-Aware Weighted Residual STV k=1 clip=5.0,0.6203917050691244,0.669803779214425,0.5714285714285714,0.5714285714285714,0.5714285714285714,0.5714285714285714,0.5,dataset_2,0,55,31,28,162,20.0
Global Residual STV k=3 clip=5.0,0.6013824884792627,0.5870122031007124,0.5714285714285714,0.5714285714285714,0.5714285714285714,0.5714285714285714,0.5714285714285714,dataset_2,0,55,31,28,162,20.0
Request-Aware Residual STV k=3 clip=5.0,0.5990783410138248,0.5861187875731506,0.5714285714285714,0.5714285714285714,0.5714285714285714,0.5714285714285714,0.5714285714285714,dataset_2,0,55,31,28,162,20.0
Global Weighted Residual STV k=3 clip=5.0,0.6273041474654378,0.666974515798503,0.5714285714285714,0.5714285714285714,0.5714285714285714,0.5714285714285714,0.5714285714285714,dataset_2,0,55,31,28,162,20.0
Request-Aware Weighted Residual STV k=3 clip=5.0,0.6215437788018433,0.6639144342737475,0.5714285714285714,0.5714285714285714,0.5714285714285714,0.5714285714285714,0.5714285714285714,dataset_2,0,55,31,28,162,20.0
Global Residual STV k=5 clip=5.0,0.5961981566820276,0.5950606876460458,0.5714285714285714,0.5714285714285714,0.5714285714285714,0.5714285714285714,0.6428571428571429,dataset_2,0,55,31,28,162,20.0
Request-Aware Residual STV k=5 clip=5.0,0.5938940092165899,0.5941672721184839,0.5714285714285714,0.5714285714285714,0.5714285714285714,0.5714285714285714,0.6428571428571429,dataset_2,0,55,31,28,162,20.0
Global Weighted Residual STV k=5 clip=5.0,0.6157834101382488,0.6247711027193712,0.5714285714285714,0.5714285714285714,0.5714285714285714,0.5714285714285714,0.6428571428571429,dataset_2,0,55,31,28,162,20.0
Request-Aware Weighted Residual STV k=5 clip=5.0,0.6100230414746545,0.6217110211946157,0.5714285714285714,0.5714285714285714,0.5714285714285714,0.5714285714285714,0.6428571428571429,dataset_2,0,55,31,28,162,20.0
Global Residual STV k=1 clip=10.0,0.5823732718894009,0.5544059859869854,0.5,0.5,0.5,0.5,0.4642857142857143,dataset_2,0,55,31,28,162,20.0
Request-Aware Residual STV k=1 clip=10.0,0.5720046082949308,0.5489774991261794,0.5,0.5,0.5,0.5,0.4642857142857143,dataset_2,0,55,31,28,162,20.0
Global Weighted Residual STV k=1 clip=10.0,0.6031105990783411,0.5686634866721858,0.6071428571428571,0.6071428571428571,0.6071428571428571,0.6071428571428571,0.5,dataset_2,0,55,31,28,162,20.0
Request-Aware Weighted Residual STV k=1 clip=10.0,0.591589861751152,0.5622990028283462,0.5714285714285714,0.5714285714285714,0.5714285714285714,0.5714285714285714,0.5,dataset_2,0,55,31,28,162,20.0
Global Residual STV k=3 clip=10.0,0.5985023041474654,0.5997143672997254,0.5714285714285714,0.5714285714285714,0.5714285714285714,0.5714285714285714,0.6428571428571429,dataset_2,0,55,31,28,162,20.0
Request-Aware Residual STV k=3 clip=10.0,0.5961981566820276,0.5988209517721634,0.5714285714285714,0.5714285714285714,0.5714285714285714,0.5714285714285714,0.6428571428571429,dataset_2,0,55,31,28,162,20.0
Global Weighted Residual STV k=3 clip=10.0,0.6123271889400922,0.6155086477373783,0.5714285714285714,0.5714285714285714,0.5714285714285714,0.5714285714285714,0.6428571428571429,dataset_2,0,55,31,28,162,20.0
Request-Aware Weighted Residual STV k=3 clip=10.0,0.6065668202764977,0.6124485662126229,0.5714285714285714,0.5714285714285714,0.5714285714285714,0.5714285714285714,0.6428571428571429,dataset_2,0,55,31,28,162,20.0
Global Residual STV k=5 clip=10.0,0.5956221198156681,0.6029086274599298,0.5714285714285714,0.5714285714285714,0.5714285714285714,0.5714285714285714,0.6785714285714286,dataset_2,0,55,31,28,162,20.0
Request-Aware Residual STV k=5 clip=10.0,0.5933179723502304,0.602015211932368,0.5714285714285714,0.5714285714285714,0.5714285714285714,0.5714285714285714,0.6785714285714286,dataset_2,0,55,31,28,162,20.0
Global Weighted Residual STV k=5 clip=10.0,0.6105990783410138,0.6219531214598818,0.5714285714285714,0.5714285714285714,0.5714285714285714,0.5714285714285714,0.6785714285714286,dataset_2,0,55,31,28,162,20.0
Request-Aware Weighted Residual STV k=5 clip=10.0,0.6048387096774194,0.6188930399351263,0.5714285714285714,0.5714285714285714,0.5714285714285714,0.5714285714285714,0.6785714285714286,dataset_2,0,55,31,28,162,20.0
Baseline STV + IF,0.5840242346938775,0.5717747635222657,0.5714285714285714,0.5714285714285714,0.5714285714285714,0.5714285714285714,0.8035714285714286,dataset_3,0,104,56,56,181,20.0
Enhanced STV + IF,0.6122448979591836,0.5667376064218762,0.5892857142857143,0.5892857142857143,0.5892857142857143,0.5892857142857143,0.5357142857142857,dataset_3,0,104,56,56,181,20.0
Request-Aware Enhanced STV + IF,0.5625,0.6030105406771802,0.48214285714285715,0.48214285714285715,0.48214285714285715,0.48214285714285715,0.5892857142857143,dataset_3,0,104,56,56,181,20.0
Global Residual STV k=1 clip=5.0,0.7546237244897959,0.7003221154464065,0.7321428571428571,0.7321428571428571,0.7321428571428571,0.7321428571428571,0.7321428571428571,dataset_3,0,104,56,56,181,20.0
Request-Aware Residual STV k=1 clip=5.0,0.7495216836734694,0.698748963457922,0.7321428571428571,0.7321428571428571,0.7321428571428571,0.7321428571428571,0.7321428571428571,dataset_3,0,104,56,56,181,20.0
Global Weighted Residual STV k=1 clip=5.0,0.7565369897959183,0.7600238639656901,0.6785714285714286,0.6785714285714286,0.6785714285714286,0.6785714285714286,0.7678571428571429,dataset_3,0,104,56,56,181,20.0
Request-Aware Weighted Residual STV k=1 clip=5.0,0.7504783163265306,0.7584036727556832,0.6785714285714286,0.6785714285714286,0.6785714285714286,0.6785714285714286,0.7678571428571429,dataset_3,0,104,56,56,181,20.0
Global Residual STV k=3 clip=5.0,0.7254464285714285,0.6820514216044886,0.6607142857142857,0.6607142857142857,0.6607142857142857,0.6607142857142857,0.7678571428571429,dataset_3,0,104,56,56,181,20.0
Request-Aware Residual STV k=3 clip=5.0,0.7193877551020409,0.67917409178611,0.6607142857142857,0.6607142857142857,0.6607142857142857,0.6607142857142857,0.7678571428571429,dataset_3,0,104,56,56,181,20.0
Global Weighted Residual STV k=3 clip=5.0,0.7185905612244898,0.7305866820007619,0.625,0.625,0.625,0.625,0.8035714285714286,dataset_3,0,104,56,56,181,20.0
Request-Aware Weighted Residual STV k=3 clip=5.0,0.7125318877551019,0.7290419068175353,0.625,0.625,0.625,0.625,0.8035714285714286,dataset_3,0,104,56,56,181,20.0
Global Residual STV k=5 clip=5.0,0.7208227040816326,0.6630469456177257,0.6607142857142857,0.6607142857142857,0.6607142857142857,0.6607142857142857,0.7678571428571429,dataset_3,0,104,56,56,181,20.0
Request-Aware Residual STV k=5 clip=5.0,0.7144451530612246,0.6597717293720491,0.6607142857142857,0.6607142857142857,0.6607142857142857,0.6607142857142857,0.7678571428571429,dataset_3,0,104,56,56,181,20.0
Global Weighted Residual STV k=5 clip=5.0,0.7125318877551022,0.6924759346030509,0.625,0.625,0.625,0.625,0.8035714285714286,dataset_3,0,104,56,56,181,20.0
Request-Aware Weighted Residual STV k=5 clip=5.0,0.7061543367346939,0.690369330359316,0.625,0.625,0.625,0.625,0.8035714285714286,dataset_3,0,104,56,56,181,20.0
Global Residual STV k=1 clip=10.0,0.7495216836734694,0.6800357427015766,0.7321428571428571,0.7321428571428571,0.7321428571428571,0.7321428571428571,0.75,dataset_3,0,104,56,56,181,20.0
Request-Aware Residual STV k=1 clip=10.0,0.7437818877551021,0.6774435634440649,0.7321428571428571,0.7321428571428571,0.7321428571428571,0.7321428571428571,0.75,dataset_3,0,104,56,56,181,20.0
Global Weighted Residual STV k=1 clip=10.0,0.7535076530612245,0.7526506487701763,0.6785714285714286,0.6785714285714286,0.6785714285714286,0.6785714285714286,0.8035714285714286,dataset_3,0,104,56,56,181,20.0
Request-Aware Weighted Residual STV k=1 clip=10.0,0.7458545918367347,0.7484675923008918,0.6785714285714286,0.6785714285714286,0.6785714285714286,0.6785714285714286,0.8035714285714286,dataset_3,0,104,56,56,181,20.0
Global Residual STV k=3 clip=10.0,0.7260841836734694,0.6691438424322215,0.6607142857142857,0.6607142857142857,0.6607142857142857,0.6607142857142857,0.7678571428571429,dataset_3,0,104,56,56,181,20.0
Request-Aware Residual STV k=3 clip=10.0,0.7206632653061225,0.6664523035795675,0.6607142857142857,0.6607142857142857,0.6607142857142857,0.6607142857142857,0.7678571428571429,dataset_3,0,104,56,56,181,20.0
Global Weighted Residual STV k=3 clip=10.0,0.7166772959183675,0.711792195808168,0.6428571428571429,0.6428571428571429,0.6428571428571429,0.6428571428571429,0.8035714285714286,dataset_3,0,104,56,56,181,20.0
Request-Aware Weighted Residual STV k=3 clip=10.0,0.7093431122448979,0.7087372574072458,0.625,0.625,0.625,0.625,0.8035714285714286,dataset_3,0,104,56,56,181,20.0
Global Residual STV k=5 clip=10.0,0.7240114795918368,0.6681697295116619,0.6607142857142857,0.6607142857142857,0.6607142857142857,0.6607142857142857,0.7857142857142857,dataset_3,0,104,56,56,181,20.0
Request-Aware Residual STV k=5 clip=10.0,0.7182716836734695,0.6651352725529319,0.6607142857142857,0.6607142857142857,0.6607142857142857,0.6607142857142857,0.7857142857142857,dataset_3,0,104,56,56,181,20.0
Global Weighted Residual STV k=5 clip=10.0,0.7104591836734694,0.6880525961106911,0.6428571428571429,0.6428571428571429,0.6428571428571429,0.6428571428571429,0.8214285714285714,dataset_3,0,104,56,56,181,20.0
Request-Aware Weighted Residual STV k=5 clip=10.0,0.7034438775510203,0.685404174655097,0.625,0.625,0.625,0.625,0.8214285714285714,dataset_3,0,104,56,56,181,20.0
Baseline STV + IF,0.5885872576177286,0.579340012879102,0.6,0.6,0.6,0.6,0.9368421052631579,dataset_1,1,174,95,95,150,20.0
Enhanced STV + IF,0.7106925207756234,0.6831849414069826,0.6842105263157895,0.6842105263157895,0.6842105263157895,0.6842105263157895,0.8105263157894737,dataset_1,1,174,95,95,150,20.0
Request-Aware Enhanced STV + IF,0.6655401662049861,0.7524278725472251,0.5368421052631579,0.5368421052631579,0.5368421052631579,0.5368421052631579,0.7789473684210526,dataset_1,1,174,95,95,150,20.0
Global Residual STV k=1 clip=5.0,0.8185041551246537,0.8151973228487496,0.7789473684210526,0.7789473684210526,0.7789473684210526,0.7789473684210526,0.8526315789473684,dataset_1,1,174,95,95,150,20.0
Request-Aware Residual STV k=1 clip=5.0,0.8157340720221606,0.7875499714925118,0.8,0.8,0.8,0.8,0.8315789473684211,dataset_1,1,174,95,95,150,20.0
Global Weighted Residual STV k=1 clip=5.0,0.8213850415512467,0.8152074854941551,0.7684210526315789,0.7684210526315789,0.7684210526315789,0.7684210526315789,0.8842105263157894,dataset_1,1,174,95,95,150,20.0
Request-Aware Weighted Residual STV k=1 clip=5.0,0.8187257617728532,0.7813311228874968,0.7578947368421053,0.7578947368421053,0.7578947368421053,0.7578947368421053,0.8631578947368421,dataset_1,1,174,95,95,150,20.0
Global Residual STV k=3 clip=5.0,0.7834903047091413,0.811061876849402,0.7157894736842105,0.7157894736842105,0.7157894736842105,0.7157894736842105,0.8947368421052632,dataset_1,1,174,95,95,150,20.0
Request-Aware Residual STV k=3 clip=5.0,0.7817174515235458,0.7926666091929271,0.7052631578947368,0.7052631578947368,0.7052631578947368,0.7052631578947368,0.8947368421052632,dataset_1,1,174,95,95,150,20.0
Global Weighted Residual STV k=3 clip=5.0,0.7806094182825484,0.8030426579368733,0.7263157894736842,0.7263157894736842,0.7263157894736842,0.7263157894736842,0.9052631578947369,dataset_1,1,174,95,95,150,20.0
Request-Aware Weighted Residual STV k=3 clip=5.0,0.7792797783933518,0.7786932628463636,0.7157894736842105,0.7157894736842105,0.7157894736842105,0.7157894736842105,0.9052631578947369,dataset_1,1,174,95,95,150,20.0
Global Residual STV k=5 clip=5.0,0.7705263157894737,0.7828722467145007,0.6947368421052632,0.6947368421052632,0.6947368421052632,0.6947368421052632,0.8947368421052632,dataset_1,1,174,95,95,150,20.0
Request-Aware Residual STV k=5 clip=5.0,0.768421052631579,0.7682131300463828,0.6947368421052632,0.6947368421052632,0.6947368421052632,0.6947368421052632,0.8947368421052632,dataset_1,1,174,95,95,150,20.0
Global Weighted Residual STV k=5 clip=5.0,0.769972299168975,0.7762554308045782,0.7157894736842105,0.7157894736842105,0.7157894736842105,0.7157894736842105,0.9052631578947369,dataset_1,1,174,95,95,150,20.0
Request-Aware Weighted Residual STV k=5 clip=5.0,0.7686426592797784,0.7611738796839826,0.7052631578947368,0.7052631578947368,0.7052631578947368,0.7052631578947368,0.9052631578947369,dataset_1,1,174,95,95,150,20.0
Global Residual STV k=1 clip=10.0,0.8185041551246538,0.8151973228487497,0.7789473684210526,0.7789473684210526,0.7789473684210526,0.7789473684210526,0.8526315789473684,dataset_1,1,174,95,95,150,20.0
Request-Aware Residual STV k=1 clip=10.0,0.8146260387811634,0.7732630630105569,0.8,0.8,0.8,0.8,0.8315789473684211,dataset_1,1,174,95,95,150,20.0
Global Weighted Residual STV k=1 clip=10.0,0.8255955678670361,0.8274421340210203,0.7684210526315789,0.7684210526315789,0.7684210526315789,0.7684210526315789,0.8842105263157894,dataset_1,1,174,95,95,150,20.0
Request-Aware Weighted Residual STV k=1 clip=10.0,0.8210526315789474,0.778244485312433,0.7578947368421053,0.7578947368421053,0.7578947368421053,0.7578947368421053,0.8631578947368421,dataset_1,1,174,95,95,150,20.0
Global Residual STV k=3 clip=10.0,0.7851523545706371,0.8147769665785045,0.7157894736842105,0.7157894736842105,0.7157894736842105,0.7157894736842105,0.8947368421052632,dataset_1,1,174,95,95,150,20.0
Request-Aware Residual STV k=3 clip=10.0,0.7826038781163435,0.788028078402802,0.7052631578947368,0.7052631578947368,0.7052631578947368,0.7052631578947368,0.8947368421052632,dataset_1,1,174,95,95,150,20.0
Global Weighted Residual STV k=3 clip=10.0,0.7840443213296399,0.8088269776777416,0.7263157894736842,0.7263157894736842,0.7263157894736842,0.7263157894736842,0.9052631578947369,dataset_1,1,174,95,95,150,20.0
Request-Aware Weighted Residual STV k=3 clip=10.0,0.7813850415512466,0.7769896221816333,0.7157894736842105,0.7157894736842105,0.7157894736842105,0.7157894736842105,0.9052631578947369,dataset_1,1,174,95,95,150,20.0
Global Residual STV k=5 clip=10.0,0.7738504155124655,0.7949201164580046,0.6947368421052632,0.6947368421052632,0.6947368421052632,0.6947368421052632,0.8947368421052632,dataset_1,1,174,95,95,150,20.0
Request-Aware Residual STV k=5 clip=10.0,0.770747922437673,0.7740395195290526,0.6947368421052632,0.6947368421052632,0.6947368421052632,0.6947368421052632,0.8947368421052632,dataset_1,1,174,95,95,150,20.0
Global Weighted Residual STV k=5 clip=10.0,0.7732963988919668,0.7827155820091922,0.7157894736842105,0.7157894736842105,0.7157894736842105,0.7157894736842105,0.9052631578947369,dataset_1,1,174,95,95,150,20.0
Request-Aware Weighted Residual STV k=5 clip=10.0,0.7706371191135734,0.7571269568816481,0.7052631578947368,0.7052631578947368,0.7052631578947368,0.7052631578947368,0.9052631578947369,dataset_1,1,174,95,95,150,20.0
Baseline STV + IF,0.5783410138248848,0.5270461984139627,0.5,0.5,0.5,0.5,0.5714285714285714,dataset_2,1,55,31,28,182,20.0
Enhanced STV + IF,0.6025345622119815,0.5703068634946873,0.6071428571428571,0.6071428571428571,0.6071428571428571,0.6071428571428571,0.4642857142857143,dataset_2,1,55,31,28,182,20.0
Request-Aware Enhanced STV + IF,0.5754608294930875,0.5544069705696588,0.5714285714285714,0.5714285714285714,0.5714285714285714,0.5714285714285714,0.42857142857142855,dataset_2,1,55,31,28,182,20.0
Global Residual STV k=1 clip=5.0,0.6860599078341013,0.6029520568211884,0.6428571428571429,0.6428571428571429,0.6428571428571429,0.6428571428571429,0.5357142857142857,dataset_2,1,55,31,28,182,20.0
Request-Aware Residual STV k=1 clip=5.0,0.6860599078341013,0.6029520568211884,0.6428571428571429,0.6428571428571429,0.6428571428571429,0.6428571428571429,0.5357142857142857,dataset_2,1,55,31,28,182,20.0
Global Weighted Residual STV k=1 clip=5.0,0.7252304147465438,0.6881784482843828,0.6428571428571429,0.6428571428571429,0.6428571428571429,0.6428571428571429,0.6428571428571429,dataset_2,1,55,31,28,182,20.0
Request-Aware Weighted Residual STV k=1 clip=5.0,0.722926267281106,0.6870399471458817,0.6428571428571429,0.6428571428571429,0.6428571428571429,0.6428571428571429,0.6071428571428571,dataset_2,1,55,31,28,182,20.0
Global Residual STV k=3 clip=5.0,0.6826036866359447,0.6103523302892483,0.6428571428571429,0.6428571428571429,0.6428571428571429,0.6428571428571429,0.6785714285714286,dataset_2,1,55,31,28,182,20.0
Request-Aware Residual STV k=3 clip=5.0,0.6802995391705069,0.6091919066056048,0.6428571428571429,0.6428571428571429,0.6428571428571429,0.6428571428571429,0.6428571428571429,dataset_2,1,55,31,28,182,20.0
Global Weighted Residual STV k=3 clip=5.0,0.7079493087557603,0.6907111963410385,0.6428571428571429,0.6428571428571429,0.6428571428571429,0.6428571428571429,0.6785714285714286,dataset_2,1,55,31,28,182,20.0
Request-Aware Weighted Residual STV k=3 clip=5.0,0.7010368663594471,0.68649863705046,0.6071428571428571,0.6071428571428571,0.6071428571428571,0.6071428571428571,0.6428571428571429,dataset_2,1,55,31,28,182,20.0
Global Residual STV k=5 clip=5.0,0.6676267281105991,0.5933655448275071,0.6428571428571429,0.6428571428571429,0.6428571428571429,0.6428571428571429,0.7142857142857143,dataset_2,1,55,31,28,182,20.0
Request-Aware Residual STV k=5 clip=5.0,0.6653225806451613,0.5922051211438636,0.6428571428571429,0.6428571428571429,0.6428571428571429,0.6428571428571429,0.6785714285714286,dataset_2,1,55,31,28,182,20.0
Global Weighted Residual STV k=5 clip=5.0,0.6923963133640553,0.6449418777011758,0.6071428571428571,0.6071428571428571,0.6071428571428571,0.6071428571428571,0.7142857142857143,dataset_2,1,55,31,28,182,20.0
Request-Aware Weighted Residual STV k=5 clip=5.0,0.6866359447004609,0.6416094607016123,0.6071428571428571,0.6071428571428571,0.6071428571428571,0.6071428571428571,0.6785714285714286,dataset_2,1,55,31,28,182,20.0
Global Residual STV k=1 clip=10.0,0.6779953917050691,0.5823461537434808,0.6428571428571429,0.6428571428571429,0.6428571428571429,0.6428571428571429,0.6071428571428571,dataset_2,1,55,31,28,182,20.0
Request-Aware Residual STV k=1 clip=10.0,0.6779953917050691,0.5823461537434808,0.6428571428571429,0.6428571428571429,0.6428571428571429,0.6428571428571429,0.6071428571428571,dataset_2,1,55,31,28,182,20.0
Global Weighted Residual STV k=1 clip=10.0,0.722926267281106,0.6875231491727446,0.6428571428571429,0.6428571428571429,0.6428571428571429,0.6428571428571429,0.6428571428571429,dataset_2,1,55,31,28,182,20.0
Request-Aware Weighted Residual STV k=1 clip=10.0,0.7206221198156683,0.6863846480342436,0.6428571428571429,0.6428571428571429,0.6428571428571429,0.6428571428571429,0.6071428571428571,dataset_2,1,55,31,28,182,20.0
Global Residual STV k=3 clip=10.0,0.679147465437788,0.615049971643837,0.6071428571428571,0.6071428571428571,0.6071428571428571,0.6071428571428571,0.7142857142857143,dataset_2,1,55,31,28,182,20.0
Request-Aware Residual STV k=3 clip=10.0,0.6768433179723502,0.6138895479601935,0.6071428571428571,0.6071428571428571,0.6071428571428571,0.6071428571428571,0.6785714285714286,dataset_2,1,55,31,28,182,20.0
Global Weighted Residual STV k=3 clip=10.0,0.6987327188940092,0.6471587170754962,0.6071428571428571,0.6071428571428571,0.6071428571428571,0.6071428571428571,0.7142857142857143,dataset_2,1,55,31,28,182,20.0
Request-Aware Weighted Residual STV k=3 clip=10.0,0.6929723502304148,0.6438484919821829,0.6071428571428571,0.6071428571428571,0.6071428571428571,0.6071428571428571,0.6785714285714286,dataset_2,1,55,31,28,182,20.0
Global Residual STV k=5 clip=10.0,0.6641705069124424,0.5970274208619775,0.6071428571428571,0.6071428571428571,0.6071428571428571,0.6071428571428571,0.75,dataset_2,1,55,31,28,182,20.0
Request-Aware Residual STV k=5 clip=10.0,0.6618663594470046,0.595866997178334,0.6071428571428571,0.6071428571428571,0.6071428571428571,0.6071428571428571,0.7142857142857143,dataset_2,1,55,31,28,182,20.0
Global Weighted Residual STV k=5 clip=10.0,0.6883640552995391,0.621602068884388,0.6428571428571429,0.6428571428571429,0.6428571428571429,0.6428571428571429,0.75,dataset_2,1,55,31,28,182,20.0
Request-Aware Weighted Residual STV k=5 clip=10.0,0.6837557603686636,0.619061279131193,0.6428571428571429,0.6428571428571429,0.6428571428571429,0.6428571428571429,0.7142857142857143,dataset_2,1,55,31,28,182,20.0
Baseline STV + IF,0.5970350404312668,0.5618563435883693,0.5660377358490566,0.5660377358490566,0.5660377358490566,0.5660377358490566,0.8113207547169812,dataset_3,1,104,56,53,180,20.0
Enhanced STV + IF,0.6775606469002695,0.6599049640795532,0.6415094339622641,0.6415094339622641,0.6415094339622641,0.6415094339622641,0.6226415094339622,dataset_3,1,104,56,53,180,20.0
Request-Aware Enhanced STV + IF,0.633423180592992,0.6438022014293932,0.5471698113207547,0.5471698113207547,0.5471698113207547,0.5471698113207547,0.660377358490566,dataset_3,1,104,56,53,180,20.0
Global Residual STV k=1 clip=5.0,0.8404649595687332,0.7956527823178281,0.7735849056603774,0.7735849056603774,0.7735849056603774,0.7735849056603774,0.8490566037735849,dataset_3,1,104,56,53,180,20.0
Request-Aware Residual STV k=1 clip=5.0,0.8317048517520216,0.7896452730680479,0.7547169811320755,0.7547169811320755,0.7547169811320755,0.7547169811320755,0.8490566037735849,dataset_3,1,104,56,53,180,20.0
Global Weighted Residual STV k=1 clip=5.0,0.8424865229110513,0.8452404442157371,0.8113207547169812,0.8113207547169812,0.8113207547169812,0.8113207547169812,0.8679245283018868,dataset_3,1,104,56,53,180,20.0
Request-Aware Weighted Residual STV k=1 clip=5.0,0.834400269541779,0.8392301626914329,0.7547169811320755,0.7547169811320755,0.7547169811320755,0.7547169811320755,0.8679245283018868,dataset_3,1,104,56,53,180,20.0
Global Residual STV k=3 clip=5.0,0.8103099730458221,0.7772249642900843,0.7547169811320755,0.7547169811320755,0.7547169811320755,0.7547169811320755,0.8679245283018868,dataset_3,1,104,56,53,180,20.0
Request-Aware Residual STV k=3 clip=5.0,0.8082884097035041,0.7785099209127986,0.7547169811320755,0.7547169811320755,0.7547169811320755,0.7547169811320755,0.8679245283018868,dataset_3,1,104,56,53,180,20.0
Global Weighted Residual STV k=3 clip=5.0,0.8054245283018867,0.8271138960958477,0.7547169811320755,0.7547169811320755,0.7547169811320755,0.7547169811320755,0.8867924528301887,dataset_3,1,104,56,53,180,20.0
Request-Aware Weighted Residual STV k=3 clip=5.0,0.8023921832884098,0.8288731406348836,0.7547169811320755,0.7547169811320755,0.7547169811320755,0.7547169811320755,0.8867924528301887,dataset_3,1,104,56,53,180,20.0
Global Residual STV k=5 clip=5.0,0.799022911051213,0.744555734908495,0.7358490566037735,0.7358490566037735,0.7358490566037735,0.7358490566037735,0.8679245283018868,dataset_3,1,104,56,53,180,20.0
Request-Aware Residual STV k=5 clip=5.0,0.7970013477088949,0.7456392872780039,0.7358490566037735,0.7358490566037735,0.7358490566037735,0.7358490566037735,0.8679245283018868,dataset_3,1,104,56,53,180,20.0
Global Weighted Residual STV k=5 clip=5.0,0.7973382749326147,0.8044462990864749,0.7358490566037735,0.7358490566037735,0.7358490566037735,0.7358490566037735,0.8867924528301887,dataset_3,1,104,56,53,180,20.0
Request-Aware Weighted Residual STV k=5 clip=5.0,0.7936320754716982,0.804399746179117,0.7358490566037735,0.7358490566037735,0.7358490566037735,0.7358490566037735,0.8867924528301887,dataset_3,1,104,56,53,180,20.0
Global Residual STV k=1 clip=10.0,0.8349056603773586,0.7594067725007861,0.7735849056603774,0.7735849056603774,0.7735849056603774,0.7735849056603774,0.8490566037735849,dataset_3,1,104,56,53,180,20.0
Request-Aware Residual STV k=1 clip=10.0,0.8261455525606469,0.7533992632510058,0.7547169811320755,0.7547169811320755,0.7547169811320755,0.7547169811320755,0.8490566037735849,dataset_3,1,104,56,53,180,20.0
Global Weighted Residual STV k=1 clip=10.0,0.831367924528302,0.7795904383463378,0.8113207547169812,0.8113207547169812,0.8113207547169812,0.8113207547169812,0.8679245283018868,dataset_3,1,104,56,53,180,20.0
Request-Aware Weighted Residual STV k=1 clip=10.0,0.8236185983827494,0.7740445885674984,0.7547169811320755,0.7547169811320755,0.7547169811320755,0.7547169811320755,0.8679245283018868,dataset_3,1,104,56,53,180,20.0
Global Residual STV k=3 clip=10.0,0.810478436657682,0.7670828342662769,0.7547169811320755,0.7547169811320755,0.7547169811320755,0.7547169811320755,0.8679245283018868,dataset_3,1,104,56,53,180,20.0
Request-Aware Residual STV k=3 clip=10.0,0.8077830188679247,0.7667320969499815,0.7547169811320755,0.7547169811320755,0.7547169811320755,0.7547169811320755,0.8679245283018868,dataset_3,1,104,56,53,180,20.0
Global Weighted Residual STV k=3 clip=10.0,0.7973382749326147,0.785629107137952,0.7547169811320755,0.7547169811320755,0.7547169811320755,0.7547169811320755,0.8867924528301887,dataset_3,1,104,56,53,180,20.0
Request-Aware Weighted Residual STV k=3 clip=10.0,0.7936320754716982,0.7856199898941894,0.7547169811320755,0.7547169811320755,0.7547169811320755,0.7547169811320755,0.8867924528301887,dataset_3,1,104,56,53,180,20.0
Global Residual STV k=5 clip=10.0,0.8005390835579516,0.7565492457666934,0.7358490566037735,0.7358490566037735,0.7358490566037735,0.7358490566037735,0.8867924528301887,dataset_3,1,104,56,53,180,20.0
Request-Aware Residual STV k=5 clip=10.0,0.7978436657681941,0.75619053819843,0.7358490566037735,0.7358490566037735,0.7358490566037735,0.7358490566037735,0.8867924528301887,dataset_3,1,104,56,53,180,20.0
Global Weighted Residual STV k=5 clip=10.0,0.7968328840970351,0.781167726292036,0.7358490566037735,0.7358490566037735,0.7358490566037735,0.7358490566037735,0.9056603773584906,dataset_3,1,104,56,53,180,20.0
Request-Aware Weighted Residual STV k=5 clip=10.0,0.792789757412399,0.7804013055616994,0.7358490566037735,0.7358490566037735,0.7358490566037735,0.7358490566037735,0.9056603773584906,dataset_3,1,104,56,53,180,20.0
Baseline STV + IF,0.608421052631579,0.5878664324814991,0.6421052631578947,0.6421052631578947,0.6421052631578947,0.6421052631578947,0.8736842105263158,dataset_1,2,174,95,95,150,20.0
Enhanced STV + IF,0.7019390581717451,0.6925484059123121,0.6631578947368421,0.6631578947368421,0.6631578947368421,0.6631578947368421,0.7473684210526316,dataset_1,2,174,95,95,150,20.0
Request-Aware Enhanced STV + IF,0.6558448753462603,0.6735133890323698,0.5578947368421052,0.5578947368421052,0.5578947368421052,0.5578947368421052,0.7684210526315789,dataset_1,2,174,95,95,150,20.0
Global Residual STV k=1 clip=5.0,0.8183379501385042,0.7449185607221408,0.7789473684210526,0.7789473684210526,0.7789473684210526,0.7789473684210526,0.7894736842105263,dataset_1,2,174,95,95,150,20.0
Request-Aware Residual STV k=1 clip=5.0,0.8182825484764543,0.7262573534787055,0.7789473684210526,0.7789473684210526,0.7789473684210526,0.7789473684210526,0.7684210526315789,dataset_1,2,174,95,95,150,20.0
Global Weighted Residual STV k=1 clip=5.0,0.8397783933518005,0.8349782809989525,0.7578947368421053,0.7578947368421053,0.7578947368421053,0.7578947368421053,0.8421052631578947,dataset_1,2,174,95,95,150,20.0
Request-Aware Weighted Residual STV k=1 clip=5.0,0.8454293628808863,0.8210162246412119,0.7578947368421053,0.7578947368421053,0.7578947368421053,0.7578947368421053,0.8210526315789474,dataset_1,2,174,95,95,150,20.0
Global Residual STV k=3 clip=5.0,0.7977839335180056,0.7747918289166476,0.7473684210526316,0.7473684210526316,0.7473684210526316,0.7473684210526316,0.8736842105263158,dataset_1,2,174,95,95,150,20.0
Request-Aware Residual STV k=3 clip=5.0,0.7949584487534626,0.7626027511867934,0.7473684210526316,0.7473684210526316,0.7473684210526316,0.7473684210526316,0.8842105263157894,dataset_1,2,174,95,95,150,20.0
Global Weighted Residual STV k=3 clip=5.0,0.8040997229916897,0.8358951563302321,0.7368421052631579,0.7368421052631579,0.7368421052631579,0.7368421052631579,0.8842105263157894,dataset_1,2,174,95,95,150,20.0
Request-Aware Weighted Residual STV k=3 clip=5.0,0.8017728531855955,0.8227835062445702,0.7368421052631579,0.7368421052631579,0.7368421052631579,0.7368421052631579,0.8947368421052632,dataset_1,2,174,95,95,150,20.0
Global Residual STV k=5 clip=5.0,0.7873684210526316,0.7688394635760101,0.7157894736842105,0.7157894736842105,0.7157894736842105,0.7157894736842105,0.8947368421052632,dataset_1,2,174,95,95,150,20.0
Request-Aware Residual STV k=5 clip=5.0,0.7857617728531856,0.7580677438282236,0.7368421052631579,0.7368421052631579,0.7368421052631579,0.7368421052631579,0.9052631578947369,dataset_1,2,174,95,95,150,20.0
Global Weighted Residual STV k=5 clip=5.0,0.7896952908587257,0.8000021760827003,0.7052631578947368,0.7052631578947368,0.7052631578947368,0.7052631578947368,0.8947368421052632,dataset_1,2,174,95,95,150,20.0
Request-Aware Weighted Residual STV k=5 clip=5.0,0.7900277008310249,0.791887059104962,0.7263157894736842,0.7263157894736842,0.7263157894736842,0.7263157894736842,0.9052631578947369,dataset_1,2,174,95,95,150,20.0
Global Residual STV k=1 clip=10.0,0.8127977839335179,0.7209740747570933,0.7789473684210526,0.7789473684210526,0.7789473684210526,0.7789473684210526,0.8210526315789474,dataset_1,2,174,95,95,150,20.0
Request-Aware Residual STV k=1 clip=10.0,0.8164542936288088,0.7222370042196989,0.7789473684210526,0.7789473684210526,0.7789473684210526,0.7789473684210526,0.8210526315789474,dataset_1,2,174,95,95,150,20.0
Global Weighted Residual STV k=1 clip=10.0,0.8149030470914127,0.7534576510635119,0.7578947368421053,0.7578947368421053,0.7578947368421053,0.7578947368421053,0.8526315789473684,dataset_1,2,174,95,95,150,20.0
Request-Aware Weighted Residual STV k=1 clip=10.0,0.8195013850415513,0.7628401795324086,0.7578947368421053,0.7578947368421053,0.7578947368421053,0.7578947368421053,0.8526315789473684,dataset_1,2,174,95,95,150,20.0
Global Residual STV k=3 clip=10.0,0.782825484764543,0.7339584067354605,0.7473684210526316,0.7473684210526316,0.7473684210526316,0.7473684210526316,0.8947368421052632,dataset_1,2,174,95,95,150,20.0
Request-Aware Residual STV k=3 clip=10.0,0.7795013850415513,0.7251352641296755,0.7473684210526316,0.7473684210526316,0.7473684210526316,0.7473684210526316,0.9052631578947369,dataset_1,2,174,95,95,150,20.0
Global Weighted Residual STV k=3 clip=10.0,0.785595567867036,0.7745073361185983,0.7368421052631579,0.7368421052631579,0.7368421052631579,0.7368421052631579,0.9052631578947369,dataset_1,2,174,95,95,150,20.0
Request-Aware Weighted Residual STV k=3 clip=10.0,0.7823822714681441,0.7711257361239233,0.7368421052631579,0.7368421052631579,0.7368421052631579,0.7368421052631579,0.9157894736842105,dataset_1,2,174,95,95,150,20.0
Global Residual STV k=5 clip=10.0,0.7744044321329641,0.7337446897674498,0.7157894736842105,0.7157894736842105,0.7157894736842105,0.7157894736842105,0.9052631578947369,dataset_1,2,174,95,95,150,20.0
Request-Aware Residual STV k=5 clip=10.0,0.773185595567867,0.7275420350633408,0.7368421052631579,0.7368421052631579,0.7368421052631579,0.7368421052631579,0.9157894736842105,dataset_1,2,174,95,95,150,20.0
Global Weighted Residual STV k=5 clip=10.0,0.7776177285318558,0.7656003308435814,0.7052631578947368,0.7052631578947368,0.7052631578947368,0.7052631578947368,0.9052631578947369,dataset_1,2,174,95,95,150,20.0
Request-Aware Weighted Residual STV k=5 clip=10.0,0.7766204986149584,0.7587566170521894,0.7263157894736842,0.7263157894736842,0.7263157894736842,0.7263157894736842,0.9157894736842105,dataset_1,2,174,95,95,150,20.0
Baseline STV + IF,0.6451612903225807,0.6032063838331753,0.5384615384615384,0.5384615384615384,0.5384615384615384,0.5384615384615384,0.7307692307692307,dataset_2,2,55,31,26,181,20.0
Enhanced STV + IF,0.6370967741935484,0.5707154245510955,0.5769230769230769,0.5769230769230769,0.5769230769230769,0.5769230769230769,0.6153846153846154,dataset_2,2,55,31,26,181,20.0
Request-Aware Enhanced STV + IF,0.6160049627791563,0.5712458299527943,0.5769230769230769,0.5769230769230769,0.5769230769230769,0.5769230769230769,0.6153846153846154,dataset_2,2,55,31,26,181,20.0
Global Residual STV k=1 clip=5.0,0.7121588089330025,0.6246913325085934,0.6153846153846154,0.6153846153846154,0.6153846153846154,0.6153846153846154,0.6923076923076923,dataset_2,2,55,31,26,181,20.0
Request-Aware Residual STV k=1 clip=5.0,0.7022332506203474,0.6069647439903904,0.6153846153846154,0.6153846153846154,0.6153846153846154,0.6153846153846154,0.6538461538461539,dataset_2,2,55,31,26,181,20.0
Global Weighted Residual STV k=1 clip=5.0,0.7475186104218362,0.6980699763197838,0.6538461538461539,0.6538461538461539,0.6538461538461539,0.6538461538461539,0.6923076923076923,dataset_2,2,55,31,26,181,20.0
Request-Aware Weighted Residual STV k=1 clip=5.0,0.7369727047146402,0.6677769492760937,0.6538461538461539,0.6538461538461539,0.6538461538461539,0.6538461538461539,0.6538461538461539,dataset_2,2,55,31,26,181,20.0
Global Residual STV k=3 clip=5.0,0.6985111662531017,0.6711312138563166,0.6153846153846154,0.6153846153846154,0.6153846153846154,0.6153846153846154,0.8076923076923077,dataset_2,2,55,31,26,181,20.0
Request-Aware Residual STV k=3 clip=5.0,0.6947890818858561,0.66204446726957,0.6153846153846154,0.6153846153846154,0.6153846153846154,0.6153846153846154,0.8076923076923077,dataset_2,2,55,31,26,181,20.0
Global Weighted Residual STV k=3 clip=5.0,0.6972704714640198,0.6905355159069941,0.5384615384615384,0.5384615384615384,0.5384615384615384,0.5384615384615384,0.8076923076923077,dataset_2,2,55,31,26,181,20.0
Request-Aware Weighted Residual STV k=3 clip=5.0,0.6935483870967741,0.6856510655375939,0.5384615384615384,0.5384615384615384,0.5384615384615384,0.5384615384615384,0.8076923076923077,dataset_2,2,55,31,26,181,20.0
Global Residual STV k=5 clip=5.0,0.6885856079404467,0.6287777340028369,0.6153846153846154,0.6153846153846154,0.6153846153846154,0.6153846153846154,0.8076923076923077,dataset_2,2,55,31,26,181,20.0
Request-Aware Residual STV k=5 clip=5.0,0.6861042183622829,0.6237660789911819,0.6153846153846154,0.6153846153846154,0.6153846153846154,0.6153846153846154,0.8076923076923077,dataset_2,2,55,31,26,181,20.0
Global Weighted Residual STV k=5 clip=5.0,0.6885856079404465,0.6555996184710968,0.5384615384615384,0.5384615384615384,0.5384615384615384,0.5384615384615384,0.8076923076923077,dataset_2,2,55,31,26,181,20.0
Request-Aware Weighted Residual STV k=5 clip=5.0,0.6861042183622829,0.653162720549249,0.5384615384615384,0.5384615384615384,0.5384615384615384,0.5384615384615384,0.8076923076923077,dataset_2,2,55,31,26,181,20.0
Global Residual STV k=1 clip=10.0,0.7053349875930521,0.6005804007053541,0.6153846153846154,0.6153846153846154,0.6153846153846154,0.6153846153846154,0.6923076923076923,dataset_2,2,55,31,26,181,20.0
Request-Aware Residual STV k=1 clip=10.0,0.7028535980148883,0.6058238976572365,0.6153846153846154,0.6153846153846154,0.6153846153846154,0.6153846153846154,0.6923076923076923,dataset_2,2,55,31,26,181,20.0
Global Weighted Residual STV k=1 clip=10.0,0.7338709677419355,0.6240058051967893,0.6538461538461539,0.6538461538461539,0.6538461538461539,0.6538461538461539,0.6923076923076923,dataset_2,2,55,31,26,181,20.0
Request-Aware Weighted Residual STV k=1 clip=10.0,0.7289081885856079,0.6390777413764809,0.6538461538461539,0.6538461538461539,0.6538461538461539,0.6538461538461539,0.6923076923076923,dataset_2,2,55,31,26,181,20.0
Global Residual STV k=3 clip=10.0,0.6985111662531017,0.6608600107004982,0.6153846153846154,0.6153846153846154,0.6153846153846154,0.6153846153846154,0.8076923076923077,dataset_2,2,55,31,26,181,20.0
Request-Aware Residual STV k=3 clip=10.0,0.6947890818858561,0.6553831158005262,0.6153846153846154,0.6153846153846154,0.6153846153846154,0.6153846153846154,0.8076923076923077,dataset_2,2,55,31,26,181,20.0
Global Weighted Residual STV k=3 clip=10.0,0.6861042183622829,0.6653315728639824,0.5384615384615384,0.5384615384615384,0.5384615384615384,0.5384615384615384,0.8076923076923077,dataset_2,2,55,31,26,181,20.0
Request-Aware Weighted Residual STV k=3 clip=10.0,0.6811414392059553,0.6590805403587692,0.5384615384615384,0.5384615384615384,0.5384615384615384,0.5384615384615384,0.8076923076923077,dataset_2,2,55,31,26,181,20.0
Global Residual STV k=5 clip=10.0,0.6910669975186104,0.6332712533040484,0.6153846153846154,0.6153846153846154,0.6153846153846154,0.6153846153846154,0.8076923076923077,dataset_2,2,55,31,26,181,20.0
Request-Aware Residual STV k=5 clip=10.0,0.6910669975186103,0.645404952937748,0.6153846153846154,0.6153846153846154,0.6153846153846154,0.6153846153846154,0.8076923076923077,dataset_2,2,55,31,26,181,20.0
Global Weighted Residual STV k=5 clip=10.0,0.6811414392059554,0.6370841792319734,0.5384615384615384,0.5384615384615384,0.5384615384615384,0.5384615384615384,0.8076923076923077,dataset_2,2,55,31,26,181,20.0
Request-Aware Weighted Residual STV k=5 clip=10.0,0.6786600496277916,0.6426143142771584,0.5384615384615384,0.5384615384615384,0.5384615384615384,0.5384615384615384,0.8076923076923077,dataset_2,2,55,31,26,181,20.0
Baseline STV + IF,0.6253246753246753,0.5904467767648555,0.6181818181818182,0.6181818181818182,0.6181818181818182,0.6181818181818182,0.9272727272727272,dataset_3,2,104,56,55,178,20.0
Enhanced STV + IF,0.7368506493506493,0.6703681894745648,0.7272727272727273,0.7272727272727273,0.7272727272727273,0.7272727272727273,0.7818181818181819,dataset_3,2,104,56,55,178,20.0
Request-Aware Enhanced STV + IF,0.6511363636363636,0.6737674337674809,0.5272727272727272,0.5272727272727272,0.5272727272727272,0.5272727272727272,0.7636363636363637,dataset_3,2,104,56,55,178,20.0
Global Residual STV k=1 clip=5.0,0.8212662337662338,0.8307065651902439,0.7454545454545455,0.7454545454545455,0.7454545454545455,0.7454545454545455,0.8363636363636363,dataset_3,2,104,56,55,178,20.0
Request-Aware Residual STV k=1 clip=5.0,0.8163961038961038,0.8273956651145702,0.7454545454545455,0.7454545454545455,0.7454545454545455,0.7454545454545455,0.8363636363636363,dataset_3,2,104,56,55,178,20.0
Global Weighted Residual STV k=1 clip=5.0,0.7952922077922079,0.8279757831424669,0.7090909090909091,0.7090909090909091,0.7090909090909091,0.7090909090909091,0.8,dataset_3,2,104,56,55,178,20.0
Request-Aware Weighted Residual STV k=1 clip=5.0,0.7907467532467533,0.8232268885162233,0.7090909090909091,0.7090909090909091,0.7090909090909091,0.7090909090909091,0.8,dataset_3,2,104,56,55,178,20.0
Global Residual STV k=3 clip=5.0,0.7772727272727272,0.8003617777571643,0.6727272727272727,0.6727272727272727,0.6727272727272727,0.6727272727272727,0.8545454545454545,dataset_3,2,104,56,55,178,20.0
Request-Aware Residual STV k=3 clip=5.0,0.7762987012987012,0.7983354051606686,0.6727272727272727,0.6727272727272727,0.6727272727272727,0.6727272727272727,0.8545454545454545,dataset_3,2,104,56,55,178,20.0
Global Weighted Residual STV k=3 clip=5.0,0.7415584415584414,0.7851179234087158,0.6363636363636364,0.6363636363636364,0.6363636363636364,0.6363636363636364,0.8363636363636363,dataset_3,2,104,56,55,178,20.0
Request-Aware Weighted Residual STV k=3 clip=5.0,0.7422077922077922,0.7858486320464445,0.6363636363636364,0.6363636363636364,0.6363636363636364,0.6363636363636364,0.8363636363636363,dataset_3,2,104,56,55,178,20.0
Global Residual STV k=5 clip=5.0,0.7655844155844155,0.760819711246795,0.6545454545454545,0.6545454545454545,0.6545454545454545,0.6545454545454545,0.8545454545454545,dataset_3,2,104,56,55,178,20.0
Request-Aware Residual STV k=5 clip=5.0,0.7646103896103897,0.7592708232677515,0.6545454545454545,0.6545454545454545,0.6545454545454545,0.6545454545454545,0.8545454545454545,dataset_3,2,104,56,55,178,20.0
Global Weighted Residual STV k=5 clip=5.0,0.7392857142857144,0.7793008559714035,0.6181818181818182,0.6181818181818182,0.6181818181818182,0.6181818181818182,0.8363636363636363,dataset_3,2,104,56,55,178,20.0
Request-Aware Weighted Residual STV k=5 clip=5.0,0.739935064935065,0.7805670896401024,0.6181818181818182,0.6181818181818182,0.6181818181818182,0.6181818181818182,0.8363636363636363,dataset_3,2,104,56,55,178,20.0
Global Residual STV k=1 clip=10.0,0.8212662337662338,0.8307065651902439,0.7454545454545455,0.7454545454545455,0.7454545454545455,0.7454545454545455,0.8363636363636363,dataset_3,2,104,56,55,178,20.0
Request-Aware Residual STV k=1 clip=10.0,0.8163961038961038,0.8273956651145703,0.7454545454545455,0.7454545454545455,0.7454545454545455,0.7454545454545455,0.8363636363636363,dataset_3,2,104,56,55,178,20.0
Global Weighted Residual STV k=1 clip=10.0,0.7959415584415586,0.8295961653952603,0.7090909090909091,0.7090909090909091,0.7090909090909091,0.7090909090909091,0.8,dataset_3,2,104,56,55,178,20.0
Request-Aware Weighted Residual STV k=1 clip=10.0,0.7913961038961039,0.8249230711214968,0.7090909090909091,0.7090909090909091,0.7090909090909091,0.7090909090909091,0.8,dataset_3,2,104,56,55,178,20.0
Global Residual STV k=3 clip=10.0,0.7801948051948052,0.806839432098397,0.6727272727272727,0.6727272727272727,0.6727272727272727,0.6727272727272727,0.8545454545454545,dataset_3,2,104,56,55,178,20.0
Request-Aware Residual STV k=3 clip=10.0,0.7792207792207793,0.8048567364026105,0.6727272727272727,0.6727272727272727,0.6727272727272727,0.6727272727272727,0.8545454545454545,dataset_3,2,104,56,55,178,20.0
Global Weighted Residual STV k=3 clip=10.0,0.7474025974025974,0.7915539463301878,0.6363636363636364,0.6363636363636364,0.6363636363636364,0.6363636363636364,0.8363636363636363,dataset_3,2,104,56,55,178,20.0
Request-Aware Weighted Residual STV k=3 clip=10.0,0.7477272727272727,0.792058410624025,0.6363636363636364,0.6363636363636364,0.6363636363636364,0.6363636363636364,0.8363636363636363,dataset_3,2,104,56,55,178,20.0
Global Residual STV k=5 clip=10.0,0.7698051948051948,0.7726655139648889,0.6545454545454545,0.6545454545454545,0.6545454545454545,0.6545454545454545,0.8545454545454545,dataset_3,2,104,56,55,178,20.0
Request-Aware Residual STV k=5 clip=10.0,0.7688311688311689,0.7711414260106452,0.6545454545454545,0.6545454545454545,0.6545454545454545,0.6545454545454545,0.8545454545454545,dataset_3,2,104,56,55,178,20.0
Global Weighted Residual STV k=5 clip=10.0,0.7464285714285713,0.7861655925798534,0.6363636363636364,0.6363636363636364,0.6363636363636364,0.6363636363636364,0.8363636363636363,dataset_3,2,104,56,55,178,20.0
Request-Aware Weighted Residual STV k=5 clip=10.0,0.7467532467532468,0.7872527796204539,0.6363636363636364,0.6363636363636364,0.6363636363636364,0.6363636363636364,0.8363636363636363,dataset_3,2,104,56,55,178,20.0
Baseline STV + IF,0.5745152354570636,0.5573613635258144,0.5684210526315789,0.5684210526315789,0.5684210526315789,0.5684210526315789,0.8736842105263158,dataset_1,3,174,95,95,137,20.0
Enhanced STV + IF,0.6842105263157895,0.626001426384019,0.6631578947368421,0.6631578947368421,0.6631578947368421,0.6631578947368421,0.8,dataset_1,3,174,95,95,137,20.0
Request-Aware Enhanced STV + IF,0.6580609418282548,0.6911508529342716,0.6210526315789474,0.6210526315789474,0.6210526315789474,0.6210526315789474,0.7578947368421053,dataset_1,3,174,95,95,137,20.0
Global Residual STV k=1 clip=5.0,0.7865927977839335,0.701195455074716,0.7368421052631579,0.7368421052631579,0.7368421052631579,0.7368421052631579,0.7789473684210526,dataset_1,3,174,95,95,137,20.0
Request-Aware Residual STV k=1 clip=5.0,0.7748476454293629,0.681243448482581,0.7473684210526316,0.7473684210526316,0.7473684210526316,0.7473684210526316,0.7684210526315789,dataset_1,3,174,95,95,137,20.0
Global Weighted Residual STV k=1 clip=5.0,0.8369529085872577,0.8365951969182339,0.7578947368421053,0.7578947368421053,0.7578947368421053,0.7578947368421053,0.7789473684210526,dataset_1,3,174,95,95,137,20.0
Request-Aware Weighted Residual STV k=1 clip=5.0,0.8320221606648199,0.8209677659715097,0.7684210526315789,0.7684210526315789,0.7684210526315789,0.7684210526315789,0.7684210526315789,dataset_1,3,174,95,95,137,20.0
Global Residual STV k=3 clip=5.0,0.7632686980609418,0.6982213570259466,0.7157894736842105,0.7157894736842105,0.7157894736842105,0.7157894736842105,0.8526315789473684,dataset_1,3,174,95,95,137,20.0
Request-Aware Residual STV k=3 clip=5.0,0.7565096952908588,0.6936330211049053,0.7157894736842105,0.7157894736842105,0.7157894736842105,0.7157894736842105,0.8631578947368421,dataset_1,3,174,95,95,137,20.0
Global Weighted Residual STV k=3 clip=5.0,0.8007202216066482,0.8188050063693683,0.7052631578947368,0.7052631578947368,0.7052631578947368,0.7052631578947368,0.8526315789473684,dataset_1,3,174,95,95,137,20.0
Request-Aware Weighted Residual STV k=3 clip=5.0,0.7975069252077563,0.8116699116042333,0.6947368421052632,0.6947368421052632,0.6947368421052632,0.6947368421052632,0.8736842105263158,dataset_1,3,174,95,95,137,20.0
Global Residual STV k=5 clip=5.0,0.7429916897506925,0.6649363138078599,0.6842105263157895,0.6842105263157895,0.6842105263157895,0.6842105263157895,0.8526315789473684,dataset_1,3,174,95,95,137,20.0
Request-Aware Residual STV k=5 clip=5.0,0.7392243767313019,0.6628198720706755,0.6842105263157895,0.6842105263157895,0.6842105263157895,0.6842105263157895,0.8631578947368421,dataset_1,3,174,95,95,137,20.0
Global Weighted Residual STV k=5 clip=5.0,0.7732409972299168,0.7551637429765039,0.6736842105263158,0.6736842105263158,0.6736842105263158,0.6736842105263158,0.8526315789473684,dataset_1,3,174,95,95,137,20.0
Request-Aware Weighted Residual STV k=5 clip=5.0,0.7725761772853186,0.7560332249857611,0.6736842105263158,0.6736842105263158,0.6736842105263158,0.6736842105263158,0.8736842105263158,dataset_1,3,174,95,95,137,20.0
Global Residual STV k=1 clip=10.0,0.7811634349030471,0.6810962690892731,0.7368421052631579,0.7368421052631579,0.7368421052631579,0.7368421052631579,0.8,dataset_1,3,174,95,95,137,20.0
Request-Aware Residual STV k=1 clip=10.0,0.7721883656509696,0.672473828977998,0.7473684210526316,0.7473684210526316,0.7473684210526316,0.7473684210526316,0.8105263157894737,dataset_1,3,174,95,95,137,20.0
Global Weighted Residual STV k=1 clip=10.0,0.8016620498614958,0.76879443708691,0.7578947368421053,0.7578947368421053,0.7578947368421053,0.7578947368421053,0.8,dataset_1,3,174,95,95,137,20.0
Request-Aware Weighted Residual STV k=1 clip=10.0,0.7910249307479225,0.743929263820921,0.7578947368421053,0.7578947368421053,0.7578947368421053,0.7578947368421053,0.8105263157894737,dataset_1,3,174,95,95,137,20.0
Global Residual STV k=3 clip=10.0,0.7588919667590027,0.6793748361233096,0.7157894736842105,0.7157894736842105,0.7157894736842105,0.7157894736842105,0.8631578947368421,dataset_1,3,174,95,95,137,20.0
Request-Aware Residual STV k=3 clip=10.0,0.7509141274238227,0.6736732626694627,0.7157894736842105,0.7157894736842105,0.7157894736842105,0.7157894736842105,0.8736842105263158,dataset_1,3,174,95,95,137,20.0
Global Weighted Residual STV k=3 clip=10.0,0.7773961218836565,0.7298648343055572,0.7052631578947368,0.7052631578947368,0.7052631578947368,0.7052631578947368,0.8631578947368421,dataset_1,3,174,95,95,137,20.0
Request-Aware Weighted Residual STV k=3 clip=10.0,0.7726315789473683,0.7302577861260294,0.6947368421052632,0.6947368421052632,0.6947368421052632,0.6947368421052632,0.8736842105263158,dataset_1,3,174,95,95,137,20.0
Global Residual STV k=5 clip=10.0,0.7441551246537397,0.6644280612575977,0.6842105263157895,0.6842105263157895,0.6842105263157895,0.6842105263157895,0.8631578947368421,dataset_1,3,174,95,95,137,20.0
Request-Aware Residual STV k=5 clip=10.0,0.7389473684210526,0.6601768612754778,0.6842105263157895,0.6842105263157895,0.6842105263157895,0.6842105263157895,0.8736842105263158,dataset_1,3,174,95,95,137,20.0
Global Weighted Residual STV k=5 clip=10.0,0.7623268698060942,0.7091862341541952,0.6736842105263158,0.6736842105263158,0.6736842105263158,0.6736842105263158,0.8631578947368421,dataset_1,3,174,95,95,137,20.0
Request-Aware Weighted Residual STV k=5 clip=10.0,0.7594459833795013,0.702732516846355,0.6736842105263158,0.6736842105263158,0.6736842105263158,0.6736842105263158,0.8736842105263158,dataset_1,3,174,95,95,137,20.0
Baseline STV + IF,0.5944700460829493,0.561313932117927,0.5714285714285714,0.5714285714285714,0.5714285714285714,0.5714285714285714,0.7857142857142857,dataset_2,3,55,31,28,136,20.0
Enhanced STV + IF,0.5800691244239631,0.5429310026236946,0.5714285714285714,0.5714285714285714,0.5714285714285714,0.5714285714285714,0.39285714285714285,dataset_2,3,55,31,28,136,20.0
Request-Aware Enhanced STV + IF,0.5616359447004609,0.5658171543375017,0.5714285714285714,0.5714285714285714,0.5714285714285714,0.5714285714285714,0.4642857142857143,dataset_2,3,55,31,28,136,20.0
Global Residual STV k=1 clip=5.0,0.6826036866359447,0.6447559984309297,0.6071428571428571,0.6071428571428571,0.6071428571428571,0.6071428571428571,0.6785714285714286,dataset_2,3,55,31,28,136,20.0
Request-Aware Residual STV k=1 clip=5.0,0.6826036866359447,0.6445865072803137,0.6071428571428571,0.6071428571428571,0.6071428571428571,0.6071428571428571,0.6785714285714286,dataset_2,3,55,31,28,136,20.0
Global Weighted Residual STV k=1 clip=5.0,0.7332949308755761,0.7537975058350791,0.7142857142857143,0.7142857142857143,0.7142857142857143,0.7142857142857143,0.75,dataset_2,3,55,31,28,136,20.0
Request-Aware Weighted Residual STV k=1 clip=5.0,0.7332949308755762,0.7528722491520785,0.7142857142857143,0.7142857142857143,0.7142857142857143,0.7142857142857143,0.75,dataset_2,3,55,31,28,136,20.0
Global Residual STV k=3 clip=5.0,0.6923963133640553,0.6441935866590353,0.6428571428571429,0.6428571428571429,0.6428571428571429,0.6428571428571429,0.6071428571428571,dataset_2,3,55,31,28,136,20.0
Request-Aware Residual STV k=3 clip=5.0,0.6923963133640554,0.6441403023583019,0.6428571428571429,0.6428571428571429,0.6428571428571429,0.6428571428571429,0.6071428571428571,dataset_2,3,55,31,28,136,20.0
Global Weighted Residual STV k=3 clip=5.0,0.6808755760368663,0.6997918024131143,0.6071428571428571,0.6071428571428571,0.6071428571428571,0.6071428571428571,0.6785714285714286,dataset_2,3,55,31,28,136,20.0
Request-Aware Weighted Residual STV k=3 clip=5.0,0.6831797235023042,0.7004244777347072,0.6071428571428571,0.6071428571428571,0.6071428571428571,0.6071428571428571,0.6785714285714286,dataset_2,3,55,31,28,136,20.0
Global Residual STV k=5 clip=5.0,0.6912442396313363,0.6370507295161781,0.6428571428571429,0.6428571428571429,0.6428571428571429,0.6428571428571429,0.6071428571428571,dataset_2,3,55,31,28,136,20.0
Request-Aware Residual STV k=5 clip=5.0,0.6912442396313364,0.6369974452154448,0.6428571428571429,0.6428571428571429,0.6428571428571429,0.6428571428571429,0.6071428571428571,dataset_2,3,55,31,28,136,20.0
Global Weighted Residual STV k=5 clip=5.0,0.6751152073732719,0.6714068519416978,0.6071428571428571,0.6071428571428571,0.6071428571428571,0.6071428571428571,0.6785714285714286,dataset_2,3,55,31,28,136,20.0
Request-Aware Weighted Residual STV k=5 clip=5.0,0.6774193548387096,0.6720395272632905,0.6071428571428571,0.6071428571428571,0.6071428571428571,0.6071428571428571,0.6785714285714286,dataset_2,3,55,31,28,136,20.0
Global Residual STV k=1 clip=10.0,0.6756912442396313,0.6148665426486168,0.6071428571428571,0.6071428571428571,0.6071428571428571,0.6071428571428571,0.6785714285714286,dataset_2,3,55,31,28,136,20.0
Request-Aware Residual STV k=1 clip=10.0,0.6756912442396313,0.6146970514980009,0.6071428571428571,0.6071428571428571,0.6071428571428571,0.6071428571428571,0.6785714285714286,dataset_2,3,55,31,28,136,20.0
Global Weighted Residual STV k=1 clip=10.0,0.7119815668202765,0.6659837731158843,0.7142857142857143,0.7142857142857143,0.7142857142857143,0.7142857142857143,0.7142857142857143,dataset_2,3,55,31,28,136,20.0
Request-Aware Weighted Residual STV k=1 clip=10.0,0.7119815668202765,0.6650585164328837,0.7142857142857143,0.7142857142857143,0.7142857142857143,0.7142857142857143,0.7142857142857143,dataset_2,3,55,31,28,136,20.0
Global Residual STV k=3 clip=10.0,0.6866359447004607,0.626515530588122,0.6428571428571429,0.6428571428571429,0.6428571428571429,0.6428571428571429,0.6071428571428571,dataset_2,3,55,31,28,136,20.0
Request-Aware Residual STV k=3 clip=10.0,0.6866359447004607,0.6264622462873888,0.6428571428571429,0.6428571428571429,0.6428571428571429,0.6428571428571429,0.6071428571428571,dataset_2,3,55,31,28,136,20.0
Global Weighted Residual STV k=3 clip=10.0,0.673963133640553,0.6485971294580624,0.6071428571428571,0.6071428571428571,0.6071428571428571,0.6071428571428571,0.6428571428571429,dataset_2,3,55,31,28,136,20.0
Request-Aware Weighted Residual STV k=3 clip=10.0,0.6762672811059908,0.6492298047796552,0.6071428571428571,0.6071428571428571,0.6071428571428571,0.6071428571428571,0.6428571428571429,dataset_2,3,55,31,28,136,20.0
Global Residual STV k=5 clip=10.0,0.6866359447004607,0.626515530588122,0.6428571428571429,0.6428571428571429,0.6428571428571429,0.6428571428571429,0.6071428571428571,dataset_2,3,55,31,28,136,20.0
Request-Aware Residual STV k=5 clip=10.0,0.6866359447004607,0.6264622462873888,0.6428571428571429,0.6428571428571429,0.6428571428571429,0.6428571428571429,0.6071428571428571,dataset_2,3,55,31,28,136,20.0
Global Weighted Residual STV k=5 clip=10.0,0.673963133640553,0.6485971294580624,0.6071428571428571,0.6071428571428571,0.6071428571428571,0.6071428571428571,0.6428571428571429,dataset_2,3,55,31,28,136,20.0
Request-Aware Weighted Residual STV k=5 clip=10.0,0.6762672811059908,0.6492298047796552,0.6071428571428571,0.6071428571428571,0.6071428571428571,0.6071428571428571,0.6428571428571429,dataset_2,3,55,31,28,136,20.0
Baseline STV + IF,0.5699675324675324,0.570260625915281,0.5818181818181818,0.5818181818181818,0.5818181818181818,0.5818181818181818,0.8545454545454545,dataset_3,3,104,56,55,176,20.0
Enhanced STV + IF,0.663961038961039,0.6216465551695703,0.6545454545454545,0.6545454545454545,0.6545454545454545,0.6545454545454545,0.7454545454545455,dataset_3,3,104,56,55,176,20.0
Request-Aware Enhanced STV + IF,0.6124999999999998,0.6393893257585263,0.509090909090909,0.509090909090909,0.509090909090909,0.509090909090909,0.7090909090909091,dataset_3,3,104,56,55,176,20.0
Global Residual STV k=1 clip=5.0,0.7944805194805193,0.7475464948153232,0.6909090909090909,0.6909090909090909,0.6909090909090909,0.6909090909090909,0.7636363636363637,dataset_3,3,104,56,55,176,20.0
Request-Aware Residual STV k=1 clip=5.0,0.7642857142857142,0.7150426807420366,0.6727272727272727,0.6727272727272727,0.6727272727272727,0.6727272727272727,0.7272727272727273,dataset_3,3,104,56,55,176,20.0
Global Weighted Residual STV k=1 clip=5.0,0.7650974025974026,0.7732057654029804,0.6727272727272727,0.6727272727272727,0.6727272727272727,0.6727272727272727,0.7818181818181819,dataset_3,3,104,56,55,176,20.0
Request-Aware Weighted Residual STV k=1 clip=5.0,0.7326298701298701,0.7368835440284395,0.6545454545454545,0.6545454545454545,0.6545454545454545,0.6545454545454545,0.7272727272727273,dataset_3,3,104,56,55,176,20.0
Global Residual STV k=3 clip=5.0,0.7496753246753247,0.7093272493532476,0.6545454545454545,0.6545454545454545,0.6545454545454545,0.6545454545454545,0.8363636363636363,dataset_3,3,104,56,55,176,20.0
Request-Aware Residual STV k=3 clip=5.0,0.7318181818181818,0.7013355463471453,0.6545454545454545,0.6545454545454545,0.6545454545454545,0.6545454545454545,0.8363636363636363,dataset_3,3,104,56,55,176,20.0
Global Weighted Residual STV k=3 clip=5.0,0.7331168831168832,0.7661129527811626,0.6545454545454545,0.6545454545454545,0.6545454545454545,0.6545454545454545,0.8363636363636363,dataset_3,3,104,56,55,176,20.0
Request-Aware Weighted Residual STV k=3 clip=5.0,0.7136363636363636,0.7522700735628337,0.6545454545454545,0.6545454545454545,0.6545454545454545,0.6545454545454545,0.8363636363636363,dataset_3,3,104,56,55,176,20.0
Global Residual STV k=5 clip=5.0,0.7477272727272728,0.7023893010234,0.6545454545454545,0.6545454545454545,0.6545454545454545,0.6545454545454545,0.8363636363636363,dataset_3,3,104,56,55,176,20.0
Request-Aware Residual STV k=5 clip=5.0,0.7301948051948052,0.6934784279931532,0.6545454545454545,0.6545454545454545,0.6545454545454545,0.6545454545454545,0.8363636363636363,dataset_3,3,104,56,55,176,20.0
Global Weighted Residual STV k=5 clip=5.0,0.7279220779220779,0.751064376807597,0.6545454545454545,0.6545454545454545,0.6545454545454545,0.6545454545454545,0.8363636363636363,dataset_3,3,104,56,55,176,20.0
Request-Aware Weighted Residual STV k=5 clip=5.0,0.7097402597402597,0.7387078088217267,0.6545454545454545,0.6545454545454545,0.6545454545454545,0.6545454545454545,0.8363636363636363,dataset_3,3,104,56,55,176,20.0
Global Residual STV k=1 clip=10.0,0.7889610389610389,0.7295369337919979,0.6909090909090909,0.6909090909090909,0.6909090909090909,0.6909090909090909,0.8,dataset_3,3,104,56,55,176,20.0
Request-Aware Residual STV k=1 clip=10.0,0.7594155844155843,0.7036231330833247,0.6727272727272727,0.6727272727272727,0.6727272727272727,0.6727272727272727,0.7636363636363637,dataset_3,3,104,56,55,176,20.0
Global Weighted Residual STV k=1 clip=10.0,0.7512987012987014,0.7273353439479698,0.6727272727272727,0.6727272727272727,0.6727272727272727,0.6727272727272727,0.8,dataset_3,3,104,56,55,176,20.0
Request-Aware Weighted Residual STV k=1 clip=10.0,0.7211038961038961,0.6926233429947366,0.6545454545454545,0.6545454545454545,0.6545454545454545,0.6545454545454545,0.7636363636363637,dataset_3,3,104,56,55,176,20.0
Global Residual STV k=3 clip=10.0,0.7496753246753247,0.705197145327654,0.6545454545454545,0.6545454545454545,0.6545454545454545,0.6545454545454545,0.8363636363636363,dataset_3,3,104,56,55,176,20.0
Request-Aware Residual STV k=3 clip=10.0,0.7311688311688312,0.6911049800162158,0.6545454545454545,0.6545454545454545,0.6545454545454545,0.6545454545454545,0.8363636363636363,dataset_3,3,104,56,55,176,20.0
Global Weighted Residual STV k=3 clip=10.0,0.7256493506493505,0.7469342057765187,0.6545454545454545,0.6545454545454545,0.6545454545454545,0.6545454545454545,0.8363636363636363,dataset_3,3,104,56,55,176,20.0
Request-Aware Weighted Residual STV k=3 clip=10.0,0.712987012987013,0.7442446024712127,0.6545454545454545,0.6545454545454545,0.6545454545454545,0.6545454545454545,0.8363636363636363,dataset_3,3,104,56,55,176,20.0
Global Residual STV k=5 clip=10.0,0.7496753246753247,0.7050920834299959,0.6545454545454545,0.6545454545454545,0.6545454545454545,0.6545454545454545,0.8363636363636363,dataset_3,3,104,56,55,176,20.0
Request-Aware Residual STV k=5 clip=10.0,0.7314935064935064,0.6914161239367324,0.6545454545454545,0.6545454545454545,0.6545454545454545,0.6545454545454545,0.8363636363636363,dataset_3,3,104,56,55,176,20.0
Global Weighted Residual STV k=5 clip=10.0,0.7198051948051949,0.693805903175002,0.6545454545454545,0.6545454545454545,0.6545454545454545,0.6545454545454545,0.8363636363636363,dataset_3,3,104,56,55,176,20.0
Request-Aware Weighted Residual STV k=5 clip=10.0,0.7042207792207792,0.6824272275119643,0.6545454545454545,0.6545454545454545,0.6545454545454545,0.6545454545454545,0.8363636363636363,dataset_3,3,104,56,55,176,20.0
Baseline STV + IF,0.5967867036011081,0.5684801646047234,0.6421052631578947,0.6421052631578947,0.6421052631578947,0.6421052631578947,0.8947368421052632,dataset_1,4,174,95,95,136,20.0
Enhanced STV + IF,0.677174515235457,0.6072536696573425,0.631578947368421,0.631578947368421,0.631578947368421,0.631578947368421,0.8105263157894737,dataset_1,4,174,95,95,136,20.0
Request-Aware Enhanced STV + IF,0.6504155124653739,0.723864692594533,0.5473684210526316,0.5473684210526316,0.5473684210526316,0.5473684210526316,0.8315789473684211,dataset_1,4,174,95,95,136,20.0
Global Residual STV k=1 clip=5.0,0.7694736842105263,0.6919248679003132,0.6736842105263158,0.6736842105263158,0.6736842105263158,0.6736842105263158,0.7473684210526316,dataset_1,4,174,95,95,136,20.0
Request-Aware Residual STV k=1 clip=5.0,0.7709695290858726,0.6876424246936156,0.6842105263157895,0.6842105263157895,0.6842105263157895,0.6842105263157895,0.7368421052631579,dataset_1,4,174,95,95,136,20.0
Global Weighted Residual STV k=1 clip=5.0,0.8437673130193906,0.8276997865358805,0.7368421052631579,0.7368421052631579,0.7368421052631579,0.7368421052631579,0.8421052631578947,dataset_1,4,174,95,95,136,20.0
Request-Aware Weighted Residual STV k=1 clip=5.0,0.8437673130193906,0.8233607750520215,0.7263157894736842,0.7263157894736842,0.7263157894736842,0.7263157894736842,0.8315789473684211,dataset_1,4,174,95,95,136,20.0
Global Residual STV k=3 clip=5.0,0.7740720221606647,0.7827360637663825,0.6842105263157895,0.6842105263157895,0.6842105263157895,0.6842105263157895,0.9157894736842105,dataset_1,4,174,95,95,136,20.0
Request-Aware Residual STV k=3 clip=5.0,0.7827146814404432,0.7884363598983579,0.7052631578947368,0.7052631578947368,0.7052631578947368,0.7052631578947368,0.9157894736842105,dataset_1,4,174,95,95,136,20.0
Global Weighted Residual STV k=3 clip=5.0,0.7944598337950138,0.8284530572065028,0.6736842105263158,0.6736842105263158,0.6736842105263158,0.6736842105263158,0.9368421052631579,dataset_1,4,174,95,95,136,20.0
Request-Aware Weighted Residual STV k=3 clip=5.0,0.8033240997229918,0.8332389111817706,0.6947368421052632,0.6947368421052632,0.6947368421052632,0.6947368421052632,0.9368421052631579,dataset_1,4,174,95,95,136,20.0
Global Residual STV k=5 clip=5.0,0.763656509695291,0.7612192041966468,0.6842105263157895,0.6842105263157895,0.6842105263157895,0.6842105263157895,0.9473684210526315,dataset_1,4,174,95,95,136,20.0
Request-Aware Residual STV k=5 clip=5.0,0.7713019390581718,0.7642593361519473,0.7052631578947368,0.7052631578947368,0.7052631578947368,0.7052631578947368,0.9473684210526315,dataset_1,4,174,95,95,136,20.0
Global Weighted Residual STV k=5 clip=5.0,0.7766204986149584,0.8087962839468905,0.6631578947368421,0.6631578947368421,0.6631578947368421,0.6631578947368421,0.9578947368421052,dataset_1,4,174,95,95,136,20.0
Request-Aware Weighted Residual STV k=5 clip=5.0,0.7851523545706371,0.8139045026646937,0.6842105263157895,0.6842105263157895,0.6842105263157895,0.6842105263157895,0.9578947368421052,dataset_1,4,174,95,95,136,20.0
Global Residual STV k=1 clip=10.0,0.7645429362880886,0.6754025260880274,0.6736842105263158,0.6736842105263158,0.6736842105263158,0.6736842105263158,0.7894736842105263,dataset_1,4,174,95,95,136,20.0
Request-Aware Residual STV k=1 clip=10.0,0.767202216066482,0.6749353389470891,0.6842105263157895,0.6842105263157895,0.6842105263157895,0.6842105263157895,0.7894736842105263,dataset_1,4,174,95,95,136,20.0
Global Weighted Residual STV k=1 clip=10.0,0.8158448753462604,0.7877614896167308,0.7263157894736842,0.7263157894736842,0.7263157894736842,0.7263157894736842,0.8526315789473684,dataset_1,4,174,95,95,136,20.0
Request-Aware Weighted Residual STV k=1 clip=10.0,0.8146260387811635,0.7832166155143274,0.7157894736842105,0.7157894736842105,0.7157894736842105,0.7157894736842105,0.8526315789473684,dataset_1,4,174,95,95,136,20.0
Global Residual STV k=3 clip=10.0,0.7486426592797784,0.7429929450746416,0.6842105263157895,0.6842105263157895,0.6842105263157895,0.6842105263157895,0.9157894736842105,dataset_1,4,174,95,95,136,20.0
Request-Aware Residual STV k=3 clip=10.0,0.7555124653739613,0.746483492922386,0.6947368421052632,0.6947368421052632,0.6947368421052632,0.6947368421052632,0.9157894736842105,dataset_1,4,174,95,95,136,20.0
Global Weighted Residual STV k=3 clip=10.0,0.7829362880886426,0.8100994052419166,0.6736842105263158,0.6736842105263158,0.6736842105263158,0.6736842105263158,0.9368421052631579,dataset_1,4,174,95,95,136,20.0
Request-Aware Weighted Residual STV k=3 clip=10.0,0.790803324099723,0.8146797734311093,0.6947368421052632,0.6947368421052632,0.6947368421052632,0.6947368421052632,0.9368421052631579,dataset_1,4,174,95,95,136,20.0
Global Residual STV k=5 clip=10.0,0.7424930747922438,0.7347544399647632,0.6736842105263158,0.6736842105263158,0.6736842105263158,0.6736842105263158,0.9473684210526315,dataset_1,4,174,95,95,136,20.0
Request-Aware Residual STV k=5 clip=10.0,0.7491412742382271,0.7365619565758098,0.6947368421052632,0.6947368421052632,0.6947368421052632,0.6947368421052632,0.9473684210526315,dataset_1,4,174,95,95,136,20.0
Global Weighted Residual STV k=5 clip=10.0,0.77196675900277,0.7971666725526956,0.6631578947368421,0.6631578947368421,0.6631578947368421,0.6631578947368421,0.9578947368421052,dataset_1,4,174,95,95,136,20.0
Request-Aware Weighted Residual STV k=5 clip=10.0,0.7791689750692521,0.8004270280039321,0.6842105263157895,0.6842105263157895,0.6842105263157895,0.6842105263157895,0.9578947368421052,dataset_1,4,174,95,95,136,20.0
Baseline STV + IF,0.6483870967741936,0.5836113331113331,0.56,0.56,0.56,0.56,0.64,dataset_2,4,55,31,25,132,20.0
Enhanced STV + IF,0.663225806451613,0.5977050172050172,0.64,0.64,0.64,0.64,0.56,dataset_2,4,55,31,25,132,20.0
Request-Aware Enhanced STV + IF,0.6316129032258065,0.6143803351690387,0.56,0.56,0.56,0.56,0.6,dataset_2,4,55,31,25,132,20.0
Global Residual STV k=1 clip=5.0,0.7587096774193548,0.6443790303408112,0.68,0.68,0.68,0.68,0.68,dataset_2,4,55,31,25,132,20.0
Request-Aware Residual STV k=1 clip=5.0,0.76,0.6449105918026052,0.68,0.68,0.68,0.68,0.68,dataset_2,4,55,31,25,132,20.0
Global Weighted Residual STV k=1 clip=5.0,0.7812903225806451,0.7178316085723935,0.72,0.72,0.72,0.72,0.68,dataset_2,4,55,31,25,132,20.0
Request-Aware Weighted Residual STV k=1 clip=5.0,0.7812903225806451,0.7178316085723935,0.72,0.72,0.72,0.72,0.68,dataset_2,4,55,31,25,132,20.0
Global Residual STV k=3 clip=5.0,0.7683870967741936,0.6822055644349734,0.72,0.72,0.72,0.72,0.72,dataset_2,4,55,31,25,132,20.0
Request-Aware Residual STV k=3 clip=5.0,0.772258064516129,0.6838622040706261,0.72,0.72,0.72,0.72,0.72,dataset_2,4,55,31,25,132,20.0
Global Weighted Residual STV k=3 clip=5.0,0.755483870967742,0.7243734509746176,0.68,0.68,0.68,0.68,0.72,dataset_2,4,55,31,25,132,20.0
Request-Aware Weighted Residual STV k=3 clip=5.0,0.7593548387096775,0.7238904082720627,0.68,0.68,0.68,0.68,0.72,dataset_2,4,55,31,25,132,20.0
Global Residual STV k=5 clip=5.0,0.7683870967741936,0.6822055644349734,0.72,0.72,0.72,0.72,0.72,dataset_2,4,55,31,25,132,20.0
Request-Aware Residual STV k=5 clip=5.0,0.772258064516129,0.6838622040706261,0.72,0.72,0.72,0.72,0.72,dataset_2,4,55,31,25,132,20.0
Global Weighted Residual STV k=5 clip=5.0,0.747741935483871,0.676944879546046,0.68,0.68,0.68,0.68,0.72,dataset_2,4,55,31,25,132,20.0
Request-Aware Weighted Residual STV k=5 clip=5.0,0.7516129032258065,0.6764618368434911,0.68,0.68,0.68,0.68,0.72,dataset_2,4,55,31,25,132,20.0
Global Residual STV k=1 clip=10.0,0.7606451612903227,0.6466677220412675,0.68,0.68,0.68,0.68,0.72,dataset_2,4,55,31,25,132,20.0
Request-Aware Residual STV k=1 clip=10.0,0.7619354838709678,0.6471992835030616,0.68,0.68,0.68,0.68,0.72,dataset_2,4,55,31,25,132,20.0
Global Weighted Residual STV k=1 clip=10.0,0.7638709677419355,0.6531948524985663,0.72,0.72,0.72,0.72,0.72,dataset_2,4,55,31,25,132,20.0
Request-Aware Weighted Residual STV k=1 clip=10.0,0.7638709677419355,0.6531948524985663,0.72,0.72,0.72,0.72,0.72,dataset_2,4,55,31,25,132,20.0
Global Residual STV k=3 clip=10.0,0.7651612903225806,0.6699132710879623,0.72,0.72,0.72,0.72,0.76,dataset_2,4,55,31,25,132,20.0
Request-Aware Residual STV k=3 clip=10.0,0.7690322580645161,0.6715699107236148,0.72,0.72,0.72,0.72,0.76,dataset_2,4,55,31,25,132,20.0
Global Weighted Residual STV k=3 clip=10.0,0.7625806451612903,0.7049027957039622,0.68,0.68,0.68,0.68,0.76,dataset_2,4,55,31,25,132,20.0
Request-Aware Weighted Residual STV k=3 clip=10.0,0.7651612903225806,0.7037462160120809,0.68,0.68,0.68,0.68,0.76,dataset_2,4,55,31,25,132,20.0
Global Residual STV k=5 clip=10.0,0.7625806451612903,0.6621037472784383,0.72,0.72,0.72,0.72,0.76,dataset_2,4,55,31,25,132,20.0
Request-Aware Residual STV k=5 clip=10.0,0.7664516129032257,0.663760386914091,0.72,0.72,0.72,0.72,0.76,dataset_2,4,55,31,25,132,20.0
Global Weighted Residual STV k=5 clip=10.0,0.7587096774193549,0.687632954434121,0.68,0.68,0.68,0.68,0.76,dataset_2,4,55,31,25,132,20.0
Request-Aware Weighted Residual STV k=5 clip=10.0,0.7612903225806451,0.6864763747422395,0.68,0.68,0.68,0.68,0.76,dataset_2,4,55,31,25,132,20.0
Baseline STV + IF,0.5899595687331536,0.549680733050964,0.5471698113207547,0.5471698113207547,0.5471698113207547,0.5471698113207547,0.7358490566037735,dataset_3,4,104,56,53,175,20.0
Enhanced STV + IF,0.7191711590296497,0.6450340763369994,0.660377358490566,0.660377358490566,0.660377358490566,0.660377358490566,0.6792452830188679,dataset_3,4,104,56,53,175,20.0
Request-Aware Enhanced STV + IF,0.6255053908355795,0.6423005763616703,0.5094339622641509,0.5094339622641509,0.5094339622641509,0.5094339622641509,0.6415094339622641,dataset_3,4,104,56,53,175,20.0
Global Residual STV k=1 clip=5.0,0.8069407008086253,0.7504819455752259,0.7169811320754716,0.7169811320754716,0.7169811320754716,0.7169811320754716,0.7547169811320755,dataset_3,4,104,56,53,175,20.0
Request-Aware Residual STV k=1 clip=5.0,0.8087938005390836,0.7558762342090742,0.7169811320754716,0.7169811320754716,0.7169811320754716,0.7169811320754716,0.7547169811320755,dataset_3,4,104,56,53,175,20.0
Global Weighted Residual STV k=1 clip=5.0,0.799022911051213,0.788949806509383,0.7169811320754716,0.7169811320754716,0.7169811320754716,0.7169811320754716,0.8113207547169812,dataset_3,4,104,56,53,175,20.0
Request-Aware Weighted Residual STV k=1 clip=5.0,0.7973382749326146,0.7972522992264601,0.7169811320754716,0.7169811320754716,0.7169811320754716,0.7169811320754716,0.8113207547169812,dataset_3,4,104,56,53,175,20.0
Global Residual STV k=3 clip=5.0,0.7700471698113208,0.6953888300605973,0.6981132075471698,0.6981132075471698,0.6981132075471698,0.6981132075471698,0.7547169811320755,dataset_3,4,104,56,53,175,20.0
Request-Aware Residual STV k=3 clip=5.0,0.7649932614555257,0.6923718953295878,0.6981132075471698,0.6981132075471698,0.6981132075471698,0.6981132075471698,0.7735849056603774,dataset_3,4,104,56,53,175,20.0
Global Weighted Residual STV k=3 clip=5.0,0.7649932614555256,0.76320471204425,0.660377358490566,0.660377358490566,0.660377358490566,0.660377358490566,0.7924528301886793,dataset_3,4,104,56,53,175,20.0
Request-Aware Weighted Residual STV k=3 clip=5.0,0.7596024258760108,0.7625276877880334,0.660377358490566,0.660377358490566,0.660377358490566,0.660377358490566,0.8113207547169812,dataset_3,4,104,56,53,175,20.0
Global Residual STV k=5 clip=5.0,0.7702156334231806,0.6910701891159896,0.6981132075471698,0.6981132075471698,0.6981132075471698,0.6981132075471698,0.7735849056603774,dataset_3,4,104,56,53,175,20.0
Request-Aware Residual STV k=5 clip=5.0,0.7648247978436659,0.6875755931119308,0.6981132075471698,0.6981132075471698,0.6981132075471698,0.6981132075471698,0.7924528301886793,dataset_3,4,104,56,53,175,20.0
Global Weighted Residual STV k=5 clip=5.0,0.7569070080862534,0.7368010615620201,0.660377358490566,0.660377358490566,0.660377358490566,0.660377358490566,0.7924528301886793,dataset_3,4,104,56,53,175,20.0
Request-Aware Weighted Residual STV k=5 clip=5.0,0.7508423180592992,0.7346868986351618,0.660377358490566,0.660377358490566,0.660377358490566,0.660377358490566,0.8113207547169812,dataset_3,4,104,56,53,175,20.0
Global Residual STV k=1 clip=10.0,0.8012129380053908,0.7273759479241638,0.7169811320754716,0.7169811320754716,0.7169811320754716,0.7169811320754716,0.7735849056603774,dataset_3,4,104,56,53,175,20.0
Request-Aware Residual STV k=1 clip=10.0,0.8013814016172507,0.7221503836094602,0.7169811320754716,0.7169811320754716,0.7169811320754716,0.7169811320754716,0.7735849056603774,dataset_3,4,104,56,53,175,20.0
Global Weighted Residual STV k=1 clip=10.0,0.7963274932614556,0.7757869790930432,0.7169811320754716,0.7169811320754716,0.7169811320754716,0.7169811320754716,0.8113207547169812,dataset_3,4,104,56,53,175,20.0
Request-Aware Weighted Residual STV k=1 clip=10.0,0.792621293800539,0.7612768332741014,0.7169811320754716,0.7169811320754716,0.7169811320754716,0.7169811320754716,0.8113207547169812,dataset_3,4,104,56,53,175,20.0
Global Residual STV k=3 clip=10.0,0.7847035040431267,0.7018219722615158,0.6981132075471698,0.6981132075471698,0.6981132075471698,0.6981132075471698,0.7735849056603774,dataset_3,4,104,56,53,175,20.0
Request-Aware Residual STV k=3 clip=10.0,0.780154986522911,0.7031672002929528,0.6981132075471698,0.6981132075471698,0.6981132075471698,0.6981132075471698,0.8113207547169812,dataset_3,4,104,56,53,175,20.0
Global Weighted Residual STV k=3 clip=10.0,0.7649932614555256,0.7196366133712596,0.6792452830188679,0.6792452830188679,0.6792452830188679,0.6792452830188679,0.7924528301886793,dataset_3,4,104,56,53,175,20.0
Request-Aware Weighted Residual STV k=3 clip=10.0,0.7616239892183289,0.7243742797262055,0.6792452830188679,0.6792452830188679,0.6792452830188679,0.6792452830188679,0.8301886792452831,dataset_3,4,104,56,53,175,20.0
Global Residual STV k=5 clip=10.0,0.7838611859838275,0.7007424085538186,0.6981132075471698,0.6981132075471698,0.6981132075471698,0.6981132075471698,0.7924528301886793,dataset_3,4,104,56,53,175,20.0
Request-Aware Residual STV k=5 clip=10.0,0.7788072776280324,0.6981445464697094,0.6981132075471698,0.6981132075471698,0.6981132075471698,0.6981132075471698,0.8301886792452831,dataset_3,4,104,56,53,175,20.0
Global Weighted Residual STV k=5 clip=10.0,0.7599393530997305,0.6848920091000233,0.6792452830188679,0.6792452830188679,0.6792452830188679,0.6792452830188679,0.7924528301886793,dataset_3,4,104,56,53,175,20.0
Request-Aware Weighted Residual STV k=5 clip=10.0,0.7545485175202157,0.693887865096724,0.6792452830188679,0.6792452830188679,0.6792452830188679,0.6792452830188679,0.8301886792452831,dataset_3,4,104,56,53,175,20.0
Baseline STV + IF,0.5834349030470913,0.5761748012760388,0.5789473684210527,0.5789473684210527,0.5789473684210527,0.5789473684210527,0.8947368421052632,dataset_1,0,174,95,95,150,30.0
Enhanced STV + IF,0.6890858725761773,0.6654946021761547,0.6631578947368421,0.6631578947368421,0.6631578947368421,0.6631578947368421,0.7368421052631579,dataset_1,0,174,95,95,150,30.0
Request-Aware Enhanced STV + IF,0.6474792243767313,0.7019273692577948,0.5578947368421052,0.5578947368421052,0.5578947368421052,0.5578947368421052,0.7789473684210526,dataset_1,0,174,95,95,150,30.0
Global Residual STV k=1 clip=5.0,0.8918005540166205,0.846141593267379,0.8421052631578947,0.8421052631578947,0.8421052631578947,0.8421052631578947,0.8947368421052632,dataset_1,0,174,95,95,150,30.0
Request-Aware Residual STV k=1 clip=5.0,0.8842659279778393,0.8244195423226268,0.8421052631578947,0.8421052631578947,0.8421052631578947,0.8421052631578947,0.8736842105263158,dataset_1,0,174,95,95,150,30.0
Global Weighted Residual STV k=1 clip=5.0,0.8718559556786704,0.8814264158583209,0.8,0.8,0.8,0.8,0.8947368421052632,dataset_1,0,174,95,95,150,30.0
Request-Aware Weighted Residual STV k=1 clip=5.0,0.8679778393351801,0.8692375694223712,0.8105263157894737,0.8105263157894737,0.8105263157894737,0.8105263157894737,0.8736842105263158,dataset_1,0,174,95,95,150,30.0
Global Residual STV k=3 clip=5.0,0.8464819944598337,0.8365798992044164,0.7368421052631579,0.7368421052631579,0.7368421052631579,0.7368421052631579,0.9368421052631579,dataset_1,0,174,95,95,150,30.0
Request-Aware Residual STV k=3 clip=5.0,0.8412742382271468,0.8278234696019653,0.7578947368421053,0.7578947368421053,0.7578947368421053,0.7578947368421053,0.9368421052631579,dataset_1,0,174,95,95,150,30.0
Global Weighted Residual STV k=3 clip=5.0,0.8206094182825485,0.8508948631361868,0.6947368421052632,0.6947368421052632,0.6947368421052632,0.6947368421052632,0.9368421052631579,dataset_1,0,174,95,95,150,30.0
Request-Aware Weighted Residual STV k=3 clip=5.0,0.8158448753462605,0.8422002509016095,0.6947368421052632,0.6947368421052632,0.6947368421052632,0.6947368421052632,0.9368421052631579,dataset_1,0,174,95,95,150,30.0
Global Residual STV k=5 clip=5.0,0.8368975069252077,0.8301772911910896,0.7157894736842105,0.7157894736842105,0.7157894736842105,0.7157894736842105,0.9368421052631579,dataset_1,0,174,95,95,150,30.0
Request-Aware Residual STV k=5 clip=5.0,0.8333518005540166,0.8252238700469166,0.7368421052631579,0.7368421052631579,0.7368421052631579,0.7368421052631579,0.9368421052631579,dataset_1,0,174,95,95,150,30.0
Global Weighted Residual STV k=5 clip=5.0,0.8009972299168975,0.8085060210891502,0.6631578947368421,0.6631578947368421,0.6631578947368421,0.6631578947368421,0.9368421052631579,dataset_1,0,174,95,95,150,30.0
Request-Aware Weighted Residual STV k=5 clip=5.0,0.799612188365651,0.8100919842455088,0.6842105263157895,0.6842105263157895,0.6842105263157895,0.6842105263157895,0.9473684210526315,dataset_1,0,174,95,95,150,30.0
Global Residual STV k=1 clip=10.0,0.8917451523545706,0.8462612609508793,0.8421052631578947,0.8421052631578947,0.8421052631578947,0.8421052631578947,0.9263157894736842,dataset_1,0,174,95,95,150,30.0
Request-Aware Residual STV k=1 clip=10.0,0.8857617728531856,0.8266143208800272,0.8421052631578947,0.8421052631578947,0.8421052631578947,0.8421052631578947,0.9157894736842105,dataset_1,0,174,95,95,150,30.0
Global Weighted Residual STV k=1 clip=10.0,0.8691412742382272,0.8757299126479637,0.8,0.8,0.8,0.8,0.9263157894736842,dataset_1,0,174,95,95,150,30.0
Request-Aware Weighted Residual STV k=1 clip=10.0,0.8636565096952908,0.8485583318684401,0.8210526315789474,0.8210526315789474,0.8210526315789474,0.8210526315789474,0.9157894736842105,dataset_1,0,174,95,95,150,30.0
Global Residual STV k=3 clip=10.0,0.8477008310249308,0.8298667677689098,0.7368421052631579,0.7368421052631579,0.7368421052631579,0.7368421052631579,0.9473684210526315,dataset_1,0,174,95,95,150,30.0
Request-Aware Residual STV k=3 clip=10.0,0.8406094182825484,0.8214523863959109,0.7578947368421053,0.7578947368421053,0.7578947368421053,0.7578947368421053,0.9473684210526315,dataset_1,0,174,95,95,150,30.0
Global Weighted Residual STV k=3 clip=10.0,0.8228808864265929,0.8539856144731688,0.6947368421052632,0.6947368421052632,0.6947368421052632,0.6947368421052632,0.9473684210526315,dataset_1,0,174,95,95,150,30.0
Request-Aware Weighted Residual STV k=3 clip=10.0,0.8147922437673131,0.8355784919761184,0.6947368421052632,0.6947368421052632,0.6947368421052632,0.6947368421052632,0.9473684210526315,dataset_1,0,174,95,95,150,30.0
Global Residual STV k=5 clip=10.0,0.8372853185595568,0.8231037216767689,0.7157894736842105,0.7157894736842105,0.7157894736842105,0.7157894736842105,0.9473684210526315,dataset_1,0,174,95,95,150,30.0
Request-Aware Residual STV k=5 clip=10.0,0.8306371191135734,0.8109925724925753,0.7368421052631579,0.7368421052631579,0.7368421052631579,0.7368421052631579,0.9473684210526315,dataset_1,0,174,95,95,150,30.0
Global Weighted Residual STV k=5 clip=10.0,0.8068144044321329,0.8156093558011288,0.6631578947368421,0.6631578947368421,0.6631578947368421,0.6631578947368421,0.9473684210526315,dataset_1,0,174,95,95,150,30.0
Request-Aware Weighted Residual STV k=5 clip=10.0,0.8014958448753462,0.8102164113482703,0.6842105263157895,0.6842105263157895,0.6842105263157895,0.6842105263157895,0.9473684210526315,dataset_1,0,174,95,95,150,30.0
Baseline STV + IF,0.6434331797235023,0.5913206116926301,0.6071428571428571,0.6071428571428571,0.6071428571428571,0.6071428571428571,0.8928571428571429,dataset_2,0,55,31,28,162,30.0
Enhanced STV + IF,0.630184331797235,0.612853427355838,0.6071428571428571,0.6071428571428571,0.6071428571428571,0.6071428571428571,0.5714285714285714,dataset_2,0,55,31,28,162,30.0
Request-Aware Enhanced STV + IF,0.5892857142857143,0.5943011474515822,0.5714285714285714,0.5714285714285714,0.5714285714285714,0.5714285714285714,0.5714285714285714,dataset_2,0,55,31,28,162,30.0
Global Residual STV k=1 clip=5.0,0.6284562211981566,0.6097905130371657,0.5714285714285714,0.5714285714285714,0.5714285714285714,0.5714285714285714,0.4642857142857143,dataset_2,0,55,31,28,162,30.0
Request-Aware Residual STV k=1 clip=5.0,0.6203917050691244,0.6047165056906227,0.5714285714285714,0.5714285714285714,0.5714285714285714,0.5714285714285714,0.4642857142857143,dataset_2,0,55,31,28,162,30.0
Global Weighted Residual STV k=1 clip=5.0,0.6526497695852534,0.7028015441093097,0.6071428571428571,0.6071428571428571,0.6071428571428571,0.6071428571428571,0.5,dataset_2,0,55,31,28,162,30.0
Request-Aware Weighted Residual STV k=1 clip=5.0,0.6480414746543779,0.6953539264520648,0.6071428571428571,0.6071428571428571,0.6071428571428571,0.6071428571428571,0.5,dataset_2,0,55,31,28,162,30.0
Global Residual STV k=3 clip=5.0,0.619815668202765,0.5994199276556346,0.5714285714285714,0.5714285714285714,0.5714285714285714,0.5714285714285714,0.5714285714285714,dataset_2,0,55,31,28,162,30.0
Request-Aware Residual STV k=3 clip=5.0,0.619815668202765,0.5994199276556346,0.5714285714285714,0.5714285714285714,0.5714285714285714,0.5714285714285714,0.5714285714285714,dataset_2,0,55,31,28,162,30.0
Global Weighted Residual STV k=3 clip=5.0,0.6399769585253456,0.6764281245957156,0.5714285714285714,0.5714285714285714,0.5714285714285714,0.5714285714285714,0.5714285714285714,dataset_2,0,55,31,28,162,30.0
Request-Aware Weighted Residual STV k=3 clip=5.0,0.6365207373271888,0.6745935601247659,0.5714285714285714,0.5714285714285714,0.5714285714285714,0.5714285714285714,0.5714285714285714,dataset_2,0,55,31,28,162,30.0
Global Residual STV k=5 clip=5.0,0.6169354838709677,0.6108480420249254,0.5714285714285714,0.5714285714285714,0.5714285714285714,0.5714285714285714,0.6428571428571429,dataset_2,0,55,31,28,162,30.0
Request-Aware Residual STV k=5 clip=5.0,0.6157834101382488,0.6092724117728245,0.5714285714285714,0.5714285714285714,0.5714285714285714,0.5714285714285714,0.6428571428571429,dataset_2,0,55,31,28,162,30.0
Global Weighted Residual STV k=5 clip=5.0,0.6353686635944701,0.6588797017177925,0.5714285714285714,0.5714285714285714,0.5714285714285714,0.5714285714285714,0.6428571428571429,dataset_2,0,55,31,28,162,30.0
Request-Aware Weighted Residual STV k=5 clip=5.0,0.6319124423963134,0.6570451372468428,0.5714285714285714,0.5714285714285714,0.5714285714285714,0.5714285714285714,0.6428571428571429,dataset_2,0,55,31,28,162,30.0
Global Residual STV k=1 clip=10.0,0.6169354838709677,0.5712235244701772,0.5714285714285714,0.5714285714285714,0.5714285714285714,0.5714285714285714,0.4642857142857143,dataset_2,0,55,31,28,162,30.0
Request-Aware Residual STV k=1 clip=10.0,0.6088709677419355,0.5661495171236341,0.5714285714285714,0.5714285714285714,0.5714285714285714,0.5714285714285714,0.4642857142857143,dataset_2,0,55,31,28,162,30.0
Global Weighted Residual STV k=1 clip=10.0,0.6296082949308756,0.6245132622920728,0.6071428571428571,0.6071428571428571,0.6071428571428571,0.6071428571428571,0.5,dataset_2,0,55,31,28,162,30.0
Request-Aware Weighted Residual STV k=1 clip=10.0,0.625,0.6205488966312787,0.6071428571428571,0.6071428571428571,0.6071428571428571,0.6071428571428571,0.5,dataset_2,0,55,31,28,162,30.0
Global Residual STV k=3 clip=10.0,0.6192396313364056,0.6154596768886611,0.5714285714285714,0.5714285714285714,0.5714285714285714,0.5714285714285714,0.6428571428571429,dataset_2,0,55,31,28,162,30.0
Request-Aware Residual STV k=3 clip=10.0,0.6192396313364056,0.6154596768886611,0.5714285714285714,0.5714285714285714,0.5714285714285714,0.5714285714285714,0.6428571428571429,dataset_2,0,55,31,28,162,30.0
Global Weighted Residual STV k=3 clip=10.0,0.6261520737327189,0.6267613240637007,0.5714285714285714,0.5714285714285714,0.5714285714285714,0.5714285714285714,0.6428571428571429,dataset_2,0,55,31,28,162,30.0
Request-Aware Weighted Residual STV k=3 clip=10.0,0.6226958525345622,0.624926759592751,0.5714285714285714,0.5714285714285714,0.5714285714285714,0.5714285714285714,0.6428571428571429,dataset_2,0,55,31,28,162,30.0
Global Residual STV k=5 clip=10.0,0.6175115207373272,0.6194497344501473,0.5714285714285714,0.5714285714285714,0.5714285714285714,0.5714285714285714,0.6785714285714286,dataset_2,0,55,31,28,162,30.0
Request-Aware Residual STV k=5 clip=10.0,0.6163594470046082,0.6180921738820604,0.5714285714285714,0.5714285714285714,0.5714285714285714,0.5714285714285714,0.6785714285714286,dataset_2,0,55,31,28,162,30.0
Global Weighted Residual STV k=5 clip=10.0,0.6267281105990784,0.6346221218916036,0.5714285714285714,0.5714285714285714,0.5714285714285714,0.5714285714285714,0.6785714285714286,dataset_2,0,55,31,28,162,30.0
Request-Aware Weighted Residual STV k=5 clip=10.0,0.6232718894009217,0.632787557420654,0.5714285714285714,0.5714285714285714,0.5714285714285714,0.5714285714285714,0.6785714285714286,dataset_2,0,55,31,28,162,30.0
Baseline STV + IF,0.5878507653061225,0.5754948689446602,0.5714285714285714,0.5714285714285714,0.5714285714285714,0.5714285714285714,0.8035714285714286,dataset_3,0,104,56,56,181,30.0
Enhanced STV + IF,0.6334502551020409,0.5789181647461837,0.6071428571428571,0.6071428571428571,0.6071428571428571,0.6071428571428571,0.5357142857142857,dataset_3,0,104,56,56,181,30.0
Request-Aware Enhanced STV + IF,0.5758928571428572,0.6257328305518814,0.48214285714285715,0.48214285714285715,0.48214285714285715,0.48214285714285715,0.5892857142857143,dataset_3,0,104,56,56,181,30.0
Global Residual STV k=1 clip=5.0,0.7925701530612245,0.7381361379033324,0.7321428571428571,0.7321428571428571,0.7321428571428571,0.7321428571428571,0.7678571428571429,dataset_3,0,104,56,56,181,30.0
Request-Aware Residual STV k=1 clip=5.0,0.7884247448979591,0.7368246135360198,0.7321428571428571,0.7321428571428571,0.7321428571428571,0.7321428571428571,0.7678571428571429,dataset_3,0,104,56,56,181,30.0
Global Weighted Residual STV k=1 clip=5.0,0.7850765306122449,0.7895926461001024,0.6785714285714286,0.6785714285714286,0.6785714285714286,0.6785714285714286,0.8214285714285714,dataset_3,0,104,56,56,181,30.0
Request-Aware Weighted Residual STV k=1 clip=5.0,0.7838010204081634,0.7902720324364017,0.6785714285714286,0.6785714285714286,0.6785714285714286,0.6785714285714286,0.8214285714285714,dataset_3,0,104,56,56,181,30.0
Global Residual STV k=3 clip=5.0,0.7600446428571428,0.7128712911052772,0.7142857142857143,0.7142857142857143,0.7142857142857143,0.7142857142857143,0.7857142857142857,dataset_3,0,104,56,56,181,30.0
Request-Aware Residual STV k=3 clip=5.0,0.7533482142857142,0.7098614544895018,0.6964285714285714,0.6964285714285714,0.6964285714285714,0.6964285714285714,0.7857142857142857,dataset_3,0,104,56,56,181,30.0
Global Weighted Residual STV k=3 clip=5.0,0.7520727040816326,0.7669288048263505,0.6607142857142857,0.6607142857142857,0.6607142857142857,0.6607142857142857,0.8214285714285714,dataset_3,0,104,56,56,181,30.0
Request-Aware Weighted Residual STV k=3 clip=5.0,0.7472895408163265,0.7659478003963893,0.6607142857142857,0.6607142857142857,0.6607142857142857,0.6607142857142857,0.8214285714285714,dataset_3,0,104,56,56,181,30.0
Global Residual STV k=5 clip=5.0,0.7557397959183674,0.6924897519339368,0.7142857142857143,0.7142857142857143,0.7142857142857143,0.7142857142857143,0.8035714285714286,dataset_3,0,104,56,56,181,30.0
Request-Aware Residual STV k=5 clip=5.0,0.7490433673469388,0.6894110901341288,0.6964285714285714,0.6964285714285714,0.6964285714285714,0.6964285714285714,0.8035714285714286,dataset_3,0,104,56,56,181,30.0
Global Weighted Residual STV k=5 clip=5.0,0.745216836734694,0.7190579800520824,0.6607142857142857,0.6607142857142857,0.6607142857142857,0.6607142857142857,0.8392857142857143,dataset_3,0,104,56,56,181,30.0
Request-Aware Weighted Residual STV k=5 clip=5.0,0.7397959183673469,0.7171338711075883,0.6607142857142857,0.6607142857142857,0.6607142857142857,0.6607142857142857,0.8392857142857143,dataset_3,0,104,56,56,181,30.0
Global Residual STV k=1 clip=10.0,0.7858737244897959,0.7126859475707734,0.7321428571428571,0.7321428571428571,0.7321428571428571,0.7321428571428571,0.7857142857142857,dataset_3,0,104,56,56,181,30.0
Request-Aware Residual STV k=1 clip=10.0,0.7817283163265305,0.7113744232034607,0.7321428571428571,0.7321428571428571,0.7321428571428571,0.7321428571428571,0.7857142857142857,dataset_3,0,104,56,56,181,30.0
Global Weighted Residual STV k=1 clip=10.0,0.7879464285714286,0.788574688880582,0.6785714285714286,0.6785714285714286,0.6785714285714286,0.6785714285714286,0.8571428571428571,dataset_3,0,104,56,56,181,30.0
Request-Aware Weighted Residual STV k=1 clip=10.0,0.7857142857142857,0.7879356772957493,0.6785714285714286,0.6785714285714286,0.6785714285714286,0.6785714285714286,0.8571428571428571,dataset_3,0,104,56,56,181,30.0
Global Residual STV k=3 clip=10.0,0.764030612244898,0.6978328235286207,0.7142857142857143,0.7142857142857143,0.7142857142857143,0.7142857142857143,0.7857142857142857,dataset_3,0,104,56,56,181,30.0
Request-Aware Residual STV k=3 clip=10.0,0.7608418367346939,0.6975757839604029,0.7142857142857143,0.7142857142857143,0.7142857142857143,0.7142857142857143,0.7857142857142857,dataset_3,0,104,56,56,181,30.0
Global Weighted Residual STV k=3 clip=10.0,0.7527104591836734,0.7396352622892894,0.6428571428571429,0.6428571428571429,0.6428571428571429,0.6428571428571429,0.8214285714285714,dataset_3,0,104,56,56,181,30.0
Request-Aware Weighted Residual STV k=3 clip=10.0,0.7447385204081632,0.7351863602669052,0.6428571428571429,0.6428571428571429,0.6428571428571429,0.6428571428571429,0.8214285714285714,dataset_3,0,104,56,56,181,30.0
Global Residual STV k=5 clip=10.0,0.7637117346938775,0.7010670935522244,0.7142857142857143,0.7142857142857143,0.7142857142857143,0.7142857142857143,0.8214285714285714,dataset_3,0,104,56,56,181,30.0
Request-Aware Residual STV k=5 clip=10.0,0.7605229591836734,0.7006895697314318,0.7142857142857143,0.7142857142857143,0.7142857142857143,0.7142857142857143,0.8214285714285714,dataset_3,0,104,56,56,181,30.0
Global Weighted Residual STV k=5 clip=10.0,0.7485650510204082,0.7177812180730703,0.6428571428571429,0.6428571428571429,0.6428571428571429,0.6428571428571429,0.8571428571428571,dataset_3,0,104,56,56,181,30.0
Request-Aware Weighted Residual STV k=5 clip=10.0,0.740593112244898,0.7134528677186578,0.6428571428571429,0.6428571428571429,0.6428571428571429,0.6428571428571429,0.8571428571428571,dataset_3,0,104,56,56,181,30.0
Baseline STV + IF,0.5911911357340721,0.5832270747377327,0.6,0.6,0.6,0.6,0.9368421052631579,dataset_1,1,174,95,95,150,30.0
Enhanced STV + IF,0.7249307479224376,0.6922993326985932,0.6947368421052632,0.6947368421052632,0.6947368421052632,0.6947368421052632,0.8315789473684211,dataset_1,1,174,95,95,150,30.0
Request-Aware Enhanced STV + IF,0.6685872576177285,0.7556037675721058,0.5368421052631579,0.5368421052631579,0.5368421052631579,0.5368421052631579,0.7894736842105263,dataset_1,1,174,95,95,150,30.0
Global Residual STV k=1 clip=5.0,0.8547368421052631,0.8517267596028338,0.7894736842105263,0.7894736842105263,0.7894736842105263,0.7894736842105263,0.8842105263157894,dataset_1,1,174,95,95,150,30.0
Request-Aware Residual STV k=1 clip=5.0,0.84797783933518,0.8193096550620501,0.8,0.8,0.8,0.8,0.8736842105263158,dataset_1,1,174,95,95,150,30.0
Global Weighted Residual STV k=1 clip=5.0,0.8583933518005541,0.8518341490455053,0.7894736842105263,0.7894736842105263,0.7894736842105263,0.7894736842105263,0.8947368421052632,dataset_1,1,174,95,95,150,30.0
Request-Aware Weighted Residual STV k=1 clip=5.0,0.8519667590027701,0.8156580888230058,0.7684210526315789,0.7684210526315789,0.7684210526315789,0.7684210526315789,0.8842105263157894,dataset_1,1,174,95,95,150,30.0
Global Residual STV k=3 clip=5.0,0.8126315789473683,0.8382276113784393,0.7263157894736842,0.7263157894736842,0.7263157894736842,0.7263157894736842,0.9052631578947369,dataset_1,1,174,95,95,150,30.0
Request-Aware Residual STV k=3 clip=5.0,0.8118559556786704,0.8230923897519837,0.7263157894736842,0.7263157894736842,0.7263157894736842,0.7263157894736842,0.9157894736842105,dataset_1,1,174,95,95,150,30.0
Global Weighted Residual STV k=3 clip=5.0,0.8117451523545706,0.8294956172487036,0.7578947368421053,0.7578947368421053,0.7578947368421053,0.7578947368421053,0.9157894736842105,dataset_1,1,174,95,95,150,30.0
Request-Aware Weighted Residual STV k=3 clip=5.0,0.8081994459833794,0.8093008232546582,0.7473684210526316,0.7473684210526316,0.7473684210526316,0.7473684210526316,0.9263157894736842,dataset_1,1,174,95,95,150,30.0
Global Residual STV k=5 clip=5.0,0.8004432132963989,0.8072518864790678,0.7052631578947368,0.7052631578947368,0.7052631578947368,0.7052631578947368,0.9052631578947369,dataset_1,1,174,95,95,150,30.0
Request-Aware Residual STV k=5 clip=5.0,0.7994459833795013,0.796374543782036,0.7263157894736842,0.7263157894736842,0.7263157894736842,0.7263157894736842,0.9157894736842105,dataset_1,1,174,95,95,150,30.0
Global Weighted Residual STV k=5 clip=5.0,0.7995567867036011,0.8021436399140638,0.7473684210526316,0.7473684210526316,0.7473684210526316,0.7473684210526316,0.9157894736842105,dataset_1,1,174,95,95,150,30.0
Request-Aware Weighted Residual STV k=5 clip=5.0,0.7959002770083102,0.7891005887199104,0.7368421052631579,0.7368421052631579,0.7368421052631579,0.7368421052631579,0.9263157894736842,dataset_1,1,174,95,95,150,30.0
Global Residual STV k=1 clip=10.0,0.8547368421052631,0.8517267596028338,0.7894736842105263,0.7894736842105263,0.7894736842105263,0.7894736842105263,0.8842105263157894,dataset_1,1,174,95,95,150,30.0
Request-Aware Residual STV k=1 clip=10.0,0.8465373961218836,0.8020640081447394,0.8,0.8,0.8,0.8,0.8736842105263158,dataset_1,1,174,95,95,150,30.0
Global Weighted Residual STV k=1 clip=10.0,0.8632686980609419,0.8622591943786045,0.7894736842105263,0.7894736842105263,0.7894736842105263,0.7894736842105263,0.8947368421052632,dataset_1,1,174,95,95,150,30.0
Request-Aware Weighted Residual STV k=1 clip=10.0,0.8546260387811635,0.8090971951122489,0.7789473684210526,0.7789473684210526,0.7789473684210526,0.7789473684210526,0.8842105263157894,dataset_1,1,174,95,95,150,30.0
Global Residual STV k=3 clip=10.0,0.8145152354570636,0.841572937115453,0.7263157894736842,0.7263157894736842,0.7263157894736842,0.7263157894736842,0.9052631578947369,dataset_1,1,174,95,95,150,30.0
Request-Aware Residual STV k=3 clip=10.0,0.812299168975069,0.8158095180852017,0.7263157894736842,0.7263157894736842,0.7263157894736842,0.7263157894736842,0.9157894736842105,dataset_1,1,174,95,95,150,30.0
Global Weighted Residual STV k=3 clip=10.0,0.8162880886426591,0.836518421284193,0.7578947368421053,0.7578947368421053,0.7578947368421053,0.7578947368421053,0.9157894736842105,dataset_1,1,174,95,95,150,30.0
Request-Aware Weighted Residual STV k=3 clip=10.0,0.8105263157894737,0.8000371676838474,0.7473684210526316,0.7473684210526316,0.7473684210526316,0.7473684210526316,0.9263157894736842,dataset_1,1,174,95,95,150,30.0
Global Residual STV k=5 clip=10.0,0.8036565096952909,0.8186709418800747,0.7052631578947368,0.7052631578947368,0.7052631578947368,0.7052631578947368,0.9052631578947369,dataset_1,1,174,95,95,150,30.0
Request-Aware Residual STV k=5 clip=10.0,0.8003324099722992,0.7964191681321701,0.7263157894736842,0.7263157894736842,0.7263157894736842,0.7263157894736842,0.9157894736842105,dataset_1,1,174,95,95,150,30.0
Global Weighted Residual STV k=5 clip=10.0,0.8037673130193905,0.809315995392651,0.7473684210526316,0.7473684210526316,0.7473684210526316,0.7473684210526316,0.9157894736842105,dataset_1,1,174,95,95,150,30.0
Request-Aware Weighted Residual STV k=5 clip=10.0,0.7981163434903047,0.779605379896283,0.7368421052631579,0.7368421052631579,0.7368421052631579,0.7368421052631579,0.9263157894736842,dataset_1,1,174,95,95,150,30.0
Baseline STV + IF,0.5800691244239631,0.527650985783456,0.5,0.5,0.5,0.5,0.5714285714285714,dataset_2,1,55,31,28,182,30.0
Enhanced STV + IF,0.6094470046082949,0.5741716980352776,0.6071428571428571,0.6071428571428571,0.6071428571428571,0.6071428571428571,0.4642857142857143,dataset_2,1,55,31,28,182,30.0
Request-Aware Enhanced STV + IF,0.5812211981566819,0.5572264517157528,0.5714285714285714,0.5714285714285714,0.5714285714285714,0.5714285714285714,0.42857142857142855,dataset_2,1,55,31,28,182,30.0
Global Residual STV k=1 clip=5.0,0.7183179723502303,0.6301959603011005,0.6428571428571429,0.6428571428571429,0.6428571428571429,0.6428571428571429,0.5714285714285714,dataset_2,1,55,31,28,182,30.0
Request-Aware Residual STV k=1 clip=5.0,0.7183179723502303,0.6301959603011005,0.6428571428571429,0.6428571428571429,0.6428571428571429,0.6428571428571429,0.5714285714285714,dataset_2,1,55,31,28,182,30.0
Global Weighted Residual STV k=1 clip=5.0,0.7540322580645161,0.7257322339881571,0.6785714285714286,0.6785714285714286,0.6785714285714286,0.6785714285714286,0.6428571428571429,dataset_2,1,55,31,28,182,30.0
Request-Aware Weighted Residual STV k=1 clip=5.0,0.7540322580645161,0.7257322339881571,0.6785714285714286,0.6785714285714286,0.6785714285714286,0.6785714285714286,0.6428571428571429,dataset_2,1,55,31,28,182,30.0
Global Residual STV k=3 clip=5.0,0.7102534562211982,0.6263227627901709,0.6428571428571429,0.6428571428571429,0.6428571428571429,0.6428571428571429,0.6785714285714286,dataset_2,1,55,31,28,182,30.0
Request-Aware Residual STV k=3 clip=5.0,0.7079493087557603,0.6250824919070429,0.6428571428571429,0.6428571428571429,0.6428571428571429,0.6428571428571429,0.6785714285714286,dataset_2,1,55,31,28,182,30.0
Global Weighted Residual STV k=3 clip=5.0,0.7309907834101383,0.7146833363955396,0.6785714285714286,0.6785714285714286,0.6785714285714286,0.6785714285714286,0.6785714285714286,dataset_2,1,55,31,28,182,30.0
Request-Aware Weighted Residual STV k=3 clip=5.0,0.7298387096774194,0.7140148871976786,0.6785714285714286,0.6785714285714286,0.6785714285714286,0.6785714285714286,0.6785714285714286,dataset_2,1,55,31,28,182,30.0
Global Residual STV k=5 clip=5.0,0.6952764976958525,0.6095695858797074,0.6428571428571429,0.6428571428571429,0.6428571428571429,0.6428571428571429,0.7142857142857143,dataset_2,1,55,31,28,182,30.0
Request-Aware Residual STV k=5 clip=5.0,0.6929723502304147,0.6083954794424431,0.6428571428571429,0.6428571428571429,0.6428571428571429,0.6428571428571429,0.7142857142857143,dataset_2,1,55,31,28,182,30.0
Global Weighted Residual STV k=5 clip=5.0,0.7200460829493087,0.6917807905358969,0.6428571428571429,0.6428571428571429,0.6428571428571429,0.6428571428571429,0.7142857142857143,dataset_2,1,55,31,28,182,30.0
Request-Aware Weighted Residual STV k=5 clip=5.0,0.7188940092165899,0.6911505384350566,0.6428571428571429,0.6428571428571429,0.6428571428571429,0.6428571428571429,0.7142857142857143,dataset_2,1,55,31,28,182,30.0
Global Residual STV k=1 clip=10.0,0.7085253456221198,0.6070658074302355,0.6428571428571429,0.6428571428571429,0.6428571428571429,0.6428571428571429,0.6428571428571429,dataset_2,1,55,31,28,182,30.0
Request-Aware Residual STV k=1 clip=10.0,0.7085253456221198,0.6070658074302355,0.6428571428571429,0.6428571428571429,0.6428571428571429,0.6428571428571429,0.6428571428571429,dataset_2,1,55,31,28,182,30.0
Global Weighted Residual STV k=1 clip=10.0,0.7574884792626728,0.7307783584985672,0.6785714285714286,0.6785714285714286,0.6785714285714286,0.6785714285714286,0.6428571428571429,dataset_2,1,55,31,28,182,30.0
Request-Aware Weighted Residual STV k=1 clip=10.0,0.7574884792626728,0.7307783584985672,0.6785714285714286,0.6785714285714286,0.6785714285714286,0.6785714285714286,0.6428571428571429,dataset_2,1,55,31,28,182,30.0
Global Residual STV k=3 clip=10.0,0.711405529953917,0.634794471394624,0.6071428571428571,0.6071428571428571,0.6071428571428571,0.6071428571428571,0.7142857142857143,dataset_2,1,55,31,28,182,30.0
Request-Aware Residual STV k=3 clip=10.0,0.7091013824884792,0.6335542005114959,0.6071428571428571,0.6071428571428571,0.6071428571428571,0.6071428571428571,0.7142857142857143,dataset_2,1,55,31,28,182,30.0
Global Weighted Residual STV k=3 clip=10.0,0.7275345622119817,0.6976659347239467,0.6428571428571429,0.6428571428571429,0.6428571428571429,0.6428571428571429,0.7142857142857143,dataset_2,1,55,31,28,182,30.0
Request-Aware Weighted Residual STV k=3 clip=10.0,0.7263824884792627,0.6970423519575067,0.6428571428571429,0.6428571428571429,0.6428571428571429,0.6428571428571429,0.7142857142857143,dataset_2,1,55,31,28,182,30.0
Global Residual STV k=5 clip=10.0,0.6981566820276498,0.6256716979778703,0.6071428571428571,0.6071428571428571,0.6071428571428571,0.6071428571428571,0.75,dataset_2,1,55,31,28,182,30.0
Request-Aware Residual STV k=5 clip=10.0,0.695852534562212,0.6244975915406059,0.6071428571428571,0.6071428571428571,0.6071428571428571,0.6071428571428571,0.75,dataset_2,1,55,31,28,182,30.0
Global Weighted Residual STV k=5 clip=10.0,0.7096774193548387,0.6442200008668608,0.6428571428571429,0.6428571428571429,0.6428571428571429,0.6428571428571429,0.75,dataset_2,1,55,31,28,182,30.0
Request-Aware Weighted Residual STV k=5 clip=10.0,0.7085253456221199,0.6435964181004208,0.6428571428571429,0.6428571428571429,0.6428571428571429,0.6428571428571429,0.75,dataset_2,1,55,31,28,182,30.0
Baseline STV + IF,0.5987196765498652,0.5635067457717937,0.5849056603773585,0.5849056603773585,0.5849056603773585,0.5849056603773585,0.8113207547169812,dataset_3,1,104,56,53,180,30.0
Enhanced STV + IF,0.6822776280323449,0.6655694364656791,0.6415094339622641,0.6415094339622641,0.6415094339622641,0.6415094339622641,0.6415094339622641,dataset_3,1,104,56,53,180,30.0
Request-Aware Enhanced STV + IF,0.6398247978436657,0.6495060688366994,0.5471698113207547,0.5471698113207547,0.5471698113207547,0.5471698113207547,0.6981132075471698,dataset_3,1,104,56,53,180,30.0
Global Residual STV k=1 clip=5.0,0.869777628032345,0.8329755249440529,0.8113207547169812,0.8113207547169812,0.8113207547169812,0.8113207547169812,0.8679245283018868,dataset_3,1,104,56,53,180,30.0
Request-Aware Residual STV k=1 clip=5.0,0.8623652291105122,0.8279211112531251,0.7924528301886793,0.7924528301886793,0.7924528301886793,0.7924528301886793,0.8679245283018868,dataset_3,1,104,56,53,180,30.0
Global Weighted Residual STV k=1 clip=5.0,0.8640498652291105,0.8656315712052338,0.8113207547169812,0.8113207547169812,0.8113207547169812,0.8113207547169812,0.8867924528301887,dataset_3,1,104,56,53,180,30.0
Request-Aware Weighted Residual STV k=1 clip=5.0,0.860343665768194,0.8621723018583975,0.8113207547169812,0.8113207547169812,0.8113207547169812,0.8113207547169812,0.8867924528301887,dataset_3,1,104,56,53,180,30.0
Global Residual STV k=3 clip=5.0,0.8350741239892183,0.8077772922349556,0.7735849056603774,0.7735849056603774,0.7735849056603774,0.7735849056603774,0.9056603773584906,dataset_3,1,104,56,53,180,30.0
Request-Aware Residual STV k=3 clip=5.0,0.8347371967654985,0.8087990002144564,0.7735849056603774,0.7735849056603774,0.7735849056603774,0.7735849056603774,0.9056603773584906,dataset_3,1,104,56,53,180,30.0
Global Weighted Residual STV k=3 clip=5.0,0.831367924528302,0.8526073968120266,0.7735849056603774,0.7735849056603774,0.7735849056603774,0.7735849056603774,0.9245283018867925,dataset_3,1,104,56,53,180,30.0
Request-Aware Weighted Residual STV k=3 clip=5.0,0.8263140161725068,0.8511323863495699,0.7735849056603774,0.7735849056603774,0.7735849056603774,0.7735849056603774,0.9245283018867925,dataset_3,1,104,56,53,180,30.0
Global Residual STV k=5 clip=5.0,0.8232816711590297,0.7733289331028296,0.7547169811320755,0.7547169811320755,0.7547169811320755,0.7547169811320755,0.9056603773584906,dataset_3,1,104,56,53,180,30.0
Request-Aware Residual STV k=5 clip=5.0,0.8222708894878706,0.7729426107624965,0.7547169811320755,0.7547169811320755,0.7547169811320755,0.7547169811320755,0.9056603773584906,dataset_3,1,104,56,53,180,30.0
Global Weighted Residual STV k=5 clip=5.0,0.8219339622641509,0.8313511814225358,0.7547169811320755,0.7547169811320755,0.7547169811320755,0.7547169811320755,0.9245283018867925,dataset_3,1,104,56,53,180,30.0
Request-Aware Weighted Residual STV k=5 clip=5.0,0.8172169811320755,0.8290583355208432,0.7547169811320755,0.7547169811320755,0.7547169811320755,0.7547169811320755,0.9245283018867925,dataset_3,1,104,56,53,180,30.0
Global Residual STV k=1 clip=10.0,0.8611859838274933,0.783190830246415,0.8113207547169812,0.8113207547169812,0.8113207547169812,0.8113207547169812,0.8679245283018868,dataset_3,1,104,56,53,180,30.0
Request-Aware Residual STV k=1 clip=10.0,0.8537735849056602,0.7781364165554872,0.7924528301886793,0.7924528301886793,0.7924528301886793,0.7924528301886793,0.8679245283018868,dataset_3,1,104,56,53,180,30.0
Global Weighted Residual STV k=1 clip=10.0,0.8532681940700809,0.8088976082563474,0.8113207547169812,0.8113207547169812,0.8113207547169812,0.8113207547169812,0.8867924528301887,dataset_3,1,104,56,53,180,30.0
Request-Aware Weighted Residual STV k=1 clip=10.0,0.8502358490566038,0.8062660548070729,0.8113207547169812,0.8113207547169812,0.8113207547169812,0.8113207547169812,0.8867924528301887,dataset_3,1,104,56,53,180,30.0
Global Residual STV k=3 clip=10.0,0.8344002695417789,0.7923503906549775,0.7735849056603774,0.7735849056603774,0.7735849056603774,0.7735849056603774,0.9056603773584906,dataset_3,1,104,56,53,180,30.0
Request-Aware Residual STV k=3 clip=10.0,0.8344002695417789,0.7936988429541164,0.7735849056603774,0.7735849056603774,0.7735849056603774,0.7735849056603774,0.9056603773584906,dataset_3,1,104,56,53,180,30.0
Global Weighted Residual STV k=3 clip=10.0,0.8242924528301887,0.8243480090543471,0.7735849056603774,0.7735849056603774,0.7735849056603774,0.7735849056603774,0.9245283018867925,dataset_3,1,104,56,53,180,30.0
Request-Aware Weighted Residual STV k=3 clip=10.0,0.8185646900269543,0.8213297011799898,0.7735849056603774,0.7735849056603774,0.7735849056603774,0.7735849056603774,0.9245283018867925,dataset_3,1,104,56,53,180,30.0
Global Residual STV k=5 clip=10.0,0.8251347708894878,0.7858173552118761,0.7547169811320755,0.7547169811320755,0.7547169811320755,0.7547169811320755,0.9245283018867925,dataset_3,1,104,56,53,180,30.0
Request-Aware Residual STV k=5 clip=10.0,0.8244609164420486,0.7859931746734014,0.7547169811320755,0.7547169811320755,0.7547169811320755,0.7547169811320755,0.9245283018867925,dataset_3,1,104,56,53,180,30.0
Global Weighted Residual STV k=5 clip=10.0,0.8200808625336928,0.802051769325618,0.7547169811320755,0.7547169811320755,0.7547169811320755,0.7547169811320755,0.9433962264150944,dataset_3,1,104,56,53,180,30.0
Request-Aware Weighted Residual STV k=5 clip=10.0,0.8153638814016172,0.7997536377214608,0.7547169811320755,0.7547169811320755,0.7547169811320755,0.7547169811320755,0.9433962264150944,dataset_3,1,104,56,53,180,30.0
Baseline STV + IF,0.6107479224376731,0.590478553905988,0.6421052631578947,0.6421052631578947,0.6421052631578947,0.6421052631578947,0.8736842105263158,dataset_1,2,174,95,95,150,30.0
Enhanced STV + IF,0.7110803324099721,0.7009483393230824,0.6736842105263158,0.6736842105263158,0.6736842105263158,0.6736842105263158,0.7578947368421053,dataset_1,2,174,95,95,150,30.0
Request-Aware Enhanced STV + IF,0.6602770083102493,0.6935761676430052,0.5578947368421052,0.5578947368421052,0.5578947368421052,0.5578947368421052,0.7789473684210526,dataset_1,2,174,95,95,150,30.0
Global Residual STV k=1 clip=5.0,0.8451523545706371,0.7733555412294351,0.7894736842105263,0.7894736842105263,0.7894736842105263,0.7894736842105263,0.8105263157894737,dataset_1,2,174,95,95,150,30.0
Request-Aware Residual STV k=1 clip=5.0,0.8402770083102493,0.7486979686512338,0.8210526315789474,0.8210526315789474,0.8210526315789474,0.8210526315789474,0.8,dataset_1,2,174,95,95,150,30.0
Global Weighted Residual STV k=1 clip=5.0,0.8753462603878116,0.8707406178796723,0.8,0.8,0.8,0.8,0.8842105263157894,dataset_1,2,174,95,95,150,30.0
Request-Aware Weighted Residual STV k=1 clip=5.0,0.8774515235457064,0.8555290924743725,0.8105263157894737,0.8105263157894737,0.8105263157894737,0.8105263157894737,0.8736842105263158,dataset_1,2,174,95,95,150,30.0
Global Residual STV k=3 clip=5.0,0.8277008310249306,0.8011349503831912,0.7473684210526316,0.7473684210526316,0.7473684210526316,0.7473684210526316,0.8947368421052632,dataset_1,2,174,95,95,150,30.0
Request-Aware Residual STV k=3 clip=5.0,0.8233240997229917,0.7893322572371738,0.7578947368421053,0.7578947368421053,0.7578947368421053,0.7578947368421053,0.9052631578947369,dataset_1,2,174,95,95,150,30.0
Global Weighted Residual STV k=3 clip=5.0,0.8300277008310251,0.8564632251884619,0.7578947368421053,0.7578947368421053,0.7578947368421053,0.7578947368421053,0.9052631578947369,dataset_1,2,174,95,95,150,30.0
Request-Aware Weighted Residual STV k=3 clip=5.0,0.8289196675900277,0.8451914290652912,0.7473684210526316,0.7473684210526316,0.7473684210526316,0.7473684210526316,0.9157894736842105,dataset_1,2,174,95,95,150,30.0
Global Residual STV k=5 clip=5.0,0.815623268698061,0.7921417087521945,0.7473684210526316,0.7473684210526316,0.7473684210526316,0.7473684210526316,0.9157894736842105,dataset_1,2,174,95,95,150,30.0
Request-Aware Residual STV k=5 clip=5.0,0.8133518005540167,0.7844580216515319,0.7578947368421053,0.7578947368421053,0.7578947368421053,0.7578947368421053,0.9263157894736842,dataset_1,2,174,95,95,150,30.0
Global Weighted Residual STV k=5 clip=5.0,0.8146260387811635,0.8256232606468906,0.7263157894736842,0.7263157894736842,0.7263157894736842,0.7263157894736842,0.9157894736842105,dataset_1,2,174,95,95,150,30.0
Request-Aware Weighted Residual STV k=5 clip=5.0,0.8165096952908586,0.8230210676340255,0.7368421052631579,0.7368421052631579,0.7368421052631579,0.7368421052631579,0.9263157894736842,dataset_1,2,174,95,95,150,30.0
Global Residual STV k=1 clip=10.0,0.837562326869806,0.7408530479743132,0.7894736842105263,0.7894736842105263,0.7894736842105263,0.7894736842105263,0.8421052631578947,dataset_1,2,174,95,95,150,30.0
Request-Aware Residual STV k=1 clip=10.0,0.8373407202216067,0.7394936508504091,0.8210526315789474,0.8210526315789474,0.8210526315789474,0.8210526315789474,0.8526315789473684,dataset_1,2,174,95,95,150,30.0
Global Weighted Residual STV k=1 clip=10.0,0.8463157894736842,0.7914602227065267,0.8,0.8,0.8,0.8,0.9052631578947369,dataset_1,2,174,95,95,150,30.0
Request-Aware Weighted Residual STV k=1 clip=10.0,0.847590027700831,0.7968688267826621,0.8105263157894737,0.8105263157894737,0.8105263157894737,0.8105263157894737,0.9157894736842105,dataset_1,2,174,95,95,150,30.0
Global Residual STV k=3 clip=10.0,0.8118559556786703,0.759642569816354,0.7473684210526316,0.7473684210526316,0.7473684210526316,0.7473684210526316,0.9157894736842105,dataset_1,2,174,95,95,150,30.0
Request-Aware Residual STV k=3 clip=10.0,0.8066481994459834,0.7508591065395255,0.7578947368421053,0.7578947368421053,0.7578947368421053,0.7578947368421053,0.9263157894736842,dataset_1,2,174,95,95,150,30.0
Global Weighted Residual STV k=3 clip=10.0,0.8141828254847645,0.8069844097785251,0.7578947368421053,0.7578947368421053,0.7578947368421053,0.7578947368421053,0.9263157894736842,dataset_1,2,174,95,95,150,30.0
Request-Aware Weighted Residual STV k=3 clip=10.0,0.8122991689750693,0.8031412454120787,0.7473684210526316,0.7473684210526316,0.7473684210526316,0.7473684210526316,0.9368421052631579,dataset_1,2,174,95,95,150,30.0
Global Residual STV k=5 clip=10.0,0.8018836565096953,0.7561894613704867,0.7473684210526316,0.7473684210526316,0.7473684210526316,0.7473684210526316,0.9263157894736842,dataset_1,2,174,95,95,150,30.0
Request-Aware Residual STV k=5 clip=10.0,0.7984487534626039,0.7517629049762412,0.7578947368421053,0.7578947368421053,0.7578947368421053,0.7578947368421053,0.9368421052631579,dataset_1,2,174,95,95,150,30.0
Global Weighted Residual STV k=5 clip=10.0,0.8054293628808864,0.7907618362525344,0.7263157894736842,0.7263157894736842,0.7263157894736842,0.7263157894736842,0.9263157894736842,dataset_1,2,174,95,95,150,30.0
Request-Aware Weighted Residual STV k=5 clip=10.0,0.8046537396121883,0.7873883398695647,0.7473684210526316,0.7473684210526316,0.7473684210526316,0.7473684210526316,0.9368421052631579,dataset_1,2,174,95,95,150,30.0
Baseline STV + IF,0.6544665012406948,0.6106339483889024,0.5384615384615384,0.5384615384615384,0.5384615384615384,0.5384615384615384,0.7692307692307693,dataset_2,2,55,31,26,181,30.0
Enhanced STV + IF,0.6569478908188585,0.5917137801000091,0.6153846153846154,0.6153846153846154,0.6153846153846154,0.6153846153846154,0.6153846153846154,dataset_2,2,55,31,26,181,30.0
Request-Aware Enhanced STV + IF,0.6296526054590571,0.5847781089235468,0.5769230769230769,0.5769230769230769,0.5769230769230769,0.5769230769230769,0.6153846153846154,dataset_2,2,55,31,26,181,30.0
Global Residual STV k=1 clip=5.0,0.7506203473945409,0.6469081834403607,0.6153846153846154,0.6153846153846154,0.6153846153846154,0.6153846153846154,0.7307692307692307,dataset_2,2,55,31,26,181,30.0
Request-Aware Residual STV k=1 clip=5.0,0.7431761786600496,0.6293271125504664,0.6153846153846154,0.6153846153846154,0.6153846153846154,0.6153846153846154,0.6923076923076923,dataset_2,2,55,31,26,181,30.0
Global Weighted Residual STV k=1 clip=5.0,0.793424317617866,0.752161648383463,0.6923076923076923,0.6923076923076923,0.6923076923076923,0.6923076923076923,0.7307692307692307,dataset_2,2,55,31,26,181,30.0
Request-Aware Weighted Residual STV k=1 clip=5.0,0.7853598014888338,0.723794502708625,0.6923076923076923,0.6923076923076923,0.6923076923076923,0.6923076923076923,0.6923076923076923,dataset_2,2,55,31,26,181,30.0
Global Residual STV k=3 clip=5.0,0.7295285359801489,0.7043295727558481,0.6153846153846154,0.6153846153846154,0.6153846153846154,0.6153846153846154,0.8461538461538461,dataset_2,2,55,31,26,181,30.0
Request-Aware Residual STV k=3 clip=5.0,0.7245657568238213,0.6941269548609226,0.6153846153846154,0.6153846153846154,0.6153846153846154,0.6153846153846154,0.8461538461538461,dataset_2,2,55,31,26,181,30.0
Global Weighted Residual STV k=3 clip=5.0,0.7295285359801489,0.7212012047434452,0.5769230769230769,0.5769230769230769,0.5769230769230769,0.5769230769230769,0.8461538461538461,dataset_2,2,55,31,26,181,30.0
Request-Aware Weighted Residual STV k=3 clip=5.0,0.7233250620347395,0.7097185634531116,0.5769230769230769,0.5769230769230769,0.5769230769230769,0.5769230769230769,0.8461538461538461,dataset_2,2,55,31,26,181,30.0
Global Residual STV k=5 clip=5.0,0.71712158808933,0.6509870819133573,0.6153846153846154,0.6153846153846154,0.6153846153846154,0.6153846153846154,0.8461538461538461,dataset_2,2,55,31,26,181,30.0
Request-Aware Residual STV k=5 clip=5.0,0.7133995037220844,0.6439895922235599,0.6153846153846154,0.6153846153846154,0.6153846153846154,0.6153846153846154,0.8461538461538461,dataset_2,2,55,31,26,181,30.0
Global Weighted Residual STV k=5 clip=5.0,0.718362282878412,0.6824191534613939,0.5769230769230769,0.5769230769230769,0.5769230769230769,0.5769230769230769,0.8461538461538461,dataset_2,2,55,31,26,181,30.0
Request-Aware Weighted Residual STV k=5 clip=5.0,0.7133995037220844,0.6757442044787526,0.5769230769230769,0.5769230769230769,0.5769230769230769,0.5769230769230769,0.8461538461538461,dataset_2,2,55,31,26,181,30.0
Global Residual STV k=1 clip=10.0,0.7462779156327543,0.6313442601841299,0.6153846153846154,0.6153846153846154,0.6153846153846154,0.6153846153846154,0.7307692307692307,dataset_2,2,55,31,26,181,30.0
Request-Aware Residual STV k=1 clip=10.0,0.7437965260545906,0.6281862662173123,0.6153846153846154,0.6153846153846154,0.6153846153846154,0.6153846153846154,0.7307692307692307,dataset_2,2,55,31,26,181,30.0
Global Weighted Residual STV k=1 clip=10.0,0.7785359801488834,0.6661847796011644,0.6923076923076923,0.6923076923076923,0.6923076923076923,0.6923076923076923,0.7307692307692307,dataset_2,2,55,31,26,181,30.0
Request-Aware Weighted Residual STV k=1 clip=10.0,0.7735732009925559,0.6731028445017847,0.6923076923076923,0.6923076923076923,0.6923076923076923,0.6923076923076923,0.7307692307692307,dataset_2,2,55,31,26,181,30.0
Global Residual STV k=3 clip=10.0,0.7258064516129032,0.6811766460604113,0.6153846153846154,0.6153846153846154,0.6153846153846154,0.6153846153846154,0.8461538461538461,dataset_2,2,55,31,26,181,30.0
Request-Aware Residual STV k=3 clip=10.0,0.7233250620347396,0.6780186520935937,0.6153846153846154,0.6153846153846154,0.6153846153846154,0.6153846153846154,0.8461538461538461,dataset_2,2,55,31,26,181,30.0
Global Weighted Residual STV k=3 clip=10.0,0.7258064516129032,0.6985957178188807,0.5769230769230769,0.5769230769230769,0.5769230769230769,0.5769230769230769,0.8461538461538461,dataset_2,2,55,31,26,181,30.0
Request-Aware Weighted Residual STV k=3 clip=10.0,0.71712158808933,0.685777537381922,0.5769230769230769,0.5769230769230769,0.5769230769230769,0.5769230769230769,0.8461538461538461,dataset_2,2,55,31,26,181,30.0
Global Residual STV k=5 clip=10.0,0.7196029776674938,0.6585406282320857,0.6153846153846154,0.6153846153846154,0.6153846153846154,0.6153846153846154,0.8461538461538461,dataset_2,2,55,31,26,181,30.0
Request-Aware Residual STV k=5 clip=10.0,0.7196029776674939,0.666600582983217,0.6153846153846154,0.6153846153846154,0.6153846153846154,0.6153846153846154,0.8461538461538461,dataset_2,2,55,31,26,181,30.0
Global Weighted Residual STV k=5 clip=10.0,0.7196029776674938,0.670125256656112,0.5769230769230769,0.5769230769230769,0.5769230769230769,0.5769230769230769,0.8461538461538461,dataset_2,2,55,31,26,181,30.0
Request-Aware Weighted Residual STV k=5 clip=10.0,0.7133995037220844,0.6700019667986592,0.5769230769230769,0.5769230769230769,0.5769230769230769,0.5769230769230769,0.8461538461538461,dataset_2,2,55,31,26,181,30.0
Baseline STV + IF,0.6272727272727273,0.592320699325359,0.6181818181818182,0.6181818181818182,0.6181818181818182,0.6181818181818182,0.9272727272727272,dataset_3,2,104,56,55,178,30.0
Enhanced STV + IF,0.7462662337662339,0.6810710438771805,0.7636363636363637,0.7636363636363637,0.7636363636363637,0.7636363636363637,0.8727272727272727,dataset_3,2,104,56,55,178,30.0
Request-Aware Enhanced STV + IF,0.6603896103896103,0.6783139245319146,0.5272727272727272,0.5272727272727272,0.5272727272727272,0.5272727272727272,0.8363636363636363,dataset_3,2,104,56,55,178,30.0
Global Residual STV k=1 clip=5.0,0.8540584415584416,0.8615493941392125,0.7818181818181819,0.7818181818181819,0.7818181818181819,0.7818181818181819,0.8363636363636363,dataset_3,2,104,56,55,178,30.0
Request-Aware Residual STV k=1 clip=5.0,0.849512987012987,0.8576655952368434,0.7636363636363637,0.7636363636363637,0.7636363636363637,0.7636363636363637,0.8363636363636363,dataset_3,2,104,56,55,178,30.0
Global Weighted Residual STV k=1 clip=5.0,0.8297077922077921,0.8590003767612083,0.7636363636363637,0.7636363636363637,0.7636363636363637,0.7636363636363637,0.8545454545454545,dataset_3,2,104,56,55,178,30.0
Request-Aware Weighted Residual STV k=1 clip=5.0,0.8267857142857142,0.8557984002406002,0.7636363636363637,0.7636363636363637,0.7636363636363637,0.7636363636363637,0.8545454545454545,dataset_3,2,104,56,55,178,30.0
Global Residual STV k=3 clip=5.0,0.8064935064935064,0.8296187515261083,0.7090909090909091,0.7090909090909091,0.7090909090909091,0.7090909090909091,0.8909090909090909,dataset_3,2,104,56,55,178,30.0
Request-Aware Residual STV k=3 clip=5.0,0.8061688311688311,0.8287901736337719,0.7090909090909091,0.7090909090909091,0.7090909090909091,0.7090909090909091,0.8909090909090909,dataset_3,2,104,56,55,178,30.0
Global Weighted Residual STV k=3 clip=5.0,0.7701298701298701,0.8083170996996024,0.6545454545454545,0.6545454545454545,0.6545454545454545,0.6545454545454545,0.8909090909090909,dataset_3,2,104,56,55,178,30.0
Request-Aware Weighted Residual STV k=3 clip=5.0,0.7698051948051947,0.8079260082255506,0.6727272727272727,0.6727272727272727,0.6727272727272727,0.6727272727272727,0.8909090909090909,dataset_3,2,104,56,55,178,30.0
Global Residual STV k=5 clip=5.0,0.7944805194805195,0.7867812542216941,0.7090909090909091,0.7090909090909091,0.7090909090909091,0.7090909090909091,0.8909090909090909,dataset_3,2,104,56,55,178,30.0
Request-Aware Residual STV k=5 clip=5.0,0.7938311688311688,0.7854589927630934,0.7090909090909091,0.7090909090909091,0.7090909090909091,0.7090909090909091,0.8909090909090909,dataset_3,2,104,56,55,178,30.0
Global Weighted Residual STV k=5 clip=5.0,0.7665584415584414,0.8029332422433931,0.6545454545454545,0.6545454545454545,0.6545454545454545,0.6545454545454545,0.8909090909090909,dataset_3,2,104,56,55,178,30.0
Request-Aware Weighted Residual STV k=5 clip=5.0,0.7659090909090909,0.8022802539465268,0.6545454545454545,0.6545454545454545,0.6545454545454545,0.6545454545454545,0.8909090909090909,dataset_3,2,104,56,55,178,30.0
Global Residual STV k=1 clip=10.0,0.8540584415584416,0.8615493941392126,0.7818181818181819,0.7818181818181819,0.7818181818181819,0.7818181818181819,0.8363636363636363,dataset_3,2,104,56,55,178,30.0
Request-Aware Residual STV k=1 clip=10.0,0.849512987012987,0.8576655952368435,0.7636363636363637,0.7636363636363637,0.7636363636363637,0.7636363636363637,0.8363636363636363,dataset_3,2,104,56,55,178,30.0
Global Weighted Residual STV k=1 clip=10.0,0.8303571428571429,0.8603832531440847,0.7636363636363637,0.7636363636363637,0.7636363636363637,0.7636363636363637,0.8545454545454545,dataset_3,2,104,56,55,178,30.0
Request-Aware Weighted Residual STV k=1 clip=10.0,0.8274350649350649,0.8572034766456766,0.7636363636363637,0.7636363636363637,0.7636363636363637,0.7636363636363637,0.8545454545454545,dataset_3,2,104,56,55,178,30.0
Global Residual STV k=3 clip=10.0,0.8090909090909091,0.8339099930985086,0.7090909090909091,0.7090909090909091,0.7090909090909091,0.7090909090909091,0.8909090909090909,dataset_3,2,104,56,55,178,30.0
Request-Aware Residual STV k=3 clip=10.0,0.8087662337662338,0.833132558430724,0.7090909090909091,0.7090909090909091,0.7090909090909091,0.7090909090909091,0.8909090909090909,dataset_3,2,104,56,55,178,30.0
Global Weighted Residual STV k=3 clip=10.0,0.7769480519480518,0.8162346903135457,0.6545454545454545,0.6545454545454545,0.6545454545454545,0.6545454545454545,0.8909090909090909,dataset_3,2,104,56,55,178,30.0
Request-Aware Weighted Residual STV k=3 clip=10.0,0.7762987012987013,0.8156482461026392,0.6727272727272727,0.6727272727272727,0.6727272727272727,0.6727272727272727,0.8909090909090909,dataset_3,2,104,56,55,178,30.0
Global Residual STV k=5 clip=10.0,0.8,0.8072525557274209,0.7090909090909091,0.7090909090909091,0.7090909090909091,0.7090909090909091,0.8909090909090909,dataset_3,2,104,56,55,178,30.0
Request-Aware Residual STV k=5 clip=10.0,0.7993506493506494,0.8059875569050302,0.7090909090909091,0.7090909090909091,0.7090909090909091,0.7090909090909091,0.8909090909090909,dataset_3,2,104,56,55,178,30.0
Global Weighted Residual STV k=5 clip=10.0,0.7746753246753246,0.8111074831003645,0.6727272727272727,0.6727272727272727,0.6727272727272727,0.6727272727272727,0.8909090909090909,dataset_3,2,104,56,55,178,30.0
Request-Aware Weighted Residual STV k=5 clip=10.0,0.7737012987012987,0.8102894917888267,0.6727272727272727,0.6727272727272727,0.6727272727272727,0.6727272727272727,0.8909090909090909,dataset_3,2,104,56,55,178,30.0
Baseline STV + IF,0.5793351800554016,0.560135519332814,0.5789473684210527,0.5789473684210527,0.5789473684210527,0.5789473684210527,0.8842105263157894,dataset_1,3,174,95,95,137,30.0
Enhanced STV + IF,0.6996675900277007,0.6379051780174663,0.6842105263157895,0.6842105263157895,0.6842105263157895,0.6842105263157895,0.8315789473684211,dataset_1,3,174,95,95,137,30.0
Request-Aware Enhanced STV + IF,0.6645429362880887,0.6989625279633602,0.6210526315789474,0.6210526315789474,0.6210526315789474,0.6210526315789474,0.7684210526315789,dataset_1,3,174,95,95,137,30.0
Global Residual STV k=1 clip=5.0,0.8154016620498614,0.7338375423494219,0.7684210526315789,0.7684210526315789,0.7684210526315789,0.7684210526315789,0.7894736842105263,dataset_1,3,174,95,95,137,30.0
Request-Aware Residual STV k=1 clip=5.0,0.8047091412742382,0.7135180485308521,0.7789473684210526,0.7789473684210526,0.7789473684210526,0.7789473684210526,0.7684210526315789,dataset_1,3,174,95,95,137,30.0
Global Weighted Residual STV k=1 clip=5.0,0.8688642659279778,0.8717776142448878,0.8105263157894737,0.8105263157894737,0.8105263157894737,0.8105263157894737,0.7894736842105263,dataset_1,3,174,95,95,137,30.0
Request-Aware Weighted Residual STV k=1 clip=5.0,0.8650969529085872,0.8567699976173325,0.8,0.8,0.8,0.8,0.7684210526315789,dataset_1,3,174,95,95,137,30.0
Global Residual STV k=3 clip=5.0,0.7911357340720222,0.72403450700778,0.7368421052631579,0.7368421052631579,0.7368421052631579,0.7368421052631579,0.8631578947368421,dataset_1,3,174,95,95,137,30.0
Request-Aware Residual STV k=3 clip=5.0,0.7867590027700831,0.7242398408169377,0.7263157894736842,0.7263157894736842,0.7263157894736842,0.7263157894736842,0.8631578947368421,dataset_1,3,174,95,95,137,30.0
Global Weighted Residual STV k=3 clip=5.0,0.827202216066482,0.8465239307887276,0.7263157894736842,0.7263157894736842,0.7263157894736842,0.7263157894736842,0.8631578947368421,dataset_1,3,174,95,95,137,30.0
Request-Aware Weighted Residual STV k=3 clip=5.0,0.8233240997229916,0.8381570814064017,0.7052631578947368,0.7052631578947368,0.7052631578947368,0.7052631578947368,0.8842105263157894,dataset_1,3,174,95,95,137,30.0
Global Residual STV k=5 clip=5.0,0.7694736842105263,0.6873981744877802,0.7052631578947368,0.7052631578947368,0.7052631578947368,0.7052631578947368,0.8631578947368421,dataset_1,3,174,95,95,137,30.0
Request-Aware Residual STV k=5 clip=5.0,0.7662603878116343,0.6848860795363539,0.7052631578947368,0.7052631578947368,0.7052631578947368,0.7052631578947368,0.8631578947368421,dataset_1,3,174,95,95,137,30.0
Global Weighted Residual STV k=5 clip=5.0,0.7989473684210526,0.7918514425852216,0.7052631578947368,0.7052631578947368,0.7052631578947368,0.7052631578947368,0.8631578947368421,dataset_1,3,174,95,95,137,30.0
Request-Aware Weighted Residual STV k=5 clip=5.0,0.7970637119113573,0.7949294840641171,0.6842105263157895,0.6842105263157895,0.6842105263157895,0.6842105263157895,0.8842105263157894,dataset_1,3,174,95,95,137,30.0
Global Residual STV k=1 clip=10.0,0.8062049861495845,0.7014045746106219,0.7684210526315789,0.7684210526315789,0.7684210526315789,0.7684210526315789,0.8105263157894737,dataset_1,3,174,95,95,137,30.0
Request-Aware Residual STV k=1 clip=10.0,0.7981163434903047,0.6945172231101259,0.7789473684210526,0.7789473684210526,0.7789473684210526,0.7789473684210526,0.8105263157894737,dataset_1,3,174,95,95,137,30.0
Global Weighted Residual STV k=1 clip=10.0,0.8322437673130194,0.8073777400581659,0.7789473684210526,0.7789473684210526,0.7789473684210526,0.7789473684210526,0.8105263157894737,dataset_1,3,174,95,95,137,30.0
Request-Aware Weighted Residual STV k=1 clip=10.0,0.8212742382271467,0.7796107203241305,0.7789473684210526,0.7789473684210526,0.7789473684210526,0.7789473684210526,0.8105263157894737,dataset_1,3,174,95,95,137,30.0
Global Residual STV k=3 clip=10.0,0.785152354570637,0.6989901445961219,0.7368421052631579,0.7368421052631579,0.7368421052631579,0.7368421052631579,0.8736842105263158,dataset_1,3,174,95,95,137,30.0
Request-Aware Residual STV k=3 clip=10.0,0.7781717451523547,0.6931690532480468,0.7263157894736842,0.7263157894736842,0.7263157894736842,0.7263157894736842,0.8736842105263158,dataset_1,3,174,95,95,137,30.0
Global Weighted Residual STV k=3 clip=10.0,0.8043213296398892,0.7721300281186361,0.7263157894736842,0.7263157894736842,0.7263157894736842,0.7263157894736842,0.8736842105263158,dataset_1,3,174,95,95,137,30.0
Request-Aware Weighted Residual STV k=3 clip=10.0,0.7992243767313019,0.7733127531066437,0.7052631578947368,0.7052631578947368,0.7052631578947368,0.7052631578947368,0.8736842105263158,dataset_1,3,174,95,95,137,30.0
Global Residual STV k=5 clip=10.0,0.7686426592797784,0.682284609123478,0.7052631578947368,0.7052631578947368,0.7052631578947368,0.7052631578947368,0.8736842105263158,dataset_1,3,174,95,95,137,30.0
Request-Aware Residual STV k=5 clip=10.0,0.7643213296398892,0.6783629873527529,0.7052631578947368,0.7052631578947368,0.7052631578947368,0.7052631578947368,0.8736842105263158,dataset_1,3,174,95,95,137,30.0
Global Weighted Residual STV k=5 clip=10.0,0.7878116343490305,0.7342629356614548,0.7052631578947368,0.7052631578947368,0.7052631578947368,0.7052631578947368,0.8736842105263158,dataset_1,3,174,95,95,137,30.0
Request-Aware Weighted Residual STV k=5 clip=10.0,0.784376731301939,0.7278122761434204,0.6842105263157895,0.6842105263157895,0.6842105263157895,0.6842105263157895,0.8736842105263158,dataset_1,3,174,95,95,137,30.0
Baseline STV + IF,0.6013824884792627,0.566258987062982,0.5714285714285714,0.5714285714285714,0.5714285714285714,0.5714285714285714,0.7857142857142857,dataset_2,3,55,31,28,136,30.0
Enhanced STV + IF,0.5904377880184332,0.554046757773079,0.6071428571428571,0.6071428571428571,0.6071428571428571,0.6071428571428571,0.39285714285714285,dataset_2,3,55,31,28,136,30.0
Request-Aware Enhanced STV + IF,0.5650921658986174,0.5709900568318328,0.5714285714285714,0.5714285714285714,0.5714285714285714,0.5714285714285714,0.4642857142857143,dataset_2,3,55,31,28,136,30.0
Global Residual STV k=1 clip=5.0,0.7367511520737327,0.6903761730084392,0.7142857142857143,0.7142857142857143,0.7142857142857143,0.7142857142857143,0.7142857142857143,dataset_2,3,55,31,28,136,30.0
Request-Aware Residual STV k=1 clip=5.0,0.7379032258064516,0.6906024321339344,0.7142857142857143,0.7142857142857143,0.7142857142857143,0.7142857142857143,0.7142857142857143,dataset_2,3,55,31,28,136,30.0
Global Weighted Residual STV k=1 clip=5.0,0.7701612903225807,0.7783568809626298,0.7142857142857143,0.7142857142857143,0.7142857142857143,0.7142857142857143,0.7857142857142857,dataset_2,3,55,31,28,136,30.0
Request-Aware Weighted Residual STV k=1 clip=5.0,0.7678571428571429,0.7753929494427015,0.7142857142857143,0.7142857142857143,0.7142857142857143,0.7142857142857143,0.7857142857142857,dataset_2,3,55,31,28,136,30.0
Global Residual STV k=3 clip=5.0,0.7200460829493087,0.6667802971521829,0.6785714285714286,0.6785714285714286,0.6785714285714286,0.6785714285714286,0.6785714285714286,dataset_2,3,55,31,28,136,30.0
Request-Aware Residual STV k=3 clip=5.0,0.7223502304147464,0.6675722833004152,0.6785714285714286,0.6785714285714286,0.6785714285714286,0.6785714285714286,0.6785714285714286,dataset_2,3,55,31,28,136,30.0
Global Weighted Residual STV k=3 clip=5.0,0.7315668202764977,0.7385520938556369,0.6428571428571429,0.6428571428571429,0.6428571428571429,0.6428571428571429,0.75,dataset_2,3,55,31,28,136,30.0
Request-Aware Weighted Residual STV k=3 clip=5.0,0.728110599078341,0.7365239859091616,0.6428571428571429,0.6428571428571429,0.6428571428571429,0.6428571428571429,0.75,dataset_2,3,55,31,28,136,30.0
Global Residual STV k=5 clip=5.0,0.717741935483871,0.6575770004488862,0.6785714285714286,0.6785714285714286,0.6785714285714286,0.6785714285714286,0.6785714285714286,dataset_2,3,55,31,28,136,30.0
Request-Aware Residual STV k=5 clip=5.0,0.7200460829493087,0.6583689865971185,0.6785714285714286,0.6785714285714286,0.6785714285714286,0.6785714285714286,0.6785714285714286,dataset_2,3,55,31,28,136,30.0
Global Weighted Residual STV k=5 clip=5.0,0.7269585253456221,0.716443250318222,0.6428571428571429,0.6428571428571429,0.6428571428571429,0.6428571428571429,0.75,dataset_2,3,55,31,28,136,30.0
Request-Aware Weighted Residual STV k=5 clip=5.0,0.7235023041474654,0.7144151423717466,0.6428571428571429,0.6428571428571429,0.6428571428571429,0.6428571428571429,0.75,dataset_2,3,55,31,28,136,30.0
Global Residual STV k=1 clip=10.0,0.7263824884792627,0.6471750289144381,0.7142857142857143,0.7142857142857143,0.7142857142857143,0.7142857142857143,0.7142857142857143,dataset_2,3,55,31,28,136,30.0
Request-Aware Residual STV k=1 clip=10.0,0.7275345622119815,0.6474012880399332,0.7142857142857143,0.7142857142857143,0.7142857142857143,0.7142857142857143,0.7142857142857143,dataset_2,3,55,31,28,136,30.0
Global Weighted Residual STV k=1 clip=10.0,0.7540322580645161,0.7261427608955134,0.7142857142857143,0.7142857142857143,0.7142857142857143,0.7142857142857143,0.7857142857142857,dataset_2,3,55,31,28,136,30.0
Request-Aware Weighted Residual STV k=1 clip=10.0,0.7517281105990783,0.7231788293755851,0.7142857142857143,0.7142857142857143,0.7142857142857143,0.7142857142857143,0.7857142857142857,dataset_2,3,55,31,28,136,30.0
Global Residual STV k=3 clip=10.0,0.717741935483871,0.657430123516295,0.6785714285714286,0.6785714285714286,0.6785714285714286,0.6785714285714286,0.6785714285714286,dataset_2,3,55,31,28,136,30.0
Request-Aware Residual STV k=3 clip=10.0,0.7200460829493087,0.6582221096645273,0.6785714285714286,0.6785714285714286,0.6785714285714286,0.6785714285714286,0.6785714285714286,dataset_2,3,55,31,28,136,30.0
Global Weighted Residual STV k=3 clip=10.0,0.7258064516129031,0.7005204495739927,0.6428571428571429,0.6428571428571429,0.6428571428571429,0.6428571428571429,0.75,dataset_2,3,55,31,28,136,30.0
Request-Aware Weighted Residual STV k=3 clip=10.0,0.7223502304147466,0.6984923416275174,0.6428571428571429,0.6428571428571429,0.6428571428571429,0.6428571428571429,0.75,dataset_2,3,55,31,28,136,30.0
Global Residual STV k=5 clip=10.0,0.7142857142857143,0.6478637969856829,0.6785714285714286,0.6785714285714286,0.6785714285714286,0.6785714285714286,0.6785714285714286,dataset_2,3,55,31,28,136,30.0
Request-Aware Residual STV k=5 clip=10.0,0.716589861751152,0.6486557831339151,0.6785714285714286,0.6785714285714286,0.6785714285714286,0.6785714285714286,0.6785714285714286,dataset_2,3,55,31,28,136,30.0
Global Weighted Residual STV k=5 clip=10.0,0.7235023041474654,0.6954879820415252,0.6428571428571429,0.6428571428571429,0.6428571428571429,0.6428571428571429,0.75,dataset_2,3,55,31,28,136,30.0
Request-Aware Weighted Residual STV k=5 clip=10.0,0.7200460829493087,0.6934598740950498,0.6428571428571429,0.6428571428571429,0.6428571428571429,0.6428571428571429,0.75,dataset_2,3,55,31,28,136,30.0
Baseline STV + IF,0.5702922077922078,0.5705464777550908,0.5818181818181818,0.5818181818181818,0.5818181818181818,0.5818181818181818,0.8545454545454545,dataset_3,3,104,56,55,176,30.0
Enhanced STV + IF,0.6714285714285715,0.6285438767742388,0.6545454545454545,0.6545454545454545,0.6545454545454545,0.6545454545454545,0.7818181818181819,dataset_3,3,104,56,55,176,30.0
Request-Aware Enhanced STV + IF,0.6165584415584415,0.6427014925067037,0.5272727272727272,0.5272727272727272,0.5272727272727272,0.5272727272727272,0.7272727272727273,dataset_3,3,104,56,55,176,30.0
Global Residual STV k=1 clip=5.0,0.8194805194805195,0.7740986126499967,0.7272727272727273,0.7272727272727273,0.7272727272727273,0.7272727272727273,0.7818181818181819,dataset_3,3,104,56,55,176,30.0
Request-Aware Residual STV k=1 clip=5.0,0.7866883116883118,0.7344578753840447,0.7090909090909091,0.7090909090909091,0.7090909090909091,0.7090909090909091,0.7454545454545455,dataset_3,3,104,56,55,176,30.0
Global Weighted Residual STV k=1 clip=5.0,0.800974025974026,0.8039131502433752,0.6909090909090909,0.6909090909090909,0.6909090909090909,0.6909090909090909,0.8,dataset_3,3,104,56,55,176,30.0
Request-Aware Weighted Residual STV k=1 clip=5.0,0.7633116883116883,0.758841335812573,0.6545454545454545,0.6545454545454545,0.6545454545454545,0.6545454545454545,0.7454545454545455,dataset_3,3,104,56,55,176,30.0
Global Residual STV k=3 clip=5.0,0.7737012987012987,0.7356326222688423,0.6727272727272727,0.6727272727272727,0.6727272727272727,0.6727272727272727,0.8727272727272727,dataset_3,3,104,56,55,176,30.0
Request-Aware Residual STV k=3 clip=5.0,0.7561688311688312,0.725647823964544,0.6727272727272727,0.6727272727272727,0.6727272727272727,0.6727272727272727,0.8727272727272727,dataset_3,3,104,56,55,176,30.0
Global Weighted Residual STV k=3 clip=5.0,0.7590909090909091,0.7842549631934169,0.6727272727272727,0.6727272727272727,0.6727272727272727,0.6727272727272727,0.8727272727272727,dataset_3,3,104,56,55,176,30.0
Request-Aware Weighted Residual STV k=3 clip=5.0,0.7357142857142858,0.7666076554669771,0.6727272727272727,0.6727272727272727,0.6727272727272727,0.6727272727272727,0.8727272727272727,dataset_3,3,104,56,55,176,30.0
Global Residual STV k=5 clip=5.0,0.7698051948051948,0.7266182081078134,0.6727272727272727,0.6727272727272727,0.6727272727272727,0.6727272727272727,0.8727272727272727,dataset_3,3,104,56,55,176,30.0
Request-Aware Residual STV k=5 clip=5.0,0.7522727272727273,0.7158017983264388,0.6727272727272727,0.6727272727272727,0.6727272727272727,0.6727272727272727,0.8727272727272727,dataset_3,3,104,56,55,176,30.0
Global Weighted Residual STV k=5 clip=5.0,0.7522727272727273,0.7667573561458068,0.6727272727272727,0.6727272727272727,0.6727272727272727,0.6727272727272727,0.8727272727272727,dataset_3,3,104,56,55,176,30.0
Request-Aware Weighted Residual STV k=5 clip=5.0,0.7311688311688311,0.7522598685165964,0.6545454545454545,0.6545454545454545,0.6545454545454545,0.6545454545454545,0.8727272727272727,dataset_3,3,104,56,55,176,30.0
Global Residual STV k=1 clip=10.0,0.812012987012987,0.7484670815557639,0.7272727272727273,0.7272727272727273,0.7272727272727273,0.7272727272727273,0.8181818181818182,dataset_3,3,104,56,55,176,30.0
Request-Aware Residual STV k=1 clip=10.0,0.7808441558441558,0.7211800530077231,0.7090909090909091,0.7090909090909091,0.7090909090909091,0.7090909090909091,0.7818181818181819,dataset_3,3,104,56,55,176,30.0
Global Weighted Residual STV k=1 clip=10.0,0.7905844155844155,0.7806905603141233,0.6909090909090909,0.6909090909090909,0.6909090909090909,0.6909090909090909,0.8181818181818182,dataset_3,3,104,56,55,176,30.0
Request-Aware Weighted Residual STV k=1 clip=10.0,0.7542207792207791,0.7194088530931165,0.6545454545454545,0.6545454545454545,0.6545454545454545,0.6545454545454545,0.7818181818181819,dataset_3,3,104,56,55,176,30.0
Global Residual STV k=3 clip=10.0,0.7746753246753247,0.7284979080852454,0.6727272727272727,0.6727272727272727,0.6727272727272727,0.6727272727272727,0.8727272727272727,dataset_3,3,104,56,55,176,30.0
Request-Aware Residual STV k=3 clip=10.0,0.7535714285714286,0.7086578839829367,0.6727272727272727,0.6727272727272727,0.6727272727272727,0.6727272727272727,0.8727272727272727,dataset_3,3,104,56,55,176,30.0
Global Weighted Residual STV k=3 clip=10.0,0.7571428571428572,0.7771815750374624,0.6727272727272727,0.6727272727272727,0.6727272727272727,0.6727272727272727,0.8727272727272727,dataset_3,3,104,56,55,176,30.0
Request-Aware Weighted Residual STV k=3 clip=10.0,0.7392857142857143,0.7694777578593539,0.6727272727272727,0.6727272727272727,0.6727272727272727,0.6727272727272727,0.8727272727272727,dataset_3,3,104,56,55,176,30.0
Global Residual STV k=5 clip=10.0,0.773051948051948,0.7278865531210021,0.6727272727272727,0.6727272727272727,0.6727272727272727,0.6727272727272727,0.8727272727272727,dataset_3,3,104,56,55,176,30.0
Request-Aware Residual STV k=5 clip=10.0,0.751948051948052,0.7081688475336789,0.6727272727272727,0.6727272727272727,0.6727272727272727,0.6727272727272727,0.8727272727272727,dataset_3,3,104,56,55,176,30.0
Global Weighted Residual STV k=5 clip=10.0,0.7483766233766234,0.7252676773447506,0.6727272727272727,0.6727272727272727,0.6727272727272727,0.6727272727272727,0.8727272727272727,dataset_3,3,104,56,55,176,30.0
Request-Aware Weighted Residual STV k=5 clip=10.0,0.7275974025974026,0.7091723539592707,0.6545454545454545,0.6545454545454545,0.6545454545454545,0.6545454545454545,0.8727272727272727,dataset_3,3,104,56,55,176,30.0
Baseline STV + IF,0.602382271468144,0.57184172136336,0.6421052631578947,0.6421052631578947,0.6421052631578947,0.6421052631578947,0.8947368421052632,dataset_1,4,174,95,95,136,30.0
Enhanced STV + IF,0.6934626038781164,0.6187632430289922,0.631578947368421,0.631578947368421,0.631578947368421,0.631578947368421,0.8315789473684211,dataset_1,4,174,95,95,136,30.0
Request-Aware Enhanced STV + IF,0.6559556786703601,0.7288202627962352,0.5578947368421052,0.5578947368421052,0.5578947368421052,0.5578947368421052,0.8526315789473684,dataset_1,4,174,95,95,136,30.0
Global Residual STV k=1 clip=5.0,0.7956232686980609,0.7198709328635919,0.6947368421052632,0.6947368421052632,0.6947368421052632,0.6947368421052632,0.7473684210526316,dataset_1,4,174,95,95,136,30.0
Request-Aware Residual STV k=1 clip=5.0,0.7983933518005542,0.7172984965899192,0.6947368421052632,0.6947368421052632,0.6947368421052632,0.6947368421052632,0.7473684210526316,dataset_1,4,174,95,95,136,30.0
Global Weighted Residual STV k=1 clip=5.0,0.8724653739612188,0.8549289643213965,0.7789473684210526,0.7789473684210526,0.7789473684210526,0.7789473684210526,0.8631578947368421,dataset_1,4,174,95,95,136,30.0
Request-Aware Weighted Residual STV k=1 clip=5.0,0.8723545706371192,0.850813822062654,0.7684210526315789,0.7684210526315789,0.7684210526315789,0.7684210526315789,0.8631578947368421,dataset_1,4,174,95,95,136,30.0
Global Residual STV k=3 clip=5.0,0.8053739612188365,0.8122861581578229,0.7157894736842105,0.7157894736842105,0.7157894736842105,0.7157894736842105,0.9368421052631579,dataset_1,4,174,95,95,136,30.0
Request-Aware Residual STV k=3 clip=5.0,0.8124099722991689,0.817279481604521,0.7368421052631579,0.7368421052631579,0.7368421052631579,0.7368421052631579,0.9368421052631579,dataset_1,4,174,95,95,136,30.0
Global Weighted Residual STV k=3 clip=5.0,0.8191135734072023,0.8518600767801693,0.6947368421052632,0.6947368421052632,0.6947368421052632,0.6947368421052632,0.9578947368421052,dataset_1,4,174,95,95,136,30.0
Request-Aware Weighted Residual STV k=3 clip=5.0,0.8278670360110802,0.858357541677106,0.7052631578947368,0.7052631578947368,0.7052631578947368,0.7052631578947368,0.9578947368421052,dataset_1,4,174,95,95,136,30.0
Global Residual STV k=5 clip=5.0,0.7916897506925208,0.7853461868960232,0.7157894736842105,0.7157894736842105,0.7157894736842105,0.7157894736842105,0.9578947368421052,dataset_1,4,174,95,95,136,30.0
Request-Aware Residual STV k=5 clip=5.0,0.7976731301939058,0.7875213167364278,0.7368421052631579,0.7368421052631579,0.7368421052631579,0.7368421052631579,0.9578947368421052,dataset_1,4,174,95,95,136,30.0
Global Weighted Residual STV k=5 clip=5.0,0.7997783933518006,0.8314926907334498,0.6736842105263158,0.6736842105263158,0.6736842105263158,0.6736842105263158,0.968421052631579,dataset_1,4,174,95,95,136,30.0
Request-Aware Weighted Residual STV k=5 clip=5.0,0.8087534626038781,0.8378063434444687,0.6842105263157895,0.6842105263157895,0.6842105263157895,0.6842105263157895,0.968421052631579,dataset_1,4,174,95,95,136,30.0
Global Residual STV k=1 clip=10.0,0.7882548476454293,0.6962684292314529,0.6947368421052632,0.6947368421052632,0.6947368421052632,0.6947368421052632,0.7894736842105263,dataset_1,4,174,95,95,136,30.0
Request-Aware Residual STV k=1 clip=10.0,0.7912465373961219,0.6958674867227269,0.6947368421052632,0.6947368421052632,0.6947368421052632,0.6947368421052632,0.8,dataset_1,4,174,95,95,136,30.0
Global Weighted Residual STV k=1 clip=10.0,0.8462049861495845,0.8248024650590897,0.7684210526315789,0.7684210526315789,0.7684210526315789,0.7684210526315789,0.8736842105263158,dataset_1,4,174,95,95,136,30.0
Request-Aware Weighted Residual STV k=1 clip=10.0,0.845207756232687,0.8194714470266174,0.7578947368421053,0.7578947368421053,0.7578947368421053,0.7578947368421053,0.8842105263157894,dataset_1,4,174,95,95,136,30.0
Global Residual STV k=3 clip=10.0,0.7782271468144044,0.7746798893793533,0.7157894736842105,0.7157894736842105,0.7157894736842105,0.7157894736842105,0.9368421052631579,dataset_1,4,174,95,95,136,30.0
Request-Aware Residual STV k=3 clip=10.0,0.7838781163434902,0.7774653990536626,0.7263157894736842,0.7263157894736842,0.7263157894736842,0.7263157894736842,0.9368421052631579,dataset_1,4,174,95,95,136,30.0
Global Weighted Residual STV k=3 clip=10.0,0.8065927977839334,0.8317810471570187,0.6947368421052632,0.6947368421052632,0.6947368421052632,0.6947368421052632,0.9578947368421052,dataset_1,4,174,95,95,136,30.0
Request-Aware Weighted Residual STV k=3 clip=10.0,0.813573407202216,0.8356981407067631,0.7157894736842105,0.7157894736842105,0.7157894736842105,0.7157894736842105,0.9578947368421052,dataset_1,4,174,95,95,136,30.0
Global Residual STV k=5 clip=10.0,0.7709695290858726,0.7603607568979086,0.7052631578947368,0.7052631578947368,0.7052631578947368,0.7052631578947368,0.9473684210526315,dataset_1,4,174,95,95,136,30.0
Request-Aware Residual STV k=5 clip=10.0,0.7760664819944598,0.7616321730897436,0.7157894736842105,0.7157894736842105,0.7157894736842105,0.7157894736842105,0.9473684210526315,dataset_1,4,174,95,95,136,30.0
Global Weighted Residual STV k=5 clip=10.0,0.795235457063712,0.8220407079867922,0.6736842105263158,0.6736842105263158,0.6736842105263158,0.6736842105263158,0.968421052631579,dataset_1,4,174,95,95,136,30.0
Request-Aware Weighted Residual STV k=5 clip=10.0,0.8029916897506926,0.8270388092879504,0.7052631578947368,0.7052631578947368,0.7052631578947368,0.7052631578947368,0.968421052631579,dataset_1,4,174,95,95,136,30.0
Baseline STV + IF,0.6483870967741936,0.5836113331113331,0.56,0.56,0.56,0.56,0.64,dataset_2,4,55,31,25,132,30.0
Enhanced STV + IF,0.6638709677419354,0.5996271200064303,0.64,0.64,0.64,0.64,0.6,dataset_2,4,55,31,25,132,30.0
Request-Aware Enhanced STV + IF,0.6251612903225807,0.61428187045153,0.56,0.56,0.56,0.56,0.6,dataset_2,4,55,31,25,132,30.0
Global Residual STV k=1 clip=5.0,0.7767741935483872,0.6627593505739958,0.68,0.68,0.68,0.68,0.68,dataset_2,4,55,31,25,132,30.0
Request-Aware Residual STV k=1 clip=5.0,0.7767741935483872,0.6627593505739958,0.68,0.68,0.68,0.68,0.68,dataset_2,4,55,31,25,132,30.0
Global Weighted Residual STV k=1 clip=5.0,0.7916129032258065,0.74383297275443,0.72,0.72,0.72,0.72,0.68,dataset_2,4,55,31,25,132,30.0
Request-Aware Weighted Residual STV k=1 clip=5.0,0.7916129032258065,0.74383297275443,0.72,0.72,0.72,0.72,0.68,dataset_2,4,55,31,25,132,30.0
Global Residual STV k=3 clip=5.0,0.7838709677419355,0.7114696124296556,0.72,0.72,0.72,0.72,0.72,dataset_2,4,55,31,25,132,30.0
Request-Aware Residual STV k=3 clip=5.0,0.7864516129032257,0.7125880793286102,0.72,0.72,0.72,0.72,0.72,dataset_2,4,55,31,25,132,30.0
Global Weighted Residual STV k=3 clip=5.0,0.7748387096774194,0.7459630221210538,0.68,0.68,0.68,0.68,0.72,dataset_2,4,55,31,25,132,30.0
Request-Aware Weighted Residual STV k=3 clip=5.0,0.7787096774193549,0.7476547351152716,0.68,0.68,0.68,0.68,0.72,dataset_2,4,55,31,25,132,30.0
Global Residual STV k=5 clip=5.0,0.7812903225806451,0.6921362790963221,0.72,0.72,0.72,0.72,0.72,dataset_2,4,55,31,25,132,30.0
Request-Aware Residual STV k=5 clip=5.0,0.7838709677419354,0.6932547459952769,0.72,0.72,0.72,0.72,0.72,dataset_2,4,55,31,25,132,30.0
Global Weighted Residual STV k=5 clip=5.0,0.7670967741935484,0.7069154030734348,0.68,0.68,0.68,0.68,0.72,dataset_2,4,55,31,25,132,30.0
Request-Aware Weighted Residual STV k=5 clip=5.0,0.7709677419354839,0.7086071160676525,0.68,0.68,0.68,0.68,0.72,dataset_2,4,55,31,25,132,30.0
Global Residual STV k=1 clip=10.0,0.7761290322580645,0.6580382383528837,0.68,0.68,0.68,0.68,0.72,dataset_2,4,55,31,25,132,30.0
Request-Aware Residual STV k=1 clip=10.0,0.7761290322580645,0.6580382383528837,0.68,0.68,0.68,0.68,0.72,dataset_2,4,55,31,25,132,30.0
Global Weighted Residual STV k=1 clip=10.0,0.7793548387096775,0.6745663367566053,0.72,0.72,0.72,0.72,0.72,dataset_2,4,55,31,25,132,30.0
Request-Aware Weighted Residual STV k=1 clip=10.0,0.7793548387096775,0.6745663367566053,0.72,0.72,0.72,0.72,0.72,dataset_2,4,55,31,25,132,30.0
Global Residual STV k=3 clip=10.0,0.7819354838709678,0.6848671309757809,0.72,0.72,0.72,0.72,0.76,dataset_2,4,55,31,25,132,30.0
Request-Aware Residual STV k=3 clip=10.0,0.7845161290322581,0.6859855978747356,0.72,0.72,0.72,0.72,0.76,dataset_2,4,55,31,25,132,30.0
Global Weighted Residual STV k=3 clip=10.0,0.7806451612903226,0.720587743293601,0.72,0.72,0.72,0.72,0.76,dataset_2,4,55,31,25,132,30.0
Request-Aware Weighted Residual STV k=3 clip=10.0,0.784516129032258,0.7222794562878188,0.72,0.72,0.72,0.72,0.76,dataset_2,4,55,31,25,132,30.0
Global Residual STV k=5 clip=10.0,0.7780645161290323,0.6734861785948285,0.72,0.72,0.72,0.72,0.76,dataset_2,4,55,31,25,132,30.0
Request-Aware Residual STV k=5 clip=10.0,0.7806451612903226,0.6746046454937832,0.72,0.72,0.72,0.72,0.76,dataset_2,4,55,31,25,132,30.0
Global Weighted Residual STV k=5 clip=10.0,0.7767741935483871,0.7052269929328506,0.72,0.72,0.72,0.72,0.76,dataset_2,4,55,31,25,132,30.0
Request-Aware Weighted Residual STV k=5 clip=10.0,0.7806451612903226,0.7069187059270683,0.72,0.72,0.72,0.72,0.76,dataset_2,4,55,31,25,132,30.0
Baseline STV + IF,0.5924865229110512,0.5508978428240275,0.5660377358490566,0.5660377358490566,0.5660377358490566,0.5660377358490566,0.7358490566037735,dataset_3,4,104,56,53,175,30.0
Enhanced STV + IF,0.723888140161725,0.6521033582112195,0.660377358490566,0.660377358490566,0.660377358490566,0.660377358490566,0.6792452830188679,dataset_3,4,104,56,53,175,30.0
Request-Aware Enhanced STV + IF,0.6292115902964961,0.645327159864845,0.5283018867924528,0.5283018867924528,0.5283018867924528,0.5283018867924528,0.660377358490566,dataset_3,4,104,56,53,175,30.0
Global Residual STV k=1 clip=5.0,0.8389487870619945,0.7819827235876393,0.7358490566037735,0.7358490566037735,0.7358490566037735,0.7358490566037735,0.7735849056603774,dataset_3,4,104,56,53,175,30.0
Request-Aware Residual STV k=1 clip=5.0,0.8391172506738545,0.7851602957805484,0.7358490566037735,0.7358490566037735,0.7358490566037735,0.7358490566037735,0.7924528301886793,dataset_3,4,104,56,53,175,30.0
Global Weighted Residual STV k=1 clip=5.0,0.8242924528301887,0.823403289504756,0.7358490566037735,0.7358490566037735,0.7358490566037735,0.7358490566037735,0.8113207547169812,dataset_3,4,104,56,53,175,30.0
Request-Aware Weighted Residual STV k=1 clip=5.0,0.8189016172506739,0.8247836694636799,0.7169811320754716,0.7169811320754716,0.7169811320754716,0.7169811320754716,0.8301886792452831,dataset_3,4,104,56,53,175,30.0
Global Residual STV k=3 clip=5.0,0.7954851752021563,0.7152450292514257,0.7169811320754716,0.7169811320754716,0.7169811320754716,0.7169811320754716,0.8113207547169812,dataset_3,4,104,56,53,175,30.0
Request-Aware Residual STV k=3 clip=5.0,0.7917789757412399,0.7235009146723899,0.7169811320754716,0.7169811320754716,0.7169811320754716,0.7169811320754716,0.8113207547169812,dataset_3,4,104,56,53,175,30.0
Global Weighted Residual STV k=3 clip=5.0,0.7912735849056604,0.7864727755570075,0.6792452830188679,0.6792452830188679,0.6792452830188679,0.6792452830188679,0.8301886792452831,dataset_3,4,104,56,53,175,30.0
Request-Aware Weighted Residual STV k=3 clip=5.0,0.7826819407008087,0.7826588825050244,0.660377358490566,0.660377358490566,0.660377358490566,0.660377358490566,0.8301886792452831,dataset_3,4,104,56,53,175,30.0
Global Residual STV k=5 clip=5.0,0.7961590296495957,0.7118214125652087,0.7169811320754716,0.7169811320754716,0.7169811320754716,0.7169811320754716,0.8113207547169812,dataset_3,4,104,56,53,175,30.0
Request-Aware Residual STV k=5 clip=5.0,0.7909366576819407,0.7147566581130289,0.7169811320754716,0.7169811320754716,0.7169811320754716,0.7169811320754716,0.8113207547169812,dataset_3,4,104,56,53,175,30.0
Global Weighted Residual STV k=5 clip=5.0,0.7841981132075473,0.7654129403197083,0.6792452830188679,0.6792452830188679,0.6792452830188679,0.6792452830188679,0.8301886792452831,dataset_3,4,104,56,53,175,30.0
Request-Aware Weighted Residual STV k=5 clip=5.0,0.7793126684636118,0.7718710625307875,0.660377358490566,0.660377358490566,0.660377358490566,0.660377358490566,0.8301886792452831,dataset_3,4,104,56,53,175,30.0
Global Residual STV k=1 clip=10.0,0.8310309973045822,0.7513079320470287,0.7358490566037735,0.7358490566037735,0.7358490566037735,0.7358490566037735,0.7924528301886793,dataset_3,4,104,56,53,175,30.0
Request-Aware Residual STV k=1 clip=10.0,0.8318733153638813,0.7581628670036957,0.7358490566037735,0.7358490566037735,0.7358490566037735,0.7358490566037735,0.8113207547169812,dataset_3,4,104,56,53,175,30.0
Global Weighted Residual STV k=1 clip=10.0,0.8249663072776281,0.8057642670957801,0.7358490566037735,0.7358490566037735,0.7358490566037735,0.7358490566037735,0.8113207547169812,dataset_3,4,104,56,53,175,30.0
Request-Aware Weighted Residual STV k=1 clip=10.0,0.8195754716981132,0.7995858924921146,0.7169811320754716,0.7169811320754716,0.7169811320754716,0.7169811320754716,0.8301886792452831,dataset_3,4,104,56,53,175,30.0
Global Residual STV k=3 clip=10.0,0.8158692722371967,0.7281714744939899,0.7169811320754716,0.7169811320754716,0.7169811320754716,0.7169811320754716,0.8301886792452831,dataset_3,4,104,56,53,175,30.0
Request-Aware Residual STV k=3 clip=10.0,0.808288409703504,0.724653171189412,0.7169811320754716,0.7169811320754716,0.7169811320754716,0.7169811320754716,0.8301886792452831,dataset_3,4,104,56,53,175,30.0
Global Weighted Residual STV k=3 clip=10.0,0.7963274932614556,0.7568967422808475,0.6981132075471698,0.6981132075471698,0.6981132075471698,0.6981132075471698,0.8490566037735849,dataset_3,4,104,56,53,175,30.0
Request-Aware Weighted Residual STV k=3 clip=10.0,0.7889150943396226,0.7582423956508297,0.6981132075471698,0.6981132075471698,0.6981132075471698,0.6981132075471698,0.8490566037735849,dataset_3,4,104,56,53,175,30.0
Global Residual STV k=5 clip=10.0,0.8158692722371967,0.7281339082758925,0.7169811320754716,0.7169811320754716,0.7169811320754716,0.7169811320754716,0.8301886792452831,dataset_3,4,104,56,53,175,30.0
Request-Aware Residual STV k=5 clip=10.0,0.8081199460916442,0.7210670446207147,0.7169811320754716,0.7169811320754716,0.7169811320754716,0.7169811320754716,0.8301886792452831,dataset_3,4,104,56,53,175,30.0
Global Weighted Residual STV k=5 clip=10.0,0.7889150943396226,0.7072788853822933,0.6981132075471698,0.6981132075471698,0.6981132075471698,0.6981132075471698,0.8490566037735849,dataset_3,4,104,56,53,175,30.0
Request-Aware Weighted Residual STV k=5 clip=10.0,0.780154986522911,0.7129180179298035,0.6981132075471698,0.6981132075471698,0.6981132075471698,0.6981132075471698,0.8490566037735849,dataset_3,4,104,56,53,175,30.0
